datetime,spot_price,opt_open,opt_high,opt_low,opt_close,volume,iv_pct,delta,gamma,theta,vega
2026-07-15 09:17:00,24140.9,995.85,995.85,995.85,995.85,65,16.96,0.6107,0.000201,-4.42,41.45
2026-07-15 09:18:00,24141.6,1000.65,1000.65,1000.65,1000.65,65,17.06,0.6103,0.0002,-4.45,41.46
2026-07-15 09:19:00,24147.35,1000.65,1000.65,1000.65,1000.65,0,15.0,0.6234,0.000224,-3.86,41.01
2026-07-15 09:20:00,24159.55,1000.65,1000.65,1000.65,1000.65,0,15.0,0.6261,0.000224,-3.85,40.93
2026-07-15 09:21:00,24172.45,1000.65,1000.65,1000.65,1000.65,0,15.0,0.629,0.000223,-3.84,40.84
2026-07-15 09:22:00,24178.4,1000.65,1000.65,1000.65,1000.65,0,15.0,0.6303,0.000223,-3.84,40.79
2026-07-15 09:23:00,24186.35,1000.65,1000.65,1000.65,1000.65,0,15.0,0.6321,0.000222,-3.83,40.74
2026-07-15 09:24:00,24190.6,1000.65,1000.65,1000.65,1000.65,0,15.0,0.6331,0.000222,-3.83,40.71
2026-07-15 09:25:00,24198.6,1000.65,1000.65,1000.65,1000.65,0,15.0,0.6348,0.000222,-3.82,40.65
2026-07-15 09:26:00,24206.05,1000.65,1000.65,1000.65,1000.65,0,15.0,0.6365,0.000221,-3.82,40.59
2026-07-15 09:27:00,24201.85,1000.65,1000.65,1000.65,1000.65,0,15.0,0.6355,0.000221,-3.82,40.62
2026-07-15 09:28:00,24201.2,1000.65,1000.65,1000.65,1000.65,0,15.0,0.6354,0.000221,-3.82,40.63
2026-07-15 09:29:00,24195.7,1000.65,1000.65,1000.65,1000.65,0,15.0,0.6342,0.000222,-3.82,40.67
2026-07-15 09:30:00,24208.8,1000.65,1000.65,1000.65,1000.65,0,15.0,0.6371,0.000221,-3.81,40.57
2026-07-15 09:31:00,24211.5,1000.65,1000.65,1000.65,1000.65,0,15.0,0.6377,0.000221,-3.81,40.55
2026-07-15 09:32:00,24204.3,1000.65,1000.65,1000.65,1000.65,0,15.0,0.6361,0.000221,-3.82,40.6
2026-07-15 09:33:00,24207.25,1000.65,1000.65,1000.65,1000.65,0,15.0,0.6367,0.000221,-3.81,40.58
2026-07-15 09:34:00,24199.8,1000.65,1000.65,1000.65,1000.65,0,15.0,0.6351,0.000221,-3.82,40.64
2026-07-15 09:35:00,24200.2,1000.65,1000.65,1000.65,1000.65,0,15.0,0.6352,0.000221,-3.82,40.63
2026-07-15 09:36:00,24205.75,1000.65,1000.65,1000.65,1000.65,0,15.0,0.6364,0.000221,-3.82,40.59
2026-07-15 09:37:00,24204.6,1000.65,1000.65,1000.65,1000.65,0,15.0,0.6362,0.000221,-3.82,40.6
2026-07-15 09:38:00,24204.25,1000.65,1000.65,1000.65,1000.65,0,15.0,0.6361,0.000221,-3.82,40.6
2026-07-15 09:39:00,24195.5,1000.65,1000.65,1000.65,1000.65,0,15.0,0.6341,0.000222,-3.82,40.67
2026-07-15 09:40:00,24197.65,1000.65,1000.65,1000.65,1000.65,0,15.0,0.6346,0.000222,-3.82,40.65
2026-07-15 09:41:00,24198.1,1000.65,1000.65,1000.65,1000.65,0,15.0,0.6347,0.000222,-3.82,40.65
2026-07-15 09:42:00,24195.7,1000.65,1000.65,1000.65,1000.65,0,15.0,0.6342,0.000222,-3.82,40.67
2026-07-15 09:43:00,24192.9,1000.65,1000.65,1000.65,1000.65,0,15.0,0.6336,0.000222,-3.83,40.69
2026-07-15 09:44:00,24195.1,1000.65,1000.65,1000.65,1000.65,0,15.0,0.6341,0.000222,-3.83,40.67
2026-07-15 09:45:00,24202.05,1000.65,1000.65,1000.65,1000.65,0,15.0,0.6356,0.000221,-3.82,40.62
2026-07-15 09:46:00,24201.15,1000.65,1000.65,1000.65,1000.65,0,15.0,0.6354,0.000221,-3.82,40.62
2026-07-15 09:47:00,24198.9,1000.65,1000.65,1000.65,1000.65,0,15.0,0.6349,0.000222,-3.82,40.64
2026-07-15 09:48:00,24201.7,1000.65,1000.65,1000.65,1000.65,0,15.0,0.6355,0.000221,-3.82,40.62
2026-07-15 09:49:00,24191.85,1000.65,1000.65,1000.65,1000.65,0,15.0,0.6333,0.000222,-3.83,40.69
2026-07-15 09:50:00,24196.1,1000.65,1000.65,1000.65,1000.65,0,15.0,0.6343,0.000222,-3.82,40.66
2026-07-15 09:51:00,24203.8,1000.65,1000.65,1000.65,1000.65,0,15.0,0.636,0.000221,-3.82,40.6
2026-07-15 09:52:00,24194.6,1000.65,1000.65,1000.65,1000.65,0,15.0,0.634,0.000222,-3.83,40.67
2026-07-15 09:53:00,24197.8,1000.65,1000.65,1000.65,1000.65,0,15.0,0.6347,0.000222,-3.82,40.65
2026-07-15 09:54:00,24199.2,1000.65,1000.65,1000.65,1000.65,0,15.0,0.635,0.000222,-3.82,40.64
2026-07-15 09:55:00,24202.2,1000.65,1000.65,1000.65,1000.65,0,15.0,0.6356,0.000221,-3.82,40.61
2026-07-15 09:56:00,24197.1,1000.65,1000.65,1000.65,1000.65,0,15.0,0.6345,0.000222,-3.82,40.65
2026-07-15 09:57:00,24190.25,1000.65,1000.65,1000.65,1000.65,0,15.0,0.633,0.000222,-3.83,40.7
2026-07-15 09:58:00,24190.15,1000.65,1000.65,1000.65,1000.65,0,15.0,0.633,0.000222,-3.83,40.7
2026-07-15 09:59:00,24184.95,1000.65,1000.65,1000.65,1000.65,0,15.0,0.6318,0.000222,-3.83,40.74
2026-07-15 10:00:00,24179.15,1000.65,1000.65,1000.65,1000.65,0,15.0,0.6305,0.000223,-3.84,40.78
2026-07-15 10:01:00,24175.65,1000.65,1000.65,1000.65,1000.65,0,15.0,0.6297,0.000223,-3.84,40.81
2026-07-15 10:02:00,24183.4,1000.65,1000.65,1000.65,1000.65,0,15.0,0.6315,0.000222,-3.84,40.75
2026-07-15 10:03:00,24189.75,1000.65,1000.65,1000.65,1000.65,0,15.0,0.6329,0.000222,-3.83,40.7
2026-07-15 10:04:00,24187.3,1000.65,1000.65,1000.65,1000.65,0,15.0,0.6323,0.000222,-3.83,40.72
2026-07-15 10:05:00,24186.25,1000.65,1000.65,1000.65,1000.65,0,15.0,0.6321,0.000222,-3.83,40.73
2026-07-15 10:06:00,24188.45,1000.65,1000.65,1000.65,1000.65,0,15.0,0.6326,0.000222,-3.83,40.71
2026-07-15 10:07:00,24193.45,1000.65,1000.65,1000.65,1000.65,0,15.0,0.6337,0.000222,-3.83,40.68
2026-07-15 10:08:00,24198.6,1000.65,1000.65,1000.65,1000.65,0,15.0,0.6349,0.000222,-3.82,40.64
2026-07-15 10:09:00,24195.1,1000.65,1000.65,1000.65,1000.65,0,15.0,0.6341,0.000222,-3.83,40.66
2026-07-15 10:10:00,24193.3,1000.65,1000.65,1000.65,1000.65,0,15.0,0.6337,0.000222,-3.83,40.68
2026-07-15 10:11:00,24192.8,1000.65,1000.65,1000.65,1000.65,0,15.0,0.6336,0.000222,-3.83,40.68
2026-07-15 10:12:00,24199.0,1000.65,1000.65,1000.65,1000.65,0,15.0,0.6349,0.000222,-3.82,40.63
2026-07-15 10:13:00,24197.15,1000.65,1000.65,1000.65,1000.65,0,15.0,0.6345,0.000222,-3.82,40.65
2026-07-15 10:14:00,24202.3,1000.65,1000.65,1000.65,1000.65,0,15.0,0.6357,0.000221,-3.82,40.61
2026-07-15 10:15:00,24202.5,1000.65,1000.65,1000.65,1000.65,0,15.0,0.6357,0.000221,-3.82,40.61
2026-07-15 10:16:00,24205.4,1000.65,1000.65,1000.65,1000.65,0,15.0,0.6364,0.000221,-3.82,40.59
2026-07-15 10:17:00,24215.0,1000.65,1000.65,1000.65,1000.65,0,15.0,0.6385,0.000221,-3.81,40.51
2026-07-15 10:18:00,24216.25,1000.65,1000.65,1000.65,1000.65,0,15.0,0.6388,0.000221,-3.81,40.5
2026-07-15 10:19:00,24213.1,1000.65,1000.65,1000.65,1000.65,0,15.0,0.6381,0.000221,-3.81,40.53
2026-07-15 10:20:00,24211.9,1000.65,1000.65,1000.65,1000.65,0,15.0,0.6378,0.000221,-3.81,40.54
2026-07-15 10:21:00,24209.55,1000.65,1000.65,1000.65,1000.65,0,15.0,0.6373,0.000221,-3.81,40.55
2026-07-15 10:22:00,24214.4,1000.65,1000.65,1000.65,1000.65,0,15.0,0.6384,0.000221,-3.81,40.52
2026-07-15 10:23:00,24216.05,1000.65,1000.65,1000.65,1000.65,0,15.0,0.6387,0.000221,-3.81,40.51
2026-07-15 10:24:00,24213.45,1000.65,1000.65,1000.65,1000.65,0,15.0,0.6381,0.000221,-3.81,40.52
2026-07-15 10:25:00,24213.55,1000.65,1000.65,1000.65,1000.65,0,15.0,0.6382,0.000221,-3.81,40.52
2026-07-15 10:26:00,24214.15,1000.65,1000.65,1000.65,1000.65,0,15.0,0.6383,0.000221,-3.81,40.52
2026-07-15 10:27:00,24209.0,1000.65,1000.65,1000.65,1000.65,0,15.0,0.6372,0.000221,-3.81,40.56
2026-07-15 10:28:00,24206.65,1000.65,1000.65,1000.65,1000.65,0,15.0,0.6366,0.000221,-3.82,40.58
2026-07-15 10:29:00,24204.95,1000.65,1000.65,1000.65,1000.65,0,15.0,0.6363,0.000221,-3.82,40.59
2026-07-15 10:30:00,24206.85,1000.65,1000.65,1000.65,1000.65,0,15.0,0.6367,0.000221,-3.82,40.57
2026-07-15 10:31:00,24205.1,1000.65,1000.65,1000.65,1000.65,0,15.0,0.6363,0.000221,-3.82,40.59
2026-07-15 10:32:00,24205.7,1000.65,1000.65,1000.65,1000.65,0,15.0,0.6364,0.000221,-3.82,40.58
2026-07-15 10:33:00,24203.15,1000.65,1000.65,1000.65,1000.65,0,15.0,0.6359,0.000221,-3.82,40.6
2026-07-15 10:34:00,24203.5,1000.65,1000.65,1000.65,1000.65,0,15.0,0.636,0.000221,-3.82,40.6
2026-07-15 10:35:00,24203.9,1000.65,1000.65,1000.65,1000.65,0,15.0,0.636,0.000221,-3.82,40.59
2026-07-15 10:36:00,24200.4,1000.65,1000.65,1000.65,1000.65,0,15.0,0.6353,0.000221,-3.82,40.62
2026-07-15 10:37:00,24195.95,1000.65,1000.65,1000.65,1000.65,0,15.0,0.6343,0.000222,-3.83,40.65
2026-07-15 10:38:00,24193.95,1000.65,1000.65,1000.65,1000.65,0,15.0,0.6338,0.000222,-3.83,40.67
2026-07-15 10:39:00,24197.9,1000.65,1000.65,1000.65,1000.65,0,15.0,0.6347,0.000222,-3.82,40.64
2026-07-15 10:40:00,24199.2,1000.65,1000.65,1000.65,1000.65,0,15.0,0.635,0.000222,-3.82,40.63
2026-07-15 10:41:00,24202.55,1000.65,1000.65,1000.65,1000.65,0,15.0,0.6357,0.000221,-3.82,40.6
2026-07-15 10:42:00,24208.15,1000.65,1000.65,1000.65,1000.65,0,15.0,0.637,0.000221,-3.82,40.56
2026-07-15 10:43:00,24206.45,1000.65,1000.65,1000.65,1000.65,0,15.0,0.6366,0.000221,-3.82,40.57
2026-07-15 10:44:00,24207.75,1000.65,1000.65,1000.65,1000.65,0,15.0,0.6369,0.000221,-3.82,40.56
2026-07-15 10:45:00,24206.2,1000.65,1000.65,1000.65,1000.65,0,15.0,0.6366,0.000221,-3.82,40.57
2026-07-15 10:46:00,24201.9,1000.65,1000.65,1000.65,1000.65,0,15.0,0.6356,0.000221,-3.82,40.61
2026-07-15 10:47:00,24200.25,1000.65,1000.65,1000.65,1000.65,0,15.0,0.6352,0.000221,-3.82,40.62
2026-07-15 10:48:00,24199.55,1000.65,1000.65,1000.65,1000.65,0,15.0,0.6351,0.000222,-3.82,40.62
2026-07-15 10:49:00,24202.5,1000.65,1000.65,1000.65,1000.65,0,15.0,0.6357,0.000221,-3.82,40.6
2026-07-15 10:50:00,24200.55,1000.65,1000.65,1000.65,1000.65,0,15.0,0.6353,0.000221,-3.82,40.62
2026-07-15 10:51:00,24196.15,1000.65,1000.65,1000.65,1000.65,0,15.0,0.6343,0.000222,-3.83,40.65
2026-07-15 10:52:00,24197.15,1000.65,1000.65,1000.65,1000.65,0,15.0,0.6346,0.000222,-3.82,40.64
2026-07-15 10:53:00,24204.35,1000.65,1000.65,1000.65,1000.65,0,15.0,0.6362,0.000221,-3.82,40.59
2026-07-15 10:54:00,24194.7,1000.65,1000.65,1000.65,1000.65,0,15.0,0.634,0.000222,-3.83,40.66
2026-07-15 10:55:00,24192.4,1000.65,1000.65,1000.65,1000.65,0,15.0,0.6335,0.000222,-3.83,40.67
2026-07-15 10:56:00,24194.75,1000.65,1000.65,1000.65,1000.65,0,15.0,0.634,0.000222,-3.83,40.66
2026-07-15 10:57:00,24191.7,1000.65,1000.65,1000.65,1000.65,0,15.0,0.6334,0.000222,-3.83,40.68
2026-07-15 10:58:00,24190.85,1000.65,1000.65,1000.65,1000.65,0,15.0,0.6332,0.000222,-3.83,40.69
2026-07-15 10:59:00,24185.0,1000.65,1000.65,1000.65,1000.65,0,15.0,0.6319,0.000222,-3.83,40.73
2026-07-15 11:00:00,24186.7,1000.65,1000.65,1000.65,1000.65,0,15.0,0.6322,0.000222,-3.83,40.71
2026-07-15 11:01:00,24191.95,1000.65,1000.65,1000.65,1000.65,0,15.0,0.6334,0.000222,-3.83,40.68
2026-07-15 11:02:00,24191.45,1000.65,1000.65,1000.65,1000.65,0,15.0,0.6333,0.000222,-3.83,40.68
2026-07-15 11:03:00,24183.7,1000.65,1000.65,1000.65,1000.65,0,15.0,0.6316,0.000222,-3.84,40.74
2026-07-15 11:04:00,24192.3,1000.65,1000.65,1000.65,1000.65,0,15.0,0.6335,0.000222,-3.83,40.67
2026-07-15 11:05:00,24190.45,1000.65,1000.65,1000.65,1000.65,0,15.0,0.6331,0.000222,-3.83,40.69
2026-07-15 11:06:00,24186.4,1000.65,1000.65,1000.65,1000.65,0,15.0,0.6322,0.000222,-3.83,40.72
2026-07-15 11:07:00,24191.55,1000.65,1000.65,1000.65,1000.65,0,15.0,0.6333,0.000222,-3.83,40.68
2026-07-15 11:08:00,24192.2,1000.65,1000.65,1000.65,1000.65,0,15.0,0.6335,0.000222,-3.83,40.67
2026-07-15 11:09:00,24194.8,1000.65,1000.65,1000.65,1000.65,0,15.0,0.634,0.000222,-3.83,40.65
2026-07-15 11:10:00,24195.9,1000.65,1000.65,1000.65,1000.65,0,15.0,0.6343,0.000222,-3.83,40.65
2026-07-15 11:11:00,24190.1,1000.65,1000.65,1000.65,1000.65,0,15.0,0.633,0.000222,-3.83,40.69
2026-07-15 11:12:00,24183.45,1000.65,1000.65,1000.65,1000.65,0,15.0,0.6315,0.000222,-3.84,40.74
2026-07-15 11:13:00,24176.65,1000.65,1000.65,1000.65,1000.65,0,15.0,0.63,0.000223,-3.84,40.78
2026-07-15 11:14:00,24172.85,1000.65,1000.65,1000.65,1000.65,0,15.0,0.6292,0.000223,-3.85,40.81
2026-07-15 11:15:00,24177.0,1000.65,1000.65,1000.65,1000.65,0,15.0,0.6301,0.000223,-3.84,40.78
2026-07-15 11:16:00,24176.5,1000.65,1000.65,1000.65,1000.65,0,15.0,0.63,0.000223,-3.84,40.78
2026-07-15 11:17:00,24180.8,1000.65,1000.65,1000.65,1000.65,0,15.0,0.6309,0.000223,-3.84,40.75
2026-07-15 11:18:00,24185.7,1000.65,1000.65,1000.65,1000.65,0,15.0,0.632,0.000222,-3.83,40.72
2026-07-15 11:19:00,24187.6,1000.65,1000.65,1000.65,1000.65,0,15.0,0.6325,0.000222,-3.83,40.7
2026-07-15 11:20:00,24180.85,1000.65,1000.65,1000.65,1000.65,0,15.0,0.631,0.000223,-3.84,40.75
2026-07-15 11:21:00,24182.25,1000.65,1000.65,1000.65,1000.65,0,15.0,0.6313,0.000223,-3.84,40.74
2026-07-15 11:22:00,24180.1,1000.65,1000.65,1000.65,1000.65,0,15.0,0.6308,0.000223,-3.84,40.76
2026-07-15 11:23:00,24180.25,1000.65,1000.65,1000.65,1000.65,0,15.0,0.6308,0.000223,-3.84,40.76
2026-07-15 11:24:00,24182.15,1000.65,1000.65,1000.65,1000.65,0,15.0,0.6312,0.000223,-3.84,40.74
2026-07-15 11:25:00,24188.0,1000.65,1000.65,1000.65,1000.65,0,15.0,0.6325,0.000222,-3.83,40.7
2026-07-15 11:26:00,24189.55,1000.65,1000.65,1000.65,1000.65,0,15.0,0.6329,0.000222,-3.83,40.69
2026-07-15 11:27:00,24191.2,1000.65,1000.65,1000.65,1000.65,0,15.0,0.6333,0.000222,-3.83,40.68
2026-07-15 11:28:00,24202.0,1000.65,1000.65,1000.65,1000.65,0,15.0,0.6357,0.000221,-3.82,40.6
2026-07-15 11:29:00,24202.65,1000.65,1000.65,1000.65,1000.65,0,15.0,0.6358,0.000221,-3.82,40.59
2026-07-15 11:30:00,24197.05,1000.65,1000.65,1000.65,1000.65,0,15.0,0.6346,0.000222,-3.83,40.63
2026-07-15 11:31:00,24200.95,1000.65,1000.65,1000.65,1000.65,0,15.0,0.6354,0.000221,-3.82,40.6
2026-07-15 11:32:00,24207.9,1000.65,1000.65,1000.65,1000.65,0,15.0,0.637,0.000221,-3.82,40.55
2026-07-15 11:33:00,24208.85,1000.65,1000.65,1000.65,1000.65,0,15.0,0.6372,0.000221,-3.82,40.55
2026-07-15 11:34:00,24210.95,1000.65,1000.65,1000.65,1000.65,0,15.0,0.6376,0.000221,-3.81,40.53
2026-07-15 11:35:00,24209.25,1000.65,1000.65,1000.65,1000.65,0,15.0,0.6373,0.000221,-3.82,40.54
2026-07-15 11:36:00,24205.45,1000.65,1000.65,1000.65,1000.65,0,15.0,0.6364,0.000221,-3.82,40.57
2026-07-15 11:37:00,24207.3,1000.65,1000.65,1000.65,1000.65,0,15.0,0.6368,0.000221,-3.82,40.56
2026-07-15 11:38:00,24201.9,1000.65,1000.65,1000.65,1000.65,0,15.0,0.6356,0.000221,-3.82,40.6
2026-07-15 11:39:00,24191.9,1000.65,1000.65,1000.65,1000.65,0,15.0,0.6334,0.000222,-3.83,40.67
2026-07-15 11:40:00,24185.75,1000.65,1000.65,1000.65,1000.65,0,15.0,0.6321,0.000222,-3.84,40.71
2026-07-15 11:41:00,24189.7,1000.65,1000.65,1000.65,1000.65,0,15.0,0.6329,0.000222,-3.83,40.69
2026-07-15 11:42:00,24185.4,1000.65,1000.65,1000.65,1000.65,0,15.0,0.632,0.000222,-3.84,40.72
2026-07-15 11:43:00,24182.15,1000.65,1000.65,1000.65,1000.65,0,15.0,0.6313,0.000223,-3.84,40.74
2026-07-15 11:44:00,24174.4,1000.65,1000.65,1000.65,1000.65,0,15.0,0.6295,0.000223,-3.84,40.79
2026-07-15 11:45:00,24183.2,1000.65,1000.65,1000.65,1000.65,0,15.0,0.6315,0.000223,-3.84,40.73
2026-07-15 11:46:00,24180.75,1000.65,1000.65,1000.65,1000.65,0,15.0,0.6309,0.000223,-3.84,40.75
2026-07-15 11:47:00,24177.35,1000.65,1000.65,1000.65,1000.65,0,15.0,0.6302,0.000223,-3.84,40.77
2026-07-15 11:48:00,24176.8,1000.65,1000.65,1000.65,1000.65,0,15.0,0.6301,0.000223,-3.84,40.78
2026-07-15 11:49:00,24174.75,1000.65,1000.65,1000.65,1000.65,0,15.0,0.6296,0.000223,-3.84,40.79
2026-07-15 11:50:00,24174.65,1000.65,1000.65,1000.65,1000.65,0,15.0,0.6296,0.000223,-3.84,40.79
2026-07-15 11:51:00,24169.75,1000.65,1000.65,1000.65,1000.65,0,15.0,0.6285,0.000223,-3.85,40.82
2026-07-15 11:52:00,24179.85,1000.65,1000.65,1000.65,1000.65,0,15.0,0.6307,0.000223,-3.84,40.75
2026-07-15 11:53:00,24180.3,1000.65,1000.65,1000.65,1000.65,0,15.0,0.6308,0.000223,-3.84,40.75
2026-07-15 11:54:00,24177.5,1000.65,1000.65,1000.65,1000.65,0,15.0,0.6302,0.000223,-3.84,40.77
2026-07-15 11:55:00,24184.55,1000.65,1000.65,1000.65,1000.65,0,15.0,0.6318,0.000222,-3.84,40.72
2026-07-15 11:56:00,24186.25,1000.65,1000.65,1000.65,1000.65,0,15.0,0.6322,0.000222,-3.83,40.71
2026-07-15 11:57:00,24181.65,1000.65,1000.65,1000.65,1000.65,0,15.0,0.6312,0.000223,-3.84,40.74
2026-07-15 11:58:00,24181.25,1000.65,1000.65,1000.65,1000.65,0,15.0,0.6311,0.000223,-3.84,40.74
2026-07-15 11:59:00,24180.8,1000.65,1000.65,1000.65,1000.65,0,15.0,0.631,0.000223,-3.84,40.75
2026-07-15 12:00:00,24184.6,1000.65,1000.65,1000.65,1000.65,0,15.0,0.6318,0.000222,-3.84,40.72
2026-07-15 12:01:00,24183.75,1000.65,1000.65,1000.65,1000.65,0,15.0,0.6316,0.000223,-3.84,40.72
2026-07-15 12:02:00,24180.75,1000.65,1000.65,1000.65,1000.65,0,15.0,0.631,0.000223,-3.84,40.75
2026-07-15 12:03:00,24177.05,1000.65,1000.65,1000.65,1000.65,0,15.0,0.6301,0.000223,-3.84,40.77
2026-07-15 12:04:00,24181.9,1000.65,1000.65,1000.65,1000.65,0,15.0,0.6312,0.000223,-3.84,40.74
2026-07-15 12:05:00,24182.8,1000.65,1000.65,1000.65,1000.65,0,15.0,0.6314,0.000223,-3.84,40.73
2026-07-15 12:06:00,24184.75,1000.65,1000.65,1000.65,1000.65,0,15.0,0.6318,0.000222,-3.84,40.72
2026-07-15 12:07:00,24187.25,1000.65,1000.65,1000.65,1000.65,0,15.0,0.6324,0.000222,-3.83,40.7
2026-07-15 12:08:00,24188.2,1000.65,1000.65,1000.65,1000.65,0,15.0,0.6326,0.000222,-3.83,40.69
2026-07-15 12:09:00,24184.3,1000.65,1000.65,1000.65,1000.65,0,15.0,0.6317,0.000222,-3.84,40.72
2026-07-15 12:10:00,24176.6,1000.65,1000.65,1000.65,1000.65,0,15.0,0.63,0.000223,-3.84,40.77
2026-07-15 12:11:00,24179.75,1000.65,1000.65,1000.65,1000.65,0,15.0,0.6307,0.000223,-3.84,40.75
2026-07-15 12:12:00,24181.4,1000.65,1000.65,1000.65,1000.65,0,15.0,0.6311,0.000223,-3.84,40.74
2026-07-15 12:13:00,24185.7,1000.65,1000.65,1000.65,1000.65,0,15.0,0.6321,0.000222,-3.84,40.71
2026-07-15 12:14:00,24191.05,1000.65,1000.65,1000.65,1000.65,0,15.0,0.6333,0.000222,-3.83,40.67
2026-07-15 12:15:00,24191.7,1000.65,1000.65,1000.65,1000.65,0,15.0,0.6334,0.000222,-3.83,40.66
2026-07-15 12:16:00,24187.6,1000.65,1000.65,1000.65,1000.65,0,15.0,0.6325,0.000222,-3.83,40.69
2026-07-15 12:17:00,24189.45,1000.65,1000.65,1000.65,1000.65,0,15.0,0.6329,0.000222,-3.83,40.68
2026-07-15 12:18:00,24190.1,1000.65,1000.65,1000.65,1000.65,0,15.0,0.633,0.000222,-3.83,40.67
2026-07-15 12:19:00,24191.25,1000.65,1000.65,1000.65,1000.65,0,15.0,0.6333,0.000222,-3.83,40.67
2026-07-15 12:20:00,24191.3,1000.65,1000.65,1000.65,1000.65,0,15.0,0.6333,0.000222,-3.83,40.67
2026-07-15 12:21:00,24185.7,1000.65,1000.65,1000.65,1000.65,0,15.0,0.6321,0.000222,-3.84,40.71
2026-07-15 12:22:00,24183.3,1000.65,1000.65,1000.65,1000.65,0,15.0,0.6315,0.000223,-3.84,40.72
2026-07-15 12:23:00,24182.05,1000.65,1000.65,1000.65,1000.65,0,15.0,0.6313,0.000223,-3.84,40.73
2026-07-15 12:24:00,24186.15,1000.65,1000.65,1000.65,1000.65,0,15.0,0.6322,0.000222,-3.84,40.7
2026-07-15 12:25:00,24187.95,1000.65,1000.65,1000.65,1000.65,0,15.0,0.6326,0.000222,-3.83,40.69
2026-07-15 12:26:00,24182.2,1000.65,1000.65,1000.65,1000.65,0,15.0,0.6313,0.000223,-3.84,40.73
2026-07-15 12:27:00,24179.0,1000.65,1000.65,1000.65,1000.65,0,15.0,0.6306,0.000223,-3.84,40.75
2026-07-15 12:28:00,24175.0,1000.65,1000.65,1000.65,1000.65,0,15.0,0.6297,0.000223,-3.84,40.78
2026-07-15 12:29:00,24168.45,1000.65,1000.65,1000.65,1000.65,0,15.0,0.6282,0.000223,-3.85,40.83
2026-07-15 12:30:00,24171.8,1000.65,1000.65,1000.65,1000.65,0,15.0,0.629,0.000223,-3.85,40.8
2026-07-15 12:31:00,24170.85,1000.65,1000.65,1000.65,1000.65,0,15.0,0.6288,0.000223,-3.85,40.81
2026-07-15 12:32:00,24170.95,1000.65,1000.65,1000.65,1000.65,0,15.0,0.6288,0.000223,-3.85,40.81
2026-07-15 12:33:00,24163.35,1000.65,1000.65,1000.65,1000.65,0,15.0,0.6271,0.000224,-3.85,40.86
2026-07-15 12:34:00,24166.65,1000.65,1000.65,1000.65,1000.65,0,15.0,0.6278,0.000224,-3.85,40.84
2026-07-15 12:35:00,24162.85,1000.65,1000.65,1000.65,1000.65,0,15.0,0.627,0.000224,-3.85,40.86
2026-07-15 12:36:00,24153.9,1000.65,1000.65,1000.65,1000.65,0,15.0,0.625,0.000224,-3.86,40.92
2026-07-15 12:37:00,24163.25,1000.65,1000.65,1000.65,1000.65,0,15.0,0.6271,0.000224,-3.85,40.86
2026-07-15 12:38:00,24149.95,1000.65,1000.65,1000.65,1000.65,0,15.0,0.6241,0.000224,-3.86,40.95
2026-07-15 12:39:00,24145.75,1000.65,1000.65,1000.65,1000.65,0,15.0,0.6231,0.000225,-3.87,40.98
2026-07-15 12:40:00,24146.6,1000.65,1000.65,1000.65,1000.65,0,15.0,0.6233,0.000225,-3.87,40.97
2026-07-15 12:41:00,24149.75,1000.65,1000.65,1000.65,1000.65,0,15.0,0.624,0.000224,-3.86,40.95
2026-07-15 12:42:00,24149.65,1000.65,1000.65,1000.65,1000.65,0,15.0,0.624,0.000224,-3.87,40.95
2026-07-15 12:43:00,24158.95,1000.65,1000.65,1000.65,1000.65,0,15.0,0.6261,0.000224,-3.86,40.89
2026-07-15 12:44:00,24160.1,1000.65,1000.65,1000.65,1000.65,0,15.0,0.6264,0.000224,-3.86,40.88
2026-07-15 12:45:00,24157.3,1000.65,1000.65,1000.65,1000.65,0,15.0,0.6257,0.000224,-3.86,40.9
2026-07-15 12:46:00,24159.1,1000.65,1000.65,1000.65,1000.65,0,15.0,0.6261,0.000224,-3.86,40.89
2026-07-15 12:47:00,24153.85,1000.65,1000.65,1000.65,1000.65,0,15.0,0.625,0.000224,-3.86,40.92
2026-07-15 12:48:00,24152.95,1000.65,1000.65,1000.65,1000.65,0,15.0,0.6248,0.000224,-3.86,40.93
2026-07-15 12:49:00,24148.0,1000.65,1000.65,1000.65,1000.65,0,15.0,0.6237,0.000225,-3.87,40.96
2026-07-15 12:50:00,24149.1,1000.65,1000.65,1000.65,1000.65,0,15.0,0.6239,0.000225,-3.87,40.95
2026-07-15 12:51:00,24148.9,1000.65,1012.7,1000.65,1012.7,65,17.26,0.6109,0.000197,-4.51,41.42
2026-07-15 12:52:00,24147.5,1012.7,1012.7,1012.7,1012.7,0,15.0,0.6235,0.000225,-3.87,40.96
2026-07-15 12:53:00,24136.0,1012.7,1012.7,1012.7,1012.7,0,15.0,0.621,0.000225,-3.88,41.04
2026-07-15 12:54:00,24125.95,1012.7,1012.7,1012.7,1012.7,0,15.0,0.6187,0.000226,-3.88,41.11
2026-07-15 12:55:00,24096.6,1012.7,1012.7,1012.7,1012.7,0,15.0,0.612,0.000227,-3.9,41.29
2026-07-15 12:56:00,24036.25,1012.7,1012.7,952.45,952.45,65,17.44,0.5878,0.0002,-4.63,41.92
2026-07-15 12:57:00,24023.25,952.45,952.45,952.45,952.45,0,15.0,0.5952,0.000231,-3.95,41.69
2026-07-15 12:58:00,24068.5,952.45,952.45,952.45,952.45,0,15.0,0.6056,0.000229,-3.92,41.45
2026-07-15 12:59:00,24054.0,952.45,952.45,952.45,952.45,0,15.0,0.6023,0.000229,-3.93,41.53
2026-07-15 13:00:00,24070.4,952.45,952.45,952.45,952.45,0,15.0,0.6061,0.000229,-3.92,41.44
2026-07-15 13:01:00,24065.5,952.45,952.45,952.45,952.45,0,15.0,0.605,0.000229,-3.93,41.46
2026-07-15 13:02:00,24068.35,952.45,952.45,952.45,952.45,0,15.0,0.6056,0.000229,-3.92,41.45
2026-07-15 13:03:00,24072.2,952.45,952.45,952.45,952.45,0,15.0,0.6065,0.000229,-3.92,41.43
2026-07-15 13:04:00,24069.25,952.45,952.45,952.45,952.45,0,15.0,0.6058,0.000229,-3.92,41.44
2026-07-15 13:05:00,24073.55,952.45,952.45,952.45,952.45,0,15.0,0.6068,0.000229,-3.92,41.42
2026-07-15 13:06:00,24061.65,952.45,952.45,952.45,952.45,0,15.0,0.6041,0.000229,-3.93,41.48
2026-07-15 13:07:00,24054.85,952.45,952.45,952.45,952.45,0,15.0,0.6025,0.000229,-3.93,41.52
2026-07-15 13:08:00,24054.15,952.45,952.45,952.45,952.45,0,15.0,0.6024,0.000229,-3.93,41.52
2026-07-15 13:09:00,24045.75,952.45,952.45,952.45,952.45,0,15.0,0.6004,0.00023,-3.94,41.57
2026-07-15 13:10:00,24048.95,952.45,952.45,952.45,952.45,0,15.0,0.6012,0.00023,-3.94,41.55
2026-07-15 13:11:00,24046.45,952.45,952.45,952.45,952.45,0,15.0,0.6006,0.00023,-3.94,41.56
2026-07-15 13:12:00,24046.7,952.45,952.45,952.45,952.45,0,15.0,0.6006,0.00023,-3.94,41.56
2026-07-15 13:13:00,24043.1,952.45,952.45,952.45,952.45,0,15.0,0.5998,0.00023,-3.94,41.58
2026-07-15 13:14:00,24054.4,952.45,952.45,952.45,952.45,0,15.0,0.6024,0.000229,-3.93,41.52
2026-07-15 13:15:00,24063.55,952.45,952.45,952.45,952.45,0,15.0,0.6045,0.000229,-3.93,41.47
2026-07-15 13:16:00,24069.4,952.45,952.45,952.45,952.45,0,15.0,0.6059,0.000229,-3.92,41.44
2026-07-15 13:17:00,24066.55,952.45,952.45,952.45,952.45,0,15.0,0.6052,0.000229,-3.93,41.46
2026-07-15 13:18:00,24076.3,952.45,952.45,952.45,952.45,0,15.0,0.6074,0.000228,-3.92,41.4
2026-07-15 13:19:00,24085.3,952.45,952.45,952.45,952.45,0,15.0,0.6095,0.000228,-3.91,41.35
2026-07-15 13:20:00,24082.2,952.45,952.45,952.45,952.45,0,15.0,0.6088,0.000228,-3.91,41.37
2026-07-15 13:21:00,24074.7,952.45,952.45,952.45,952.45,0,15.0,0.6071,0.000228,-3.92,41.41
2026-07-15 13:22:00,24074.7,952.45,952.45,952.45,952.45,0,15.0,0.6071,0.000228,-3.92,41.41
2026-07-15 13:23:00,24072.4,952.45,952.45,952.45,952.45,0,15.0,0.6065,0.000229,-3.92,41.42
2026-07-15 13:24:00,24072.4,952.45,952.45,952.45,952.45,0,15.0,0.6065,0.000229,-3.92,41.42
2026-07-15 13:25:00,24071.85,952.45,952.45,952.45,952.45,0,15.0,0.6064,0.000229,-3.92,41.42
2026-07-15 13:26:00,24069.4,952.45,952.45,952.45,952.45,0,15.0,0.6059,0.000229,-3.92,41.44
2026-07-15 13:27:00,24065.9,952.45,952.45,952.45,952.45,0,15.0,0.6051,0.000229,-3.93,41.46
2026-07-15 13:28:00,24072.8,952.45,952.45,952.45,952.45,0,15.0,0.6066,0.000229,-3.92,41.42
2026-07-15 13:29:00,24074.95,952.45,952.45,952.45,952.45,0,15.0,0.6071,0.000228,-3.92,41.41
2026-07-15 13:30:00,24072.1,952.45,952.45,952.45,952.45,0,15.0,0.6065,0.000229,-3.92,41.42
2026-07-15 13:31:00,24073.05,952.45,952.45,952.45,952.45,0,15.0,0.6067,0.000229,-3.92,41.42
2026-07-15 13:32:00,24068.8,952.45,952.45,952.45,952.45,0,15.0,0.6057,0.000229,-3.92,41.44
2026-07-15 13:33:00,24067.35,952.45,952.45,952.45,952.45,0,15.0,0.6054,0.000229,-3.93,41.45
2026-07-15 13:34:00,24063.0,952.45,952.45,952.45,952.45,0,15.0,0.6044,0.000229,-3.93,41.47
2026-07-15 13:35:00,24066.7,952.45,952.45,952.45,952.45,0,15.0,0.6052,0.000229,-3.93,41.45
2026-07-15 13:36:00,24069.75,952.45,952.45,952.45,952.45,0,15.0,0.6059,0.000229,-3.92,41.43
2026-07-15 13:37:00,24067.45,952.45,952.45,952.45,952.45,0,15.0,0.6054,0.000229,-3.93,41.45
2026-07-15 13:38:00,24059.7,952.45,952.45,952.45,952.45,0,15.0,0.6036,0.000229,-3.93,41.49
2026-07-15 13:39:00,24064.35,952.45,952.45,952.45,952.45,0,15.0,0.6047,0.000229,-3.93,41.46
2026-07-15 13:40:00,24059.6,952.45,952.45,952.45,952.45,0,15.0,0.6036,0.000229,-3.93,41.49
2026-07-15 13:41:00,24054.15,952.45,952.45,952.45,952.45,0,15.0,0.6024,0.00023,-3.93,41.52
2026-07-15 13:42:00,24058.45,952.45,952.45,952.45,952.45,0,15.0,0.6034,0.000229,-3.93,41.49
2026-07-15 13:43:00,24049.6,952.45,952.45,952.45,952.45,0,15.0,0.6013,0.00023,-3.94,41.54
2026-07-15 13:44:00,24061.6,952.45,952.45,952.45,952.45,0,15.0,0.6041,0.000229,-3.93,41.48
2026-07-15 13:45:00,24060.7,952.45,952.45,952.45,952.45,0,15.0,0.6039,0.000229,-3.93,41.48
2026-07-15 13:46:00,24062.75,952.45,952.45,952.45,952.45,0,15.0,0.6043,0.000229,-3.93,41.47
2026-07-15 13:47:00,24063.25,952.45,952.45,952.45,952.45,0,15.0,0.6045,0.000229,-3.93,41.47
2026-07-15 13:48:00,24066.15,952.45,952.45,952.45,952.45,0,15.0,0.6051,0.000229,-3.93,41.45
2026-07-15 13:49:00,24067.85,952.45,952.45,952.45,952.45,0,15.0,0.6055,0.000229,-3.93,41.44
2026-07-15 13:50:00,24063.35,952.45,952.45,952.45,952.45,0,15.0,0.6045,0.000229,-3.93,41.47
2026-07-15 13:51:00,24051.75,952.45,952.45,952.45,952.45,0,15.0,0.6018,0.00023,-3.94,41.53
2026-07-15 13:52:00,24054.8,952.45,952.45,952.45,952.45,0,15.0,0.6025,0.000229,-3.93,41.51
2026-07-15 13:53:00,24048.75,952.45,952.45,952.45,952.45,0,15.0,0.6011,0.00023,-3.94,41.54
2026-07-15 13:54:00,24053.1,952.45,952.45,952.45,952.45,0,15.0,0.6021,0.00023,-3.93,41.52
2026-07-15 13:55:00,24051.1,952.45,952.45,952.45,952.45,0,15.0,0.6017,0.00023,-3.94,41.53
2026-07-15 13:56:00,24060.5,952.45,952.45,952.45,952.45,0,15.0,0.6038,0.000229,-3.93,41.48
2026-07-15 13:57:00,24068.4,952.45,952.45,952.45,952.45,0,15.0,0.6056,0.000229,-3.92,41.44
2026-07-15 13:58:00,24069.8,952.45,952.45,952.45,952.45,0,15.0,0.606,0.000229,-3.92,41.43
2026-07-15 13:59:00,24078.35,952.45,952.45,952.45,952.45,0,15.0,0.6079,0.000228,-3.92,41.38
2026-07-15 14:00:00,24081.7,952.45,952.45,952.45,952.45,0,15.0,0.6087,0.000228,-3.92,41.36
2026-07-15 14:01:00,24072.95,952.45,952.45,952.45,952.45,0,15.0,0.6067,0.000229,-3.92,41.41
2026-07-15 14:02:00,24073.45,952.45,952.45,952.45,952.45,0,15.0,0.6068,0.000229,-3.92,41.41
2026-07-15 14:03:00,24071.85,952.45,952.45,952.45,952.45,0,15.0,0.6064,0.000229,-3.92,41.42
2026-07-15 14:04:00,24077.4,952.45,952.45,952.45,952.45,0,15.0,0.6077,0.000228,-3.92,41.38
2026-07-15 14:05:00,24078.9,952.45,952.45,952.45,952.45,0,15.0,0.608,0.000228,-3.92,41.38
2026-07-15 14:06:00,24078.95,952.45,952.45,952.45,952.45,0,15.0,0.6081,0.000228,-3.92,41.38
2026-07-15 14:07:00,24083.8,952.45,952.45,952.45,952.45,0,15.0,0.6092,0.000228,-3.91,41.35
2026-07-15 14:08:00,24096.25,952.45,952.45,952.45,952.45,0,15.0,0.612,0.000227,-3.91,41.27
2026-07-15 14:09:00,24089.05,952.45,952.45,952.45,952.45,0,15.0,0.6104,0.000228,-3.91,41.32
2026-07-15 14:10:00,24083.0,952.45,952.45,952.45,952.45,0,15.0,0.609,0.000228,-3.92,41.35
2026-07-15 14:11:00,24088.2,952.45,952.45,952.45,952.45,0,15.0,0.6102,0.000228,-3.91,41.32
2026-07-15 14:12:00,24080.8,952.45,952.45,952.45,952.45,0,15.0,0.6085,0.000228,-3.92,41.36
2026-07-15 14:13:00,24085.05,952.45,952.45,952.45,952.45,0,15.0,0.6095,0.000228,-3.91,41.34
2026-07-15 14:14:00,24086.45,952.45,952.45,952.45,952.45,0,15.0,0.6098,0.000228,-3.91,41.33
2026-07-15 14:15:00,24095.05,952.45,952.45,952.45,952.45,0,15.0,0.6117,0.000227,-3.91,41.28
2026-07-15 14:16:00,24091.9,952.45,952.45,952.45,952.45,0,15.0,0.611,0.000228,-3.91,41.3
2026-07-15 14:17:00,24082.2,952.45,952.45,952.45,952.45,0,15.0,0.6088,0.000228,-3.92,41.35
2026-07-15 14:18:00,24084.05,952.45,952.45,952.45,952.45,0,15.0,0.6092,0.000228,-3.91,41.34
2026-07-15 14:19:00,24082.65,952.45,952.45,952.45,952.45,0,15.0,0.6089,0.000228,-3.92,41.35
2026-07-15 14:20:00,24072.2,952.45,952.45,952.45,952.45,0,15.0,0.6065,0.000229,-3.92,41.41
2026-07-15 14:21:00,24080.05,952.45,952.45,952.45,952.45,0,15.0,0.6083,0.000228,-3.92,41.37
2026-07-15 14:22:00,24079.65,952.45,952.45,952.45,952.45,0,15.0,0.6082,0.000228,-3.92,41.37
2026-07-15 14:23:00,24077.4,952.45,952.45,952.45,952.45,0,15.0,0.6077,0.000228,-3.92,41.38
2026-07-15 14:24:00,24072.25,952.45,952.45,952.45,952.45,0,15.0,0.6065,0.000229,-3.92,41.41
2026-07-15 14:25:00,24070.55,952.45,952.45,952.45,952.45,0,15.0,0.6061,0.000229,-3.92,41.42
2026-07-15 14:26:00,24067.85,952.45,952.45,952.45,952.45,0,15.0,0.6055,0.000229,-3.93,41.43
2026-07-15 14:27:00,24076.65,952.45,952.45,952.45,952.45,0,15.0,0.6075,0.000228,-3.92,41.38
2026-07-15 14:28:00,24076.35,952.45,952.45,952.45,952.45,0,15.0,0.6075,0.000228,-3.92,41.39
2026-07-15 14:29:00,24077.65,952.45,952.45,952.45,952.45,0,15.0,0.6078,0.000228,-3.92,41.38
2026-07-15 14:30:00,24074.95,952.45,952.45,952.45,952.45,0,15.0,0.6072,0.000229,-3.92,41.39
2026-07-15 14:31:00,24073.85,952.45,952.45,952.45,952.45,0,15.0,0.6069,0.000229,-3.92,41.4
2026-07-15 14:32:00,24076.6,952.45,952.45,952.45,952.45,0,15.0,0.6075,0.000228,-3.92,41.38
2026-07-15 14:33:00,24081.5,952.45,952.45,952.45,952.45,0,15.0,0.6087,0.000228,-3.92,41.36
2026-07-15 14:34:00,24075.2,952.45,952.45,952.45,952.45,0,15.0,0.6072,0.000229,-3.92,41.39
2026-07-15 14:35:00,24084.85,952.45,952.45,952.45,952.45,0,15.0,0.6094,0.000228,-3.91,41.34
2026-07-15 14:36:00,24081.95,952.45,952.45,952.45,952.45,0,15.0,0.6088,0.000228,-3.92,41.35
2026-07-15 14:37:00,24078.6,952.45,952.45,952.45,952.45,0,15.0,0.608,0.000228,-3.92,41.37
2026-07-15 14:38:00,24098.55,952.45,952.45,952.45,952.45,0,15.0,0.6125,0.000227,-3.9,41.25
2026-07-15 14:39:00,24105.05,952.45,952.45,952.45,952.45,0,15.0,0.614,0.000227,-3.9,41.21
2026-07-15 14:40:00,24101.5,952.45,952.45,952.45,952.45,0,15.0,0.6132,0.000227,-3.9,41.24
2026-07-15 14:41:00,24095.65,952.45,952.45,952.45,952.45,0,15.0,0.6119,0.000227,-3.91,41.27
2026-07-15 14:42:00,24098.1,952.45,952.45,952.45,952.45,0,15.0,0.6124,0.000227,-3.91,41.26
2026-07-15 14:43:00,24096.2,952.45,952.45,952.45,952.45,0,15.0,0.612,0.000227,-3.91,41.27
2026-07-15 14:44:00,24101.5,952.45,952.45,952.45,952.45,0,15.0,0.6132,0.000227,-3.9,41.24
2026-07-15 14:45:00,24093.15,952.45,952.45,952.45,952.45,0,15.0,0.6113,0.000228,-3.91,41.29
2026-07-15 14:46:00,24100.75,952.45,952.45,952.45,952.45,0,15.0,0.613,0.000227,-3.9,41.24
2026-07-15 14:47:00,24084.6,952.45,952.45,952.45,952.45,0,15.0,0.6094,0.000228,-3.91,41.33
2026-07-15 14:48:00,24085.35,952.45,952.45,952.45,952.45,0,15.0,0.6095,0.000228,-3.91,41.33
2026-07-15 14:49:00,24082.6,952.45,952.45,952.45,952.45,0,15.0,0.6089,0.000228,-3.92,41.35
2026-07-15 14:50:00,24082.8,952.45,952.45,952.45,952.45,0,15.0,0.609,0.000228,-3.92,41.34
2026-07-15 14:51:00,24078.25,952.45,952.45,952.45,952.45,0,15.0,0.6079,0.000228,-3.92,41.37
2026-07-15 14:52:00,24080.1,952.45,952.45,952.45,952.45,0,15.0,0.6083,0.000228,-3.92,41.36
2026-07-15 14:53:00,24078.3,952.45,952.45,952.45,952.45,0,15.0,0.6079,0.000228,-3.92,41.37
2026-07-15 14:54:00,24082.6,952.45,952.45,952.45,952.45,0,15.0,0.6089,0.000228,-3.92,41.35
2026-07-15 14:55:00,24080.7,952.45,952.45,952.45,952.45,0,15.0,0.6085,0.000228,-3.92,41.36
2026-07-15 14:56:00,24079.45,952.45,952.45,952.45,952.45,0,15.0,0.6082,0.000228,-3.92,41.36
2026-07-15 14:57:00,24073.05,952.45,952.45,952.45,952.45,0,15.0,0.6067,0.000229,-3.92,41.4
2026-07-15 14:58:00,24077.55,952.45,952.45,952.45,952.45,0,15.0,0.6078,0.000228,-3.92,41.37
2026-07-15 14:59:00,24067.85,952.45,952.45,952.45,952.45,0,15.0,0.6055,0.000229,-3.93,41.43
2026-07-15 15:00:00,24069.25,952.45,952.45,952.45,952.45,0,15.0,0.6059,0.000229,-3.93,41.42
2026-07-15 15:01:00,24067.25,952.45,952.45,952.45,952.45,0,15.0,0.6054,0.000229,-3.93,41.43
2026-07-15 15:02:00,24066.35,952.45,952.45,952.45,952.45,0,15.0,0.6052,0.000229,-3.93,41.44
2026-07-15 15:03:00,24067.0,952.45,952.45,952.45,952.45,0,15.0,0.6054,0.000229,-3.93,41.43
2026-07-15 15:04:00,24073.7,952.45,952.45,952.45,952.45,0,15.0,0.6069,0.000229,-3.92,41.39
2026-07-15 15:05:00,24069.6,952.45,952.45,952.45,952.45,0,15.0,0.6059,0.000229,-3.93,41.42
2026-07-15 15:06:00,24073.85,952.45,952.45,952.45,952.45,0,15.0,0.6069,0.000229,-3.92,41.39
2026-07-15 15:07:00,24078.2,952.45,952.45,952.45,952.45,0,15.0,0.6079,0.000228,-3.92,41.37
2026-07-15 15:08:00,24076.5,952.45,952.45,952.45,952.45,0,15.0,0.6075,0.000228,-3.92,41.38
2026-07-15 15:09:00,24072.65,952.45,952.45,952.45,952.45,0,15.0,0.6066,0.000229,-3.92,41.4
2026-07-15 15:10:00,24076.3,952.45,952.45,952.45,952.45,0,15.0,0.6075,0.000229,-3.92,41.38
2026-07-15 15:11:00,24075.65,952.45,952.45,952.45,952.45,0,15.0,0.6073,0.000229,-3.92,41.38
2026-07-15 15:12:00,24073.4,952.45,952.45,952.45,952.45,0,15.0,0.6068,0.000229,-3.92,41.39
2026-07-15 15:13:00,24072.55,952.45,952.45,952.45,952.45,0,15.0,0.6066,0.000229,-3.92,41.4
2026-07-15 15:14:00,24077.75,952.45,952.45,952.45,952.45,0,15.0,0.6078,0.000228,-3.92,41.37
2026-07-15 15:15:00,24074.2,952.45,952.45,952.45,952.45,0,15.0,0.607,0.000229,-3.92,41.39
2026-07-15 15:16:00,24071.55,952.45,952.45,952.45,952.45,0,15.0,0.6064,0.000229,-3.92,41.4
2026-07-15 15:17:00,24072.8,952.45,952.45,952.45,952.45,0,15.0,0.6067,0.000229,-3.92,41.4
2026-07-15 15:18:00,24073.5,952.45,952.45,952.45,952.45,0,15.0,0.6068,0.000229,-3.92,41.39
2026-07-15 15:19:00,24079.1,952.45,952.45,952.45,952.45,0,15.0,0.6081,0.000228,-3.92,41.36
2026-07-15 15:20:00,24083.65,952.45,952.45,952.45,952.45,0,15.0,0.6092,0.000228,-3.92,41.33
2026-07-15 15:21:00,24079.3,952.45,959.55,952.45,959.55,65,17.01,0.5982,0.000203,-4.49,41.67
2026-07-15 15:22:00,24078.0,959.55,959.55,959.55,959.55,0,15.0,0.6079,0.000228,-3.92,41.37
2026-07-15 15:23:00,24079.85,959.55,959.55,959.55,959.55,0,15.0,0.6083,0.000228,-3.92,41.36
2026-07-15 15:24:00,24086.3,959.55,959.55,959.55,959.55,0,15.0,0.6098,0.000228,-3.91,41.32
2026-07-15 15:25:00,24087.5,959.55,959.55,959.55,959.55,0,15.0,0.61,0.000228,-3.91,41.31
2026-07-15 15:26:00,24085.1,959.55,959.55,959.55,959.55,0,15.0,0.6095,0.000228,-3.92,41.32
2026-07-15 15:27:00,24084.6,959.55,959.55,959.55,959.55,0,15.0,0.6094,0.000228,-3.92,41.33
2026-07-15 15:28:00,24077.8,959.55,959.55,959.55,959.55,0,15.0,0.6078,0.000228,-3.92,41.37
2026-07-15 15:29:00,24073.45,959.55,959.55,959.55,959.55,0,15.0,0.6068,0.000229,-3.92,41.39
2026-07-23 09:19:00,23915.35,815.75,822.15,815.75,822.15,130,16.87,0.5679,0.000222,-4.79,40.02
2026-07-23 09:20:00,23945.7,822.15,822.15,822.15,822.15,0,15.0,0.5812,0.000247,-4.23,39.78
2026-07-23 09:21:00,23942.35,822.15,822.15,822.15,822.15,0,15.0,0.5804,0.000247,-4.23,39.8
2026-07-23 09:22:00,23944.55,822.15,822.15,822.15,822.15,0,15.0,0.581,0.000247,-4.23,39.79
2026-07-23 09:23:00,23948.55,822.15,822.15,822.15,822.15,0,15.0,0.5819,0.000247,-4.23,39.77
2026-07-23 09:24:00,23950.2,822.15,822.15,822.15,822.15,0,15.0,0.5823,0.000247,-4.23,39.76
2026-07-23 09:25:00,23939.9,822.15,822.15,822.15,822.15,0,15.0,0.5798,0.000248,-4.23,39.8
2026-07-23 09:26:00,23936.35,822.15,822.15,822.15,822.15,0,15.0,0.5789,0.000248,-4.23,39.82
2026-07-23 09:27:00,23929.35,822.15,822.15,822.15,822.15,0,15.0,0.5772,0.000248,-4.24,39.85
2026-07-23 09:28:00,23929.9,822.15,822.15,822.15,822.15,0,15.0,0.5773,0.000248,-4.24,39.84
2026-07-23 09:29:00,23921.55,822.15,822.15,822.15,822.15,0,15.0,0.5753,0.000248,-4.24,39.87
2026-07-23 09:30:00,23916.0,822.15,822.15,822.15,822.15,0,15.0,0.5739,0.000249,-4.25,39.89
2026-07-23 09:31:00,23912.75,822.15,822.15,822.15,822.15,0,15.0,0.5731,0.000249,-4.25,39.91
2026-07-23 09:32:00,23909.25,822.15,822.15,822.15,822.15,0,15.0,0.5722,0.000249,-4.25,39.92
2026-07-23 09:33:00,23910.95,822.15,822.15,822.15,822.15,0,15.0,0.5726,0.000249,-4.25,39.91
2026-07-23 09:34:00,23917.7,822.15,822.15,822.15,822.15,0,15.0,0.5743,0.000249,-4.24,39.89
2026-07-23 09:35:00,23902.85,822.15,822.15,822.15,822.15,0,15.0,0.5706,0.000249,-4.25,39.94
2026-07-23 09:36:00,23898.65,822.15,822.15,822.15,822.15,0,15.0,0.5696,0.000249,-4.25,39.95
2026-07-23 09:37:00,23895.0,822.15,822.15,822.15,822.15,0,15.0,0.5686,0.00025,-4.26,39.96
2026-07-23 09:38:00,23901.35,822.15,822.15,822.15,822.15,0,15.0,0.5702,0.000249,-4.25,39.94
2026-07-23 09:39:00,23916.45,822.15,822.15,822.15,822.15,0,15.0,0.574,0.000249,-4.25,39.89
2026-07-23 09:40:00,23908.6,822.15,822.15,822.15,822.15,0,15.0,0.572,0.000249,-4.25,39.92
2026-07-23 09:41:00,23912.2,822.15,822.15,822.15,822.15,0,15.0,0.5729,0.000249,-4.25,39.91
2026-07-23 09:42:00,23910.65,822.15,822.15,822.15,822.15,0,15.0,0.5725,0.000249,-4.25,39.91
2026-07-23 09:43:00,23908.15,822.15,822.15,822.15,822.15,0,15.0,0.5719,0.000249,-4.25,39.92
2026-07-23 09:44:00,23907.75,822.15,822.15,822.15,822.15,0,15.0,0.5718,0.000249,-4.25,39.92
2026-07-23 09:45:00,23917.5,822.15,822.15,822.15,822.15,0,15.0,0.5743,0.000249,-4.25,39.89
2026-07-23 09:46:00,23910.6,822.15,822.15,822.15,822.15,0,15.0,0.5725,0.000249,-4.25,39.91
2026-07-23 09:47:00,23905.55,822.15,822.15,822.15,822.15,0,15.0,0.5713,0.000249,-4.25,39.93
2026-07-23 09:48:00,23906.4,822.15,822.15,822.15,822.15,0,15.0,0.5715,0.000249,-4.25,39.92
2026-07-23 09:49:00,23917.2,822.15,822.15,822.15,822.15,0,15.0,0.5742,0.000249,-4.25,39.89
2026-07-23 09:50:00,23916.3,822.15,822.15,822.15,822.15,0,15.0,0.574,0.000249,-4.25,39.89
2026-07-23 09:51:00,23922.4,822.15,822.15,822.15,822.15,0,15.0,0.5755,0.000248,-4.24,39.87
2026-07-23 09:52:00,23924.7,822.15,822.15,822.15,822.15,0,15.0,0.576,0.000248,-4.24,39.86
2026-07-23 09:53:00,23928.7,822.15,822.15,822.15,822.15,0,15.0,0.577,0.000248,-4.24,39.84
2026-07-23 09:54:00,23922.85,822.15,822.15,822.15,822.15,0,15.0,0.5756,0.000248,-4.24,39.86
2026-07-23 09:55:00,23933.7,822.15,822.15,822.15,822.15,0,15.0,0.5783,0.000248,-4.24,39.82
2026-07-23 09:56:00,23934.35,822.15,822.15,822.15,822.15,0,15.0,0.5784,0.000248,-4.24,39.82
2026-07-23 09:57:00,23931.95,822.15,822.15,822.15,822.15,0,15.0,0.5778,0.000248,-4.24,39.83
2026-07-23 09:58:00,23936.8,822.15,822.15,822.15,822.15,0,15.0,0.579,0.000248,-4.24,39.81
2026-07-23 09:59:00,23942.95,822.15,822.15,822.15,822.15,0,15.0,0.5806,0.000248,-4.23,39.79
2026-07-23 10:00:00,23940.9,822.15,822.15,822.15,822.15,0,15.0,0.5801,0.000248,-4.23,39.79
2026-07-23 10:01:00,23945.55,822.15,822.15,822.15,822.15,0,15.0,0.5812,0.000247,-4.23,39.77
2026-07-23 10:02:00,23955.15,822.15,822.15,822.15,822.15,0,15.0,0.5836,0.000247,-4.23,39.73
2026-07-23 10:03:00,23959.2,822.15,822.15,822.15,822.15,0,15.0,0.5846,0.000247,-4.22,39.72
2026-07-23 10:04:00,23962.45,822.15,822.15,822.15,822.15,0,15.0,0.5854,0.000247,-4.22,39.7
2026-07-23 10:05:00,23956.4,822.15,822.15,822.15,822.15,0,15.0,0.5839,0.000247,-4.22,39.73
2026-07-23 10:06:00,23955.2,822.15,822.15,822.15,822.15,0,15.0,0.5836,0.000247,-4.23,39.73
2026-07-23 10:07:00,23951.8,822.15,822.15,822.15,822.15,0,15.0,0.5828,0.000247,-4.23,39.75
2026-07-23 10:08:00,23957.2,822.15,822.15,822.15,822.15,0,15.0,0.5841,0.000247,-4.22,39.72
2026-07-23 10:09:00,23965.55,822.15,822.15,822.15,822.15,0,15.0,0.5862,0.000246,-4.22,39.69
2026-07-23 10:10:00,23962.25,822.15,822.15,822.15,822.15,0,15.0,0.5853,0.000247,-4.22,39.7
2026-07-23 10:11:00,23961.3,822.15,822.15,822.15,822.15,0,15.0,0.5851,0.000247,-4.22,39.71
2026-07-23 10:12:00,23960.25,822.15,822.15,822.15,822.15,0,15.0,0.5848,0.000247,-4.22,39.71
2026-07-23 10:13:00,23961.65,822.15,822.15,822.15,822.15,0,15.0,0.5852,0.000247,-4.22,39.7
2026-07-23 10:14:00,23957.35,822.15,822.15,822.15,822.15,0,15.0,0.5841,0.000247,-4.22,39.72
2026-07-23 10:15:00,23957.45,822.15,822.15,822.15,822.15,0,15.0,0.5842,0.000247,-4.22,39.72
2026-07-23 10:16:00,23961.5,822.15,822.15,822.15,822.15,0,15.0,0.5852,0.000247,-4.22,39.7
2026-07-23 10:17:00,23967.55,822.15,822.15,822.15,822.15,0,15.0,0.5867,0.000246,-4.22,39.68
2026-07-23 10:18:00,23963.9,822.15,822.15,822.15,822.15,0,15.0,0.5858,0.000247,-4.22,39.69
2026-07-23 10:19:00,23955.75,822.15,822.15,822.15,822.15,0,15.0,0.5837,0.000247,-4.23,39.73
2026-07-23 10:20:00,23953.7,822.15,822.15,822.15,822.15,0,15.0,0.5832,0.000247,-4.23,39.74
2026-07-23 10:21:00,23952.45,822.15,822.15,822.15,822.15,0,15.0,0.5829,0.000247,-4.23,39.74
2026-07-23 10:22:00,23949.25,822.15,822.15,822.15,822.15,0,15.0,0.5821,0.000247,-4.23,39.75
2026-07-23 10:23:00,23946.0,822.15,822.15,822.15,822.15,0,15.0,0.5813,0.000247,-4.23,39.77
2026-07-23 10:24:00,23954.8,822.15,822.15,822.15,822.15,0,15.0,0.5835,0.000247,-4.23,39.73
2026-07-23 10:25:00,23954.35,822.15,822.15,822.15,822.15,0,15.0,0.5834,0.000247,-4.23,39.73
2026-07-23 10:26:00,23953.85,822.15,822.15,822.15,822.15,0,15.0,0.5833,0.000247,-4.23,39.73
2026-07-23 10:27:00,23965.35,822.15,822.15,822.15,822.15,0,15.0,0.5861,0.000246,-4.22,39.69
2026-07-23 10:28:00,23970.45,822.15,822.15,822.15,822.15,0,15.0,0.5874,0.000246,-4.22,39.66
2026-07-23 10:29:00,23969.65,822.15,822.15,822.15,822.15,0,15.0,0.5872,0.000246,-4.22,39.67
2026-07-23 10:30:00,23965.35,822.15,822.15,822.15,822.15,0,15.0,0.5861,0.000247,-4.22,39.68
2026-07-23 10:31:00,23964.95,822.15,822.15,822.15,822.15,0,15.0,0.586,0.000247,-4.22,39.69
2026-07-23 10:32:00,23962.45,822.15,822.15,822.15,822.15,0,15.0,0.5854,0.000247,-4.22,39.7
2026-07-23 10:33:00,23963.35,822.15,822.15,822.15,822.15,0,15.0,0.5856,0.000247,-4.22,39.69
2026-07-23 10:34:00,23962.8,822.15,822.15,822.15,822.15,0,15.0,0.5855,0.000247,-4.22,39.69
2026-07-23 10:35:00,23969.75,822.15,822.15,822.15,822.15,0,15.0,0.5872,0.000246,-4.22,39.66
2026-07-23 10:36:00,23973.4,822.15,822.15,822.15,822.15,0,15.0,0.5881,0.000246,-4.22,39.65
2026-07-23 10:37:00,23971.3,822.15,822.15,822.15,822.15,0,15.0,0.5876,0.000246,-4.22,39.66
2026-07-23 10:38:00,23972.2,822.15,822.15,822.15,822.15,0,15.0,0.5878,0.000246,-4.22,39.65
2026-07-23 10:39:00,23969.85,822.15,822.15,822.15,822.15,0,15.0,0.5872,0.000246,-4.22,39.66
2026-07-23 10:40:00,23975.4,822.15,822.15,822.15,822.15,0,15.0,0.5886,0.000246,-4.21,39.64
2026-07-23 10:41:00,23975.1,822.15,822.15,822.15,822.15,0,15.0,0.5885,0.000246,-4.21,39.64
2026-07-23 10:42:00,23971.0,822.15,822.15,822.15,822.15,0,15.0,0.5875,0.000246,-4.22,39.66
2026-07-23 10:43:00,23973.8,822.15,822.15,822.15,822.15,0,15.0,0.5882,0.000246,-4.22,39.64
2026-07-23 10:44:00,23974.95,822.15,822.15,822.15,822.15,0,15.0,0.5885,0.000246,-4.21,39.64
2026-07-23 10:45:00,23973.55,822.15,822.15,822.15,822.15,0,15.0,0.5881,0.000246,-4.22,39.65
2026-07-23 10:46:00,23974.65,822.15,822.15,822.15,822.15,0,15.0,0.5884,0.000246,-4.21,39.64
2026-07-23 10:47:00,23975.15,822.15,822.15,822.15,822.15,0,15.0,0.5885,0.000246,-4.21,39.64
2026-07-23 10:48:00,23976.5,822.15,822.15,822.15,822.15,0,15.0,0.5889,0.000246,-4.21,39.63
2026-07-23 10:49:00,23979.6,822.15,822.15,822.15,822.15,0,15.0,0.5896,0.000246,-4.21,39.62
2026-07-23 10:50:00,23981.4,822.15,822.15,822.15,822.15,0,15.0,0.5901,0.000246,-4.21,39.61
2026-07-23 10:51:00,23979.9,822.15,822.15,822.15,822.15,0,15.0,0.5897,0.000246,-4.21,39.61
2026-07-23 10:52:00,23977.45,822.15,822.15,822.15,822.15,0,15.0,0.5891,0.000246,-4.21,39.63
2026-07-23 10:53:00,23970.45,822.15,822.15,822.15,822.15,0,15.0,0.5874,0.000246,-4.22,39.66
2026-07-23 10:54:00,23967.0,822.15,822.15,822.15,822.15,0,15.0,0.5865,0.000246,-4.22,39.67
2026-07-23 10:55:00,23969.95,822.15,822.15,822.15,822.15,0,15.0,0.5873,0.000246,-4.22,39.66
2026-07-23 10:56:00,23974.9,822.15,822.15,822.15,822.15,0,15.0,0.5885,0.000246,-4.21,39.64
2026-07-23 10:57:00,23975.75,822.15,822.15,822.15,822.15,0,15.0,0.5887,0.000246,-4.21,39.63
2026-07-23 10:58:00,23974.75,822.15,822.15,822.15,822.15,0,15.0,0.5884,0.000246,-4.22,39.64
2026-07-23 10:59:00,23977.3,822.15,822.15,822.15,822.15,0,15.0,0.5891,0.000246,-4.21,39.63
2026-07-23 11:00:00,23982.9,822.15,822.15,822.15,822.15,0,15.0,0.5904,0.000246,-4.21,39.6
2026-07-23 11:01:00,23982.15,822.15,822.15,822.15,822.15,0,15.0,0.5903,0.000246,-4.21,39.6
2026-07-23 11:02:00,23983.4,822.15,822.15,822.15,822.15,0,15.0,0.5906,0.000246,-4.21,39.6
2026-07-23 11:03:00,23985.0,822.15,822.15,822.15,822.15,0,15.0,0.591,0.000246,-4.21,39.59
2026-07-23 11:04:00,23986.7,822.15,822.15,822.15,822.15,0,15.0,0.5914,0.000246,-4.21,39.58
2026-07-23 11:05:00,23987.4,822.15,822.15,822.15,822.15,0,15.0,0.5916,0.000245,-4.21,39.58
2026-07-23 11:06:00,23980.0,822.15,822.15,822.15,822.15,0,15.0,0.5897,0.000246,-4.21,39.61
2026-07-23 11:07:00,23983.4,822.15,822.15,822.15,822.15,0,15.0,0.5906,0.000246,-4.21,39.6
2026-07-23 11:08:00,23985.25,822.15,822.15,822.15,822.15,0,15.0,0.591,0.000246,-4.21,39.59
2026-07-23 11:09:00,23986.3,822.15,822.15,822.15,822.15,0,15.0,0.5913,0.000246,-4.21,39.58
2026-07-23 11:10:00,23986.25,822.15,822.15,822.15,822.15,0,15.0,0.5913,0.000246,-4.21,39.58
2026-07-23 11:11:00,23981.7,822.15,822.15,822.15,822.15,0,15.0,0.5902,0.000246,-4.21,39.6
2026-07-23 11:12:00,23981.3,822.15,822.15,822.15,822.15,0,15.0,0.5901,0.000246,-4.21,39.6
2026-07-23 11:13:00,23974.8,822.15,822.15,822.15,822.15,0,15.0,0.5885,0.000246,-4.22,39.63
2026-07-23 11:14:00,23972.1,822.15,822.15,822.15,822.15,0,15.0,0.5878,0.000246,-4.22,39.65
2026-07-23 11:15:00,23967.8,822.15,822.15,822.15,822.15,0,15.0,0.5867,0.000246,-4.22,39.66
2026-07-23 11:16:00,23964.5,822.15,822.15,822.15,822.15,0,15.0,0.5859,0.000247,-4.22,39.68
2026-07-23 11:17:00,23966.15,822.15,822.15,822.15,822.15,0,15.0,0.5863,0.000247,-4.22,39.67
2026-07-23 11:18:00,23962.7,822.15,822.15,822.15,822.15,0,15.0,0.5855,0.000247,-4.22,39.69
2026-07-23 11:19:00,23962.1,822.15,822.15,822.15,822.15,0,15.0,0.5853,0.000247,-4.22,39.69
2026-07-23 11:20:00,23958.05,822.15,822.15,822.15,822.15,0,15.0,0.5843,0.000247,-4.23,39.71
2026-07-23 11:21:00,23956.4,822.15,822.15,822.15,822.15,0,15.0,0.5839,0.000247,-4.23,39.71
2026-07-23 11:22:00,23955.35,822.15,822.15,822.15,822.15,0,15.0,0.5837,0.000247,-4.23,39.72
2026-07-23 11:23:00,23958.3,822.15,822.15,822.15,822.15,0,15.0,0.5844,0.000247,-4.23,39.7
2026-07-23 11:24:00,23954.55,822.15,822.15,822.15,822.15,0,15.0,0.5835,0.000247,-4.23,39.72
2026-07-23 11:25:00,23952.25,822.15,822.15,822.15,822.15,0,15.0,0.5829,0.000247,-4.23,39.73
2026-07-23 11:26:00,23955.25,822.15,822.15,822.15,822.15,0,15.0,0.5836,0.000247,-4.23,39.72
2026-07-23 11:27:00,23950.4,822.15,822.15,822.15,822.15,0,15.0,0.5824,0.000247,-4.23,39.74
2026-07-23 11:28:00,23952.0,822.15,822.15,822.15,822.15,0,15.0,0.5828,0.000247,-4.23,39.73
2026-07-23 11:29:00,23945.05,822.15,822.15,822.15,822.15,0,15.0,0.5811,0.000248,-4.23,39.76
2026-07-23 11:30:00,23945.9,822.15,822.15,822.15,822.15,0,15.0,0.5813,0.000247,-4.23,39.75
2026-07-23 11:31:00,23952.55,822.15,822.15,822.15,822.15,0,15.0,0.583,0.000247,-4.23,39.73
2026-07-23 11:32:00,23951.3,822.15,822.15,822.15,822.15,0,15.0,0.5827,0.000247,-4.23,39.73
2026-07-23 11:33:00,23950.35,822.15,822.15,822.15,822.15,0,15.0,0.5824,0.000247,-4.23,39.74
2026-07-23 11:34:00,23953.25,822.15,822.15,822.15,822.15,0,15.0,0.5832,0.000247,-4.23,39.72
2026-07-23 11:35:00,23953.7,822.15,822.15,822.15,822.15,0,15.0,0.5833,0.000247,-4.23,39.72
2026-07-23 11:36:00,23952.3,822.15,822.15,822.15,822.15,0,15.0,0.5829,0.000247,-4.23,39.73
2026-07-23 11:37:00,23943.75,822.15,822.15,822.15,822.15,0,15.0,0.5808,0.000248,-4.23,39.76
2026-07-23 11:38:00,23946.4,822.15,822.15,822.15,822.15,0,15.0,0.5815,0.000247,-4.23,39.75
2026-07-23 11:39:00,23944.0,822.15,822.15,822.15,822.15,0,15.0,0.5809,0.000248,-4.23,39.76
2026-07-23 11:40:00,23944.55,822.15,822.15,822.15,822.15,0,15.0,0.581,0.000248,-4.23,39.76
2026-07-23 11:41:00,23942.15,822.15,822.15,822.15,822.15,0,15.0,0.5804,0.000248,-4.23,39.77
2026-07-23 11:42:00,23948.55,822.15,822.15,822.15,822.15,0,15.0,0.582,0.000247,-4.23,39.74
2026-07-23 11:43:00,23946.35,822.15,822.15,822.15,822.15,0,15.0,0.5815,0.000247,-4.23,39.75
2026-07-23 11:44:00,23947.6,822.15,822.15,822.15,822.15,0,15.0,0.5818,0.000247,-4.23,39.74
2026-07-23 11:45:00,23946.65,822.15,822.15,822.15,822.15,0,15.0,0.5815,0.000247,-4.23,39.75
2026-07-23 11:46:00,23945.75,822.15,822.15,822.15,822.15,0,15.0,0.5813,0.000248,-4.23,39.75
2026-07-23 11:47:00,23944.5,822.15,822.15,822.15,822.15,0,15.0,0.581,0.000248,-4.23,39.76
2026-07-23 11:48:00,23945.65,822.15,822.15,822.15,822.15,0,15.0,0.5813,0.000248,-4.23,39.75
2026-07-23 11:49:00,23945.4,822.15,822.15,822.15,822.15,0,15.0,0.5812,0.000248,-4.23,39.75
2026-07-23 11:50:00,23943.05,822.15,822.15,822.15,822.15,0,15.0,0.5806,0.000248,-4.23,39.76
2026-07-23 11:51:00,23940.3,822.15,822.15,822.15,822.15,0,15.0,0.58,0.000248,-4.24,39.77
2026-07-23 11:52:00,23937.4,822.15,822.15,822.15,822.15,0,15.0,0.5792,0.000248,-4.24,39.78
2026-07-23 11:53:00,23931.55,822.15,822.15,822.15,822.15,0,15.0,0.5778,0.000248,-4.24,39.81
2026-07-23 11:54:00,23938.25,822.15,822.15,822.15,822.15,0,15.0,0.5794,0.000248,-4.24,39.78
2026-07-23 11:55:00,23943.8,822.15,822.15,822.15,822.15,0,15.0,0.5808,0.000248,-4.23,39.76
2026-07-23 11:56:00,23937.1,822.15,822.15,822.15,822.15,0,15.0,0.5792,0.000248,-4.24,39.78
2026-07-23 11:57:00,23938.65,822.15,822.15,822.15,822.15,0,15.0,0.5795,0.000248,-4.24,39.78
2026-07-23 11:58:00,23946.3,822.15,822.15,822.15,822.15,0,15.0,0.5814,0.000248,-4.23,39.75
2026-07-23 11:59:00,23953.5,822.15,822.15,822.15,822.15,0,15.0,0.5832,0.000247,-4.23,39.72
2026-07-23 12:00:00,23962.65,822.15,822.15,822.15,822.15,0,15.0,0.5855,0.000247,-4.22,39.68
2026-07-23 12:01:00,23957.0,822.15,822.15,822.15,822.15,0,15.0,0.5841,0.000247,-4.23,39.7
2026-07-23 12:02:00,23948.75,822.15,822.15,822.15,822.15,0,15.0,0.5821,0.000247,-4.23,39.74
2026-07-23 12:03:00,23948.45,822.15,822.15,822.15,822.15,0,15.0,0.582,0.000247,-4.23,39.74
2026-07-23 12:04:00,23945.55,822.15,822.15,822.15,822.15,0,15.0,0.5813,0.000248,-4.23,39.75
2026-07-23 12:05:00,23943.45,822.15,822.15,822.15,822.15,0,15.0,0.5807,0.000248,-4.23,39.76
2026-07-23 12:06:00,23944.15,822.15,822.15,822.15,822.15,0,15.0,0.5809,0.000248,-4.23,39.75
2026-07-23 12:07:00,23949.5,822.15,822.15,822.15,822.15,0,15.0,0.5822,0.000247,-4.23,39.73
2026-07-23 12:08:00,23952.2,822.15,822.15,822.15,822.15,0,15.0,0.5829,0.000247,-4.23,39.72
2026-07-23 12:09:00,23959.35,822.15,822.15,822.15,822.15,0,15.0,0.5847,0.000247,-4.23,39.69
2026-07-23 12:10:00,23953.1,822.15,822.15,822.15,822.15,0,15.0,0.5831,0.000247,-4.23,39.72
2026-07-23 12:11:00,23946.75,822.15,822.15,822.15,822.15,0,15.0,0.5816,0.000248,-4.23,39.74
2026-07-23 12:12:00,23941.6,822.15,822.15,822.15,822.15,0,15.0,0.5803,0.000248,-4.24,39.76
2026-07-23 12:13:00,23935.8,822.15,822.15,822.15,822.15,0,15.0,0.5788,0.000248,-4.24,39.79
2026-07-23 12:14:00,23934.85,822.15,822.15,822.15,822.15,0,15.0,0.5786,0.000248,-4.24,39.79
2026-07-23 12:15:00,23933.7,822.15,822.15,822.15,822.15,0,15.0,0.5783,0.000248,-4.24,39.79
2026-07-23 12:16:00,23936.35,822.15,822.15,822.15,822.15,0,15.0,0.579,0.000248,-4.24,39.78
2026-07-23 12:17:00,23936.3,822.15,822.15,822.15,822.15,0,15.0,0.579,0.000248,-4.24,39.78
2026-07-23 12:18:00,23935.4,822.15,822.15,822.15,822.15,0,15.0,0.5788,0.000248,-4.24,39.79
2026-07-23 12:19:00,23935.85,822.15,822.15,822.15,822.15,0,15.0,0.5789,0.000248,-4.24,39.78
2026-07-23 12:20:00,23933.85,822.15,822.15,822.15,822.15,0,15.0,0.5784,0.000248,-4.24,39.79
2026-07-23 12:21:00,23928.85,822.15,822.15,822.15,822.15,0,15.0,0.5771,0.000248,-4.24,39.81
2026-07-23 12:22:00,23931.6,822.15,822.15,822.15,822.15,0,15.0,0.5778,0.000248,-4.24,39.8
2026-07-23 12:23:00,23925.75,822.15,822.15,822.15,822.15,0,15.0,0.5764,0.000248,-4.24,39.82
2026-07-23 12:24:00,23925.05,822.15,822.15,822.15,822.15,0,15.0,0.5762,0.000248,-4.24,39.83
2026-07-23 12:25:00,23923.75,822.15,822.15,822.15,822.15,0,15.0,0.5759,0.000249,-4.25,39.83
2026-07-23 12:26:00,23918.95,822.15,822.15,822.15,822.15,0,15.0,0.5747,0.000249,-4.25,39.85
2026-07-23 12:27:00,23916.7,822.15,822.15,822.15,822.15,0,15.0,0.5741,0.000249,-4.25,39.86
2026-07-23 12:28:00,23915.85,822.15,822.15,822.15,822.15,0,15.0,0.5739,0.000249,-4.25,39.86
2026-07-23 12:29:00,23911.85,822.15,822.15,822.15,822.15,0,15.0,0.5729,0.000249,-4.25,39.87
2026-07-23 12:30:00,23895.5,822.15,822.15,822.15,822.15,0,15.0,0.5688,0.00025,-4.26,39.93
2026-07-23 12:31:00,23892.1,822.15,822.15,822.15,822.15,0,15.0,0.568,0.00025,-4.26,39.94
2026-07-23 12:32:00,23893.0,822.15,822.15,822.15,822.15,0,15.0,0.5682,0.00025,-4.26,39.94
2026-07-23 12:33:00,23895.35,822.15,822.15,822.15,822.15,0,15.0,0.5688,0.00025,-4.26,39.93
2026-07-23 12:34:00,23899.65,822.15,822.15,822.15,822.15,0,15.0,0.5699,0.00025,-4.26,39.91
2026-07-23 12:35:00,23889.35,822.15,822.15,822.15,822.15,0,15.0,0.5673,0.00025,-4.26,39.95
2026-07-23 12:36:00,23889.2,822.15,822.15,822.15,822.15,0,15.0,0.5673,0.00025,-4.26,39.95
2026-07-23 12:37:00,23889.8,822.15,822.15,822.15,822.15,0,15.0,0.5674,0.00025,-4.26,39.94
2026-07-23 12:38:00,23896.05,822.15,822.15,822.15,822.15,0,15.0,0.569,0.00025,-4.26,39.92
2026-07-23 12:39:00,23886.85,822.15,822.15,822.15,822.15,0,15.0,0.5667,0.00025,-4.26,39.95
2026-07-23 12:40:00,23876.8,822.15,822.15,822.15,822.15,0,15.0,0.5641,0.000251,-4.27,39.98
2026-07-23 12:41:00,23877.4,822.15,822.15,822.15,822.15,0,15.0,0.5643,0.000251,-4.27,39.98
2026-07-23 12:42:00,23863.2,822.15,822.15,822.15,822.15,0,15.0,0.5607,0.000251,-4.27,40.02
2026-07-23 12:43:00,23857.0,822.15,822.15,822.15,822.15,0,15.0,0.5592,0.000251,-4.28,40.04
2026-07-23 12:44:00,23856.95,822.15,822.15,822.15,822.15,0,15.0,0.5592,0.000251,-4.28,40.04
2026-07-23 12:45:00,23852.4,822.15,822.15,822.15,822.15,0,15.0,0.558,0.000251,-4.28,40.05
2026-07-23 12:46:00,23857.15,822.15,822.15,822.15,822.15,0,15.0,0.5592,0.000251,-4.28,40.04
2026-07-23 12:47:00,23860.0,822.15,822.15,822.15,822.15,0,15.0,0.5599,0.000251,-4.28,40.03
2026-07-23 12:48:00,23861.75,822.15,822.15,822.15,822.15,0,15.0,0.5604,0.000251,-4.27,40.03
2026-07-23 12:49:00,23852.2,822.15,822.15,822.15,822.15,0,15.0,0.558,0.000251,-4.28,40.05
2026-07-23 12:50:00,23851.45,822.15,822.15,822.15,822.15,0,15.0,0.5578,0.000252,-4.28,40.05
2026-07-23 12:51:00,23850.75,822.15,822.15,822.15,822.15,0,15.0,0.5576,0.000252,-4.28,40.05
2026-07-23 12:52:00,23845.0,822.15,822.15,822.15,822.15,0,15.0,0.5562,0.000252,-4.28,40.07
2026-07-23 12:53:00,23846.35,822.15,822.15,822.15,822.15,0,15.0,0.5565,0.000252,-4.28,40.06
2026-07-23 12:54:00,23854.55,822.15,822.15,822.15,822.15,0,15.0,0.5586,0.000251,-4.28,40.04
2026-07-23 12:55:00,23860.2,822.15,822.15,822.15,822.15,0,15.0,0.56,0.000251,-4.28,40.03
2026-07-23 12:56:00,23851.5,822.15,822.15,822.15,822.15,0,15.0,0.5578,0.000252,-4.28,40.05
2026-07-23 12:57:00,23853.6,822.15,822.15,822.15,822.15,0,15.0,0.5583,0.000251,-4.28,40.05
2026-07-23 12:58:00,23851.7,822.15,822.15,822.15,822.15,0,15.0,0.5579,0.000252,-4.28,40.05
2026-07-23 12:59:00,23852.6,822.15,822.15,822.15,822.15,0,15.0,0.5581,0.000251,-4.28,40.05
2026-07-23 13:00:00,23848.75,822.15,822.15,822.15,822.15,0,15.0,0.5571,0.000252,-4.28,40.06
2026-07-23 13:01:00,23844.55,822.15,822.15,822.15,822.15,0,15.0,0.5561,0.000252,-4.28,40.07
2026-07-23 13:02:00,23842.7,822.15,822.15,822.15,822.15,0,15.0,0.5556,0.000252,-4.28,40.07
2026-07-23 13:03:00,23848.25,822.15,822.15,822.15,822.15,0,15.0,0.557,0.000252,-4.28,40.06
2026-07-23 13:04:00,23842.6,822.15,822.15,822.15,822.15,0,15.0,0.5556,0.000252,-4.28,40.07
2026-07-23 13:05:00,23838.65,822.15,822.15,822.15,822.15,0,15.0,0.5546,0.000252,-4.28,40.08
2026-07-23 13:06:00,23838.95,822.15,822.15,822.15,822.15,0,15.0,0.5546,0.000252,-4.28,40.08
2026-07-23 13:07:00,23839.2,822.15,822.15,822.15,822.15,0,15.0,0.5547,0.000252,-4.28,40.08
2026-07-23 13:08:00,23831.2,822.15,822.15,822.15,822.15,0,15.0,0.5527,0.000252,-4.29,40.1
2026-07-23 13:09:00,23833.05,822.15,822.15,822.15,822.15,0,15.0,0.5532,0.000252,-4.29,40.09
2026-07-23 13:10:00,23831.25,822.15,822.15,822.15,822.15,0,15.0,0.5527,0.000252,-4.29,40.1
2026-07-23 13:11:00,23831.1,822.15,822.15,822.15,822.15,0,15.0,0.5527,0.000252,-4.29,40.1
2026-07-23 13:12:00,23829.15,822.15,822.15,822.15,822.15,0,15.0,0.5522,0.000252,-4.29,40.1
2026-07-23 13:13:00,23831.65,822.15,822.15,822.15,822.15,0,15.0,0.5528,0.000252,-4.29,40.09
2026-07-23 13:14:00,23831.95,822.15,822.15,822.15,822.15,0,15.0,0.5529,0.000252,-4.29,40.09
2026-07-23 13:15:00,23827.9,822.15,822.15,822.15,822.15,0,15.0,0.5519,0.000252,-4.29,40.1
2026-07-23 13:16:00,23818.2,822.15,822.15,822.15,822.15,0,15.0,0.5494,0.000253,-4.29,40.12
2026-07-23 13:17:00,23828.45,822.15,822.15,822.15,822.15,0,15.0,0.552,0.000252,-4.29,40.1
2026-07-23 13:18:00,23837.75,822.15,822.15,822.15,822.15,0,15.0,0.5543,0.000252,-4.28,40.08
2026-07-23 13:19:00,23831.0,822.15,822.15,822.15,822.15,0,15.0,0.5526,0.000252,-4.29,40.1
2026-07-23 13:20:00,23835.1,822.15,822.15,822.15,822.15,0,15.0,0.5537,0.000252,-4.29,40.09
2026-07-23 13:21:00,23838.2,822.15,822.15,822.15,822.15,0,15.0,0.5545,0.000252,-4.28,40.08
2026-07-23 13:22:00,23839.25,822.15,822.15,822.15,822.15,0,15.0,0.5547,0.000252,-4.28,40.08
2026-07-23 13:23:00,23837.75,822.15,822.15,822.15,822.15,0,15.0,0.5543,0.000252,-4.28,40.08
2026-07-23 13:24:00,23839.85,822.15,822.15,822.15,822.15,0,15.0,0.5549,0.000252,-4.28,40.07
2026-07-23 13:25:00,23842.7,822.15,822.15,822.15,822.15,0,15.0,0.5556,0.000252,-4.28,40.07
2026-07-23 13:26:00,23838.85,822.15,822.15,822.15,822.15,0,15.0,0.5546,0.000252,-4.28,40.08
2026-07-23 13:27:00,23836.45,822.15,822.15,822.15,822.15,0,15.0,0.554,0.000252,-4.29,40.08
2026-07-23 13:28:00,23833.55,822.15,822.15,822.15,822.15,0,15.0,0.5533,0.000252,-4.29,40.09
2026-07-23 13:29:00,23838.05,822.15,822.15,822.15,822.15,0,15.0,0.5544,0.000252,-4.28,40.08
2026-07-23 13:30:00,23833.65,822.15,822.15,822.15,822.15,0,15.0,0.5533,0.000252,-4.29,40.09
2026-07-23 13:31:00,23828.7,822.15,822.15,822.15,822.15,0,15.0,0.5521,0.000252,-4.29,40.1
2026-07-23 13:32:00,23831.8,822.15,822.15,822.15,822.15,0,15.0,0.5528,0.000252,-4.29,40.09
2026-07-23 13:33:00,23833.7,822.15,822.15,822.15,822.15,0,15.0,0.5533,0.000252,-4.29,40.09
2026-07-23 13:34:00,23829.75,822.15,822.15,822.15,822.15,0,15.0,0.5523,0.000252,-4.29,40.09
2026-07-23 13:35:00,23831.3,822.15,822.15,822.15,822.15,0,15.0,0.5527,0.000252,-4.29,40.09
2026-07-23 13:36:00,23829.9,822.15,822.15,822.15,822.15,0,15.0,0.5524,0.000252,-4.29,40.09
2026-07-23 13:37:00,23844.7,822.15,822.15,822.15,822.15,0,15.0,0.5561,0.000252,-4.28,40.06
2026-07-23 13:38:00,23858.0,822.15,822.15,822.15,822.15,0,15.0,0.5594,0.000251,-4.28,40.03
2026-07-23 13:39:00,23855.0,822.15,822.15,822.15,822.15,0,15.0,0.5587,0.000251,-4.28,40.03
2026-07-23 13:40:00,23860.2,822.15,822.15,822.15,822.15,0,15.0,0.56,0.000251,-4.28,40.02
2026-07-23 13:41:00,23863.45,822.15,822.15,822.15,822.15,0,15.0,0.5608,0.000251,-4.28,40.01
2026-07-23 13:42:00,23847.7,822.15,822.15,822.15,822.15,0,15.0,0.5569,0.000252,-4.28,40.05
2026-07-23 13:43:00,23841.5,822.15,822.15,822.15,822.15,0,15.0,0.5553,0.000252,-4.28,40.07
2026-07-23 13:44:00,23850.8,822.15,822.15,822.15,822.15,0,15.0,0.5576,0.000252,-4.28,40.04
2026-07-23 13:45:00,23861.95,822.15,822.15,822.15,822.15,0,15.0,0.5604,0.000251,-4.28,40.01
2026-07-23 13:46:00,23863.5,822.15,822.15,822.15,822.15,0,15.0,0.5608,0.000251,-4.28,40.01
2026-07-23 13:47:00,23868.65,822.15,822.15,822.15,822.15,0,15.0,0.5621,0.000251,-4.27,39.99
2026-07-23 13:48:00,23865.8,822.15,822.15,822.15,822.15,0,15.0,0.5614,0.000251,-4.27,40.0
2026-07-23 13:49:00,23863.5,822.15,822.15,822.15,822.15,0,15.0,0.5608,0.000251,-4.28,40.01
2026-07-23 13:50:00,23865.6,822.15,822.15,822.15,822.15,0,15.0,0.5614,0.000251,-4.27,40.0
2026-07-23 13:51:00,23868.2,822.15,822.15,822.15,822.15,0,15.0,0.562,0.000251,-4.27,39.99
2026-07-23 13:52:00,23864.7,822.15,822.15,822.15,822.15,0,15.0,0.5611,0.000251,-4.28,40.0
2026-07-23 13:53:00,23859.85,822.15,822.15,822.15,822.15,0,15.0,0.5599,0.000251,-4.28,40.02
2026-07-23 13:54:00,23857.55,822.15,822.15,822.15,822.15,0,15.0,0.5593,0.000251,-4.28,40.02
2026-07-23 13:55:00,23855.35,822.15,822.15,822.15,822.15,0,15.0,0.5588,0.000251,-4.28,40.03
2026-07-23 13:56:00,23862.55,822.15,822.15,822.15,822.15,0,15.0,0.5606,0.000251,-4.28,40.01
2026-07-23 13:57:00,23866.4,822.15,822.15,822.15,822.15,0,15.0,0.5616,0.000251,-4.27,40.0
2026-07-23 13:58:00,23861.95,822.15,822.15,822.15,822.15,0,15.0,0.5604,0.000251,-4.28,40.01
2026-07-23 13:59:00,23861.9,822.15,822.15,822.15,822.15,0,15.0,0.5604,0.000251,-4.28,40.01
2026-07-23 14:00:00,23862.45,822.15,822.15,822.15,822.15,0,15.0,0.5606,0.000251,-4.28,40.01
2026-07-23 14:01:00,23864.75,822.15,822.15,822.15,822.15,0,15.0,0.5612,0.000251,-4.28,40.0
2026-07-23 14:02:00,23860.65,822.15,822.15,822.15,822.15,0,15.0,0.5601,0.000251,-4.28,40.01
2026-07-23 14:03:00,23858.85,822.15,822.15,822.15,822.15,0,15.0,0.5597,0.000251,-4.28,40.02
2026-07-23 14:04:00,23864.15,822.15,822.15,822.15,822.15,0,15.0,0.561,0.000251,-4.28,40.0
2026-07-23 14:05:00,23863.75,822.15,822.15,822.15,822.15,0,15.0,0.5609,0.000251,-4.28,40.0
2026-07-23 14:06:00,23859.8,822.15,822.15,822.15,822.15,0,15.0,0.5599,0.000251,-4.28,40.01
2026-07-23 14:07:00,23860.55,822.15,822.15,822.15,822.15,0,15.0,0.5601,0.000251,-4.28,40.01
2026-07-23 14:08:00,23861.2,822.15,822.15,822.15,822.15,0,15.0,0.5603,0.000251,-4.28,40.01
2026-07-23 14:09:00,23852.7,822.15,822.15,822.15,822.15,0,15.0,0.5581,0.000252,-4.28,40.03
2026-07-23 14:10:00,23854.35,822.15,822.15,822.15,822.15,0,15.0,0.5585,0.000252,-4.28,40.03
2026-07-23 14:11:00,23855.9,822.15,822.15,822.15,822.15,0,15.0,0.5589,0.000251,-4.28,40.02
2026-07-23 14:12:00,23857.15,822.15,822.15,822.15,822.15,0,15.0,0.5592,0.000251,-4.28,40.02
2026-07-23 14:13:00,23854.3,822.15,822.15,822.15,822.15,0,15.0,0.5585,0.000252,-4.28,40.03
2026-07-23 14:14:00,23850.6,822.15,822.15,822.15,822.15,0,15.0,0.5576,0.000252,-4.28,40.04
2026-07-23 14:15:00,23852.35,822.15,822.15,822.15,822.15,0,15.0,0.558,0.000252,-4.28,40.03
2026-07-23 14:16:00,23860.8,822.15,822.15,822.15,822.15,0,15.0,0.5602,0.000251,-4.28,40.01
2026-07-23 14:17:00,23859.2,822.15,822.15,822.15,822.15,0,15.0,0.5598,0.000251,-4.28,40.01
2026-07-23 14:18:00,23857.45,822.15,822.15,822.15,822.15,0,15.0,0.5593,0.000251,-4.28,40.02
2026-07-23 14:19:00,23852.25,822.15,822.15,822.15,822.15,0,15.0,0.558,0.000252,-4.28,40.03
2026-07-23 14:20:00,23857.5,822.15,822.15,822.15,822.15,0,15.0,0.5593,0.000251,-4.28,40.02
2026-07-23 14:21:00,23861.75,822.15,822.15,822.15,822.15,0,15.0,0.5604,0.000251,-4.28,40.01
2026-07-23 14:22:00,23861.5,822.15,822.15,822.15,822.15,0,15.0,0.5603,0.000251,-4.28,40.01
2026-07-23 14:23:00,23864.1,822.15,822.15,822.15,822.15,0,15.0,0.561,0.000251,-4.28,40.0
2026-07-23 14:24:00,23864.2,822.15,822.15,822.15,822.15,0,15.0,0.561,0.000251,-4.28,40.0
2026-07-23 14:25:00,23859.65,822.15,822.15,822.15,822.15,0,15.0,0.5599,0.000251,-4.28,40.01
2026-07-23 14:26:00,23865.05,822.15,822.15,822.15,822.15,0,15.0,0.5612,0.000251,-4.28,40.0
2026-07-23 14:27:00,23863.1,822.15,822.15,822.15,822.15,0,15.0,0.5607,0.000251,-4.28,40.0
2026-07-23 14:28:00,23859.85,822.15,822.15,822.15,822.15,0,15.0,0.5599,0.000251,-4.28,40.01
2026-07-23 14:29:00,23859.65,822.15,822.15,822.15,822.15,0,15.0,0.5599,0.000251,-4.28,40.01
2026-07-23 14:30:00,23853.9,822.15,822.15,822.15,822.15,0,15.0,0.5584,0.000252,-4.28,40.03
2026-07-23 14:31:00,23857.1,822.15,822.15,822.15,822.15,0,15.0,0.5592,0.000251,-4.28,40.02
2026-07-23 14:32:00,23859.6,822.15,822.15,822.15,822.15,0,15.0,0.5599,0.000251,-4.28,40.01
2026-07-23 14:33:00,23884.5,822.15,822.15,822.15,822.15,0,15.0,0.5661,0.00025,-4.27,39.94
2026-07-23 14:34:00,23888.8,822.15,822.15,822.15,822.15,0,15.0,0.5672,0.00025,-4.27,39.92
2026-07-23 14:35:00,23885.7,822.15,822.15,822.15,822.15,0,15.0,0.5664,0.00025,-4.27,39.93
2026-07-23 14:36:00,23878.9,822.15,822.15,822.15,822.15,0,15.0,0.5647,0.000251,-4.27,39.95
2026-07-23 14:37:00,23865.6,822.15,822.15,822.15,822.15,0,15.0,0.5614,0.000251,-4.28,39.99
2026-07-23 14:38:00,23856.65,822.15,822.15,822.15,822.15,0,15.0,0.5591,0.000251,-4.28,40.02
2026-07-23 14:39:00,23851.5,822.15,822.15,822.15,822.15,0,15.0,0.5578,0.000252,-4.28,40.03
2026-07-23 14:40:00,23850.95,822.15,822.15,822.15,822.15,0,15.0,0.5577,0.000252,-4.28,40.03
2026-07-23 14:41:00,23843.6,822.15,822.15,822.15,822.15,0,15.0,0.5558,0.000252,-4.28,40.05
2026-07-23 14:42:00,23835.8,822.15,822.15,822.15,822.15,0,15.0,0.5539,0.000252,-4.29,40.07
2026-07-23 14:43:00,23839.25,822.15,822.15,822.15,822.15,0,15.0,0.5547,0.000252,-4.29,40.06
2026-07-23 14:44:00,23835.75,822.15,822.15,822.15,822.15,0,15.0,0.5539,0.000252,-4.29,40.07
2026-07-23 14:45:00,23834.05,822.15,822.15,822.15,822.15,0,15.0,0.5534,0.000252,-4.29,40.07
2026-07-23 14:46:00,23830.0,822.15,822.15,822.15,822.15,0,15.0,0.5524,0.000252,-4.29,40.08
2026-07-23 14:47:00,23828.0,822.15,822.15,822.15,822.15,0,15.0,0.5519,0.000253,-4.29,40.08
2026-07-23 14:48:00,23823.35,822.15,822.15,822.15,822.15,0,15.0,0.5507,0.000253,-4.29,40.09
2026-07-23 14:49:00,23817.95,822.15,822.15,822.15,822.15,0,15.0,0.5494,0.000253,-4.29,40.1
2026-07-23 14:50:00,23813.65,822.15,822.15,822.15,822.15,0,15.0,0.5483,0.000253,-4.29,40.11
2026-07-23 14:51:00,23808.8,822.15,822.15,822.15,822.15,0,15.0,0.5471,0.000253,-4.3,40.12
2026-07-23 14:52:00,23819.05,822.15,822.15,822.15,822.15,0,15.0,0.5496,0.000253,-4.29,40.1
2026-07-23 14:53:00,23821.35,822.15,822.15,822.15,822.15,0,15.0,0.5502,0.000253,-4.29,40.1
2026-07-23 14:54:00,23823.8,822.15,822.15,822.15,822.15,0,15.0,0.5508,0.000253,-4.29,40.09
2026-07-23 14:55:00,23827.0,822.15,822.15,822.15,822.15,0,15.0,0.5517,0.000253,-4.29,40.08
2026-07-23 14:56:00,23825.65,822.15,822.15,822.15,822.15,0,15.0,0.5513,0.000253,-4.29,40.09
2026-07-23 14:57:00,23832.65,822.15,822.15,822.15,822.15,0,15.0,0.5531,0.000252,-4.29,40.07
2026-07-23 14:58:00,23836.3,822.15,822.15,822.15,822.15,0,15.0,0.554,0.000252,-4.29,40.06
2026-07-23 14:59:00,23840.35,822.15,822.15,822.15,822.15,0,15.0,0.555,0.000252,-4.29,40.05
2026-07-23 15:00:00,23839.0,822.15,822.15,822.15,822.15,0,15.0,0.5547,0.000252,-4.29,40.06
2026-07-23 15:01:00,23850.2,822.15,822.15,822.15,822.15,0,15.0,0.5575,0.000252,-4.28,40.03
2026-07-23 15:02:00,23869.45,822.15,822.15,822.15,822.15,0,15.0,0.5623,0.000251,-4.27,39.98
2026-07-23 15:03:00,23851.8,822.15,822.15,822.15,822.15,0,15.0,0.5579,0.000252,-4.28,40.02
2026-07-23 15:04:00,23847.05,822.15,822.15,822.15,822.15,0,15.0,0.5567,0.000252,-4.28,40.04
2026-07-23 15:05:00,23855.35,822.15,822.15,822.15,822.15,0,15.0,0.5588,0.000252,-4.28,40.01
2026-07-23 15:06:00,23860.15,822.15,822.15,822.15,822.15,0,15.0,0.56,0.000251,-4.28,40.0
2026-07-23 15:07:00,23869.3,822.15,822.15,822.15,822.15,0,15.0,0.5623,0.000251,-4.27,39.98
2026-07-23 15:08:00,23876.35,822.15,822.15,822.15,822.15,0,15.0,0.5641,0.000251,-4.27,39.96
2026-07-23 15:09:00,23868.95,822.15,822.15,822.15,822.15,0,15.0,0.5622,0.000251,-4.28,39.98
2026-07-23 15:10:00,23864.6,822.15,822.15,822.15,822.15,0,15.0,0.5611,0.000251,-4.28,39.99
2026-07-23 15:11:00,23869.2,822.15,822.15,822.15,822.15,0,15.0,0.5623,0.000251,-4.28,39.98
2026-07-23 15:12:00,23863.2,822.15,822.15,822.15,822.15,0,15.0,0.5608,0.000251,-4.28,39.99
2026-07-23 15:13:00,23868.8,822.15,822.15,822.15,822.15,0,15.0,0.5622,0.000251,-4.28,39.98
2026-07-23 15:14:00,23873.05,822.15,822.15,822.15,822.15,0,15.0,0.5633,0.000251,-4.27,39.96
2026-07-23 15:15:00,23872.95,822.15,822.15,822.15,822.15,0,15.0,0.5632,0.000251,-4.27,39.96
2026-07-23 15:16:00,23863.55,822.15,822.15,822.15,822.15,0,15.0,0.5609,0.000251,-4.28,39.99
2026-07-23 15:17:00,23862.5,822.15,822.15,822.15,822.15,0,15.0,0.5606,0.000251,-4.28,39.99
2026-07-23 15:18:00,23868.5,822.15,822.15,822.15,822.15,0,15.0,0.5621,0.000251,-4.28,39.98
2026-07-23 15:19:00,23866.65,822.15,822.15,822.15,822.15,0,15.0,0.5616,0.000251,-4.28,39.98
2026-07-23 15:20:00,23869.1,822.15,822.15,822.15,822.15,0,15.0,0.5623,0.000251,-4.28,39.97
2026-07-23 15:21:00,23871.75,822.15,822.15,822.15,822.15,0,15.0,0.5629,0.000251,-4.27,39.97
2026-07-23 15:22:00,23863.8,822.15,822.15,822.15,822.15,0,15.0,0.5609,0.000251,-4.28,39.99
2026-07-23 15:23:00,23879.85,822.15,822.15,822.15,822.15,0,15.0,0.565,0.000251,-4.27,39.94
2026-07-23 15:24:00,23881.95,822.15,822.15,822.15,822.15,0,15.0,0.5655,0.000251,-4.27,39.94
2026-07-23 15:25:00,23879.2,788.95,788.95,788.95,788.95,65,16.58,0.5606,0.000227,-4.73,40.02
2026-07-23 15:26:00,23883.7,788.95,788.95,788.95,788.95,0,15.0,0.5659,0.00025,-4.27,39.93
2026-07-23 15:27:00,23880.15,788.95,788.95,788.95,788.95,0,15.0,0.565,0.000251,-4.27,39.94
2026-07-23 15:28:00,23875.6,788.95,788.95,788.95,788.95,0,15.0,0.5639,0.000251,-4.27,39.95
2026-07-23 15:29:00,23871.7,788.95,788.95,788.95,788.95,0,15.0,0.5629,0.000251,-4.27,39.96
2026-07-29 12:53:00,24224.7,956.6,956.6,956.6,956.6,65,16.24,0.645,0.000225,-4.59,36.5
2026-07-29 12:54:00,24227.1,956.6,956.6,956.6,956.6,0,15.0,0.6554,0.000241,-4.19,36.08
2026-07-29 12:55:00,24227.1,956.6,956.6,956.6,956.6,0,15.0,0.6554,0.000241,-4.19,36.08
2026-07-29 12:56:00,24226.3,956.6,956.6,956.6,956.6,0,15.0,0.6552,0.000241,-4.19,36.08
2026-07-29 12:57:00,24229.15,956.6,956.6,956.6,956.6,0,15.0,0.6559,0.000241,-4.19,36.06
2026-07-29 12:58:00,24227.05,956.6,956.6,956.6,956.6,0,15.0,0.6554,0.000241,-4.19,36.08
2026-07-29 12:59:00,24228.75,956.6,956.6,956.6,956.6,0,15.0,0.6558,0.000241,-4.19,36.06
2026-07-29 13:00:00,24230.4,956.6,956.6,956.6,956.6,0,15.0,0.6562,0.000241,-4.18,36.05
2026-07-29 13:01:00,24236.15,956.6,956.6,956.6,956.6,0,15.0,0.6576,0.00024,-4.18,36.0
2026-07-29 13:02:00,24236.3,956.6,956.6,956.6,956.6,0,15.0,0.6576,0.00024,-4.18,36.0
2026-07-29 13:03:00,24238.5,956.6,956.6,956.6,956.6,0,15.0,0.6581,0.00024,-4.17,35.98
2026-07-29 13:04:00,24235.9,956.6,956.6,956.6,956.6,0,15.0,0.6575,0.00024,-4.18,36.0
2026-07-29 13:05:00,24239.8,956.6,956.6,956.6,956.6,0,15.0,0.6585,0.00024,-4.17,35.96
2026-07-29 13:06:00,24243.65,956.6,956.6,956.6,956.6,0,15.0,0.6594,0.00024,-4.17,35.93
2026-07-29 13:07:00,24246.9,956.6,956.6,956.6,956.6,0,15.0,0.6602,0.000239,-4.16,35.9
2026-07-29 13:08:00,24251.25,956.6,956.6,956.6,956.6,0,15.0,0.6612,0.000239,-4.16,35.86
2026-07-29 13:09:00,24252.25,956.6,956.6,956.6,956.6,0,15.0,0.6614,0.000239,-4.16,35.85
2026-07-29 13:10:00,24255.45,956.6,956.6,956.6,956.6,0,15.0,0.6622,0.000239,-4.15,35.82
2026-07-29 13:11:00,24255.35,956.6,956.6,956.6,956.6,0,15.0,0.6622,0.000239,-4.15,35.82
2026-07-29 13:12:00,24255.25,956.6,956.6,956.6,956.6,0,15.0,0.6622,0.000239,-4.15,35.83
2026-07-29 13:13:00,24254.95,956.6,956.6,956.6,956.6,0,15.0,0.6621,0.000239,-4.16,35.83
2026-07-29 13:14:00,24257.55,956.6,956.6,956.6,956.6,0,15.0,0.6627,0.000238,-4.15,35.8
2026-07-29 13:15:00,24257.15,956.6,956.6,956.6,956.6,0,15.0,0.6626,0.000238,-4.15,35.81
2026-07-29 13:16:00,24250.05,956.6,956.6,956.6,956.6,0,15.0,0.6609,0.000239,-4.16,35.87
2026-07-29 13:17:00,24252.75,956.6,956.6,956.6,956.6,0,15.0,0.6616,0.000239,-4.16,35.85
2026-07-29 13:18:00,24251.5,956.6,956.6,956.6,956.6,0,15.0,0.6613,0.000239,-4.16,35.86
2026-07-29 13:19:00,24254.55,956.6,956.6,956.6,956.6,0,15.0,0.662,0.000239,-4.16,35.83
2026-07-29 13:20:00,24253.0,956.6,956.6,956.6,956.6,0,15.0,0.6616,0.000239,-4.16,35.84
2026-07-29 13:21:00,24249.65,956.6,956.6,956.6,956.6,0,15.0,0.6608,0.000239,-4.16,35.87
2026-07-29 13:22:00,24249.1,956.6,956.6,956.6,956.6,0,15.0,0.6607,0.000239,-4.16,35.88
2026-07-29 13:23:00,24250.15,956.6,956.6,956.6,956.6,0,15.0,0.6609,0.000239,-4.16,35.87
2026-07-29 13:24:00,24246.5,956.6,956.6,956.6,956.6,0,15.0,0.6601,0.000239,-4.17,35.9
2026-07-29 13:25:00,24249.5,956.6,956.6,956.6,956.6,0,15.0,0.6608,0.000239,-4.16,35.87
2026-07-29 13:26:00,24250.9,956.6,956.6,956.6,956.6,0,15.0,0.6611,0.000239,-4.16,35.86
2026-07-29 13:27:00,24249.95,956.6,956.6,956.6,956.6,0,15.0,0.6609,0.000239,-4.16,35.87
2026-07-29 13:28:00,24249.05,956.6,956.6,956.6,956.6,0,15.0,0.6607,0.000239,-4.16,35.88
2026-07-29 13:29:00,24245.8,956.6,956.6,956.6,956.6,0,15.0,0.6599,0.000239,-4.17,35.91
2026-07-29 13:30:00,24247.1,956.6,956.6,956.6,956.6,0,15.0,0.6602,0.000239,-4.16,35.89
2026-07-29 13:31:00,24250.45,956.6,956.6,956.6,956.6,0,15.0,0.661,0.000239,-4.16,35.86
2026-07-29 13:32:00,24251.4,956.6,956.6,956.6,956.6,0,15.0,0.6613,0.000239,-4.16,35.86
2026-07-29 13:33:00,24250.7,956.6,956.6,956.6,956.6,0,15.0,0.6611,0.000239,-4.16,35.86
2026-07-29 13:34:00,24255.0,956.6,956.6,956.6,956.6,0,15.0,0.6621,0.000239,-4.16,35.82
2026-07-29 13:35:00,24249.55,956.6,956.6,956.6,956.6,0,15.0,0.6608,0.000239,-4.16,35.87
2026-07-29 13:36:00,24250.95,956.6,956.6,956.6,956.6,0,15.0,0.6612,0.000239,-4.16,35.86
2026-07-29 13:37:00,24249.0,956.6,956.6,956.6,956.6,0,15.0,0.6607,0.000239,-4.16,35.88
2026-07-29 13:38:00,24248.5,956.6,956.6,956.6,956.6,0,15.0,0.6606,0.000239,-4.16,35.88
2026-07-29 13:39:00,24245.15,956.6,956.6,956.6,956.6,0,15.0,0.6598,0.000239,-4.17,35.91
2026-07-29 13:40:00,24244.55,956.6,956.6,956.6,956.6,0,15.0,0.6596,0.00024,-4.17,35.91
2026-07-29 13:41:00,24248.65,956.6,956.6,956.6,956.6,0,15.0,0.6606,0.000239,-4.16,35.88
2026-07-29 13:42:00,24240.1,956.6,956.6,956.6,956.6,0,15.0,0.6586,0.00024,-4.17,35.95
2026-07-29 13:43:00,24240.65,956.6,956.6,956.6,956.6,0,15.0,0.6587,0.00024,-4.17,35.95
2026-07-29 13:44:00,24238.4,956.6,956.6,956.6,956.6,0,15.0,0.6582,0.00024,-4.18,35.97
2026-07-29 13:45:00,24241.45,956.6,956.6,956.6,956.6,0,15.0,0.6589,0.00024,-4.17,35.94
2026-07-29 13:46:00,24250.75,956.6,956.6,956.6,956.6,0,15.0,0.6611,0.000239,-4.16,35.86
2026-07-29 13:47:00,24252.2,956.6,956.6,956.6,956.6,0,15.0,0.6615,0.000239,-4.16,35.84
2026-07-29 13:48:00,24254.0,956.6,956.6,956.6,956.6,0,15.0,0.6619,0.000239,-4.16,35.83
2026-07-29 13:49:00,24246.2,956.6,956.6,956.6,956.6,0,15.0,0.66,0.000239,-4.17,35.9
2026-07-29 13:50:00,24249.6,956.6,956.6,956.6,956.6,0,15.0,0.6608,0.000239,-4.16,35.87
2026-07-29 13:51:00,24247.75,956.6,956.6,956.6,956.6,0,15.0,0.6604,0.000239,-4.16,35.88
2026-07-29 13:52:00,24248.95,956.6,956.6,956.6,956.6,0,15.0,0.6607,0.000239,-4.16,35.87
2026-07-29 13:53:00,24258.65,956.6,956.6,956.6,956.6,0,15.0,0.663,0.000238,-4.15,35.79
2026-07-29 13:54:00,24258.25,956.6,956.6,956.6,956.6,0,15.0,0.6629,0.000238,-4.15,35.79
2026-07-29 13:55:00,24258.15,956.6,956.6,956.6,956.6,0,15.0,0.6629,0.000238,-4.15,35.79
2026-07-29 13:56:00,24255.65,956.6,956.6,956.6,956.6,0,15.0,0.6623,0.000239,-4.16,35.81
2026-07-29 13:57:00,24252.75,956.6,956.6,956.6,956.6,0,15.0,0.6616,0.000239,-4.16,35.84
2026-07-29 13:58:00,24251.85,956.6,956.6,956.6,956.6,0,15.0,0.6614,0.000239,-4.16,35.85
2026-07-29 13:59:00,24250.5,956.6,956.6,956.6,956.6,0,15.0,0.6611,0.000239,-4.16,35.86
2026-07-29 14:00:00,24255.25,956.6,956.6,956.6,956.6,0,15.0,0.6622,0.000239,-4.16,35.81
2026-07-29 14:01:00,24265.05,956.6,956.6,956.6,956.6,0,15.0,0.6645,0.000238,-4.14,35.73
2026-07-29 14:02:00,24265.75,956.6,956.6,956.6,956.6,0,15.0,0.6647,0.000238,-4.14,35.72
2026-07-29 14:03:00,24267.75,956.6,956.6,956.6,956.6,0,15.0,0.6652,0.000238,-4.14,35.7
2026-07-29 14:04:00,24267.1,956.6,956.6,956.6,956.6,0,15.0,0.665,0.000238,-4.14,35.71
2026-07-29 14:05:00,24270.0,956.6,956.6,956.6,956.6,0,15.0,0.6657,0.000238,-4.14,35.68
2026-07-29 14:06:00,24268.1,956.6,956.6,956.6,956.6,0,15.0,0.6653,0.000238,-4.14,35.7
2026-07-29 14:07:00,24260.5,956.6,956.6,956.6,956.6,0,15.0,0.6635,0.000238,-4.15,35.77
2026-07-29 14:08:00,24263.55,956.6,956.6,956.6,956.6,0,15.0,0.6642,0.000238,-4.15,35.74
2026-07-29 14:09:00,24263.85,956.6,956.6,956.6,956.6,0,15.0,0.6643,0.000238,-4.15,35.73
2026-07-29 14:10:00,24266.6,956.6,956.6,956.6,956.6,0,15.0,0.6649,0.000238,-4.14,35.71
2026-07-29 14:11:00,24270.05,956.6,956.6,956.6,956.6,0,15.0,0.6657,0.000238,-4.14,35.68
2026-07-29 14:12:00,24268.5,956.6,956.6,956.6,956.6,0,15.0,0.6654,0.000238,-4.14,35.69
2026-07-29 14:13:00,24264.6,956.6,956.6,956.6,956.6,0,15.0,0.6644,0.000238,-4.14,35.73
2026-07-29 14:14:00,24263.8,956.6,956.6,956.6,956.6,0,15.0,0.6642,0.000238,-4.15,35.73
2026-07-29 14:15:00,24269.8,956.6,956.6,956.6,956.6,0,15.0,0.6657,0.000238,-4.14,35.68
2026-07-29 14:16:00,24270.25,956.6,956.6,956.6,956.6,0,15.0,0.6658,0.000237,-4.14,35.67
2026-07-29 14:17:00,24272.15,956.6,956.6,956.6,956.6,0,15.0,0.6662,0.000237,-4.14,35.66
2026-07-29 14:18:00,24275.05,956.6,956.6,956.6,956.6,0,15.0,0.6669,0.000237,-4.13,35.63
2026-07-29 14:19:00,24274.1,956.6,956.6,956.6,956.6,0,15.0,0.6667,0.000237,-4.13,35.64
2026-07-29 14:20:00,24272.95,956.6,956.6,956.6,956.6,0,15.0,0.6664,0.000237,-4.13,35.65
2026-07-29 14:21:00,24272.8,956.6,956.6,956.6,956.6,0,15.0,0.6664,0.000237,-4.13,35.65
2026-07-29 14:22:00,24276.15,956.6,956.6,956.6,956.6,0,15.0,0.6672,0.000237,-4.13,35.62
2026-07-29 14:23:00,24268.85,956.6,956.6,956.6,956.6,0,15.0,0.6655,0.000238,-4.14,35.69
2026-07-29 14:24:00,24270.05,956.6,956.6,956.6,956.6,0,15.0,0.6657,0.000238,-4.14,35.67
2026-07-29 14:25:00,24269.5,956.6,956.6,956.6,956.6,0,15.0,0.6656,0.000238,-4.14,35.68
2026-07-29 14:26:00,24268.0,956.6,956.6,956.6,956.6,0,15.0,0.6653,0.000238,-4.14,35.69
2026-07-29 14:27:00,24267.85,956.6,956.6,956.6,956.6,0,15.0,0.6652,0.000238,-4.14,35.69
2026-07-29 14:28:00,24272.5,956.6,956.6,956.6,956.6,0,15.0,0.6663,0.000237,-4.14,35.65
2026-07-29 14:29:00,24272.65,956.6,956.6,956.6,956.6,0,15.0,0.6664,0.000237,-4.14,35.65
2026-07-29 14:30:00,24277.0,956.6,956.6,956.6,956.6,0,15.0,0.6674,0.000237,-4.13,35.61
2026-07-29 14:31:00,24275.0,956.6,956.6,956.6,956.6,0,15.0,0.6669,0.000237,-4.13,35.63
2026-07-29 14:32:00,24270.9,956.6,956.6,956.6,956.6,0,15.0,0.666,0.000237,-4.14,35.66
2026-07-29 14:33:00,24274.5,956.6,956.6,956.6,956.6,0,15.0,0.6668,0.000237,-4.13,35.63
2026-07-29 14:34:00,24270.15,956.6,956.6,956.6,956.6,0,15.0,0.6658,0.000238,-4.14,35.67
2026-07-29 14:35:00,24267.15,956.6,956.6,956.6,956.6,0,15.0,0.6651,0.000238,-4.14,35.7
2026-07-29 14:36:00,24265.0,956.6,956.6,956.6,956.6,0,15.0,0.6646,0.000238,-4.14,35.72
2026-07-29 14:37:00,24263.1,956.6,956.6,956.6,956.6,0,15.0,0.6641,0.000238,-4.15,35.73
2026-07-29 14:38:00,24260.7,956.6,956.6,956.6,956.6,0,15.0,0.6635,0.000238,-4.15,35.76
2026-07-29 14:39:00,24263.35,956.6,956.6,956.6,956.6,0,15.0,0.6642,0.000238,-4.15,35.73
2026-07-29 14:40:00,24262.85,956.6,956.6,956.6,956.6,0,15.0,0.664,0.000238,-4.15,35.74
2026-07-29 14:41:00,24260.95,956.6,956.6,956.6,956.6,0,15.0,0.6636,0.000238,-4.15,35.75
2026-07-29 14:42:00,24258.45,956.6,956.6,956.6,956.6,0,15.0,0.663,0.000238,-4.15,35.78
2026-07-29 14:43:00,24254.9,956.6,956.6,956.6,956.6,0,15.0,0.6622,0.000239,-4.16,35.81
2026-07-29 14:44:00,24259.6,956.6,956.6,956.6,956.6,0,15.0,0.6633,0.000238,-4.15,35.77
2026-07-29 14:45:00,24263.8,956.6,956.6,956.6,956.6,0,15.0,0.6643,0.000238,-4.15,35.73
2026-07-29 14:46:00,24268.9,956.6,956.6,956.6,956.6,0,15.0,0.6655,0.000238,-4.14,35.68
2026-07-29 14:47:00,24271.7,956.6,956.6,956.6,956.6,0,15.0,0.6662,0.000237,-4.14,35.65
2026-07-29 14:48:00,24273.8,956.6,956.6,956.6,956.6,0,15.0,0.6667,0.000237,-4.13,35.63
2026-07-29 14:49:00,24267.2,956.6,956.6,956.6,956.6,0,15.0,0.6651,0.000238,-4.14,35.69
2026-07-29 14:50:00,24265.0,956.6,956.6,956.6,956.6,0,15.0,0.6646,0.000238,-4.14,35.71
2026-07-29 14:51:00,24270.6,956.6,956.6,956.6,956.6,0,15.0,0.6659,0.000238,-4.14,35.66
2026-07-29 14:52:00,24270.9,956.6,956.6,956.6,956.6,0,15.0,0.666,0.000237,-4.14,35.66
2026-07-29 14:53:00,24272.3,956.6,956.6,956.6,956.6,0,15.0,0.6663,0.000237,-4.14,35.65
2026-07-29 14:54:00,24273.3,956.6,956.6,956.6,956.6,0,15.0,0.6665,0.000237,-4.13,35.64
2026-07-29 14:55:00,24277.65,956.6,956.6,956.6,956.6,0,15.0,0.6676,0.000237,-4.13,35.6
2026-07-29 14:56:00,24277.85,956.6,956.6,956.6,956.6,0,15.0,0.6676,0.000237,-4.13,35.59
2026-07-29 14:57:00,24281.15,956.6,956.6,956.6,956.6,0,15.0,0.6684,0.000237,-4.13,35.56
2026-07-29 14:58:00,24275.3,956.6,956.6,956.6,956.6,0,15.0,0.667,0.000237,-4.13,35.62
2026-07-29 14:59:00,24272.5,956.6,956.6,956.6,956.6,0,15.0,0.6664,0.000237,-4.14,35.64
2026-07-29 15:00:00,24269.25,956.6,956.6,956.6,956.6,0,15.0,0.6656,0.000238,-4.14,35.67
2026-07-29 15:01:00,24269.0,956.6,956.6,956.6,956.6,0,15.0,0.6655,0.000238,-4.14,35.68
2026-07-29 15:02:00,24269.45,956.6,956.6,956.6,956.6,0,15.0,0.6656,0.000238,-4.14,35.67
2026-07-29 15:03:00,24266.6,956.6,956.6,956.6,956.6,0,15.0,0.665,0.000238,-4.14,35.7
2026-07-29 15:04:00,24262.5,956.6,956.6,956.6,956.6,0,15.0,0.664,0.000238,-4.15,35.73
2026-07-29 15:05:00,24257.8,956.6,956.6,956.6,956.6,0,15.0,0.6629,0.000239,-4.15,35.78
2026-07-29 15:06:00,24253.9,956.6,956.6,956.6,956.6,0,15.0,0.6619,0.000239,-4.16,35.81
2026-07-29 15:07:00,24253.7,956.6,956.6,956.6,956.6,0,15.0,0.6619,0.000239,-4.16,35.81
2026-07-29 15:08:00,24259.75,956.6,956.6,956.6,956.6,0,15.0,0.6633,0.000238,-4.15,35.76
2026-07-29 15:09:00,24258.95,956.6,956.6,956.6,956.6,0,15.0,0.6631,0.000238,-4.15,35.77
2026-07-29 15:10:00,24257.05,956.6,956.6,956.6,956.6,0,15.0,0.6627,0.000239,-4.16,35.78
2026-07-29 15:11:00,24259.05,956.6,956.6,956.6,956.6,0,15.0,0.6632,0.000238,-4.15,35.76
2026-07-29 15:12:00,24255.65,956.6,956.6,956.6,956.6,0,15.0,0.6624,0.000239,-4.16,35.79
2026-07-29 15:13:00,24255.2,956.6,956.6,956.6,956.6,0,15.0,0.6622,0.000239,-4.16,35.8
2026-07-29 15:14:00,24252.0,956.6,956.6,956.6,956.6,0,15.0,0.6615,0.000239,-4.16,35.83
2026-07-29 15:15:00,24249.0,956.6,956.6,956.6,956.6,0,15.0,0.6608,0.000239,-4.16,35.85
2026-07-29 15:16:00,24249.1,956.6,956.6,956.6,956.6,0,15.0,0.6608,0.000239,-4.16,35.85
2026-07-29 15:17:00,24246.1,956.6,956.6,956.6,956.6,0,15.0,0.6601,0.000239,-4.17,35.88
2026-07-29 15:18:00,24240.7,956.6,956.6,956.6,956.6,0,15.0,0.6588,0.00024,-4.17,35.93
2026-07-29 15:19:00,24241.75,956.6,956.6,956.6,956.6,0,15.0,0.659,0.00024,-4.17,35.92
2026-07-29 15:20:00,24244.6,956.6,956.6,956.6,956.6,0,15.0,0.6597,0.00024,-4.17,35.89
2026-07-29 15:21:00,24245.85,956.6,956.6,956.6,956.6,0,15.0,0.66,0.00024,-4.17,35.88
2026-07-29 15:22:00,24241.95,956.6,956.6,956.6,956.6,0,15.0,0.6591,0.00024,-4.17,35.91
2026-07-29 15:23:00,24241.05,956.6,956.6,956.6,956.6,0,15.0,0.6589,0.00024,-4.17,35.92
2026-07-29 15:24:00,24238.05,956.6,956.6,956.6,956.6,0,15.0,0.6581,0.00024,-4.18,35.95
2026-07-29 15:25:00,24237.15,956.6,956.6,956.6,956.6,0,15.0,0.6579,0.00024,-4.18,35.96
2026-07-29 15:26:00,24238.55,956.6,956.6,956.6,956.6,0,15.0,0.6583,0.00024,-4.18,35.94
2026-07-29 15:27:00,24238.75,956.6,956.6,956.6,956.6,0,15.0,0.6583,0.00024,-4.18,35.94
2026-07-29 15:28:00,24242.65,956.6,956.6,956.6,956.6,0,15.0,0.6593,0.00024,-4.17,35.91
2026-07-29 15:29:00,24242.0,956.6,956.6,956.6,956.6,0,15.0,0.6591,0.00024,-4.17,35.91
2026-08-03 09:16:00,24564.65,1161.5,1161.5,1161.5,1161.5,65,16.03,0.7277,0.000208,-4.2,31.51
2026-08-03 09:17:00,24545.5,1161.5,1161.5,1161.5,1161.5,0,15.0,0.736,0.000218,-3.85,30.96
2026-08-03 09:18:00,24540.65,1161.5,1161.5,1161.5,1161.5,0,15.0,0.735,0.000219,-3.86,31.02
2026-08-03 09:19:00,24530.1,1161.5,1161.5,1161.5,1161.5,0,15.0,0.7326,0.00022,-3.88,31.15
2026-08-03 09:20:00,24528.6,1161.5,1161.5,1161.5,1161.5,0,15.0,0.7323,0.00022,-3.88,31.17
2026-08-03 09:21:00,24529.15,1161.5,1161.5,1161.5,1161.5,0,15.0,0.7324,0.00022,-3.88,31.17
2026-08-03 09:22:00,24521.1,1161.5,1161.5,1161.5,1161.5,0,15.0,0.7307,0.000221,-3.89,31.27
2026-08-03 09:23:00,24523.1,1161.5,1161.5,1161.5,1161.5,0,15.0,0.7311,0.000221,-3.89,31.24
2026-08-03 09:24:00,24527.05,1161.5,1161.5,1161.5,1161.5,0,15.0,0.732,0.00022,-3.88,31.19
2026-08-03 09:25:00,24531.8,1161.5,1161.5,1161.5,1161.5,0,15.0,0.733,0.00022,-3.87,31.13
2026-08-03 09:26:00,24533.2,1161.5,1161.5,1161.5,1161.5,0,15.0,0.7333,0.00022,-3.87,31.11
2026-08-03 09:27:00,24539.3,1161.5,1161.5,1161.5,1161.5,0,15.0,0.7347,0.000219,-3.86,31.04
2026-08-03 09:28:00,24541.9,1161.5,1161.5,1161.5,1161.5,0,15.0,0.7352,0.000219,-3.86,31.0
2026-08-03 09:29:00,24550.2,1161.5,1161.5,1161.5,1161.5,0,15.0,0.7371,0.000218,-3.84,30.9
2026-08-03 09:30:00,24557.95,1161.5,1161.5,1161.5,1161.5,0,15.0,0.7387,0.000217,-3.83,30.8
2026-08-03 09:31:00,24545.05,1161.5,1161.5,1161.5,1161.5,0,15.0,0.7359,0.000218,-3.85,30.96
2026-08-03 09:32:00,24547.85,1161.5,1161.5,1161.5,1161.5,0,15.0,0.7365,0.000218,-3.85,30.93
2026-08-03 09:33:00,24543.8,1161.5,1161.5,1161.5,1161.5,0,15.0,0.7357,0.000219,-3.85,30.98
2026-08-03 09:34:00,24553.45,1161.5,1161.5,1161.5,1161.5,0,15.0,0.7378,0.000218,-3.84,30.86
2026-08-03 09:35:00,24552.4,1161.5,1161.5,1161.5,1161.5,0,15.0,0.7375,0.000218,-3.84,30.87
2026-08-03 09:36:00,24552.6,1161.5,1161.5,1161.5,1161.5,0,15.0,0.7376,0.000218,-3.84,30.87
2026-08-03 09:37:00,24545.15,1161.5,1161.5,1161.5,1161.5,0,15.0,0.736,0.000218,-3.85,30.96
2026-08-03 09:38:00,24549.6,1161.5,1161.5,1161.5,1161.5,0,15.0,0.7369,0.000218,-3.84,30.9
2026-08-03 09:39:00,24554.4,1161.5,1161.5,1161.5,1161.5,0,15.0,0.738,0.000217,-3.83,30.84
2026-08-03 09:40:00,24555.6,1161.5,1161.5,1161.5,1161.5,0,15.0,0.7382,0.000217,-3.83,30.83
2026-08-03 09:41:00,24558.65,1161.5,1161.5,1161.5,1161.5,0,15.0,0.7389,0.000217,-3.83,30.79
2026-08-03 09:42:00,24556.15,1161.5,1161.5,1161.5,1161.5,0,15.0,0.7384,0.000217,-3.83,30.82
2026-08-03 09:43:00,24551.85,1161.5,1161.5,1161.5,1161.5,0,15.0,0.7374,0.000218,-3.84,30.87
2026-08-03 09:44:00,24558.05,1161.5,1161.5,1161.5,1161.5,0,15.0,0.7388,0.000217,-3.83,30.79
2026-08-03 09:45:00,24552.45,1161.5,1161.5,1161.5,1161.5,0,15.0,0.7376,0.000218,-3.84,30.87
2026-08-03 09:46:00,24551.1,1161.5,1161.5,1161.5,1161.5,0,15.0,0.7373,0.000218,-3.84,30.88
2026-08-03 09:47:00,24549.2,1161.5,1161.5,1161.5,1161.5,0,15.0,0.7369,0.000218,-3.84,30.91
2026-08-03 09:48:00,24549.6,1161.5,1161.5,1161.5,1161.5,0,15.0,0.737,0.000218,-3.84,30.9
2026-08-03 09:49:00,24548.25,1161.5,1161.5,1161.5,1161.5,0,15.0,0.7367,0.000218,-3.84,30.92
2026-08-03 09:50:00,24550.25,1161.5,1161.5,1161.5,1161.5,0,15.0,0.7371,0.000218,-3.84,30.89
2026-08-03 09:51:00,24553.9,1161.5,1161.5,1161.5,1161.5,0,15.0,0.7379,0.000218,-3.83,30.85
2026-08-03 09:52:00,24552.6,1161.5,1161.5,1161.5,1161.5,0,15.0,0.7376,0.000218,-3.84,30.86
2026-08-03 09:53:00,24551.85,1161.5,1161.5,1161.5,1161.5,0,15.0,0.7374,0.000218,-3.84,30.87
2026-08-03 09:54:00,24559.6,1161.5,1161.5,1161.5,1161.5,0,15.0,0.7391,0.000217,-3.82,30.77
2026-08-03 09:55:00,24564.35,1161.5,1161.5,1161.5,1161.5,0,15.0,0.7402,0.000216,-3.82,30.71
2026-08-03 09:56:00,24565.85,1161.5,1161.5,1161.5,1161.5,0,15.0,0.7405,0.000216,-3.81,30.69
2026-08-03 09:57:00,24566.55,1161.5,1161.5,1161.5,1161.5,0,15.0,0.7406,0.000216,-3.81,30.68
2026-08-03 09:58:00,24568.7,1161.5,1161.5,1161.5,1161.5,0,15.0,0.7411,0.000216,-3.81,30.65
2026-08-03 09:59:00,24564.7,1161.5,1161.5,1161.5,1161.5,0,15.0,0.7402,0.000216,-3.82,30.71
2026-08-03 10:00:00,24570.35,1161.5,1161.5,1161.5,1161.5,0,15.0,0.7415,0.000216,-3.8,30.63
2026-08-03 10:01:00,24568.85,1161.5,1161.5,1161.5,1161.5,0,15.0,0.7411,0.000216,-3.81,30.65
2026-08-03 10:02:00,24562.2,1161.5,1161.5,1161.5,1161.5,0,15.0,0.7397,0.000217,-3.82,30.74
2026-08-03 10:03:00,24562.65,1161.5,1161.5,1161.5,1161.5,0,15.0,0.7398,0.000217,-3.82,30.73
2026-08-03 10:04:00,24568.4,1161.5,1161.5,1161.5,1161.5,0,15.0,0.7411,0.000216,-3.81,30.66
2026-08-03 10:05:00,24570.65,1161.5,1161.5,1161.5,1161.5,0,15.0,0.7415,0.000216,-3.8,30.63
2026-08-03 10:06:00,24564.75,1161.5,1161.5,1161.5,1161.5,0,15.0,0.7403,0.000216,-3.82,30.7
2026-08-03 10:07:00,24563.0,1161.5,1161.5,1161.5,1161.5,0,15.0,0.7399,0.000217,-3.82,30.73
2026-08-03 10:08:00,24562.1,1161.5,1161.5,1161.5,1161.5,0,15.0,0.7397,0.000217,-3.82,30.74
2026-08-03 10:09:00,24567.2,1161.5,1161.5,1161.5,1161.5,0,15.0,0.7408,0.000216,-3.81,30.67
2026-08-03 10:10:00,24566.0,1161.5,1161.5,1161.5,1161.5,0,15.0,0.7405,0.000216,-3.81,30.69
2026-08-03 10:11:00,24569.0,1161.5,1161.5,1161.5,1161.5,0,15.0,0.7412,0.000216,-3.81,30.65
2026-08-03 10:12:00,24569.75,1161.5,1161.5,1161.5,1161.5,0,15.0,0.7414,0.000216,-3.81,30.64
2026-08-03 10:13:00,24578.25,1161.5,1161.5,1161.5,1161.5,0,15.0,0.7432,0.000215,-3.79,30.53
2026-08-03 10:14:00,24579.2,1161.5,1161.5,1161.5,1161.5,0,15.0,0.7434,0.000215,-3.79,30.52
2026-08-03 10:15:00,24580.1,1161.5,1161.5,1161.5,1161.5,0,15.0,0.7436,0.000215,-3.79,30.5
2026-08-03 10:16:00,24580.35,1161.5,1161.5,1161.5,1161.5,0,15.0,0.7436,0.000215,-3.79,30.5
2026-08-03 10:17:00,24587.05,1161.5,1161.5,1161.5,1161.5,0,15.0,0.7451,0.000214,-3.77,30.41
2026-08-03 10:18:00,24589.35,1161.5,1161.5,1161.5,1161.5,0,15.0,0.7456,0.000214,-3.77,30.38
2026-08-03 10:19:00,24588.15,1161.5,1161.5,1161.5,1161.5,0,15.0,0.7453,0.000214,-3.77,30.4
2026-08-03 10:20:00,24584.5,1161.5,1161.5,1161.5,1161.5,0,15.0,0.7445,0.000214,-3.78,30.45
2026-08-03 10:21:00,24578.6,1161.5,1161.5,1161.5,1161.5,0,15.0,0.7433,0.000215,-3.79,30.52
2026-08-03 10:22:00,24575.55,1161.5,1161.5,1161.5,1161.5,0,15.0,0.7426,0.000215,-3.8,30.56
2026-08-03 10:23:00,24573.5,1161.5,1161.5,1161.5,1161.5,0,15.0,0.7422,0.000215,-3.8,30.59
2026-08-03 10:24:00,24578.2,1161.5,1161.5,1161.5,1161.5,0,15.0,0.7432,0.000215,-3.79,30.53
2026-08-03 10:25:00,24580.0,1161.5,1161.5,1161.5,1161.5,0,15.0,0.7436,0.000215,-3.79,30.5
2026-08-03 10:26:00,24582.95,1161.5,1161.5,1161.5,1161.5,0,15.0,0.7442,0.000214,-3.78,30.46
2026-08-03 10:27:00,24583.45,1161.5,1161.5,1161.5,1161.5,0,15.0,0.7443,0.000214,-3.78,30.46
2026-08-03 10:28:00,24584.2,1161.5,1161.5,1161.5,1161.5,0,15.0,0.7445,0.000214,-3.78,30.45
2026-08-03 10:29:00,24580.8,1161.5,1161.5,1161.5,1161.5,0,15.0,0.7438,0.000215,-3.79,30.49
2026-08-03 10:30:00,24583.65,1161.5,1161.5,1161.5,1161.5,0,15.0,0.7444,0.000214,-3.78,30.45
2026-08-03 10:31:00,24579.6,1161.5,1161.5,1161.5,1161.5,0,15.0,0.7435,0.000215,-3.79,30.51
2026-08-03 10:32:00,24573.15,1161.5,1161.5,1161.5,1161.5,0,15.0,0.7421,0.000215,-3.8,30.59
2026-08-03 10:33:00,24571.9,1161.5,1161.5,1161.5,1161.5,0,15.0,0.7418,0.000216,-3.8,30.6
2026-08-03 10:34:00,24570.35,1161.5,1161.5,1161.5,1161.5,0,15.0,0.7415,0.000216,-3.81,30.62
2026-08-03 10:35:00,24563.95,1161.5,1161.5,1161.5,1161.5,0,15.0,0.7401,0.000216,-3.82,30.71
2026-08-03 10:36:00,24569.75,1161.5,1161.5,1161.5,1161.5,0,15.0,0.7414,0.000216,-3.81,30.63
2026-08-03 10:37:00,24577.3,1161.5,1161.5,1161.5,1161.5,0,15.0,0.743,0.000215,-3.79,30.53
2026-08-03 10:38:00,24582.65,1161.5,1161.5,1161.5,1161.5,0,15.0,0.7442,0.000214,-3.78,30.46
2026-08-03 10:39:00,24584.2,1161.5,1161.5,1161.5,1161.5,0,15.0,0.7445,0.000214,-3.78,30.44
2026-08-03 10:40:00,24578.55,1161.5,1161.5,1161.5,1161.5,0,15.0,0.7433,0.000215,-3.79,30.52
2026-08-03 10:41:00,24581.4,1161.5,1161.5,1161.5,1161.5,0,15.0,0.7439,0.000215,-3.79,30.48
2026-08-03 10:42:00,24580.8,1161.5,1161.5,1161.5,1161.5,0,15.0,0.7438,0.000215,-3.79,30.49
2026-08-03 10:43:00,24581.2,1161.5,1161.5,1161.5,1161.5,0,15.0,0.7439,0.000215,-3.79,30.48
2026-08-03 10:44:00,24583.65,1161.5,1161.5,1161.5,1161.5,0,15.0,0.7444,0.000214,-3.78,30.45
2026-08-03 10:45:00,24583.85,1161.5,1161.5,1161.5,1161.5,0,15.0,0.7444,0.000214,-3.78,30.45
2026-08-03 10:46:00,24583.85,1161.5,1161.5,1161.5,1161.5,0,15.0,0.7444,0.000214,-3.78,30.45
2026-08-03 10:47:00,24583.3,1161.5,1161.5,1161.5,1161.5,0,15.0,0.7443,0.000214,-3.78,30.45
2026-08-03 10:48:00,24586.2,1161.5,1161.5,1161.5,1161.5,0,15.0,0.7449,0.000214,-3.78,30.42
2026-08-03 10:49:00,24588.85,1161.5,1161.5,1161.5,1161.5,0,15.0,0.7455,0.000214,-3.77,30.38
2026-08-03 10:50:00,24590.8,1161.5,1161.5,1161.5,1161.5,0,15.0,0.7459,0.000214,-3.77,30.36
2026-08-03 10:51:00,24589.2,1161.5,1161.5,1161.5,1161.5,0,15.0,0.7456,0.000214,-3.77,30.38
2026-08-03 10:52:00,24590.35,1161.5,1161.5,1161.5,1161.5,0,15.0,0.7458,0.000214,-3.77,30.36
2026-08-03 10:53:00,24589.5,1161.5,1161.5,1161.5,1161.5,0,15.0,0.7456,0.000214,-3.77,30.37
2026-08-03 10:54:00,24589.9,1161.5,1161.5,1161.5,1161.5,0,15.0,0.7457,0.000214,-3.77,30.37
2026-08-03 10:55:00,24592.65,1161.5,1161.5,1161.5,1161.5,0,15.0,0.7463,0.000213,-3.76,30.33
2026-08-03 10:56:00,24591.05,1161.5,1161.5,1161.5,1161.5,0,15.0,0.746,0.000214,-3.77,30.35
2026-08-03 10:57:00,24587.4,1161.5,1161.5,1161.5,1161.5,0,15.0,0.7452,0.000214,-3.77,30.4
2026-08-03 10:58:00,24588.15,1161.5,1161.5,1161.5,1161.5,0,15.0,0.7454,0.000214,-3.77,30.39
2026-08-03 10:59:00,24586.45,1161.5,1161.5,1161.5,1161.5,0,15.0,0.745,0.000214,-3.78,30.41
2026-08-03 11:00:00,24595.85,1161.5,1161.5,1161.5,1161.5,0,15.0,0.747,0.000213,-3.76,30.29
2026-08-03 11:01:00,24597.0,1161.5,1161.5,1161.5,1161.5,0,15.0,0.7473,0.000213,-3.76,30.27
2026-08-03 11:02:00,24597.05,1161.5,1161.5,1161.5,1161.5,0,15.0,0.7473,0.000213,-3.76,30.27
2026-08-03 11:03:00,24597.1,1161.5,1161.5,1161.5,1161.5,0,15.0,0.7473,0.000213,-3.76,30.27
2026-08-03 11:04:00,24598.15,1161.5,1161.5,1161.5,1161.5,0,15.0,0.7475,0.000213,-3.75,30.26
2026-08-03 11:05:00,24599.1,1161.5,1161.5,1161.5,1161.5,0,15.0,0.7477,0.000213,-3.75,30.24
2026-08-03 11:06:00,24598.15,1161.5,1161.5,1161.5,1161.5,0,15.0,0.7475,0.000213,-3.75,30.26
2026-08-03 11:07:00,24600.35,1161.5,1161.5,1161.5,1161.5,0,15.0,0.748,0.000213,-3.75,30.23
2026-08-03 11:08:00,24599.2,1161.5,1161.5,1161.5,1161.5,0,15.0,0.7477,0.000213,-3.75,30.24
2026-08-03 11:09:00,24593.65,1161.5,1161.5,1161.5,1161.5,0,15.0,0.7466,0.000213,-3.76,30.31
2026-08-03 11:10:00,24595.55,1161.5,1161.5,1161.5,1161.5,0,15.0,0.747,0.000213,-3.76,30.29
2026-08-03 11:11:00,24593.65,1161.5,1161.5,1161.5,1161.5,0,15.0,0.7466,0.000213,-3.76,30.31
2026-08-03 11:12:00,24588.55,1161.5,1161.5,1161.5,1161.5,0,15.0,0.7455,0.000214,-3.77,30.38
2026-08-03 11:13:00,24588.85,1161.5,1161.5,1161.5,1161.5,0,15.0,0.7455,0.000214,-3.77,30.37
2026-08-03 11:14:00,24589.45,1161.5,1161.5,1161.5,1161.5,0,15.0,0.7457,0.000214,-3.77,30.37
2026-08-03 11:15:00,24588.9,1161.5,1161.5,1161.5,1161.5,0,15.0,0.7455,0.000214,-3.77,30.37
2026-08-03 11:16:00,24593.0,1161.5,1161.5,1161.5,1161.5,0,15.0,0.7464,0.000213,-3.76,30.32
2026-08-03 11:17:00,24596.7,1161.5,1161.5,1161.5,1161.5,0,15.0,0.7472,0.000213,-3.76,30.27
2026-08-03 11:18:00,24593.7,1161.5,1161.5,1161.5,1161.5,0,15.0,0.7466,0.000213,-3.76,30.31
2026-08-03 11:19:00,24591.6,1161.5,1161.5,1161.5,1161.5,0,15.0,0.7461,0.000214,-3.77,30.34
2026-08-03 11:20:00,24593.55,1161.5,1161.5,1161.5,1161.5,0,15.0,0.7465,0.000213,-3.76,30.31
2026-08-03 11:21:00,24594.05,1161.5,1161.5,1161.5,1161.5,0,15.0,0.7467,0.000213,-3.76,30.3
2026-08-03 11:22:00,24595.25,1161.5,1161.5,1161.5,1161.5,0,15.0,0.7469,0.000213,-3.76,30.29
2026-08-03 11:23:00,24598.95,1161.5,1161.5,1161.5,1161.5,0,15.0,0.7477,0.000213,-3.75,30.24
2026-08-03 11:24:00,24598.15,1161.5,1161.5,1161.5,1161.5,0,15.0,0.7475,0.000213,-3.76,30.25
2026-08-03 11:25:00,24595.55,1161.5,1161.5,1161.5,1161.5,0,15.0,0.747,0.000213,-3.76,30.28
2026-08-03 11:26:00,24590.8,1161.5,1161.5,1161.5,1161.5,0,15.0,0.746,0.000214,-3.77,30.35
2026-08-03 11:27:00,24591.4,1161.5,1161.5,1161.5,1161.5,0,15.0,0.7461,0.000214,-3.77,30.34
2026-08-03 11:28:00,24592.8,1161.5,1161.5,1161.5,1161.5,0,15.0,0.7464,0.000213,-3.77,30.32
2026-08-03 11:29:00,24591.75,1161.5,1161.5,1161.5,1161.5,0,15.0,0.7462,0.000213,-3.77,30.33
2026-08-03 11:30:00,24586.25,1161.5,1161.5,1161.5,1161.5,0,15.0,0.745,0.000214,-3.78,30.4
2026-08-03 11:31:00,24583.25,1161.5,1161.5,1161.5,1161.5,0,15.0,0.7444,0.000214,-3.78,30.44
2026-08-03 11:32:00,24583.25,1161.5,1161.5,1161.5,1161.5,0,15.0,0.7444,0.000214,-3.78,30.44
2026-08-03 11:33:00,24584.75,1161.5,1161.5,1161.5,1161.5,0,15.0,0.7447,0.000214,-3.78,30.42
2026-08-03 11:34:00,24585.45,1161.5,1161.5,1161.5,1161.5,0,15.0,0.7448,0.000214,-3.78,30.41
2026-08-03 11:35:00,24587.0,1161.5,1161.5,1161.5,1161.5,0,15.0,0.7452,0.000214,-3.78,30.39
2026-08-03 11:36:00,24585.5,1161.5,1161.5,1161.5,1161.5,0,15.0,0.7448,0.000214,-3.78,30.41
2026-08-03 11:37:00,24586.0,1161.5,1161.5,1161.5,1161.5,0,15.0,0.745,0.000214,-3.78,30.41
2026-08-03 11:38:00,24590.95,1161.5,1161.5,1161.5,1161.5,0,15.0,0.746,0.000214,-3.77,30.34
2026-08-03 11:39:00,24593.85,1161.5,1161.5,1161.5,1161.5,0,15.0,0.7466,0.000213,-3.76,30.3
2026-08-03 11:40:00,24595.0,1161.5,1161.5,1161.5,1161.5,0,15.0,0.7469,0.000213,-3.76,30.29
2026-08-03 11:41:00,24598.3,1161.5,1161.5,1161.5,1161.5,0,15.0,0.7476,0.000213,-3.76,30.24
2026-08-03 11:42:00,24596.85,1161.5,1161.5,1161.5,1161.5,0,15.0,0.7473,0.000213,-3.76,30.26
2026-08-03 11:43:00,24596.0,1161.5,1161.5,1161.5,1161.5,0,15.0,0.7471,0.000213,-3.76,30.27
2026-08-03 11:44:00,24592.3,1161.5,1161.5,1161.5,1161.5,0,15.0,0.7463,0.000213,-3.77,30.32
2026-08-03 11:45:00,24588.9,1161.5,1161.5,1161.5,1161.5,0,15.0,0.7456,0.000214,-3.77,30.37
2026-08-03 11:46:00,24588.0,1161.5,1161.5,1161.5,1161.5,0,15.0,0.7454,0.000214,-3.77,30.38
2026-08-03 11:47:00,24587.3,1161.5,1161.5,1161.5,1161.5,0,15.0,0.7452,0.000214,-3.78,30.39
2026-08-03 11:48:00,24588.7,1161.5,1161.5,1161.5,1161.5,0,15.0,0.7455,0.000214,-3.77,30.37
2026-08-03 11:49:00,24597.85,1161.5,1161.5,1161.5,1161.5,0,15.0,0.7475,0.000213,-3.76,30.25
2026-08-03 11:50:00,24603.15,1161.5,1161.5,1161.5,1161.5,0,15.0,0.7486,0.000212,-3.75,30.18
2026-08-03 11:51:00,24598.15,1161.5,1161.5,1161.5,1161.5,0,15.0,0.7476,0.000213,-3.76,30.24
2026-08-03 11:52:00,24599.05,1161.5,1161.5,1161.5,1161.5,0,15.0,0.7478,0.000213,-3.75,30.23
2026-08-03 11:53:00,24598.25,1161.5,1161.5,1161.5,1161.5,0,15.0,0.7476,0.000213,-3.76,30.24
2026-08-03 11:54:00,24601.6,1161.5,1161.5,1161.5,1161.5,0,15.0,0.7483,0.000212,-3.75,30.2
2026-08-03 11:55:00,24594.6,1161.5,1161.5,1161.5,1161.5,0,15.0,0.7468,0.000213,-3.76,30.29
2026-08-03 11:56:00,24593.05,1161.5,1161.5,1161.5,1161.5,0,15.0,0.7465,0.000213,-3.76,30.31
2026-08-03 11:57:00,24595.4,1161.5,1161.5,1161.5,1161.5,0,15.0,0.747,0.000213,-3.76,30.28
2026-08-03 11:58:00,24592.2,1161.5,1161.5,1161.5,1161.5,0,15.0,0.7463,0.000213,-3.77,30.32
2026-08-03 11:59:00,24592.0,1161.5,1161.5,1161.5,1161.5,0,15.0,0.7463,0.000213,-3.77,30.32
2026-08-03 12:00:00,24591.6,1161.5,1161.5,1161.5,1161.5,0,15.0,0.7462,0.000214,-3.77,30.33
2026-08-03 12:01:00,24590.5,1161.5,1161.5,1161.5,1161.5,0,15.0,0.7459,0.000214,-3.77,30.34
2026-08-03 12:02:00,24587.85,1161.5,1161.5,1161.5,1161.5,0,15.0,0.7454,0.000214,-3.77,30.38
2026-08-03 12:03:00,24588.15,1161.5,1161.5,1161.5,1161.5,0,15.0,0.7454,0.000214,-3.77,30.37
2026-08-03 12:04:00,24588.25,1161.5,1161.5,1161.5,1161.5,0,15.0,0.7455,0.000214,-3.77,30.37
2026-08-03 12:05:00,24590.25,1161.5,1161.5,1161.5,1161.5,0,15.0,0.7459,0.000214,-3.77,30.34
2026-08-03 12:06:00,24592.3,1161.5,1161.5,1161.5,1161.5,0,15.0,0.7463,0.000213,-3.77,30.32
2026-08-03 12:07:00,24593.55,1161.5,1161.5,1161.5,1161.5,0,15.0,0.7466,0.000213,-3.76,30.3
2026-08-03 12:08:00,24591.45,1161.5,1161.5,1161.5,1161.5,0,15.0,0.7462,0.000214,-3.77,30.33
2026-08-03 12:09:00,24597.0,1161.5,1161.5,1161.5,1161.5,0,15.0,0.7473,0.000213,-3.76,30.25
2026-08-03 12:10:00,24598.65,1161.5,1161.5,1161.5,1161.5,0,15.0,0.7477,0.000213,-3.75,30.23
2026-08-03 12:11:00,24593.0,1161.5,1161.5,1161.5,1161.5,0,15.0,0.7465,0.000213,-3.77,30.31
2026-08-03 12:12:00,24597.0,1161.5,1161.5,1161.5,1161.5,0,15.0,0.7473,0.000213,-3.76,30.25
2026-08-03 12:13:00,24599.0,1161.5,1161.5,1161.5,1161.5,0,15.0,0.7478,0.000213,-3.75,30.23
2026-08-03 12:14:00,24601.3,1161.5,1161.5,1161.5,1161.5,0,15.0,0.7483,0.000212,-3.75,30.2
2026-08-03 12:15:00,24603.85,1161.5,1161.5,1161.5,1161.5,0,15.0,0.7488,0.000212,-3.75,30.16
2026-08-03 12:16:00,24605.45,1161.5,1161.5,1161.5,1161.5,0,15.0,0.7491,0.000212,-3.74,30.14
2026-08-03 12:17:00,24605.35,1161.5,1161.5,1161.5,1161.5,0,15.0,0.7491,0.000212,-3.74,30.14
2026-08-03 12:18:00,24605.55,1161.5,1161.5,1161.5,1161.5,0,15.0,0.7492,0.000212,-3.74,30.14
2026-08-03 12:19:00,24606.4,1161.5,1161.5,1161.5,1161.5,0,15.0,0.7494,0.000212,-3.74,30.13
2026-08-03 12:20:00,24602.9,1161.5,1161.5,1161.5,1161.5,0,15.0,0.7486,0.000212,-3.75,30.17
2026-08-03 12:21:00,24599.45,1161.5,1161.5,1161.5,1161.5,0,15.0,0.7479,0.000213,-3.75,30.22
2026-08-03 12:22:00,24603.75,1161.5,1161.5,1161.5,1161.5,0,15.0,0.7488,0.000212,-3.75,30.16
2026-08-03 12:23:00,24603.3,1161.5,1161.5,1161.5,1161.5,0,15.0,0.7487,0.000212,-3.75,30.17
2026-08-03 12:24:00,24605.6,1161.5,1161.5,1161.5,1161.5,0,15.0,0.7492,0.000212,-3.74,30.14
2026-08-03 12:25:00,24607.4,1161.5,1161.5,1161.5,1161.5,0,15.0,0.7496,0.000212,-3.74,30.11
2026-08-03 12:26:00,24604.55,1161.5,1161.5,1161.5,1161.5,0,15.0,0.749,0.000212,-3.74,30.15
2026-08-03 12:27:00,24607.25,1161.5,1161.5,1161.5,1161.5,0,15.0,0.7495,0.000212,-3.74,30.11
2026-08-03 12:28:00,24605.4,1161.5,1161.5,1161.5,1161.5,0,15.0,0.7492,0.000212,-3.74,30.14
2026-08-03 12:29:00,24604.05,1161.5,1161.5,1161.5,1161.5,0,15.0,0.7489,0.000212,-3.74,30.16
2026-08-03 12:30:00,24604.7,1161.5,1161.5,1161.5,1161.5,0,15.0,0.749,0.000212,-3.74,30.15
2026-08-03 12:31:00,24603.35,1161.5,1161.5,1161.5,1161.5,0,15.0,0.7487,0.000212,-3.75,30.16
2026-08-03 12:32:00,24598.95,1161.5,1161.5,1161.5,1161.5,0,15.0,0.7478,0.000213,-3.75,30.22
2026-08-03 12:33:00,24593.7,1161.5,1161.5,1161.5,1161.5,0,15.0,0.7467,0.000213,-3.76,30.29
2026-08-03 12:34:00,24593.75,1161.5,1161.5,1161.5,1161.5,0,15.0,0.7467,0.000213,-3.76,30.29
2026-08-03 12:35:00,24590.65,1161.5,1161.5,1161.5,1161.5,0,15.0,0.746,0.000214,-3.77,30.33
2026-08-03 12:36:00,24590.25,1161.5,1161.5,1161.5,1161.5,0,15.0,0.7459,0.000214,-3.77,30.33
2026-08-03 12:37:00,24589.35,1161.5,1161.5,1161.5,1161.5,0,15.0,0.7457,0.000214,-3.77,30.35
2026-08-03 12:38:00,24586.3,1161.5,1161.5,1161.5,1161.5,0,15.0,0.7451,0.000214,-3.78,30.39
2026-08-03 12:39:00,24587.1,1161.5,1161.5,1161.5,1161.5,0,15.0,0.7453,0.000214,-3.78,30.38
2026-08-03 12:40:00,24591.85,1161.5,1161.5,1161.5,1161.5,0,15.0,0.7463,0.000214,-3.77,30.31
2026-08-03 12:41:00,24594.05,1161.5,1161.5,1161.5,1161.5,0,15.0,0.7468,0.000213,-3.76,30.28
2026-08-03 12:42:00,24591.3,1161.5,1161.5,1161.5,1161.5,0,15.0,0.7462,0.000214,-3.77,30.32
2026-08-03 12:43:00,24593.2,1161.5,1161.5,1161.5,1161.5,0,15.0,0.7466,0.000213,-3.77,30.29
2026-08-03 12:44:00,24593.0,1161.5,1161.5,1161.5,1161.5,0,15.0,0.7465,0.000213,-3.77,30.3
2026-08-03 12:45:00,24598.0,1161.5,1161.5,1161.5,1161.5,0,15.0,0.7476,0.000213,-3.76,30.23
2026-08-03 12:46:00,24600.05,1161.5,1161.5,1161.5,1161.5,0,15.0,0.748,0.000213,-3.75,30.2
2026-08-03 12:47:00,24574.9,1161.5,1161.5,1161.5,1161.5,0,15.0,0.7427,0.000215,-3.8,30.53
2026-08-03 12:48:00,24573.5,1161.5,1161.5,1161.5,1161.5,0,15.0,0.7424,0.000216,-3.8,30.55
2026-08-03 12:49:00,24582.1,1161.5,1161.5,1161.5,1161.5,0,15.0,0.7442,0.000215,-3.79,30.44
2026-08-03 12:50:00,24580.05,1161.5,1161.5,1161.5,1161.5,0,15.0,0.7438,0.000215,-3.79,30.46
2026-08-03 12:51:00,24585.55,1161.5,1161.5,1161.5,1161.5,0,15.0,0.745,0.000214,-3.78,30.39
2026-08-03 12:52:00,24586.25,1161.5,1161.5,1161.5,1161.5,0,15.0,0.7451,0.000214,-3.78,30.38
2026-08-03 12:53:00,24588.95,1161.5,1161.5,1161.5,1161.5,0,15.0,0.7457,0.000214,-3.77,30.35
2026-08-03 12:54:00,24588.7,1161.5,1161.5,1161.5,1161.5,0,15.0,0.7456,0.000214,-3.77,30.35
2026-08-03 12:55:00,24586.5,1161.5,1161.5,1161.5,1161.5,0,15.0,0.7452,0.000214,-3.78,30.38
2026-08-03 12:56:00,24587.2,1161.5,1161.5,1161.5,1161.5,0,15.0,0.7453,0.000214,-3.78,30.37
2026-08-03 12:57:00,24586.4,1161.5,1161.5,1161.5,1161.5,0,15.0,0.7451,0.000214,-3.78,30.38
2026-08-03 12:58:00,24583.6,1161.5,1161.5,1161.5,1161.5,0,15.0,0.7445,0.000214,-3.78,30.42
2026-08-03 12:59:00,24584.65,1161.5,1161.5,1161.5,1161.5,0,15.0,0.7448,0.000214,-3.78,30.4
2026-08-03 13:00:00,24580.6,1161.5,1161.5,1161.5,1161.5,0,15.0,0.7439,0.000215,-3.79,30.45
2026-08-03 13:01:00,24578.35,1161.5,1161.5,1161.5,1161.5,0,15.0,0.7434,0.000215,-3.79,30.48
2026-08-03 13:02:00,24579.15,1161.5,1161.5,1161.5,1161.5,0,15.0,0.7436,0.000215,-3.79,30.47
2026-08-03 13:03:00,24578.0,1161.5,1161.5,1161.5,1161.5,0,15.0,0.7433,0.000215,-3.79,30.49
2026-08-03 13:04:00,24578.2,1161.5,1161.5,1161.5,1161.5,0,15.0,0.7434,0.000215,-3.79,30.48
2026-08-03 13:05:00,24580.5,1161.5,1161.5,1161.5,1161.5,0,15.0,0.7439,0.000215,-3.79,30.45
2026-08-03 13:06:00,24577.2,1161.5,1161.5,1161.5,1161.5,0,15.0,0.7432,0.000215,-3.8,30.5
2026-08-03 13:07:00,24579.0,1161.5,1161.5,1161.5,1161.5,0,15.0,0.7436,0.000215,-3.79,30.47
2026-08-03 13:08:00,24580.85,1161.5,1161.5,1161.5,1161.5,0,15.0,0.744,0.000215,-3.79,30.45
2026-08-03 13:09:00,24582.9,1161.5,1161.5,1161.5,1161.5,0,15.0,0.7444,0.000215,-3.78,30.42
2026-08-03 13:10:00,24583.1,1161.5,1161.5,1161.5,1161.5,0,15.0,0.7445,0.000215,-3.78,30.42
2026-08-03 13:11:00,24580.1,1161.5,1161.5,1161.5,1161.5,0,15.0,0.7438,0.000215,-3.79,30.46
2026-08-03 13:12:00,24578.75,1161.5,1161.5,1161.5,1161.5,0,15.0,0.7435,0.000215,-3.79,30.48
2026-08-03 13:13:00,24578.4,1161.5,1161.5,1161.5,1161.5,0,15.0,0.7434,0.000215,-3.79,30.48
2026-08-03 13:14:00,24577.7,1161.5,1161.5,1161.5,1161.5,0,15.0,0.7433,0.000215,-3.79,30.49
2026-08-03 13:15:00,24578.95,1161.5,1161.5,1161.5,1161.5,0,15.0,0.7436,0.000215,-3.79,30.47
2026-08-03 13:16:00,24583.45,1161.5,1161.5,1161.5,1161.5,0,15.0,0.7445,0.000214,-3.78,30.41
2026-08-03 13:17:00,24584.85,1161.5,1161.5,1161.5,1161.5,0,15.0,0.7448,0.000214,-3.78,30.39
2026-08-03 13:18:00,24584.8,1161.5,1161.5,1161.5,1161.5,0,15.0,0.7448,0.000214,-3.78,30.39
2026-08-03 13:19:00,24587.05,1161.5,1161.5,1161.5,1161.5,0,15.0,0.7453,0.000214,-3.78,30.37
2026-08-03 13:20:00,24583.75,1161.5,1161.5,1161.5,1161.5,0,15.0,0.7446,0.000214,-3.78,30.41
2026-08-03 13:21:00,24582.1,1161.5,1161.5,1161.5,1161.5,0,15.0,0.7443,0.000215,-3.79,30.43
2026-08-03 13:22:00,24583.7,1161.5,1161.5,1161.5,1161.5,0,15.0,0.7446,0.000214,-3.78,30.41
2026-08-03 13:23:00,24584.05,1161.5,1161.5,1161.5,1161.5,0,15.0,0.7447,0.000214,-3.78,30.4
2026-08-03 13:24:00,24584.0,1161.5,1161.5,1161.5,1161.5,0,15.0,0.7447,0.000214,-3.78,30.4
2026-08-03 13:25:00,24587.1,1161.5,1161.5,1161.5,1161.5,0,15.0,0.7453,0.000214,-3.78,30.36
2026-08-03 13:26:00,24588.45,1161.5,1161.5,1161.5,1161.5,0,15.0,0.7456,0.000214,-3.77,30.35
2026-08-03 13:27:00,24587.75,1161.5,1161.5,1161.5,1161.5,0,15.0,0.7455,0.000214,-3.78,30.35
2026-08-03 13:28:00,24588.3,1161.5,1161.5,1161.5,1161.5,0,15.0,0.7456,0.000214,-3.78,30.35
2026-08-03 13:29:00,24589.7,1161.5,1161.5,1161.5,1161.5,0,15.0,0.7459,0.000214,-3.77,30.33
2026-08-03 13:30:00,24587.95,1161.5,1161.5,1161.5,1161.5,0,15.0,0.7455,0.000214,-3.78,30.35
2026-08-03 13:31:00,24586.6,1161.5,1161.5,1161.5,1161.5,0,15.0,0.7452,0.000214,-3.78,30.37
2026-08-03 13:32:00,24591.55,1161.5,1161.5,1161.5,1161.5,0,15.0,0.7463,0.000214,-3.77,30.3
2026-08-03 13:33:00,24591.55,1161.5,1161.5,1161.5,1161.5,0,15.0,0.7463,0.000214,-3.77,30.3
2026-08-03 13:34:00,24597.8,1161.5,1161.5,1161.5,1161.5,0,15.0,0.7476,0.000213,-3.76,30.22
2026-08-03 13:35:00,24598.4,1161.5,1161.5,1161.5,1161.5,0,15.0,0.7478,0.000213,-3.76,30.21
2026-08-03 13:36:00,24598.55,1161.5,1161.5,1161.5,1161.5,0,15.0,0.7478,0.000213,-3.76,30.21
2026-08-03 13:37:00,24595.2,1161.5,1161.5,1161.5,1161.5,0,15.0,0.7471,0.000213,-3.76,30.25
2026-08-03 13:38:00,24594.7,1161.5,1161.5,1161.5,1161.5,0,15.0,0.747,0.000213,-3.76,30.26
2026-08-03 13:39:00,24592.3,1161.5,1161.5,1161.5,1161.5,0,15.0,0.7465,0.000214,-3.77,30.29
2026-08-03 13:40:00,24581.75,1161.5,1161.5,1161.5,1161.5,0,15.0,0.7442,0.000215,-3.79,30.43
2026-08-03 13:41:00,24592.9,1161.5,1161.5,1161.5,1161.5,0,15.0,0.7466,0.000213,-3.77,30.28
2026-08-03 13:42:00,24596.15,1161.5,1161.5,1161.5,1161.5,0,15.0,0.7473,0.000213,-3.76,30.24
2026-08-03 13:43:00,24596.6,1161.5,1161.5,1161.5,1161.5,0,15.0,0.7474,0.000213,-3.76,30.23
2026-08-03 13:44:00,24596.1,1161.5,1161.5,1161.5,1161.5,0,15.0,0.7473,0.000213,-3.76,30.24
2026-08-03 13:45:00,24599.95,1161.5,1161.5,1161.5,1161.5,0,15.0,0.7481,0.000213,-3.75,30.19
2026-08-03 13:46:00,24594.15,1161.5,1161.5,1161.5,1161.5,0,15.0,0.7469,0.000213,-3.76,30.27
2026-08-03 13:47:00,24593.85,1161.5,1161.5,1161.5,1161.5,0,15.0,0.7468,0.000213,-3.77,30.27
2026-08-03 13:48:00,24594.6,1161.5,1161.5,1161.5,1161.5,0,15.0,0.747,0.000213,-3.76,30.26
2026-08-03 13:49:00,24592.7,1161.5,1161.5,1161.5,1161.5,0,15.0,0.7466,0.000213,-3.77,30.28
2026-08-03 13:50:00,24590.25,1161.5,1161.5,1161.5,1161.5,0,15.0,0.746,0.000214,-3.77,30.32
2026-08-03 13:51:00,24591.6,1161.5,1161.5,1161.5,1161.5,0,15.0,0.7463,0.000214,-3.77,30.3
2026-08-03 13:52:00,24586.9,1161.5,1161.5,1161.5,1161.5,0,15.0,0.7453,0.000214,-3.78,30.36
2026-08-03 13:53:00,24587.0,1161.5,1161.5,1161.5,1161.5,0,15.0,0.7453,0.000214,-3.78,30.36
2026-08-03 13:54:00,24586.75,1161.5,1161.5,1161.5,1161.5,0,15.0,0.7453,0.000214,-3.78,30.36
2026-08-03 13:55:00,24584.15,1161.5,1161.5,1161.5,1161.5,0,15.0,0.7447,0.000214,-3.78,30.39
2026-08-03 13:56:00,24588.1,1161.5,1161.5,1161.5,1161.5,0,15.0,0.7456,0.000214,-3.78,30.34
2026-08-03 13:57:00,24589.95,1161.5,1161.5,1161.5,1161.5,0,15.0,0.746,0.000214,-3.77,30.32
2026-08-03 13:58:00,24587.4,1161.5,1161.5,1161.5,1161.5,0,15.0,0.7454,0.000214,-3.78,30.35
2026-08-03 13:59:00,24586.8,1161.5,1161.5,1161.5,1161.5,0,15.0,0.7453,0.000214,-3.78,30.36
2026-08-03 14:00:00,24588.45,1161.5,1161.5,1161.5,1161.5,0,15.0,0.7457,0.000214,-3.78,30.34
2026-08-03 14:01:00,24588.5,1161.5,1161.5,1161.5,1161.5,0,15.0,0.7457,0.000214,-3.78,30.34
2026-08-03 14:02:00,24588.1,1161.5,1161.5,1161.5,1161.5,0,15.0,0.7456,0.000214,-3.78,30.34
2026-08-03 14:03:00,24587.1,1161.5,1161.5,1161.5,1161.5,0,15.0,0.7454,0.000214,-3.78,30.35
2026-08-03 14:04:00,24589.45,1161.5,1161.5,1161.5,1161.5,0,15.0,0.7459,0.000214,-3.77,30.32
2026-08-03 14:05:00,24589.45,1161.5,1161.5,1161.5,1161.5,0,15.0,0.7459,0.000214,-3.77,30.32
2026-08-03 14:06:00,24591.85,1161.5,1161.5,1161.5,1161.5,0,15.0,0.7464,0.000214,-3.77,30.29
2026-08-03 14:07:00,24590.1,1161.5,1161.5,1161.5,1161.5,0,15.0,0.746,0.000214,-3.77,30.31
2026-08-03 14:08:00,24589.35,1161.5,1161.5,1161.5,1161.5,0,15.0,0.7459,0.000214,-3.77,30.32
2026-08-03 14:09:00,24588.4,1161.5,1161.5,1161.5,1161.5,0,15.0,0.7457,0.000214,-3.78,30.33
2026-08-03 14:10:00,24587.1,1161.5,1161.5,1161.5,1161.5,0,15.0,0.7454,0.000214,-3.78,30.35
2026-08-03 14:11:00,24587.85,1161.5,1161.5,1161.5,1161.5,0,15.0,0.7455,0.000214,-3.78,30.34
2026-08-03 14:12:00,24592.1,1161.5,1161.5,1161.5,1161.5,0,15.0,0.7465,0.000214,-3.77,30.29
2026-08-03 14:13:00,24592.25,1161.5,1161.5,1161.5,1161.5,0,15.0,0.7465,0.000214,-3.77,30.28
2026-08-03 14:14:00,24593.5,1161.5,1161.5,1161.5,1161.5,0,15.0,0.7468,0.000213,-3.77,30.27
2026-08-03 14:15:00,24590.55,1161.5,1161.5,1161.5,1161.5,0,15.0,0.7461,0.000214,-3.77,30.31
2026-08-03 14:16:00,24590.0,1161.5,1161.5,1161.5,1161.5,0,15.0,0.746,0.000214,-3.77,30.31
2026-08-03 14:17:00,24587.95,1161.5,1161.5,1161.5,1161.5,0,15.0,0.7456,0.000214,-3.78,30.34
2026-08-03 14:18:00,24579.65,1161.5,1161.5,1161.5,1161.5,0,15.0,0.7438,0.000215,-3.79,30.45
2026-08-03 14:19:00,24583.85,1161.5,1161.5,1161.5,1161.5,0,15.0,0.7447,0.000214,-3.78,30.39
2026-08-03 14:20:00,24588.7,1161.5,1161.5,1161.5,1161.5,0,15.0,0.7457,0.000214,-3.78,30.33
2026-08-03 14:21:00,24587.15,1161.5,1161.5,1161.5,1161.5,0,15.0,0.7454,0.000214,-3.78,30.35
2026-08-03 14:22:00,24588.7,1161.5,1161.5,1161.5,1161.5,0,15.0,0.7457,0.000214,-3.78,30.33
2026-08-03 14:23:00,24583.2,1161.5,1161.5,1161.5,1161.5,0,15.0,0.7446,0.000215,-3.79,30.4
2026-08-03 14:24:00,24584.65,1161.5,1161.5,1161.5,1161.5,0,15.0,0.7449,0.000214,-3.78,30.38
2026-08-03 14:25:00,24585.25,1161.5,1161.5,1161.5,1161.5,0,15.0,0.745,0.000214,-3.78,30.37
2026-08-03 14:26:00,24589.0,1161.5,1161.5,1161.5,1161.5,0,15.0,0.7458,0.000214,-3.77,30.32
2026-08-03 14:27:00,24589.75,1161.5,1161.5,1161.5,1161.5,0,15.0,0.746,0.000214,-3.77,30.31
2026-08-03 14:28:00,24590.35,1161.5,1161.5,1161.5,1161.5,0,15.0,0.7461,0.000214,-3.77,30.3
2026-08-03 14:29:00,24589.85,1161.5,1161.5,1161.5,1161.5,0,15.0,0.746,0.000214,-3.77,30.31
2026-08-03 14:30:00,24588.3,1161.5,1161.5,1161.5,1161.5,0,15.0,0.7457,0.000214,-3.78,30.33
2026-08-03 14:31:00,24589.8,1161.5,1161.5,1161.5,1161.5,0,15.0,0.746,0.000214,-3.77,30.31
2026-08-03 14:32:00,24591.35,1161.5,1161.5,1161.5,1161.5,0,15.0,0.7463,0.000214,-3.77,30.29
2026-08-03 14:33:00,24589.3,1161.5,1161.5,1161.5,1161.5,0,15.0,0.7459,0.000214,-3.77,30.32
2026-08-03 14:34:00,24590.95,1161.5,1161.5,1161.5,1161.5,0,15.0,0.7462,0.000214,-3.77,30.3
2026-08-03 14:35:00,24592.15,1161.5,1161.5,1161.5,1161.5,0,15.0,0.7465,0.000214,-3.77,30.28
2026-08-03 14:36:00,24591.45,1161.5,1161.5,1161.5,1161.5,0,15.0,0.7463,0.000214,-3.77,30.29
2026-08-03 14:37:00,24596.45,1161.5,1161.5,1161.5,1161.5,0,15.0,0.7474,0.000213,-3.76,30.22
2026-08-03 14:38:00,24594.95,1161.5,1161.5,1161.5,1161.5,0,15.0,0.7471,0.000213,-3.76,30.24
2026-08-03 14:39:00,24597.6,1161.5,1161.5,1161.5,1161.5,0,15.0,0.7477,0.000213,-3.76,30.21
2026-08-03 14:40:00,24599.85,1161.5,1161.5,1161.5,1161.5,0,15.0,0.7481,0.000213,-3.75,30.18
2026-08-03 14:41:00,24594.8,1161.5,1161.5,1161.5,1161.5,0,15.0,0.7471,0.000213,-3.76,30.24
2026-08-03 14:42:00,24596.9,1161.5,1161.5,1161.5,1161.5,0,15.0,0.7475,0.000213,-3.76,30.22
2026-08-03 14:43:00,24596.0,1161.5,1161.5,1161.5,1161.5,0,15.0,0.7473,0.000213,-3.76,30.23
2026-08-03 14:44:00,24597.55,1161.5,1161.5,1161.5,1161.5,0,15.0,0.7477,0.000213,-3.76,30.21
2026-08-03 14:45:00,24598.15,1161.5,1161.5,1161.5,1161.5,0,15.0,0.7478,0.000213,-3.76,30.2
2026-08-03 14:46:00,24599.05,1161.5,1161.5,1161.5,1161.5,0,15.0,0.748,0.000213,-3.76,30.19
2026-08-03 14:47:00,24597.55,1161.5,1161.5,1161.5,1161.5,0,15.0,0.7477,0.000213,-3.76,30.21
2026-08-03 14:48:00,24596.9,1161.5,1161.5,1161.5,1161.5,0,15.0,0.7475,0.000213,-3.76,30.21
2026-08-03 14:49:00,24598.55,1161.5,1161.5,1161.5,1161.5,0,15.0,0.7479,0.000213,-3.76,30.19
2026-08-03 14:50:00,24597.3,1161.5,1161.5,1161.5,1161.5,0,15.0,0.7476,0.000213,-3.76,30.21
2026-08-03 14:51:00,24599.85,1161.5,1161.5,1161.5,1161.5,0,15.0,0.7482,0.000213,-3.75,30.17
2026-08-03 14:52:00,24594.95,1161.5,1161.5,1161.5,1161.5,0,15.0,0.7471,0.000213,-3.76,30.24
2026-08-03 14:53:00,24593.5,1161.5,1161.5,1161.5,1161.5,0,15.0,0.7468,0.000213,-3.77,30.26
2026-08-03 14:54:00,24592.7,1161.5,1161.5,1161.5,1161.5,0,15.0,0.7466,0.000214,-3.77,30.27
2026-08-03 14:55:00,24597.35,1161.5,1161.5,1161.5,1161.5,0,15.0,0.7476,0.000213,-3.76,30.21
2026-08-03 14:56:00,24595.5,1161.5,1161.5,1161.5,1161.5,0,15.0,0.7472,0.000213,-3.76,30.23
2026-08-03 14:57:00,24595.45,1161.5,1161.5,1161.5,1161.5,0,15.0,0.7472,0.000213,-3.76,30.23
2026-08-03 14:58:00,24595.6,1161.5,1161.5,1161.5,1161.5,0,15.0,0.7473,0.000213,-3.76,30.23
2026-08-03 14:59:00,24595.0,1161.5,1161.5,1161.5,1161.5,0,15.0,0.7471,0.000213,-3.76,30.24
2026-08-03 15:00:00,24593.55,1161.5,1161.5,1161.5,1161.5,0,15.0,0.7468,0.000213,-3.77,30.25
2026-08-03 15:01:00,24591.4,1161.5,1161.5,1161.5,1161.5,0,15.0,0.7464,0.000214,-3.77,30.28
2026-08-03 15:02:00,24593.1,1161.5,1161.5,1161.5,1161.5,0,15.0,0.7467,0.000214,-3.77,30.26
2026-08-03 15:03:00,24590.25,1161.5,1161.5,1161.5,1161.5,0,15.0,0.7461,0.000214,-3.77,30.3
2026-08-03 15:04:00,24583.9,1161.5,1161.5,1161.5,1161.5,0,15.0,0.7448,0.000215,-3.78,30.38
2026-08-03 15:05:00,24572.15,1161.5,1161.5,1161.5,1161.5,0,15.0,0.7422,0.000216,-3.81,30.53
2026-08-03 15:06:00,24577.3,1161.5,1161.5,1161.5,1161.5,0,15.0,0.7434,0.000215,-3.8,30.46
2026-08-03 15:07:00,24570.75,1161.5,1161.5,1161.5,1161.5,0,15.0,0.7419,0.000216,-3.81,30.55
2026-08-03 15:08:00,24566.35,1161.5,1161.5,1161.5,1161.5,0,15.0,0.741,0.000216,-3.82,30.6
2026-08-03 15:09:00,24571.05,1161.5,1161.5,1161.5,1161.5,0,15.0,0.742,0.000216,-3.81,30.54
2026-08-03 15:10:00,24565.75,1161.5,1161.5,1161.5,1161.5,0,15.0,0.7409,0.000216,-3.82,30.61
2026-08-03 15:11:00,24575.6,1161.5,1161.5,1161.5,1161.5,0,15.0,0.743,0.000215,-3.8,30.48
2026-08-03 15:12:00,24578.05,1161.5,1161.5,1161.5,1161.5,0,15.0,0.7435,0.000215,-3.8,30.45
2026-08-03 15:13:00,24575.3,1161.5,1161.5,1161.5,1161.5,0,15.0,0.7429,0.000215,-3.8,30.49
2026-08-03 15:14:00,24573.55,1161.5,1161.5,1161.5,1161.5,0,15.0,0.7426,0.000216,-3.8,30.51
2026-08-03 15:15:00,24573.35,1161.5,1161.5,1161.5,1161.5,0,15.0,0.7425,0.000216,-3.8,30.51
2026-08-03 15:16:00,24573.35,1161.5,1161.5,1161.5,1161.5,0,15.0,0.7425,0.000216,-3.8,30.51
2026-08-03 15:17:00,24573.35,1161.5,1161.5,1161.5,1161.5,0,15.0,0.7425,0.000216,-3.8,30.51
2026-08-03 15:18:00,24573.35,1161.5,1161.5,1161.5,1161.5,0,15.0,0.7425,0.000216,-3.8,30.51
2026-08-03 15:19:00,24573.35,1161.5,1161.5,1161.5,1161.5,0,15.0,0.7425,0.000216,-3.8,30.51
2026-08-03 15:20:00,24573.35,1161.5,1161.5,1161.5,1161.5,0,15.0,0.7425,0.000216,-3.8,30.51
2026-08-03 15:21:00,24573.35,1161.5,1161.5,1161.5,1161.5,0,15.0,0.7425,0.000216,-3.8,30.51
2026-08-03 15:22:00,24573.35,1161.5,1161.5,1161.5,1161.5,0,15.0,0.7425,0.000216,-3.8,30.51
2026-08-03 15:23:00,24573.35,1161.5,1161.5,1161.5,1161.5,0,15.0,0.7425,0.000216,-3.8,30.51
2026-08-03 15:24:00,24573.35,1161.5,1161.5,1161.5,1161.5,0,15.0,0.7425,0.000216,-3.8,30.51
2026-08-03 15:25:00,24573.35,1161.5,1161.5,1161.5,1161.5,0,15.0,0.7425,0.000216,-3.8,30.51
2026-08-03 15:26:00,24573.35,1161.5,1161.5,1161.5,1161.5,0,15.0,0.7425,0.000216,-3.8,30.51
2026-08-03 15:27:00,24573.35,1161.5,1161.5,1161.5,1161.5,0,15.0,0.7425,0.000216,-3.8,30.51
2026-08-03 15:28:00,24573.35,1161.5,1161.5,1161.5,1161.5,0,15.0,0.7425,0.000216,-3.8,30.51
2026-08-03 15:29:00,24774.3,1161.5,1161.5,1161.5,1161.5,0,15.0,0.7836,0.000193,-3.42,27.77
2026-08-18 10:27:00,24226.25,852.15,852.15,849.8,849.8,260,15.96,0.6758,0.00027,-5.36,29.19
2026-08-18 10:28:00,24227.05,849.8,849.8,849.8,849.8,0,15.0,0.6854,0.000283,-4.97,28.81
2026-08-18 10:29:00,24225.85,849.8,849.8,849.8,849.8,0,15.0,0.6851,0.000283,-4.97,28.82
2026-08-18 10:30:00,24229.95,849.8,849.8,849.8,849.8,0,15.0,0.6862,0.000283,-4.96,28.78
2026-08-18 10:31:00,24229.65,849.8,849.8,849.8,849.8,0,15.0,0.6862,0.000283,-4.96,28.78
2026-08-18 10:32:00,24226.0,849.8,849.8,849.8,849.8,0,15.0,0.6851,0.000283,-4.97,28.82
2026-08-18 10:33:00,24227.55,849.8,849.8,849.8,849.8,0,15.0,0.6856,0.000283,-4.97,28.8
2026-08-18 10:34:00,24231.2,849.8,849.8,849.8,849.8,0,15.0,0.6866,0.000282,-4.96,28.76
2026-08-18 10:35:00,24231.8,849.8,849.8,849.8,849.8,0,15.0,0.6868,0.000282,-4.96,28.76
2026-08-18 10:36:00,24228.6,849.8,849.8,849.8,849.8,0,15.0,0.6859,0.000283,-4.96,28.79
2026-08-18 10:37:00,24230.5,849.8,849.8,849.8,849.8,0,15.0,0.6864,0.000283,-4.96,28.77
2026-08-18 10:38:00,24230.75,849.8,849.8,849.8,849.8,0,15.0,0.6865,0.000282,-4.96,28.77
2026-08-18 10:39:00,24226.1,849.8,849.8,849.8,849.8,0,15.0,0.6852,0.000283,-4.97,28.81
2026-08-18 10:40:00,24217.55,849.8,849.8,849.8,849.8,0,15.0,0.6827,0.000284,-4.99,28.9
2026-08-18 10:41:00,24221.55,849.8,849.8,849.8,849.8,0,15.0,0.6839,0.000284,-4.98,28.86
2026-08-18 10:42:00,24212.9,849.8,849.8,849.8,849.8,0,15.0,0.6814,0.000285,-4.99,28.95
2026-08-18 10:43:00,24213.9,849.8,849.8,849.8,849.8,0,15.0,0.6817,0.000285,-4.99,28.94
2026-08-18 10:44:00,24214.8,849.8,849.8,849.8,849.8,0,15.0,0.682,0.000285,-4.99,28.93
2026-08-18 10:45:00,24210.25,849.8,849.8,849.8,849.8,0,15.0,0.6807,0.000285,-5.0,28.98
2026-08-18 10:46:00,24204.25,849.8,849.8,849.8,849.8,0,15.0,0.679,0.000286,-5.01,29.04
2026-08-18 10:47:00,24196.5,849.8,849.8,849.8,849.8,0,15.0,0.6767,0.000287,-5.03,29.11
2026-08-18 10:48:00,24202.65,849.8,849.8,849.8,849.8,0,15.0,0.6785,0.000286,-5.01,29.05
2026-08-18 10:49:00,24204.75,849.8,849.8,849.8,849.8,0,15.0,0.6791,0.000286,-5.01,29.03
2026-08-18 10:50:00,24207.95,849.8,849.8,849.8,849.8,0,15.0,0.68,0.000285,-5.0,29.0
2026-08-18 10:51:00,24197.75,849.8,849.8,849.8,849.8,0,15.0,0.6771,0.000287,-5.02,29.1
2026-08-18 10:52:00,24198.0,849.8,849.8,849.8,849.8,0,15.0,0.6772,0.000287,-5.02,29.1
2026-08-18 10:53:00,24194.45,849.8,849.8,849.8,849.8,0,15.0,0.6762,0.000287,-5.03,29.13
2026-08-18 10:54:00,24195.55,849.8,849.8,849.8,849.8,0,15.0,0.6765,0.000287,-5.03,29.12
2026-08-18 10:55:00,24189.25,849.8,849.8,849.8,849.8,0,15.0,0.6747,0.000288,-5.04,29.18
2026-08-18 10:56:00,24191.35,849.8,849.8,849.8,849.8,0,15.0,0.6753,0.000287,-5.04,29.16
2026-08-18 10:57:00,24193.35,849.8,849.8,849.8,849.8,0,15.0,0.6759,0.000287,-5.03,29.14
2026-08-18 10:58:00,24194.45,849.8,849.8,849.8,849.8,0,15.0,0.6762,0.000287,-5.03,29.13
2026-08-18 10:59:00,24200.25,849.8,849.8,849.8,849.8,0,15.0,0.6778,0.000286,-5.02,29.07
2026-08-18 11:00:00,24198.0,849.8,849.8,849.8,849.8,0,15.0,0.6772,0.000287,-5.02,29.09
2026-08-18 11:01:00,24197.8,849.8,849.8,849.8,849.8,0,15.0,0.6771,0.000287,-5.02,29.1
2026-08-18 11:02:00,24198.8,849.8,849.8,849.8,849.8,0,15.0,0.6774,0.000287,-5.02,29.09
2026-08-18 11:03:00,24203.65,849.8,849.8,849.8,849.8,0,15.0,0.6788,0.000286,-5.01,29.04
2026-08-18 11:04:00,24205.85,849.8,849.8,849.8,849.8,0,15.0,0.6794,0.000286,-5.01,29.01
2026-08-18 11:05:00,24203.4,849.8,849.8,849.8,849.8,0,15.0,0.6787,0.000286,-5.01,29.04
2026-08-18 11:06:00,24204.2,849.8,849.8,849.8,849.8,0,15.0,0.679,0.000286,-5.01,29.03
2026-08-18 11:07:00,24205.55,849.8,849.8,849.8,849.8,0,15.0,0.6794,0.000286,-5.01,29.02
2026-08-18 11:08:00,24208.75,849.8,849.8,849.8,849.8,0,15.0,0.6803,0.000285,-5.0,28.98
2026-08-18 11:09:00,24207.25,849.8,849.8,849.8,849.8,0,15.0,0.6798,0.000285,-5.01,29.0
2026-08-18 11:10:00,24204.9,849.8,849.8,849.8,849.8,0,15.0,0.6792,0.000286,-5.01,29.02
2026-08-18 11:11:00,24203.8,849.8,849.8,849.8,849.8,0,15.0,0.6789,0.000286,-5.01,29.03
2026-08-18 11:12:00,24200.5,849.8,849.8,849.8,849.8,0,15.0,0.6779,0.000286,-5.02,29.07
2026-08-18 11:13:00,24202.95,849.8,849.8,849.8,849.8,0,15.0,0.6786,0.000286,-5.02,29.04
2026-08-18 11:14:00,24202.35,849.8,849.8,849.8,849.8,0,15.0,0.6785,0.000286,-5.02,29.05
2026-08-18 11:15:00,24206.9,849.8,849.8,849.8,849.8,0,15.0,0.6798,0.000286,-5.01,29.0
2026-08-18 11:16:00,24202.3,849.8,849.8,849.8,849.8,0,15.0,0.6784,0.000286,-5.02,29.05
2026-08-18 11:17:00,24199.75,849.8,849.8,849.8,849.8,0,15.0,0.6777,0.000286,-5.02,29.07
2026-08-18 11:18:00,24195.3,849.8,849.8,849.8,849.8,0,15.0,0.6764,0.000287,-5.03,29.12
2026-08-18 11:19:00,24197.75,849.8,849.8,849.8,849.8,0,15.0,0.6771,0.000287,-5.03,29.09
2026-08-18 11:20:00,24195.5,849.8,849.8,849.8,849.8,0,15.0,0.6765,0.000287,-5.03,29.11
2026-08-18 11:21:00,24191.65,849.8,849.8,849.8,849.8,0,15.0,0.6754,0.000287,-5.04,29.15
2026-08-18 11:22:00,24192.25,849.8,849.8,849.8,849.8,0,15.0,0.6756,0.000287,-5.04,29.15
2026-08-18 11:23:00,24190.9,849.8,849.8,849.8,849.8,0,15.0,0.6752,0.000288,-5.04,29.16
2026-08-18 11:24:00,24195.75,849.8,849.8,849.8,849.8,0,15.0,0.6766,0.000287,-5.03,29.11
2026-08-18 11:25:00,24192.25,849.8,849.8,849.8,849.8,0,15.0,0.6756,0.000287,-5.04,29.15
2026-08-18 11:26:00,24190.3,849.8,849.8,849.8,849.8,0,15.0,0.675,0.000288,-5.04,29.16
2026-08-18 11:27:00,24185.35,849.8,849.8,849.8,849.8,0,15.0,0.6736,0.000288,-5.05,29.21
2026-08-18 11:28:00,24185.8,849.8,849.8,849.8,849.8,0,15.0,0.6737,0.000288,-5.05,29.21
2026-08-18 11:29:00,24182.65,849.8,849.8,849.8,849.8,0,15.0,0.6728,0.000289,-5.05,29.24
2026-08-18 11:30:00,24175.0,825.85,825.85,817.0,817.0,195,16.01,0.6614,0.000274,-5.48,29.65
2026-08-18 11:31:00,24176.95,817.0,817.0,817.0,817.0,0,15.0,0.6712,0.000289,-5.06,29.29
2026-08-18 11:32:00,24185.6,817.0,817.0,817.0,817.0,0,15.0,0.6737,0.000288,-5.05,29.21
2026-08-18 11:33:00,24184.75,817.0,817.0,817.0,817.0,0,15.0,0.6734,0.000288,-5.05,29.22
2026-08-18 11:34:00,24190.65,817.0,817.0,817.0,817.0,0,15.0,0.6751,0.000288,-5.04,29.16
2026-08-18 11:35:00,24192.4,817.0,817.0,817.0,817.0,0,15.0,0.6756,0.000287,-5.04,29.14
2026-08-18 11:36:00,24191.65,817.0,817.0,817.0,817.0,0,15.0,0.6754,0.000287,-5.04,29.15
2026-08-18 11:37:00,24190.6,817.0,817.0,817.0,817.0,0,15.0,0.6751,0.000288,-5.04,29.16
2026-08-18 11:38:00,24199.1,817.0,817.0,817.0,817.0,0,15.0,0.6776,0.000287,-5.02,29.07
2026-08-18 11:39:00,24196.6,817.0,817.0,817.0,817.0,0,15.0,0.6768,0.000287,-5.03,29.1
2026-08-18 11:40:00,24195.45,817.0,817.0,817.0,817.0,0,15.0,0.6765,0.000287,-5.03,29.11
2026-08-18 11:41:00,24196.95,817.0,817.0,817.0,817.0,0,15.0,0.6769,0.000287,-5.03,29.09
2026-08-18 11:42:00,24198.5,817.0,817.0,817.0,817.0,0,15.0,0.6774,0.000287,-5.02,29.08
2026-08-18 11:43:00,24198.4,817.0,817.0,817.0,817.0,0,15.0,0.6774,0.000287,-5.02,29.08
2026-08-18 11:44:00,24198.4,817.0,817.0,817.0,817.0,0,15.0,0.6774,0.000287,-5.02,29.08
2026-08-18 11:45:00,24198.95,817.0,817.0,817.0,817.0,0,15.0,0.6775,0.000287,-5.02,29.07
2026-08-18 11:46:00,24199.9,817.0,817.0,817.0,817.0,0,15.0,0.6778,0.000286,-5.02,29.06
2026-08-18 11:47:00,24199.55,817.0,817.0,817.0,817.0,0,15.0,0.6777,0.000287,-5.02,29.07
2026-08-18 11:48:00,24198.05,817.0,817.0,817.0,817.0,0,15.0,0.6773,0.000287,-5.03,29.08
2026-08-18 11:49:00,24200.1,817.0,817.0,817.0,817.0,0,15.0,0.6779,0.000286,-5.02,29.06
2026-08-18 11:50:00,24211.7,817.0,817.0,817.0,817.0,0,15.0,0.6812,0.000285,-5.0,28.94
2026-08-18 11:51:00,24206.0,817.0,817.0,817.0,817.0,0,15.0,0.6795,0.000286,-5.01,29.0
2026-08-18 11:52:00,24206.45,817.0,817.0,817.0,817.0,0,15.0,0.6797,0.000286,-5.01,29.0
2026-08-18 11:53:00,24205.65,817.0,817.0,817.0,817.0,0,15.0,0.6795,0.000286,-5.01,29.0
2026-08-18 11:54:00,24199.2,817.0,817.0,817.0,817.0,0,15.0,0.6776,0.000287,-5.02,29.07
2026-08-18 11:55:00,24200.85,817.0,817.0,817.0,817.0,0,15.0,0.6781,0.000286,-5.02,29.05
2026-08-18 11:56:00,24199.0,817.0,817.0,817.0,817.0,0,15.0,0.6776,0.000287,-5.02,29.07
2026-08-18 11:57:00,24204.4,817.0,817.0,817.0,817.0,0,15.0,0.6791,0.000286,-5.01,29.01
2026-08-18 11:58:00,24204.6,817.0,817.0,817.0,817.0,0,15.0,0.6792,0.000286,-5.01,29.01
2026-08-18 11:59:00,24206.8,817.0,817.0,817.0,817.0,0,15.0,0.6798,0.000286,-5.01,28.99
2026-08-18 12:00:00,24207.05,817.0,817.0,817.0,817.0,0,15.0,0.6799,0.000286,-5.01,28.99
2026-08-18 12:01:00,24203.1,817.0,817.0,817.0,817.0,0,15.0,0.6787,0.000286,-5.02,29.03
2026-08-18 12:02:00,24206.95,817.0,817.0,817.0,817.0,0,15.0,0.6798,0.000286,-5.01,28.99
2026-08-18 12:03:00,24209.85,817.0,817.0,817.0,817.0,0,15.0,0.6807,0.000285,-5.0,28.96
2026-08-18 12:04:00,24213.15,817.0,817.0,817.0,817.0,0,15.0,0.6816,0.000285,-5.0,28.92
2026-08-18 12:05:00,24215.45,817.0,817.0,817.0,817.0,0,15.0,0.6823,0.000285,-4.99,28.9
2026-08-18 12:06:00,24214.75,817.0,817.0,817.0,817.0,0,15.0,0.6821,0.000285,-4.99,28.91
2026-08-18 12:07:00,24219.5,817.0,817.0,817.0,817.0,0,15.0,0.6834,0.000284,-4.98,28.86
2026-08-18 12:08:00,24215.15,817.0,817.0,817.0,817.0,0,15.0,0.6822,0.000285,-4.99,28.9
2026-08-18 12:09:00,24215.8,817.0,817.0,817.0,817.0,0,15.0,0.6824,0.000285,-4.99,28.9
2026-08-18 12:10:00,24217.7,817.0,817.0,817.0,817.0,0,15.0,0.6829,0.000284,-4.99,28.88
2026-08-18 12:11:00,24217.65,817.0,817.0,817.0,817.0,0,15.0,0.6829,0.000284,-4.99,28.88
2026-08-18 12:12:00,24214.4,817.0,817.0,817.0,817.0,0,15.0,0.682,0.000285,-4.99,28.91
2026-08-18 12:13:00,24211.45,817.0,817.0,817.0,817.0,0,15.0,0.6811,0.000285,-5.0,28.94
2026-08-18 12:14:00,24212.95,817.0,817.0,817.0,817.0,0,15.0,0.6816,0.000285,-5.0,28.92
2026-08-18 12:15:00,24211.9,817.0,817.0,817.0,817.0,0,15.0,0.6813,0.000285,-5.0,28.93
2026-08-18 12:16:00,24207.9,817.0,817.0,817.0,817.0,0,15.0,0.6801,0.000286,-5.01,28.97
2026-08-18 12:17:00,24208.4,817.0,817.0,817.0,817.0,0,15.0,0.6803,0.000285,-5.01,28.97
2026-08-18 12:18:00,24210.6,817.0,817.0,817.0,817.0,0,15.0,0.6809,0.000285,-5.0,28.95
2026-08-18 12:19:00,24209.2,817.0,817.0,817.0,817.0,0,15.0,0.6805,0.000285,-5.01,28.96
2026-08-18 12:20:00,24207.2,817.0,817.0,817.0,817.0,0,15.0,0.6799,0.000286,-5.01,28.98
2026-08-18 12:21:00,24205.4,817.0,817.0,817.0,817.0,0,15.0,0.6794,0.000286,-5.01,29.0
2026-08-18 12:22:00,24209.0,817.0,817.0,817.0,817.0,0,15.0,0.6804,0.000285,-5.01,28.96
2026-08-18 12:23:00,24208.15,817.0,817.0,817.0,817.0,0,15.0,0.6802,0.000286,-5.01,28.97
2026-08-18 12:24:00,24206.15,817.0,817.0,817.0,817.0,0,15.0,0.6796,0.000286,-5.01,28.99
2026-08-18 12:25:00,24208.65,817.0,817.0,817.0,817.0,0,15.0,0.6804,0.000285,-5.01,28.96
2026-08-18 12:26:00,24207.65,817.0,817.0,817.0,817.0,0,15.0,0.6801,0.000286,-5.01,28.97
2026-08-18 12:27:00,24208.5,817.0,817.0,817.0,817.0,0,15.0,0.6803,0.000285,-5.01,28.96
2026-08-18 12:28:00,24213.45,817.0,817.0,817.0,817.0,0,15.0,0.6817,0.000285,-5.0,28.91
2026-08-18 12:29:00,24212.8,817.0,817.0,817.0,817.0,0,15.0,0.6815,0.000285,-5.0,28.92
2026-08-18 12:30:00,24217.05,817.0,817.0,817.0,817.0,0,15.0,0.6828,0.000284,-4.99,28.88
2026-08-18 12:31:00,24216.4,817.0,817.0,817.0,817.0,0,15.0,0.6826,0.000285,-4.99,28.88
2026-08-18 12:32:00,24214.45,817.0,817.0,817.0,817.0,0,15.0,0.682,0.000285,-5.0,28.9
2026-08-18 12:33:00,24214.65,817.0,817.0,817.0,817.0,0,15.0,0.6821,0.000285,-5.0,28.9
2026-08-18 12:34:00,24214.7,817.0,817.0,817.0,817.0,0,15.0,0.6821,0.000285,-5.0,28.9
2026-08-18 12:35:00,24216.2,817.0,817.0,817.0,817.0,0,15.0,0.6825,0.000285,-4.99,28.88
2026-08-18 12:36:00,24214.5,817.0,817.0,817.0,817.0,0,15.0,0.682,0.000285,-5.0,28.9
2026-08-18 12:37:00,24210.4,817.0,817.0,817.0,817.0,0,15.0,0.6809,0.000285,-5.0,28.94
2026-08-18 12:38:00,24208.9,817.0,817.0,817.0,817.0,0,15.0,0.6804,0.000285,-5.01,28.96
2026-08-18 12:39:00,24208.25,817.0,817.0,817.0,817.0,0,15.0,0.6803,0.000286,-5.01,28.96
2026-08-18 12:40:00,24205.2,817.0,817.0,817.0,817.0,0,15.0,0.6794,0.000286,-5.01,28.99
2026-08-18 12:41:00,24204.05,817.0,817.0,817.0,817.0,0,15.0,0.6791,0.000286,-5.02,29.01
2026-08-18 12:42:00,24201.65,817.0,817.0,817.0,817.0,0,15.0,0.6784,0.000286,-5.02,29.03
2026-08-18 12:43:00,24201.45,817.0,817.0,817.0,817.0,0,15.0,0.6783,0.000286,-5.02,29.03
2026-08-18 12:44:00,24198.05,817.0,817.0,817.0,817.0,0,15.0,0.6773,0.000287,-5.03,29.06
2026-08-18 12:45:00,24201.25,817.0,817.0,817.0,817.0,0,15.0,0.6783,0.000286,-5.02,29.03
2026-08-18 12:46:00,24197.9,817.0,817.0,817.0,817.0,0,15.0,0.6773,0.000287,-5.03,29.07
2026-08-18 12:47:00,24198.2,817.0,817.0,817.0,817.0,0,15.0,0.6774,0.000287,-5.03,29.06
2026-08-18 12:48:00,24201.55,817.0,817.0,817.0,817.0,0,15.0,0.6784,0.000286,-5.02,29.03
2026-08-18 12:49:00,24205.55,817.0,817.0,817.0,817.0,0,15.0,0.6795,0.000286,-5.01,28.99
2026-08-18 12:50:00,24206.15,817.0,817.0,817.0,817.0,0,15.0,0.6797,0.000286,-5.01,28.98
2026-08-18 12:51:00,24208.75,817.0,817.0,817.0,817.0,0,15.0,0.6804,0.000285,-5.01,28.96
2026-08-18 12:52:00,24207.8,817.0,817.0,817.0,817.0,0,15.0,0.6801,0.000286,-5.01,28.96
2026-08-18 12:53:00,24205.7,817.0,817.0,817.0,817.0,0,15.0,0.6795,0.000286,-5.01,28.99
2026-08-18 12:54:00,24206.5,817.0,817.0,817.0,817.0,0,15.0,0.6798,0.000286,-5.01,28.98
2026-08-18 12:55:00,24208.25,817.0,817.0,817.0,817.0,0,15.0,0.6803,0.000286,-5.01,28.96
2026-08-18 12:56:00,24204.5,817.0,817.0,817.0,817.0,0,15.0,0.6792,0.000286,-5.02,29.0
2026-08-18 12:57:00,24202.65,817.0,817.0,817.0,817.0,0,15.0,0.6787,0.000286,-5.02,29.02
2026-08-18 12:58:00,24203.15,817.0,817.0,817.0,817.0,0,15.0,0.6788,0.000286,-5.02,29.01
2026-08-18 12:59:00,24199.05,817.0,817.0,817.0,817.0,0,15.0,0.6776,0.000287,-5.03,29.05
2026-08-18 13:00:00,24190.9,817.0,817.0,817.0,817.0,0,15.0,0.6753,0.000288,-5.04,29.13
2026-08-18 13:01:00,24190.55,817.0,817.0,817.0,817.0,0,15.0,0.6752,0.000288,-5.04,29.13
2026-08-18 13:02:00,24195.7,817.0,817.0,817.0,817.0,0,15.0,0.6767,0.000287,-5.03,29.08
2026-08-18 13:03:00,24192.2,817.0,817.0,817.0,817.0,0,15.0,0.6757,0.000288,-5.04,29.12
2026-08-18 13:04:00,24193.7,817.0,817.0,817.0,817.0,0,15.0,0.6761,0.000287,-5.04,29.1
2026-08-18 13:05:00,24187.5,817.0,817.0,817.0,817.0,0,15.0,0.6743,0.000288,-5.05,29.16
2026-08-18 13:06:00,24187.85,817.0,817.0,817.0,817.0,0,15.0,0.6744,0.000288,-5.05,29.16
2026-08-18 13:07:00,24193.7,817.0,817.0,817.0,817.0,0,15.0,0.6761,0.000287,-5.04,29.1
2026-08-18 13:08:00,24195.2,817.0,817.0,817.0,817.0,0,15.0,0.6766,0.000287,-5.03,29.09
2026-08-18 13:09:00,24198.75,817.0,817.0,817.0,817.0,0,15.0,0.6776,0.000287,-5.03,29.05
2026-08-18 13:10:00,24198.6,817.0,817.0,817.0,817.0,0,15.0,0.6775,0.000287,-5.03,29.05
2026-08-18 13:11:00,24199.65,817.0,817.0,817.0,817.0,0,15.0,0.6778,0.000287,-5.03,29.04
2026-08-18 13:12:00,24201.65,817.0,817.0,817.0,817.0,0,15.0,0.6784,0.000286,-5.02,29.02
2026-08-18 13:13:00,24202.7,817.0,817.0,817.0,817.0,0,15.0,0.6787,0.000286,-5.02,29.01
2026-08-18 13:14:00,24202.6,817.0,817.0,817.0,817.0,0,15.0,0.6787,0.000286,-5.02,29.01
2026-08-18 13:15:00,24205.6,817.0,817.0,817.0,817.0,0,15.0,0.6795,0.000286,-5.01,28.98
2026-08-18 13:16:00,24204.85,817.0,817.0,817.0,817.0,0,15.0,0.6793,0.000286,-5.02,28.99
2026-08-18 13:17:00,24207.15,817.0,817.0,817.0,817.0,0,15.0,0.68,0.000286,-5.01,28.96
2026-08-18 13:18:00,24208.6,817.0,817.0,817.0,817.0,0,15.0,0.6804,0.000286,-5.01,28.95
2026-08-18 13:19:00,24206.95,817.0,817.0,817.0,817.0,0,15.0,0.6799,0.000286,-5.01,28.97
2026-08-18 13:20:00,24203.1,817.0,817.0,817.0,817.0,0,15.0,0.6788,0.000286,-5.02,29.0
2026-08-18 13:21:00,24203.05,817.0,817.0,817.0,817.0,0,15.0,0.6788,0.000286,-5.02,29.0
2026-08-18 13:22:00,24204.35,817.0,817.0,817.0,817.0,0,15.0,0.6792,0.000286,-5.02,28.99
2026-08-18 13:23:00,24203.5,817.0,817.0,817.0,817.0,0,15.0,0.679,0.000286,-5.02,29.0
2026-08-18 13:24:00,24204.2,817.0,817.0,817.0,817.0,0,15.0,0.6792,0.000286,-5.02,28.99
2026-08-18 13:25:00,24201.65,817.0,817.0,817.0,817.0,0,15.0,0.6784,0.000286,-5.02,29.02
2026-08-18 13:26:00,24202.2,817.0,817.0,817.0,817.0,0,15.0,0.6786,0.000286,-5.02,29.01
2026-08-18 13:27:00,24200.7,817.0,817.0,817.0,817.0,0,15.0,0.6782,0.000287,-5.02,29.03
2026-08-18 13:28:00,24200.75,817.0,817.0,817.0,817.0,0,15.0,0.6782,0.000287,-5.02,29.03
2026-08-18 13:29:00,24207.85,817.0,817.0,817.0,817.0,0,15.0,0.6802,0.000286,-5.01,28.95
2026-08-18 13:30:00,24206.1,817.0,817.0,817.0,817.0,0,15.0,0.6797,0.000286,-5.01,28.97
2026-08-18 13:31:00,24208.25,817.0,817.0,817.0,817.0,0,15.0,0.6803,0.000286,-5.01,28.95
2026-08-18 13:32:00,24205.4,817.0,817.0,817.0,817.0,0,15.0,0.6795,0.000286,-5.02,28.98
2026-08-18 13:33:00,24205.7,817.0,817.0,817.0,817.0,0,15.0,0.6796,0.000286,-5.01,28.97
2026-08-18 13:34:00,24203.15,817.0,817.0,817.0,817.0,0,15.0,0.6789,0.000286,-5.02,29.0
2026-08-18 13:35:00,24202.7,817.0,817.0,817.0,817.0,0,15.0,0.6787,0.000286,-5.02,29.0
2026-08-18 13:36:00,24194.2,817.0,817.0,817.0,817.0,0,15.0,0.6763,0.000287,-5.04,29.09
2026-08-18 13:37:00,24193.9,817.0,821.85,817.0,821.85,65,15.77,0.6689,0.000276,-5.35,29.37
2026-08-18 13:38:00,24196.0,821.85,821.85,821.85,821.85,0,15.0,0.6768,0.000287,-5.03,29.07
2026-08-18 13:39:00,24194.75,821.85,821.85,821.85,821.85,0,15.0,0.6765,0.000287,-5.04,29.08
2026-08-18 13:40:00,24195.7,821.85,821.85,821.85,821.85,0,15.0,0.6767,0.000287,-5.03,29.07
2026-08-18 13:41:00,24198.5,821.85,821.85,821.85,821.85,0,15.0,0.6775,0.000287,-5.03,29.04
2026-08-18 13:42:00,24197.4,821.85,821.85,821.85,821.85,0,15.0,0.6772,0.000287,-5.03,29.05
2026-08-18 13:43:00,24197.05,821.85,821.85,821.85,821.85,0,15.0,0.6771,0.000287,-5.03,29.06
2026-08-18 13:44:00,24202.0,821.85,821.85,821.85,821.85,0,15.0,0.6786,0.000286,-5.02,29.01
2026-08-18 13:45:00,24206.2,821.85,821.85,821.85,821.85,0,15.0,0.6798,0.000286,-5.01,28.97
2026-08-18 13:46:00,24203.95,821.85,821.85,821.85,821.85,0,15.0,0.6791,0.000286,-5.02,28.99
2026-08-18 13:47:00,24205.3,821.85,821.85,821.85,821.85,0,15.0,0.6795,0.000286,-5.02,28.97
2026-08-18 13:48:00,24204.8,821.85,821.85,821.85,821.85,0,15.0,0.6794,0.000286,-5.02,28.98
2026-08-18 13:49:00,24204.7,821.85,821.85,821.85,821.85,0,15.0,0.6793,0.000286,-5.02,28.98
2026-08-18 13:50:00,24201.85,821.85,821.85,821.85,821.85,0,15.0,0.6785,0.000286,-5.02,29.01
2026-08-18 13:51:00,24199.2,821.85,821.85,821.85,821.85,0,15.0,0.6778,0.000287,-5.03,29.03
2026-08-18 13:52:00,24195.0,821.85,821.85,821.85,821.85,0,15.0,0.6766,0.000287,-5.04,29.08
2026-08-18 13:53:00,24197.55,821.85,821.85,821.85,821.85,0,15.0,0.6773,0.000287,-5.03,29.05
2026-08-18 13:54:00,24196.15,821.85,821.85,821.85,821.85,0,15.0,0.6769,0.000287,-5.03,29.06
2026-08-18 13:55:00,24198.65,821.85,821.85,821.85,821.85,0,15.0,0.6776,0.000287,-5.03,29.04
2026-08-18 13:56:00,24193.65,821.85,821.85,821.85,821.85,0,15.0,0.6762,0.000287,-5.04,29.09
2026-08-18 13:57:00,24189.5,821.85,821.85,821.85,821.85,0,15.0,0.675,0.000288,-5.05,29.13
2026-08-18 13:58:00,24189.85,821.85,821.85,821.85,821.85,0,15.0,0.6751,0.000288,-5.05,29.13
2026-08-18 13:59:00,24190.8,821.85,821.85,821.85,821.85,0,15.0,0.6754,0.000288,-5.04,29.12
2026-08-18 14:00:00,24193.2,821.85,821.85,821.85,821.85,0,15.0,0.6761,0.000288,-5.04,29.09
2026-08-18 14:01:00,24192.2,821.85,821.85,821.85,821.85,0,15.0,0.6758,0.000288,-5.04,29.1
2026-08-18 14:02:00,24199.35,821.85,821.85,821.85,821.85,0,15.0,0.6778,0.000287,-5.03,29.03
2026-08-18 14:03:00,24200.0,821.85,821.85,821.85,821.85,0,15.0,0.678,0.000287,-5.03,29.02
2026-08-18 14:04:00,24206.75,821.85,821.85,821.85,821.85,0,15.0,0.6799,0.000286,-5.01,28.95
2026-08-18 14:05:00,24196.7,821.85,821.85,821.85,821.85,0,15.0,0.6771,0.000287,-5.03,29.06
2026-08-18 14:06:00,24200.25,821.85,821.85,821.85,821.85,0,15.0,0.6781,0.000287,-5.03,29.02
2026-08-18 14:07:00,24200.2,821.85,821.85,821.85,821.85,0,15.0,0.6781,0.000287,-5.03,29.02
2026-08-18 14:08:00,24196.15,821.85,821.85,821.85,821.85,0,15.0,0.6769,0.000287,-5.03,29.06
2026-08-18 14:09:00,24195.95,821.85,821.85,821.85,821.85,0,15.0,0.6769,0.000287,-5.03,29.06
2026-08-18 14:10:00,24193.4,821.85,821.85,821.85,821.85,0,15.0,0.6761,0.000288,-5.04,29.09
2026-08-18 14:11:00,24189.45,821.85,821.85,821.85,821.85,0,15.0,0.675,0.000288,-5.05,29.13
2026-08-18 14:12:00,24191.85,821.85,821.85,821.85,821.85,0,15.0,0.6757,0.000288,-5.04,29.1
2026-08-18 14:13:00,24193.55,821.85,821.85,821.85,821.85,0,15.0,0.6762,0.000288,-5.04,29.08
2026-08-18 14:14:00,24195.55,821.85,821.85,821.85,821.85,0,15.0,0.6767,0.000287,-5.04,29.06
2026-08-18 14:15:00,24192.05,821.85,821.85,821.85,821.85,0,15.0,0.6757,0.000288,-5.04,29.1
2026-08-18 14:16:00,24194.3,821.85,821.85,821.85,821.85,0,15.0,0.6764,0.000287,-5.04,29.08
2026-08-18 14:17:00,24194.05,821.85,821.85,821.85,821.85,0,15.0,0.6763,0.000287,-5.04,29.08
2026-08-18 14:18:00,24196.7,821.85,821.85,821.85,821.85,0,15.0,0.6771,0.000287,-5.03,29.05
2026-08-18 14:19:00,24191.0,821.85,821.85,821.85,821.85,0,15.0,0.6754,0.000288,-5.04,29.11
2026-08-18 14:20:00,24194.65,821.85,821.85,821.85,821.85,0,15.0,0.6765,0.000287,-5.04,29.07
2026-08-18 14:21:00,24193.1,821.85,821.85,821.85,821.85,0,15.0,0.676,0.000288,-5.04,29.09
2026-08-18 14:22:00,24191.25,821.85,821.85,821.85,821.85,0,15.0,0.6755,0.000288,-5.04,29.1
2026-08-18 14:23:00,24187.45,821.85,821.85,821.85,821.85,0,15.0,0.6744,0.000288,-5.05,29.14
2026-08-18 14:24:00,24193.75,821.85,821.85,821.85,821.85,0,15.0,0.6762,0.000288,-5.04,29.08
2026-08-18 14:25:00,24196.25,821.85,821.85,821.85,821.85,0,15.0,0.677,0.000287,-5.03,29.05
2026-08-18 14:26:00,24194.65,821.85,821.85,821.85,821.85,0,15.0,0.6765,0.000287,-5.04,29.07
2026-08-18 14:27:00,24187.55,821.85,821.85,821.85,821.85,0,15.0,0.6745,0.000288,-5.05,29.14
2026-08-18 14:28:00,24195.15,821.85,827.2,821.85,827.2,65,15.93,0.6679,0.000274,-5.42,29.4
2026-08-18 14:29:00,24199.1,827.2,827.2,827.2,827.2,0,15.0,0.6778,0.000287,-5.03,29.02
2026-08-18 14:30:00,24203.45,827.2,827.2,827.2,827.2,0,15.0,0.679,0.000286,-5.02,28.98
2026-08-18 14:31:00,24196.9,827.2,827.2,827.2,827.2,0,15.0,0.6772,0.000287,-5.03,29.05
2026-08-18 14:32:00,24198.9,827.2,827.2,827.2,827.2,0,15.0,0.6777,0.000287,-5.03,29.03
2026-08-18 14:33:00,24199.6,827.2,827.2,827.2,827.2,0,15.0,0.6779,0.000287,-5.03,29.02
2026-08-18 14:34:00,24198.55,827.2,827.2,827.2,827.2,0,15.0,0.6776,0.000287,-5.03,29.03
2026-08-18 14:35:00,24194.1,827.2,827.2,827.2,827.2,0,15.0,0.6764,0.000287,-5.04,29.07
2026-08-18 14:36:00,24194.7,827.2,827.2,827.2,827.2,0,15.0,0.6765,0.000287,-5.04,29.07
2026-08-18 14:37:00,24197.25,827.2,827.2,827.2,827.2,0,15.0,0.6773,0.000287,-5.03,29.04
2026-08-18 14:38:00,24199.55,827.2,827.2,827.2,827.2,0,15.0,0.6779,0.000287,-5.03,29.02
2026-08-18 14:39:00,24201.55,827.2,827.2,827.2,827.2,0,15.0,0.6785,0.000287,-5.02,29.0
2026-08-18 14:40:00,24203.5,827.2,827.2,827.2,827.2,0,15.0,0.6791,0.000286,-5.02,28.98
2026-08-18 14:41:00,24201.75,827.2,827.2,827.2,827.2,0,15.0,0.6786,0.000287,-5.02,28.99
2026-08-18 14:42:00,24200.9,827.2,827.2,827.2,827.2,0,15.0,0.6783,0.000287,-5.03,29.0
2026-08-18 14:43:00,24199.2,827.2,827.2,827.2,827.2,0,15.0,0.6778,0.000287,-5.03,29.02
2026-08-18 14:44:00,24205.2,827.2,827.2,827.2,827.2,0,15.0,0.6796,0.000286,-5.02,28.96
2026-08-18 14:45:00,24200.65,827.2,827.2,827.2,827.2,0,15.0,0.6782,0.000287,-5.03,29.0
2026-08-18 14:46:00,24208.45,827.2,827.2,827.2,827.2,0,15.0,0.6805,0.000286,-5.01,28.93
2026-08-18 14:47:00,24205.35,827.2,827.2,827.2,827.2,0,15.0,0.6796,0.000286,-5.02,28.96
2026-08-18 14:48:00,24205.45,827.2,827.2,827.2,827.2,0,15.0,0.6796,0.000286,-5.02,28.96
2026-08-18 14:49:00,24207.1,827.2,827.2,827.2,827.2,0,15.0,0.6801,0.000286,-5.01,28.94
2026-08-18 14:50:00,24211.5,827.2,827.2,827.2,827.2,0,15.0,0.6814,0.000285,-5.01,28.89
2026-08-18 14:51:00,24213.85,827.2,827.2,827.2,827.2,0,15.0,0.682,0.000285,-5.0,28.87
2026-08-18 14:52:00,24209.75,827.2,827.2,827.2,827.2,0,15.0,0.6809,0.000286,-5.01,28.91
2026-08-18 14:53:00,24205.9,827.2,827.2,827.2,827.2,0,15.0,0.6798,0.000286,-5.02,28.95
2026-08-18 14:54:00,24206.1,827.2,827.2,827.2,827.2,0,15.0,0.6798,0.000286,-5.02,28.95
2026-08-18 14:55:00,24212.1,827.2,827.2,827.2,827.2,0,15.0,0.6815,0.000285,-5.01,28.89
2026-08-18 14:56:00,24213.0,827.2,827.2,827.2,827.2,0,15.0,0.6818,0.000285,-5.0,28.88
2026-08-18 14:57:00,24218.1,827.2,827.2,827.2,827.2,0,15.0,0.6832,0.000285,-4.99,28.82
2026-08-18 14:58:00,24215.3,827.2,827.2,827.2,827.2,0,15.0,0.6825,0.000285,-5.0,28.85
2026-08-18 14:59:00,24214.3,827.2,827.2,827.2,827.2,0,15.0,0.6822,0.000285,-5.0,28.86
2026-08-18 15:00:00,24228.25,827.2,827.2,827.2,827.2,0,15.0,0.6861,0.000283,-4.97,28.72
2026-08-18 15:01:00,24220.3,827.2,827.2,827.2,827.2,0,15.0,0.6839,0.000284,-4.99,28.8
2026-08-18 15:02:00,24219.45,827.2,827.2,827.2,827.2,0,15.0,0.6836,0.000284,-4.99,28.81
2026-08-18 15:03:00,24210.5,827.2,827.2,827.2,827.2,0,15.0,0.6811,0.000286,-5.01,28.9
2026-08-18 15:04:00,24203.2,827.2,827.2,827.2,827.2,0,15.0,0.679,0.000286,-5.02,28.97
2026-08-18 15:05:00,24205.55,827.2,827.2,827.2,827.2,0,15.0,0.6797,0.000286,-5.02,28.95
2026-08-18 15:06:00,24198.85,827.2,827.2,827.2,827.2,0,15.0,0.6778,0.000287,-5.03,29.02
2026-08-18 15:07:00,24196.2,827.2,827.2,827.2,827.2,0,15.0,0.677,0.000287,-5.04,29.04
2026-08-18 15:08:00,24200.05,827.2,827.2,827.2,827.2,0,15.0,0.6781,0.000287,-5.03,29.0
2026-08-18 15:09:00,24197.3,827.2,827.2,827.2,827.2,0,15.0,0.6773,0.000287,-5.03,29.03
2026-08-18 15:10:00,24198.45,827.2,827.2,827.2,827.2,0,15.0,0.6777,0.000287,-5.03,29.02
2026-08-18 15:11:00,24198.85,827.2,827.2,827.2,827.2,0,15.0,0.6778,0.000287,-5.03,29.02
2026-08-18 15:12:00,24191.95,827.2,827.2,827.2,827.2,0,15.0,0.6758,0.000288,-5.04,29.08
2026-08-18 15:13:00,24185.15,827.2,827.2,827.2,827.2,0,15.0,0.6738,0.000289,-5.06,29.15
2026-08-18 15:14:00,24165.8,827.2,827.2,827.2,827.2,0,15.0,0.6682,0.000291,-5.09,29.34
2026-08-18 15:15:00,24166.35,827.2,827.2,827.2,827.2,0,15.0,0.6684,0.000291,-5.09,29.33
2026-08-18 15:16:00,24166.35,827.2,827.2,827.2,827.2,0,15.0,0.6684,0.000291,-5.09,29.33
2026-08-18 15:17:00,24166.35,827.2,827.2,827.2,827.2,0,15.0,0.6684,0.000291,-5.09,29.33
2026-08-18 15:18:00,24166.35,827.2,827.2,827.2,827.2,0,15.0,0.6684,0.000291,-5.09,29.33
2026-08-18 15:19:00,24166.35,827.2,827.2,827.2,827.2,0,15.0,0.6684,0.000291,-5.09,29.33
2026-08-18 15:20:00,24166.35,827.2,827.2,827.2,827.2,0,15.0,0.6684,0.000291,-5.09,29.33
2026-08-18 15:21:00,24166.35,827.2,827.2,827.2,827.2,0,15.0,0.6684,0.000291,-5.09,29.33
2026-08-18 15:22:00,24166.35,827.2,827.2,827.2,827.2,0,15.0,0.6684,0.000291,-5.09,29.33
2026-08-18 15:23:00,24166.35,827.2,827.2,827.2,827.2,0,15.0,0.6684,0.000291,-5.09,29.33
2026-08-18 15:24:00,24166.35,827.2,827.2,827.2,827.2,0,15.0,0.6684,0.000291,-5.09,29.33
2026-08-18 15:25:00,24166.35,827.2,827.2,827.2,827.2,0,15.0,0.6684,0.000291,-5.09,29.33
2026-08-18 15:26:00,24166.35,827.2,827.2,827.2,827.2,0,15.0,0.6684,0.000291,-5.09,29.33
2026-08-18 15:27:00,24166.35,827.2,827.2,827.2,827.2,0,15.0,0.6684,0.000291,-5.09,29.33
2026-08-18 15:28:00,24166.35,827.2,827.2,827.2,827.2,0,15.0,0.6684,0.000291,-5.09,29.33
2026-08-18 15:29:00,24154.9,827.2,827.2,827.2,827.2,0,15.0,0.6651,0.000292,-5.11,29.44
2026-08-19 09:19:00,24118.7,758.35,758.75,758.35,758.75,195,15.46,0.6517,0.000291,-5.41,29.59
2026-08-19 09:20:00,24113.7,758.1,761.9,757.65,761.9,260,15.68,0.6485,0.000288,-5.5,29.69
2026-08-19 09:21:00,24122.45,761.9,761.9,761.9,761.9,0,15.0,0.6568,0.000298,-5.21,29.43
2026-08-19 09:22:00,24118.75,761.9,761.9,761.9,761.9,0,15.0,0.6557,0.000299,-5.22,29.46
2026-08-19 09:23:00,24111.15,761.9,761.9,761.9,761.9,0,15.0,0.6534,0.0003,-5.23,29.53
2026-08-19 09:24:00,24106.05,761.9,761.9,761.9,761.9,0,15.0,0.6519,0.0003,-5.24,29.57
2026-08-19 09:25:00,24098.3,761.9,761.9,749.35,749.35,65,15.59,0.6447,0.000291,-5.49,29.79
2026-08-19 09:26:00,24100.7,749.35,749.35,749.35,749.35,0,15.0,0.6503,0.000301,-5.25,29.62
2026-08-19 09:27:00,24104.9,749.35,749.35,749.35,749.35,0,15.0,0.6515,0.0003,-5.24,29.58
2026-08-19 09:28:00,24099.35,749.35,749.35,749.35,749.35,0,15.0,0.6499,0.000301,-5.25,29.63
2026-08-19 09:29:00,24096.75,749.35,749.35,749.35,749.35,0,15.0,0.6491,0.000301,-5.26,29.65
2026-08-19 09:30:00,24089.95,749.35,749.35,749.35,749.35,0,15.0,0.647,0.000302,-5.27,29.71
2026-08-19 09:31:00,24082.35,749.35,749.35,749.35,749.35,0,15.0,0.6447,0.000303,-5.28,29.77
2026-08-19 09:32:00,24081.25,738.95,738.95,738.95,738.95,65,15.61,0.6396,0.000292,-5.53,29.92
2026-08-19 09:33:00,24079.5,738.95,738.95,738.95,738.95,0,15.0,0.6439,0.000303,-5.28,29.79
2026-08-19 09:34:00,24073.85,738.95,738.95,738.95,738.95,0,15.0,0.6422,0.000304,-5.29,29.84
2026-08-19 09:35:00,24071.2,738.95,738.95,738.95,738.95,0,15.0,0.6414,0.000304,-5.3,29.86
2026-08-19 09:36:00,24071.0,738.95,738.95,738.95,738.95,0,15.0,0.6413,0.000304,-5.3,29.86
2026-08-19 09:37:00,24067.2,738.95,738.95,738.95,738.95,0,15.0,0.6402,0.000304,-5.3,29.89
2026-08-19 09:38:00,24069.55,738.95,738.95,738.95,738.95,0,15.0,0.6409,0.000304,-5.3,29.87
2026-08-19 09:39:00,24079.55,738.95,738.95,738.95,738.95,0,15.0,0.6439,0.000303,-5.28,29.79
2026-08-19 09:40:00,24073.7,738.95,738.95,738.95,738.95,0,15.0,0.6421,0.000304,-5.29,29.84
2026-08-19 09:41:00,24076.75,738.95,738.95,738.95,738.95,0,15.0,0.6431,0.000303,-5.29,29.81
2026-08-19 09:42:00,24080.25,738.95,738.95,738.95,738.95,0,15.0,0.6441,0.000303,-5.28,29.78
2026-08-19 09:43:00,24087.65,738.95,738.95,738.95,738.95,0,15.0,0.6464,0.000302,-5.27,29.72
2026-08-19 09:44:00,24084.55,738.95,738.95,738.95,738.95,0,15.0,0.6454,0.000303,-5.28,29.75
2026-08-19 09:45:00,24082.25,738.95,738.95,738.95,738.95,0,15.0,0.6447,0.000303,-5.28,29.77
2026-08-19 09:46:00,24080.65,738.95,738.95,738.95,738.95,0,15.0,0.6443,0.000303,-5.28,29.78
2026-08-19 09:47:00,24082.15,738.95,738.95,738.95,738.95,0,15.0,0.6447,0.000303,-5.28,29.77
2026-08-19 09:48:00,24088.4,738.95,738.95,738.95,738.95,0,15.0,0.6466,0.000302,-5.27,29.71
2026-08-19 09:49:00,24094.15,738.95,738.95,738.95,738.95,0,15.0,0.6483,0.000302,-5.26,29.67
2026-08-19 09:50:00,24103.75,738.95,738.95,738.95,738.95,0,15.0,0.6512,0.0003,-5.24,29.58
2026-08-19 09:51:00,24102.8,738.95,738.95,738.95,738.95,0,15.0,0.6509,0.000301,-5.25,29.59
2026-08-19 09:52:00,24097.8,738.95,738.95,738.95,738.95,0,15.0,0.6494,0.000301,-5.25,29.63
2026-08-19 09:53:00,24102.45,738.95,738.95,738.95,738.95,0,15.0,0.6508,0.000301,-5.25,29.59
2026-08-19 09:54:00,24099.75,738.95,738.95,738.95,738.95,0,15.0,0.65,0.000301,-5.25,29.62
2026-08-19 09:55:00,24098.4,738.95,738.95,738.95,738.95,0,15.0,0.6496,0.000301,-5.25,29.63
2026-08-19 09:56:00,24102.1,738.95,738.95,738.95,738.95,0,15.0,0.6507,0.000301,-5.25,29.6
2026-08-19 09:57:00,24099.8,738.95,738.95,738.95,738.95,0,15.0,0.65,0.000301,-5.25,29.62
2026-08-19 09:58:00,24098.15,738.95,738.95,738.95,738.95,0,15.0,0.6496,0.000301,-5.25,29.63
2026-08-19 09:59:00,24097.8,738.95,738.95,738.95,738.95,0,15.0,0.6494,0.000301,-5.26,29.63
2026-08-19 10:00:00,24098.55,738.95,738.95,738.95,738.95,0,15.0,0.6497,0.000301,-5.25,29.63
2026-08-19 10:01:00,24095.05,738.95,738.95,738.95,738.95,0,15.0,0.6486,0.000301,-5.26,29.65
2026-08-19 10:02:00,24098.2,738.95,738.95,738.95,738.95,0,15.0,0.6496,0.000301,-5.25,29.63
2026-08-19 10:03:00,24105.45,738.95,738.95,738.95,738.95,0,15.0,0.6518,0.0003,-5.24,29.57
2026-08-19 10:04:00,24099.75,738.95,738.95,738.95,738.95,0,15.0,0.65,0.000301,-5.25,29.61
2026-08-19 10:05:00,24096.3,738.95,738.95,738.95,738.95,0,15.0,0.649,0.000301,-5.26,29.64
2026-08-19 10:06:00,24096.5,738.95,738.95,738.95,738.95,0,15.0,0.6491,0.000301,-5.26,29.64
2026-08-19 10:07:00,24098.25,738.95,738.95,738.95,738.95,0,15.0,0.6496,0.000301,-5.25,29.63
2026-08-19 10:08:00,24100.5,738.95,738.95,738.95,738.95,0,15.0,0.6503,0.000301,-5.25,29.61
2026-08-19 10:09:00,24094.45,738.95,738.95,738.95,738.95,0,15.0,0.6484,0.000302,-5.26,29.66
2026-08-19 10:10:00,24093.65,738.95,738.95,738.95,738.95,0,15.0,0.6482,0.000302,-5.26,29.66
2026-08-19 10:11:00,24092.95,738.95,738.95,738.95,738.95,0,15.0,0.648,0.000302,-5.26,29.67
2026-08-19 10:12:00,24090.0,738.95,738.95,738.95,738.95,0,15.0,0.6471,0.000302,-5.27,29.69
2026-08-19 10:13:00,24085.3,738.95,738.95,738.95,738.95,0,15.0,0.6457,0.000303,-5.28,29.73
2026-08-19 10:14:00,24091.8,738.95,738.95,738.95,738.95,0,15.0,0.6477,0.000302,-5.27,29.68
2026-08-19 10:15:00,24083.75,738.95,738.95,738.95,738.95,0,15.0,0.6452,0.000303,-5.28,29.74
2026-08-19 10:16:00,24083.5,738.95,738.95,738.95,738.95,0,15.0,0.6451,0.000303,-5.28,29.75
2026-08-19 10:17:00,24080.25,738.95,738.95,738.95,738.95,0,15.0,0.6442,0.000303,-5.28,29.77
2026-08-19 10:18:00,24075.2,738.95,738.95,738.95,738.95,0,15.0,0.6426,0.000304,-5.29,29.81
2026-08-19 10:19:00,24072.7,738.95,738.95,738.95,738.95,0,15.0,0.6419,0.000304,-5.3,29.83
2026-08-19 10:20:00,24066.1,738.95,738.95,738.95,738.95,0,15.0,0.6399,0.000305,-5.31,29.89
2026-08-19 10:21:00,24065.9,738.95,738.95,738.95,738.95,0,15.0,0.6398,0.000305,-5.31,29.89
2026-08-19 10:22:00,24067.0,738.95,738.95,738.95,738.95,0,15.0,0.6401,0.000305,-5.31,29.88
2026-08-19 10:23:00,24064.7,738.95,738.95,738.95,738.95,0,15.0,0.6394,0.000305,-5.31,29.9
2026-08-19 10:24:00,24065.05,738.95,738.95,738.95,738.95,0,15.0,0.6396,0.000305,-5.31,29.89
2026-08-19 10:25:00,24066.7,738.95,738.95,738.95,738.95,0,15.0,0.6401,0.000305,-5.31,29.88
2026-08-19 10:26:00,24067.8,738.95,738.95,738.95,738.95,0,15.0,0.6404,0.000304,-5.3,29.87
2026-08-19 10:27:00,24068.8,738.95,738.95,738.95,738.95,0,15.0,0.6407,0.000304,-5.3,29.86
2026-08-19 10:28:00,24069.6,738.95,738.95,738.95,738.95,0,15.0,0.6409,0.000304,-5.3,29.86
2026-08-19 10:29:00,24065.2,738.95,738.95,738.95,738.95,0,15.0,0.6396,0.000305,-5.31,29.89
2026-08-19 10:30:00,24063.25,738.95,738.95,738.95,738.95,0,15.0,0.639,0.000305,-5.31,29.91
2026-08-19 10:31:00,24062.85,738.95,738.95,738.95,738.95,0,15.0,0.6389,0.000305,-5.31,29.91
2026-08-19 10:32:00,24062.8,738.95,738.95,738.95,738.95,0,15.0,0.6389,0.000305,-5.31,29.91
2026-08-19 10:33:00,24063.9,738.95,738.95,738.95,738.95,0,15.0,0.6392,0.000305,-5.31,29.9
2026-08-19 10:34:00,24057.45,738.95,738.95,738.95,738.95,0,15.0,0.6372,0.000306,-5.32,29.95
2026-08-19 10:35:00,24058.3,738.95,738.95,738.95,738.95,0,15.0,0.6375,0.000306,-5.32,29.94
2026-08-19 10:36:00,24061.0,738.95,738.95,738.95,738.95,0,15.0,0.6383,0.000305,-5.32,29.92
2026-08-19 10:37:00,24055.65,738.95,738.95,723.65,723.65,65,15.65,0.6319,0.000294,-5.58,30.1
2026-08-19 10:38:00,24051.55,723.65,723.65,723.65,723.65,0,15.0,0.6354,0.000306,-5.33,29.99
2026-08-19 10:39:00,24051.95,723.65,723.65,723.65,723.65,0,15.0,0.6356,0.000306,-5.33,29.99
2026-08-19 10:40:00,24051.75,723.65,723.65,723.65,723.65,0,15.0,0.6355,0.000306,-5.33,29.99
2026-08-19 10:41:00,24045.45,723.65,723.65,723.65,723.65,0,15.0,0.6336,0.000307,-5.34,30.04
2026-08-19 10:42:00,24052.3,723.65,723.65,723.65,723.65,0,15.0,0.6357,0.000306,-5.33,29.99
2026-08-19 10:43:00,24057.6,723.65,723.65,723.65,723.65,0,15.0,0.6373,0.000306,-5.32,29.95
2026-08-19 10:44:00,24058.4,723.65,723.65,723.65,723.65,0,15.0,0.6375,0.000306,-5.32,29.94
2026-08-19 10:45:00,24054.0,723.65,725.1,723.65,724.6,260,15.72,0.6309,0.000293,-5.61,30.12
2026-08-19 10:46:00,24052.7,724.6,724.6,724.6,724.6,0,15.0,0.6358,0.000306,-5.33,29.98
2026-08-19 10:47:00,24052.4,724.6,724.6,724.6,724.6,0,15.0,0.6357,0.000306,-5.33,29.98
2026-08-19 10:48:00,24051.3,724.6,724.6,724.6,724.6,0,15.0,0.6354,0.000306,-5.33,29.99
2026-08-19 10:49:00,24053.1,724.6,724.6,724.6,724.6,0,15.0,0.6359,0.000306,-5.33,29.98
2026-08-19 10:50:00,24051.15,724.6,724.6,724.6,724.6,0,15.0,0.6353,0.000306,-5.33,29.99
2026-08-19 10:51:00,24052.75,724.6,724.6,724.6,724.6,0,15.0,0.6358,0.000306,-5.33,29.98
2026-08-19 10:52:00,24052.65,724.6,724.6,724.6,724.6,0,15.0,0.6358,0.000306,-5.33,29.98
2026-08-19 10:53:00,24056.65,724.6,724.6,724.6,724.6,0,15.0,0.637,0.000306,-5.32,29.95
2026-08-19 10:54:00,24061.3,724.6,724.6,724.6,724.6,0,15.0,0.6384,0.000305,-5.32,29.91
2026-08-19 10:55:00,24064.55,724.6,724.6,724.6,724.6,0,15.0,0.6394,0.000305,-5.31,29.89
2026-08-19 10:56:00,24066.15,724.6,724.6,724.6,724.6,0,15.0,0.6399,0.000305,-5.31,29.88
2026-08-19 10:57:00,24064.95,724.6,724.6,724.6,724.6,0,15.0,0.6396,0.000305,-5.31,29.88
2026-08-19 10:58:00,24064.75,724.6,724.6,724.6,724.6,0,15.0,0.6395,0.000305,-5.31,29.89
2026-08-19 10:59:00,24056.1,724.6,724.6,724.6,724.6,0,15.0,0.6369,0.000306,-5.32,29.95
2026-08-19 11:00:00,24053.65,724.6,724.6,724.6,724.6,0,15.0,0.6361,0.000306,-5.33,29.97
2026-08-19 11:01:00,24055.4,724.6,724.6,724.6,724.6,0,15.0,0.6366,0.000306,-5.33,29.96
2026-08-19 11:02:00,24047.65,724.6,724.6,724.6,724.6,0,15.0,0.6343,0.000307,-5.34,30.02
2026-08-19 11:03:00,24047.35,724.6,724.6,724.6,724.6,0,15.0,0.6342,0.000307,-5.34,30.02
2026-08-19 11:04:00,24047.95,724.6,724.6,724.6,724.6,0,15.0,0.6344,0.000307,-5.34,30.01
2026-08-19 11:05:00,24045.8,724.6,724.6,724.6,724.6,0,15.0,0.6337,0.000307,-5.34,30.03
2026-08-19 11:06:00,24043.35,724.6,724.6,724.6,724.6,0,15.0,0.633,0.000307,-5.34,30.05
2026-08-19 11:07:00,24034.55,724.6,724.6,724.6,724.6,0,15.0,0.6303,0.000308,-5.36,30.11
2026-08-19 11:08:00,24038.1,724.6,724.6,724.6,724.6,0,15.0,0.6313,0.000308,-5.35,30.09
2026-08-19 11:09:00,24041.2,724.6,724.6,724.6,724.6,0,15.0,0.6323,0.000307,-5.35,30.06
2026-08-19 11:10:00,24043.5,724.6,724.6,724.6,724.6,0,15.0,0.633,0.000307,-5.34,30.05
2026-08-19 11:11:00,24043.0,724.6,724.6,724.6,724.6,0,15.0,0.6329,0.000307,-5.34,30.05
2026-08-19 11:12:00,24041.85,724.6,724.6,724.6,724.6,0,15.0,0.6325,0.000307,-5.35,30.06
2026-08-19 11:13:00,24045.75,724.6,724.6,724.6,724.6,0,15.0,0.6337,0.000307,-5.34,30.03
2026-08-19 11:14:00,24048.5,724.6,724.6,724.6,724.6,0,15.0,0.6345,0.000307,-5.34,30.01
2026-08-19 11:15:00,24051.25,724.6,724.6,724.6,724.6,0,15.0,0.6354,0.000306,-5.33,29.99
2026-08-19 11:16:00,24049.55,724.6,724.6,724.6,724.6,0,15.0,0.6349,0.000307,-5.33,30.0
2026-08-19 11:17:00,24047.75,724.6,724.6,724.6,724.6,0,15.0,0.6343,0.000307,-5.34,30.01
2026-08-19 11:18:00,24048.9,724.6,724.6,724.6,724.6,0,15.0,0.6347,0.000307,-5.34,30.0
2026-08-19 11:19:00,24053.15,724.6,724.6,724.6,724.6,0,15.0,0.636,0.000306,-5.33,29.97
2026-08-19 11:20:00,24052.95,724.6,724.6,724.6,724.6,0,15.0,0.6359,0.000306,-5.33,29.97
2026-08-19 11:21:00,24059.1,724.6,724.6,724.6,724.6,0,15.0,0.6378,0.000306,-5.32,29.92
2026-08-19 11:22:00,24058.9,724.6,724.6,724.6,724.6,0,15.0,0.6377,0.000306,-5.32,29.92
2026-08-19 11:23:00,24056.2,724.6,724.6,724.6,724.6,0,15.0,0.6369,0.000306,-5.32,29.95
2026-08-19 11:24:00,24052.25,724.6,724.6,724.6,724.6,0,15.0,0.6357,0.000306,-5.33,29.98
2026-08-19 11:25:00,24048.55,724.6,724.6,724.6,724.6,0,15.0,0.6346,0.000307,-5.34,30.0
2026-08-19 11:26:00,24054.45,724.6,724.6,724.6,724.6,0,15.0,0.6364,0.000306,-5.33,29.96
2026-08-19 11:27:00,24054.65,724.6,724.6,724.6,724.6,0,15.0,0.6364,0.000306,-5.33,29.96
2026-08-19 11:28:00,24053.5,724.6,724.6,724.6,724.6,0,15.0,0.6361,0.000306,-5.33,29.97
2026-08-19 11:29:00,24054.35,724.6,724.6,724.6,724.6,0,15.0,0.6364,0.000306,-5.33,29.96
2026-08-19 11:30:00,24056.85,724.6,724.6,724.6,724.6,0,15.0,0.6371,0.000306,-5.32,29.94
2026-08-19 11:31:00,24056.95,724.6,724.6,724.6,724.6,0,15.0,0.6372,0.000306,-5.32,29.94
2026-08-19 11:32:00,24054.15,724.6,724.6,724.6,724.6,0,15.0,0.6363,0.000306,-5.33,29.96
2026-08-19 11:33:00,24054.15,724.6,724.6,724.6,724.6,0,15.0,0.6363,0.000306,-5.33,29.96
2026-08-19 11:34:00,24054.25,724.6,724.6,724.6,724.6,0,15.0,0.6363,0.000306,-5.33,29.96
2026-08-19 11:35:00,24053.1,724.6,724.6,724.6,724.6,0,15.0,0.636,0.000306,-5.33,29.97
2026-08-19 11:36:00,24047.7,724.6,724.6,724.6,724.6,0,15.0,0.6343,0.000307,-5.34,30.01
2026-08-19 11:37:00,24044.15,724.6,724.6,724.6,724.6,0,15.0,0.6332,0.000307,-5.34,30.03
2026-08-19 11:38:00,24044.9,724.6,724.6,724.6,724.6,0,15.0,0.6335,0.000307,-5.34,30.03
2026-08-19 11:39:00,24048.1,724.6,724.6,724.6,724.6,0,15.0,0.6344,0.000307,-5.34,30.0
2026-08-19 11:40:00,24050.4,724.6,724.6,724.6,724.6,0,15.0,0.6352,0.000306,-5.33,29.99
2026-08-19 11:41:00,24051.7,724.6,724.6,724.6,724.6,0,15.0,0.6356,0.000306,-5.33,29.98
2026-08-19 11:42:00,24048.35,724.6,724.6,724.6,724.6,0,15.0,0.6345,0.000307,-5.34,30.0
2026-08-19 11:43:00,24049.75,724.6,724.6,724.6,724.6,0,15.0,0.635,0.000307,-5.34,29.99
2026-08-19 11:44:00,24052.45,724.6,724.6,724.6,724.6,0,15.0,0.6358,0.000306,-5.33,29.97
2026-08-19 11:45:00,24053.15,724.6,724.6,724.6,724.6,0,15.0,0.636,0.000306,-5.33,29.96
2026-08-19 11:46:00,24056.45,724.6,724.6,724.6,724.6,0,15.0,0.637,0.000306,-5.33,29.94
2026-08-19 11:47:00,24061.85,724.6,724.6,724.6,724.6,0,15.0,0.6387,0.000305,-5.32,29.9
2026-08-19 11:48:00,24065.0,724.6,724.6,724.6,724.6,0,15.0,0.6396,0.000305,-5.31,29.87
2026-08-19 11:49:00,24066.9,724.6,724.6,724.6,724.6,0,15.0,0.6402,0.000305,-5.31,29.85
2026-08-19 11:50:00,24072.5,724.6,724.6,724.6,724.6,0,15.0,0.6419,0.000304,-5.3,29.81
2026-08-19 11:51:00,24074.65,724.6,724.6,724.6,724.6,0,15.0,0.6426,0.000304,-5.3,29.79
2026-08-19 11:52:00,24074.7,724.6,724.6,724.6,724.6,0,15.0,0.6426,0.000304,-5.3,29.79
2026-08-19 11:53:00,24078.4,724.6,724.6,724.6,724.6,0,15.0,0.6437,0.000304,-5.29,29.76
2026-08-19 11:54:00,24079.9,724.6,724.6,724.6,724.6,0,15.0,0.6442,0.000303,-5.29,29.75
2026-08-19 11:55:00,24077.35,724.6,724.6,724.6,724.6,0,15.0,0.6434,0.000304,-5.29,29.77
2026-08-19 11:56:00,24076.3,724.6,724.6,724.6,724.6,0,15.0,0.6431,0.000304,-5.29,29.78
2026-08-19 11:57:00,24079.25,724.6,724.6,724.6,724.6,0,15.0,0.644,0.000303,-5.29,29.75
2026-08-19 11:58:00,24077.4,724.6,724.6,724.6,724.6,0,15.0,0.6434,0.000304,-5.29,29.77
2026-08-19 11:59:00,24078.3,724.6,724.6,724.6,724.6,0,15.0,0.6437,0.000304,-5.29,29.76
2026-08-19 12:00:00,24072.75,724.6,724.6,724.6,724.6,0,15.0,0.642,0.000304,-5.3,29.8
2026-08-19 12:01:00,24070.35,724.6,724.6,724.6,724.6,0,15.0,0.6413,0.000304,-5.3,29.82
2026-08-19 12:02:00,24072.05,724.6,724.6,724.6,724.6,0,15.0,0.6418,0.000304,-5.3,29.81
2026-08-19 12:03:00,24063.25,724.6,724.6,724.6,724.6,0,15.0,0.6391,0.000305,-5.32,29.88
2026-08-19 12:04:00,24059.8,724.6,724.6,724.6,724.6,0,15.0,0.6381,0.000306,-5.32,29.91
2026-08-19 12:05:00,24060.85,724.6,724.6,724.6,724.6,0,15.0,0.6384,0.000305,-5.32,29.9
2026-08-19 12:06:00,24067.8,724.6,724.6,724.6,724.6,0,15.0,0.6405,0.000305,-5.31,29.84
2026-08-19 12:07:00,24062.55,724.6,724.6,724.6,724.6,0,15.0,0.6389,0.000305,-5.32,29.88
2026-08-19 12:08:00,24058.15,724.6,724.6,724.6,724.6,0,15.0,0.6376,0.000306,-5.32,29.92
2026-08-19 12:09:00,24056.15,724.6,724.6,724.6,724.6,0,15.0,0.6369,0.000306,-5.33,29.93
2026-08-19 12:10:00,24055.4,724.6,724.6,724.6,724.6,0,15.0,0.6367,0.000306,-5.33,29.94
2026-08-19 12:11:00,24054.45,724.6,724.6,724.6,724.6,0,15.0,0.6364,0.000306,-5.33,29.95
2026-08-19 12:12:00,24051.6,724.6,724.6,724.6,724.6,0,15.0,0.6356,0.000306,-5.33,29.97
2026-08-19 12:13:00,24050.7,724.6,724.6,724.6,724.6,0,15.0,0.6353,0.000307,-5.34,29.97
2026-08-19 12:14:00,24052.8,724.6,724.6,724.6,724.6,0,15.0,0.6359,0.000306,-5.33,29.96
2026-08-19 12:15:00,24053.6,724.6,724.6,724.6,724.6,0,15.0,0.6362,0.000306,-5.33,29.95
2026-08-19 12:16:00,24054.15,724.6,724.6,724.6,724.6,0,15.0,0.6363,0.000306,-5.33,29.95
2026-08-19 12:17:00,24053.7,724.6,724.6,724.6,724.6,0,15.0,0.6362,0.000306,-5.33,29.95
2026-08-19 12:18:00,24054.6,724.6,724.6,724.6,724.6,0,15.0,0.6365,0.000306,-5.33,29.94
2026-08-19 12:19:00,24060.2,724.6,724.6,724.6,724.6,0,15.0,0.6382,0.000306,-5.32,29.9
2026-08-19 12:20:00,24061.35,724.6,724.6,724.6,724.6,0,15.0,0.6385,0.000305,-5.32,29.89
2026-08-19 12:21:00,24062.85,724.6,724.6,724.6,724.6,0,15.0,0.639,0.000305,-5.32,29.88
2026-08-19 12:22:00,24056.95,724.6,724.6,724.6,724.6,0,15.0,0.6372,0.000306,-5.33,29.92
2026-08-19 12:23:00,24061.15,724.6,724.6,724.6,724.6,0,15.0,0.6385,0.000305,-5.32,29.89
2026-08-19 12:24:00,24064.5,724.6,724.6,724.6,724.6,0,15.0,0.6395,0.000305,-5.31,29.86
2026-08-19 12:25:00,24058.75,724.6,724.6,724.6,724.6,0,15.0,0.6378,0.000306,-5.32,29.91
2026-08-19 12:26:00,24054.0,724.6,724.6,724.6,724.6,0,15.0,0.6363,0.000306,-5.33,29.95
2026-08-19 12:27:00,24056.1,724.6,724.6,724.6,724.6,0,15.0,0.637,0.000306,-5.33,29.93
2026-08-19 12:28:00,24058.4,724.6,724.6,724.6,724.6,0,15.0,0.6377,0.000306,-5.32,29.91
2026-08-19 12:29:00,24059.85,724.6,724.6,724.6,724.6,0,15.0,0.6381,0.000306,-5.32,29.9
2026-08-19 12:30:00,24054.7,724.6,724.6,724.6,724.6,0,15.0,0.6365,0.000306,-5.33,29.94
2026-08-19 12:31:00,24054.4,724.6,724.6,724.6,724.6,0,15.0,0.6364,0.000306,-5.33,29.94
2026-08-19 12:32:00,24050.55,724.6,724.6,724.6,724.6,0,15.0,0.6353,0.000307,-5.34,29.97
2026-08-19 12:33:00,24051.3,724.6,724.6,724.6,724.6,0,15.0,0.6355,0.000307,-5.34,29.96
2026-08-19 12:34:00,24054.05,724.6,724.6,724.6,724.6,0,15.0,0.6363,0.000306,-5.33,29.94
2026-08-19 12:35:00,24057.95,724.6,724.6,724.6,724.6,0,15.0,0.6375,0.000306,-5.33,29.91
2026-08-19 12:36:00,24057.2,724.6,724.6,724.6,724.6,0,15.0,0.6373,0.000306,-5.33,29.92
2026-08-19 12:37:00,24056.6,724.6,724.6,724.6,724.6,0,15.0,0.6371,0.000306,-5.33,29.92
2026-08-19 12:38:00,24048.45,724.6,724.6,724.6,724.6,0,15.0,0.6346,0.000307,-5.34,29.98
2026-08-19 12:39:00,24054.55,724.6,724.6,724.6,724.6,0,15.0,0.6365,0.000306,-5.33,29.94
2026-08-19 12:40:00,24051.15,724.6,724.6,724.6,724.6,0,15.0,0.6354,0.000307,-5.34,29.96
2026-08-19 12:41:00,24057.9,724.6,724.6,724.6,724.6,0,15.0,0.6375,0.000306,-5.33,29.91
2026-08-19 12:42:00,24053.45,724.6,724.6,724.6,724.6,0,15.0,0.6362,0.000306,-5.33,29.94
2026-08-19 12:43:00,24060.25,724.6,724.6,724.6,724.6,0,15.0,0.6382,0.000306,-5.32,29.89
2026-08-19 12:44:00,24055.3,724.6,724.6,724.6,724.6,0,15.0,0.6367,0.000306,-5.33,29.93
2026-08-19 12:45:00,24050.5,724.6,724.6,724.6,724.6,0,15.0,0.6353,0.000307,-5.34,29.97
2026-08-19 12:46:00,24051.35,724.6,724.6,724.6,724.6,0,15.0,0.6355,0.000307,-5.34,29.96
2026-08-19 12:47:00,24048.0,724.6,724.6,724.6,724.6,0,15.0,0.6345,0.000307,-5.34,29.99
2026-08-19 12:48:00,24051.8,724.6,724.6,724.6,724.6,0,15.0,0.6357,0.000306,-5.34,29.96
2026-08-19 12:49:00,24052.05,724.6,724.6,724.6,724.6,0,15.0,0.6357,0.000306,-5.33,29.95
2026-08-19 12:50:00,24055.05,724.6,724.6,724.6,724.6,0,15.0,0.6367,0.000306,-5.33,29.93
2026-08-19 12:51:00,24053.0,724.6,724.6,724.6,724.6,0,15.0,0.636,0.000306,-5.33,29.95
2026-08-19 12:52:00,24053.25,724.6,724.6,724.6,724.6,0,15.0,0.6361,0.000306,-5.33,29.94
2026-08-19 12:53:00,24055.55,724.6,724.6,724.6,724.6,0,15.0,0.6368,0.000306,-5.33,29.93
2026-08-19 12:54:00,24055.55,724.6,724.6,724.6,724.6,0,15.0,0.6368,0.000306,-5.33,29.93
2026-08-19 12:55:00,24053.55,724.6,724.6,724.6,724.6,0,15.0,0.6362,0.000306,-5.33,29.94
2026-08-19 12:56:00,24051.75,724.6,724.6,724.6,724.6,0,15.0,0.6356,0.000307,-5.34,29.95
2026-08-19 12:57:00,24052.4,724.6,724.6,724.6,724.6,0,15.0,0.6358,0.000306,-5.33,29.95
2026-08-19 12:58:00,24051.2,724.6,724.6,724.6,724.6,0,15.0,0.6355,0.000307,-5.34,29.96
2026-08-19 12:59:00,24055.3,724.6,724.6,724.6,724.6,0,15.0,0.6367,0.000306,-5.33,29.93
2026-08-19 13:00:00,24055.05,724.6,724.6,724.6,724.6,0,15.0,0.6367,0.000306,-5.33,29.93
2026-08-19 13:01:00,24056.4,724.6,724.6,724.6,724.6,0,15.0,0.6371,0.000306,-5.33,29.92
2026-08-19 13:02:00,24055.65,724.6,724.6,724.6,724.6,0,15.0,0.6369,0.000306,-5.33,29.92
2026-08-19 13:03:00,24061.6,724.6,724.6,724.6,724.6,0,15.0,0.6387,0.000305,-5.32,29.88
2026-08-19 13:04:00,24062.8,724.6,724.6,724.6,724.6,0,15.0,0.639,0.000305,-5.32,29.87
2026-08-19 13:05:00,24059.3,724.6,724.6,724.6,724.6,0,15.0,0.638,0.000306,-5.32,29.89
2026-08-19 13:06:00,24056.5,724.6,724.6,724.6,724.6,0,15.0,0.6371,0.000306,-5.33,29.91
2026-08-19 13:07:00,24058.5,724.6,724.6,724.6,724.6,0,15.0,0.6377,0.000306,-5.33,29.9
2026-08-19 13:08:00,24062.75,724.6,724.6,724.6,724.6,0,15.0,0.639,0.000305,-5.32,29.87
2026-08-19 13:09:00,24064.45,724.6,724.6,724.6,724.6,0,15.0,0.6395,0.000305,-5.32,29.85
2026-08-19 13:10:00,24058.85,724.6,724.6,724.6,724.6,0,15.0,0.6378,0.000306,-5.33,29.9
2026-08-19 13:11:00,24057.5,724.6,724.6,724.6,724.6,0,15.0,0.6374,0.000306,-5.33,29.91
2026-08-19 13:12:00,24054.0,724.6,724.6,724.6,724.6,0,15.0,0.6364,0.000306,-5.33,29.93
2026-08-19 13:13:00,24050.4,724.6,724.6,724.6,724.6,0,15.0,0.6353,0.000307,-5.34,29.96
2026-08-19 13:14:00,24046.15,724.6,724.6,724.6,724.6,0,15.0,0.6339,0.000307,-5.34,29.99
2026-08-19 13:15:00,24044.6,724.6,724.6,724.6,724.6,0,15.0,0.6335,0.000307,-5.35,30.0
2026-08-19 13:16:00,24042.9,724.6,724.6,724.6,724.6,0,15.0,0.633,0.000307,-5.35,30.02
2026-08-19 13:17:00,24040.55,724.6,724.6,724.6,724.6,0,15.0,0.6322,0.000308,-5.35,30.03
2026-08-19 13:18:00,24045.9,724.6,724.6,724.6,724.6,0,15.0,0.6339,0.000307,-5.35,29.99
2026-08-19 13:19:00,24043.1,724.6,724.6,724.6,724.6,0,15.0,0.633,0.000307,-5.35,30.01
2026-08-19 13:20:00,24040.8,724.6,724.6,724.6,724.6,0,15.0,0.6323,0.000308,-5.35,30.03
2026-08-19 13:21:00,24040.8,724.6,724.6,724.6,724.6,0,15.0,0.6323,0.000308,-5.35,30.03
2026-08-19 13:22:00,24042.35,724.6,724.6,724.6,724.6,0,15.0,0.6328,0.000308,-5.35,30.02
2026-08-19 13:23:00,24040.85,724.6,724.6,724.6,724.6,0,15.0,0.6323,0.000308,-5.35,30.03
2026-08-19 13:24:00,24041.95,724.6,724.6,724.6,724.6,0,15.0,0.6327,0.000308,-5.35,30.02
2026-08-19 13:25:00,24043.8,724.6,724.6,724.6,724.6,0,15.0,0.6332,0.000307,-5.35,30.01
2026-08-19 13:26:00,24042.7,724.6,724.6,724.6,724.6,0,15.0,0.6329,0.000308,-5.35,30.01
2026-08-19 13:27:00,24042.45,724.6,724.6,724.6,724.6,0,15.0,0.6328,0.000308,-5.35,30.02
2026-08-19 13:28:00,24042.35,724.6,724.6,724.6,724.6,0,15.0,0.6328,0.000308,-5.35,30.02
2026-08-19 13:29:00,24041.1,724.6,724.6,724.6,724.6,0,15.0,0.6324,0.000308,-5.35,30.03
2026-08-19 13:30:00,24043.6,724.6,724.6,724.6,724.6,0,15.0,0.6332,0.000307,-5.35,30.01
2026-08-19 13:31:00,24041.55,724.6,724.6,724.6,724.6,0,15.0,0.6326,0.000308,-5.35,30.02
2026-08-19 13:32:00,24043.55,724.6,724.6,724.6,724.6,0,15.0,0.6332,0.000307,-5.35,30.01
2026-08-19 13:33:00,24039.2,724.6,724.6,724.6,724.6,0,15.0,0.6318,0.000308,-5.36,30.04
2026-08-19 13:34:00,24038.9,724.6,724.6,724.6,724.6,0,15.0,0.6317,0.000308,-5.36,30.04
2026-08-19 13:35:00,24043.35,724.6,724.6,724.6,724.6,0,15.0,0.6331,0.000307,-5.35,30.01
2026-08-19 13:36:00,24046.05,724.6,724.6,724.6,724.6,0,15.0,0.6339,0.000307,-5.35,29.99
2026-08-19 13:37:00,24043.95,724.6,724.6,724.6,724.6,0,15.0,0.6333,0.000307,-5.35,30.0
2026-08-19 13:38:00,24038.8,724.6,724.6,724.6,724.6,0,15.0,0.6317,0.000308,-5.36,30.04
2026-08-19 13:39:00,24046.55,724.6,724.6,724.6,724.6,0,15.0,0.6341,0.000307,-5.35,29.98
2026-08-19 13:40:00,24044.35,724.6,724.6,724.6,724.6,0,15.0,0.6334,0.000307,-5.35,30.0
2026-08-19 13:41:00,24046.5,724.6,724.6,724.6,724.6,0,15.0,0.6341,0.000307,-5.35,29.98
2026-08-19 13:42:00,24047.45,724.6,724.6,724.6,724.6,0,15.0,0.6344,0.000307,-5.34,29.97
2026-08-19 13:43:00,24044.85,724.6,724.6,724.6,724.6,0,15.0,0.6336,0.000307,-5.35,29.99
2026-08-19 13:44:00,24042.2,724.6,724.6,724.6,724.6,0,15.0,0.6328,0.000308,-5.35,30.01
2026-08-19 13:45:00,24043.4,724.6,724.6,724.6,724.6,0,15.0,0.6331,0.000307,-5.35,30.0
2026-08-19 13:46:00,24042.0,724.6,724.6,724.6,724.6,0,15.0,0.6327,0.000308,-5.35,30.01
2026-08-19 13:47:00,24040.95,724.6,724.6,724.6,724.6,0,15.0,0.6324,0.000308,-5.35,30.02
2026-08-19 13:48:00,24043.25,724.6,724.6,724.6,724.6,0,15.0,0.6331,0.000308,-5.35,30.0
2026-08-19 13:49:00,24041.9,724.6,724.6,724.6,724.6,0,15.0,0.6327,0.000308,-5.35,30.01
2026-08-19 13:50:00,24039.65,724.6,724.6,724.6,724.6,0,15.0,0.632,0.000308,-5.36,30.03
2026-08-19 13:51:00,24036.85,724.6,724.6,724.6,724.6,0,15.0,0.6311,0.000308,-5.36,30.05
2026-08-19 13:52:00,24042.25,724.6,724.6,724.6,724.6,0,15.0,0.6328,0.000308,-5.35,30.01
2026-08-19 13:53:00,24042.1,724.6,724.6,724.6,724.6,0,15.0,0.6327,0.000308,-5.35,30.01
2026-08-19 13:54:00,24040.0,724.6,724.6,724.6,724.6,0,15.0,0.6321,0.000308,-5.36,30.03
2026-08-19 13:55:00,24042.4,724.6,724.6,724.6,724.6,0,15.0,0.6328,0.000308,-5.35,30.01
2026-08-19 13:56:00,24042.6,724.6,724.6,724.6,724.6,0,15.0,0.6329,0.000308,-5.35,30.01
2026-08-19 13:57:00,24045.3,724.6,724.6,724.6,724.6,0,15.0,0.6337,0.000307,-5.35,29.99
2026-08-19 13:58:00,24046.3,724.6,724.6,724.6,724.6,0,15.0,0.634,0.000307,-5.35,29.98
2026-08-19 13:59:00,24044.95,724.6,724.6,724.6,724.6,0,15.0,0.6336,0.000307,-5.35,29.99
2026-08-19 14:00:00,24050.05,724.6,724.6,724.6,724.6,0,15.0,0.6352,0.000307,-5.34,29.95
2026-08-19 14:01:00,24052.75,724.6,724.6,724.6,724.6,0,15.0,0.636,0.000307,-5.34,29.93
2026-08-19 14:02:00,24055.0,724.6,724.6,724.6,724.6,0,15.0,0.6367,0.000306,-5.33,29.91
2026-08-19 14:03:00,24055.5,724.6,724.6,724.6,724.6,0,15.0,0.6369,0.000306,-5.33,29.91
2026-08-19 14:04:00,24054.6,724.6,724.6,724.6,724.6,0,15.0,0.6366,0.000306,-5.33,29.91
2026-08-19 14:05:00,24052.4,724.6,724.6,724.6,724.6,0,15.0,0.6359,0.000307,-5.34,29.93
2026-08-19 14:06:00,24055.3,724.6,724.6,724.6,724.6,0,15.0,0.6368,0.000306,-5.33,29.91
2026-08-19 14:07:00,24054.3,724.6,724.6,724.6,724.6,0,15.0,0.6365,0.000306,-5.33,29.91
2026-08-19 14:08:00,24059.5,724.6,724.6,724.6,724.6,0,15.0,0.6381,0.000306,-5.33,29.87
2026-08-19 14:09:00,24054.65,724.6,724.6,724.6,724.6,0,15.0,0.6366,0.000306,-5.33,29.91
2026-08-19 14:10:00,24056.65,724.6,731.85,724.6,731.85,130,15.93,0.6304,0.00029,-5.7,30.09
2026-08-19 14:11:00,24060.8,731.85,731.85,731.85,731.85,0,15.0,0.6385,0.000306,-5.32,29.86
2026-08-19 14:12:00,24062.15,731.85,731.85,731.85,731.85,0,15.0,0.6389,0.000306,-5.32,29.85
2026-08-19 14:13:00,24055.2,731.85,739.1,731.85,731.85,260,15.96,0.6298,0.00029,-5.72,30.11
2026-08-19 14:14:00,24051.35,731.85,731.85,724.95,724.95,325,15.82,0.6297,0.000293,-5.66,30.1
2026-08-19 14:15:00,24046.9,724.95,724.95,724.95,724.95,0,15.0,0.6342,0.000307,-5.35,29.97
2026-08-19 14:16:00,24042.55,724.95,724.95,724.95,724.95,0,15.0,0.6329,0.000308,-5.35,30.0
2026-08-19 14:17:00,24044.55,724.95,724.95,724.95,724.95,0,15.0,0.6335,0.000307,-5.35,29.99
2026-08-19 14:18:00,24043.05,724.95,724.95,724.95,724.95,0,15.0,0.6331,0.000308,-5.35,30.0
2026-08-19 14:19:00,24039.7,724.95,724.95,724.95,724.95,0,15.0,0.632,0.000308,-5.36,30.02
2026-08-19 14:20:00,24038.4,724.95,724.95,724.95,724.95,0,15.0,0.6316,0.000308,-5.36,30.03
2026-08-19 14:21:00,24035.3,724.95,724.95,724.95,724.95,0,15.0,0.6307,0.000308,-5.36,30.05
2026-08-19 14:22:00,24031.8,724.95,724.95,724.95,724.95,0,15.0,0.6296,0.000309,-5.37,30.08
2026-08-19 14:23:00,24031.2,724.95,724.95,724.95,724.95,0,15.0,0.6294,0.000309,-5.37,30.08
2026-08-19 14:24:00,24030.5,724.95,724.95,724.95,724.95,0,15.0,0.6292,0.000309,-5.37,30.09
2026-08-19 14:25:00,24033.45,724.95,724.95,724.95,724.95,0,15.0,0.6301,0.000309,-5.37,30.07
2026-08-19 14:26:00,24029.05,724.95,724.95,724.95,724.95,0,15.0,0.6288,0.000309,-5.37,30.1
2026-08-19 14:27:00,24033.0,724.95,724.95,724.95,724.95,0,15.0,0.63,0.000309,-5.37,30.07
2026-08-19 14:28:00,24031.2,724.95,724.95,724.95,724.95,0,15.0,0.6294,0.000309,-5.37,30.08
2026-08-19 14:29:00,24039.05,724.95,724.95,724.95,724.95,0,15.0,0.6318,0.000308,-5.36,30.02
2026-08-19 14:30:00,24043.85,724.95,724.95,724.95,724.95,0,15.0,0.6333,0.000308,-5.35,29.99
2026-08-19 14:31:00,24047.95,724.95,724.95,724.95,724.95,0,15.0,0.6346,0.000307,-5.35,29.96
2026-08-19 14:32:00,24044.0,724.95,724.95,724.95,724.95,0,15.0,0.6334,0.000308,-5.35,29.99
2026-08-19 14:33:00,24050.15,724.95,724.95,724.95,724.95,0,15.0,0.6353,0.000307,-5.34,29.94
2026-08-19 14:34:00,24050.9,724.95,724.95,724.95,724.95,0,15.0,0.6355,0.000307,-5.34,29.93
2026-08-19 14:35:00,24085.25,724.95,724.95,724.95,724.95,0,15.0,0.646,0.000303,-5.29,29.66
2026-08-19 14:36:00,24069.7,724.95,724.95,724.95,724.95,0,15.0,0.6412,0.000305,-5.31,29.79
2026-08-19 14:37:00,24059.55,724.95,724.95,724.95,724.95,0,15.0,0.6381,0.000306,-5.33,29.87
2026-08-19 14:38:00,24048.6,724.95,724.95,724.95,724.95,0,15.0,0.6348,0.000307,-5.34,29.95
2026-08-19 14:39:00,24046.85,724.95,724.95,724.95,724.95,0,15.0,0.6343,0.000307,-5.35,29.96
2026-08-19 14:40:00,24050.2,724.95,724.95,724.95,724.95,0,15.0,0.6353,0.000307,-5.34,29.94
2026-08-19 14:41:00,24041.95,724.95,724.95,724.95,724.95,0,15.0,0.6327,0.000308,-5.35,30.0
2026-08-19 14:42:00,24046.85,724.95,724.95,724.95,724.95,0,15.0,0.6343,0.000307,-5.35,29.96
2026-08-19 14:43:00,24051.95,724.95,724.95,724.95,724.95,0,15.0,0.6358,0.000307,-5.34,29.92
2026-08-19 14:44:00,24049.0,724.95,724.95,724.95,724.95,0,15.0,0.6349,0.000307,-5.34,29.95
2026-08-19 14:45:00,24050.85,724.95,724.95,724.95,724.95,0,15.0,0.6355,0.000307,-5.34,29.93
2026-08-19 14:46:00,24046.1,724.95,724.95,724.95,724.95,0,15.0,0.634,0.000307,-5.35,29.97
2026-08-19 14:47:00,24044.3,724.95,724.95,724.95,724.95,0,15.0,0.6335,0.000308,-5.35,29.98
2026-08-19 14:48:00,24041.25,724.95,724.95,724.95,724.95,0,15.0,0.6325,0.000308,-5.36,30.0
2026-08-19 14:49:00,24041.55,724.95,724.95,724.95,724.95,0,15.0,0.6326,0.000308,-5.36,30.0
2026-08-19 14:50:00,24043.4,724.95,724.95,724.95,724.95,0,15.0,0.6332,0.000308,-5.35,29.99
2026-08-19 14:51:00,24045.7,724.95,724.95,724.95,724.95,0,15.0,0.6339,0.000307,-5.35,29.97
2026-08-19 14:52:00,24045.65,724.95,724.95,724.95,724.95,0,15.0,0.6339,0.000307,-5.35,29.97
2026-08-19 14:53:00,24049.6,724.95,724.95,724.95,724.95,0,15.0,0.6351,0.000307,-5.34,29.94
2026-08-19 14:54:00,24050.45,724.95,724.95,724.95,724.95,0,15.0,0.6354,0.000307,-5.34,29.93
2026-08-19 14:55:00,24050.45,724.95,724.95,724.95,724.95,0,15.0,0.6354,0.000307,-5.34,29.93
2026-08-19 14:56:00,24054.2,724.95,724.95,724.95,724.95,0,15.0,0.6365,0.000307,-5.34,29.9
2026-08-19 14:57:00,24052.7,724.95,724.95,724.95,724.95,0,15.0,0.6361,0.000307,-5.34,29.91
2026-08-19 14:58:00,24054.5,724.95,724.95,724.95,724.95,0,15.0,0.6366,0.000307,-5.34,29.9
2026-08-19 14:59:00,24053.1,724.95,724.95,724.95,724.95,0,15.0,0.6362,0.000307,-5.34,29.91
2026-08-19 15:00:00,24052.7,724.95,724.95,724.95,724.95,0,15.0,0.6361,0.000307,-5.34,29.91
2026-08-19 15:01:00,24060.8,724.95,724.95,724.95,724.95,0,15.0,0.6386,0.000306,-5.33,29.85
2026-08-19 15:02:00,24063.9,724.95,724.95,724.95,724.95,0,15.0,0.6395,0.000306,-5.32,29.82
2026-08-19 15:03:00,24060.1,724.95,730.0,724.95,730.0,130,15.81,0.6324,0.000292,-5.65,30.03
2026-08-19 15:04:00,24055.85,730.0,730.0,730.0,730.0,0,15.0,0.637,0.000306,-5.33,29.89
2026-08-19 15:05:00,24051.05,730.0,730.0,730.0,730.0,0,15.0,0.6356,0.000307,-5.34,29.92
2026-08-19 15:06:00,24043.1,730.0,730.0,730.0,730.0,0,15.0,0.6331,0.000308,-5.35,29.98
2026-08-19 15:07:00,24040.4,730.0,730.0,730.0,730.0,0,15.0,0.6323,0.000308,-5.36,30.0
2026-08-19 15:08:00,24040.55,730.0,730.0,730.0,730.0,0,15.0,0.6323,0.000308,-5.36,30.0
2026-08-19 15:09:00,24038.4,730.0,730.0,730.0,730.0,0,15.0,0.6317,0.000308,-5.36,30.02
2026-08-19 15:10:00,24037.95,730.0,730.0,730.0,730.0,0,15.0,0.6315,0.000308,-5.36,30.02
2026-08-19 15:11:00,24041.35,730.0,730.0,730.0,730.0,0,15.0,0.6326,0.000308,-5.36,30.0
2026-08-19 15:12:00,24048.15,730.0,730.0,730.0,730.0,0,15.0,0.6347,0.000307,-5.35,29.94
2026-08-19 15:13:00,24048.15,730.0,730.0,730.0,730.0,0,15.0,0.6347,0.000307,-5.35,29.94
2026-08-19 15:14:00,24048.55,730.0,730.0,730.0,730.0,0,15.0,0.6348,0.000307,-5.35,29.94
2026-08-19 15:15:00,24048.55,730.0,730.0,730.0,730.0,0,15.0,0.6348,0.000307,-5.35,29.94
2026-08-19 15:16:00,24048.55,730.0,730.0,730.0,730.0,0,15.0,0.6348,0.000307,-5.35,29.94
2026-08-19 15:17:00,24048.55,730.0,730.0,730.0,730.0,0,15.0,0.6348,0.000307,-5.35,29.94
2026-08-19 15:18:00,24048.55,730.0,730.0,730.0,730.0,0,15.0,0.6348,0.000307,-5.35,29.94
2026-08-19 15:19:00,24048.55,730.0,730.0,730.0,730.0,0,15.0,0.6348,0.000307,-5.35,29.94
2026-08-19 15:20:00,24048.55,730.0,730.0,730.0,730.0,0,15.0,0.6348,0.000307,-5.35,29.94
2026-08-19 15:21:00,24048.55,730.0,730.0,730.0,730.0,0,15.0,0.6348,0.000307,-5.35,29.94
2026-08-19 15:22:00,24048.55,730.0,730.0,730.0,730.0,0,15.0,0.6348,0.000307,-5.35,29.94
2026-08-19 15:23:00,24048.55,730.0,730.0,730.0,730.0,0,15.0,0.6348,0.000307,-5.35,29.94
2026-08-19 15:24:00,24048.55,730.0,730.0,730.0,730.0,0,15.0,0.6348,0.000307,-5.35,29.94
2026-08-19 15:25:00,24048.55,730.0,730.0,730.0,730.0,0,15.0,0.6348,0.000307,-5.35,29.94
2026-08-19 15:26:00,24048.55,730.0,730.0,730.0,730.0,0,15.0,0.6348,0.000307,-5.35,29.94
2026-08-19 15:27:00,24048.55,730.0,730.0,730.0,730.0,0,15.0,0.6348,0.000307,-5.35,29.94
2026-08-19 15:28:00,24048.55,730.0,730.0,730.0,730.0,0,15.0,0.6348,0.000307,-5.35,29.94
2026-08-19 15:29:00,24078.3,730.0,730.0,730.0,730.0,0,15.0,0.6439,0.000304,-5.3,29.7
2026-08-20 09:32:00,24187.65,800.0,800.0,800.0,800.0,260,15.5,0.6731,0.000286,-5.35,28.58
2026-08-20 09:33:00,24186.45,800.0,800.0,800.0,800.0,0,15.0,0.6776,0.000294,-5.15,28.41
2026-08-20 09:34:00,24197.9,800.0,806.05,800.0,806.05,65,15.47,0.6763,0.000285,-5.32,28.47
2026-08-20 09:35:00,24204.8,806.05,806.05,806.05,806.05,0,15.0,0.683,0.000291,-5.11,28.22
2026-08-20 09:36:00,24206.3,806.05,810.35,806.05,810.35,65,15.42,0.6792,0.000285,-5.29,28.37
2026-08-20 09:37:00,24203.05,810.35,810.35,810.35,810.35,0,15.0,0.6825,0.000291,-5.12,28.24
2026-08-20 09:38:00,24200.15,810.35,810.35,810.35,810.35,0,15.0,0.6816,0.000292,-5.12,28.27
2026-08-20 09:39:00,24201.35,810.35,810.35,810.35,810.35,0,15.0,0.682,0.000292,-5.12,28.25
2026-08-20 09:40:00,24210.0,810.35,810.35,810.35,810.35,0,15.0,0.6845,0.000291,-5.1,28.17
2026-08-20 09:41:00,24204.05,810.35,810.35,810.35,810.35,0,15.0,0.6828,0.000291,-5.11,28.23
2026-08-20 09:42:00,24203.25,810.35,810.35,810.35,810.35,0,15.0,0.6825,0.000291,-5.11,28.23
2026-08-20 09:43:00,24209.05,810.35,810.35,810.35,810.35,0,15.0,0.6842,0.000291,-5.1,28.17
2026-08-20 09:44:00,24210.95,810.35,810.35,810.35,810.35,0,15.0,0.6848,0.00029,-5.1,28.15
2026-08-20 09:45:00,24214.15,810.35,810.35,810.35,810.35,0,15.0,0.6857,0.00029,-5.09,28.12
2026-08-20 09:46:00,24210.05,810.35,810.35,810.35,810.35,0,15.0,0.6845,0.000291,-5.1,28.16
2026-08-20 09:47:00,24205.45,810.35,810.35,810.35,810.35,0,15.0,0.6832,0.000291,-5.11,28.21
2026-08-20 09:48:00,24205.3,810.35,810.35,810.35,810.35,0,15.0,0.6831,0.000291,-5.11,28.21
2026-08-20 09:49:00,24203.35,810.35,810.35,810.35,810.35,0,15.0,0.6826,0.000291,-5.11,28.23
2026-08-20 09:50:00,24200.75,810.35,810.35,810.35,810.35,0,15.0,0.6818,0.000292,-5.12,28.26
2026-08-20 09:51:00,24199.85,810.35,810.35,810.35,810.35,0,15.0,0.6816,0.000292,-5.12,28.27
2026-08-20 09:52:00,24197.5,810.35,810.5,810.35,810.5,65,15.64,0.6746,0.000283,-5.39,28.53
2026-08-20 09:53:00,24197.95,810.5,810.5,810.5,810.5,0,15.0,0.681,0.000292,-5.13,28.29
2026-08-20 09:54:00,24201.95,810.5,810.5,810.5,810.5,0,15.0,0.6822,0.000292,-5.12,28.24
2026-08-20 09:55:00,24207.1,810.5,810.5,810.5,810.5,0,15.0,0.6837,0.000291,-5.11,28.19
2026-08-20 09:56:00,24211.25,810.5,810.5,810.5,810.5,0,15.0,0.6849,0.00029,-5.1,28.15
2026-08-20 09:57:00,24211.55,810.5,810.5,810.5,810.5,0,15.0,0.685,0.00029,-5.1,28.14
2026-08-20 09:58:00,24207.25,810.5,810.5,810.5,810.5,0,15.0,0.6837,0.000291,-5.11,28.19
2026-08-20 09:59:00,24203.8,810.5,810.5,810.5,810.5,0,15.0,0.6827,0.000291,-5.11,28.22
2026-08-20 10:00:00,24208.0,810.5,810.5,810.5,810.5,0,15.0,0.684,0.000291,-5.11,28.18
2026-08-20 10:01:00,24208.1,810.5,810.5,810.5,810.5,0,15.0,0.684,0.000291,-5.11,28.18
2026-08-20 10:02:00,24205.0,810.5,810.5,810.5,810.5,0,15.0,0.6831,0.000291,-5.11,28.21
2026-08-20 10:03:00,24205.55,810.5,810.5,810.5,810.5,0,15.0,0.6832,0.000291,-5.11,28.2
2026-08-20 10:04:00,24205.9,810.5,810.5,810.5,810.5,0,15.0,0.6833,0.000291,-5.11,28.2
2026-08-20 10:05:00,24207.3,810.5,810.5,810.5,810.5,0,15.0,0.6838,0.000291,-5.11,28.19
2026-08-20 10:06:00,24209.3,810.5,810.5,810.5,810.5,0,15.0,0.6843,0.000291,-5.1,28.16
2026-08-20 10:07:00,24213.0,810.5,810.5,810.5,810.5,0,15.0,0.6854,0.00029,-5.1,28.13
2026-08-20 10:08:00,24210.75,810.5,810.5,810.5,810.5,0,15.0,0.6848,0.000291,-5.1,28.15
2026-08-20 10:09:00,24211.6,810.5,810.5,810.5,810.5,0,15.0,0.685,0.00029,-5.1,28.14
2026-08-20 10:10:00,24216.3,810.5,810.5,810.5,810.5,0,15.0,0.6864,0.00029,-5.09,28.09
2026-08-20 10:11:00,24218.1,810.5,810.5,810.5,810.5,0,15.0,0.6869,0.00029,-5.09,28.07
2026-08-20 10:12:00,24215.35,810.5,810.5,810.5,810.5,0,15.0,0.6861,0.00029,-5.09,28.1
2026-08-20 10:13:00,24216.7,810.5,810.5,810.5,810.5,0,15.0,0.6865,0.00029,-5.09,28.09
2026-08-20 10:14:00,24221.85,810.5,810.5,810.5,810.5,0,15.0,0.688,0.000289,-5.08,28.03
2026-08-20 10:15:00,24223.95,810.5,810.5,810.5,810.5,0,15.0,0.6886,0.000289,-5.07,28.01
2026-08-20 10:16:00,24224.15,810.5,810.5,810.5,810.5,0,15.0,0.6887,0.000289,-5.07,28.01
2026-08-20 10:17:00,24224.8,810.5,810.5,810.5,810.5,0,15.0,0.6888,0.000289,-5.07,28.0
2026-08-20 10:18:00,24221.35,810.5,810.5,810.5,810.5,0,15.0,0.6879,0.000289,-5.08,28.04
2026-08-20 10:19:00,24219.6,810.5,810.5,810.5,810.5,0,15.0,0.6873,0.000289,-5.08,28.05
2026-08-20 10:20:00,24214.4,810.5,810.5,810.5,810.5,0,15.0,0.6858,0.00029,-5.09,28.11
2026-08-20 10:21:00,24217.6,810.5,810.5,810.5,810.5,0,15.0,0.6868,0.00029,-5.09,28.07
2026-08-20 10:22:00,24218.6,810.5,810.5,810.5,810.5,0,15.0,0.6871,0.00029,-5.08,28.06
2026-08-20 10:23:00,24221.1,810.5,810.5,810.5,810.5,0,15.0,0.6878,0.000289,-5.08,28.04
2026-08-20 10:24:00,24217.8,810.5,810.5,810.5,810.5,0,15.0,0.6868,0.00029,-5.09,28.07
2026-08-20 10:25:00,24215.65,810.5,810.5,810.5,810.5,0,15.0,0.6862,0.00029,-5.09,28.09
2026-08-20 10:26:00,24215.2,810.5,810.5,810.5,810.5,0,15.0,0.6861,0.00029,-5.09,28.1
2026-08-20 10:27:00,24211.45,810.5,810.5,810.5,810.5,0,15.0,0.685,0.00029,-5.1,28.14
2026-08-20 10:28:00,24209.05,810.5,810.5,810.5,810.5,0,15.0,0.6843,0.000291,-5.1,28.16
2026-08-20 10:29:00,24210.15,810.5,810.5,810.5,810.5,0,15.0,0.6846,0.000291,-5.1,28.15
2026-08-20 10:30:00,24211.65,810.5,810.5,810.5,810.5,0,15.0,0.6851,0.00029,-5.1,28.13
2026-08-20 10:31:00,24210.6,810.5,810.5,810.5,810.5,0,15.0,0.6848,0.000291,-5.1,28.14
2026-08-20 10:32:00,24211.15,810.5,810.5,810.5,810.5,0,15.0,0.6849,0.000291,-5.1,28.14
2026-08-20 10:33:00,24211.05,810.5,810.5,810.5,810.5,0,15.0,0.6849,0.000291,-5.1,28.14
2026-08-20 10:34:00,24210.2,810.5,810.5,810.5,810.5,0,15.0,0.6846,0.000291,-5.1,28.15
2026-08-20 10:35:00,24210.1,810.5,810.5,810.5,810.5,0,15.0,0.6846,0.000291,-5.1,28.15
2026-08-20 10:36:00,24204.7,810.5,810.5,810.5,810.5,0,15.0,0.683,0.000291,-5.11,28.2
2026-08-20 10:37:00,24202.1,810.5,810.5,810.5,810.5,0,15.0,0.6823,0.000292,-5.12,28.23
2026-08-20 10:38:00,24204.95,810.5,810.5,810.5,810.5,0,15.0,0.6831,0.000291,-5.11,28.2
2026-08-20 10:39:00,24205.0,810.5,810.5,810.5,810.5,0,15.0,0.6831,0.000291,-5.11,28.2
2026-08-20 10:40:00,24204.45,810.5,810.5,810.5,810.5,0,15.0,0.683,0.000291,-5.11,28.21
2026-08-20 10:41:00,24209.65,810.5,810.5,810.5,810.5,0,15.0,0.6845,0.000291,-5.1,28.15
2026-08-20 10:42:00,24208.0,810.5,810.5,810.5,810.5,0,15.0,0.684,0.000291,-5.11,28.17
2026-08-20 10:43:00,24207.55,810.5,810.5,810.5,810.5,0,15.0,0.6839,0.000291,-5.11,28.17
2026-08-20 10:44:00,24211.85,810.5,810.5,810.5,810.5,0,15.0,0.6851,0.00029,-5.1,28.13
2026-08-20 10:45:00,24210.25,810.5,810.5,810.5,810.5,0,15.0,0.6847,0.000291,-5.1,28.14
2026-08-20 10:46:00,24206.6,810.5,810.5,810.5,810.5,0,15.0,0.6836,0.000291,-5.11,28.18
2026-08-20 10:47:00,24205.7,810.5,810.5,810.5,810.5,0,15.0,0.6834,0.000291,-5.11,28.19
2026-08-20 10:48:00,24209.5,810.5,810.5,810.5,810.5,0,15.0,0.6845,0.000291,-5.1,28.15
2026-08-20 10:49:00,24215.55,810.5,810.5,810.5,810.5,0,15.0,0.6862,0.00029,-5.09,28.09
2026-08-20 10:50:00,24210.75,810.5,810.5,810.5,810.5,0,15.0,0.6848,0.000291,-5.1,28.14
2026-08-20 10:51:00,24210.25,810.5,810.5,810.5,810.5,0,15.0,0.6847,0.000291,-5.1,28.14
2026-08-20 10:52:00,24205.65,810.5,810.5,810.5,810.5,0,15.0,0.6833,0.000291,-5.11,28.19
2026-08-20 10:53:00,24208.9,810.5,810.5,810.5,810.5,0,15.0,0.6843,0.000291,-5.11,28.16
2026-08-20 10:54:00,24204.0,810.5,810.5,810.5,810.5,0,15.0,0.6829,0.000291,-5.12,28.21
2026-08-20 10:55:00,24207.9,810.5,810.5,810.5,810.5,0,15.0,0.684,0.000291,-5.11,28.17
2026-08-20 10:56:00,24210.8,810.5,810.5,810.5,810.5,0,15.0,0.6848,0.000291,-5.1,28.13
2026-08-20 10:57:00,24210.05,810.5,810.5,810.5,810.5,0,15.0,0.6846,0.000291,-5.1,28.14
2026-08-20 10:58:00,24209.45,810.5,810.5,810.5,810.5,0,15.0,0.6845,0.000291,-5.1,28.15
2026-08-20 10:59:00,24212.55,810.5,810.5,810.5,810.5,0,15.0,0.6854,0.00029,-5.1,28.12
2026-08-20 11:00:00,24219.65,810.5,810.5,810.5,810.5,0,15.0,0.6874,0.000289,-5.08,28.04
2026-08-20 11:01:00,24215.95,810.5,810.5,810.5,810.5,0,15.0,0.6863,0.00029,-5.09,28.08
2026-08-20 11:02:00,24212.45,810.5,810.5,810.5,810.5,0,15.0,0.6853,0.00029,-5.1,28.12
2026-08-20 11:03:00,24213.5,810.5,810.5,810.5,810.5,0,15.0,0.6856,0.00029,-5.1,28.1
2026-08-20 11:04:00,24214.05,810.5,810.5,810.5,810.5,0,15.0,0.6858,0.00029,-5.1,28.1
2026-08-20 11:05:00,24215.05,810.5,810.5,810.5,810.5,0,15.0,0.6861,0.00029,-5.09,28.09
2026-08-20 11:06:00,24215.0,810.5,810.5,810.5,810.5,0,15.0,0.6861,0.00029,-5.09,28.09
2026-08-20 11:07:00,24213.0,810.5,810.5,810.5,810.5,0,15.0,0.6855,0.00029,-5.1,28.11
2026-08-20 11:08:00,24211.45,810.5,810.5,810.5,810.5,0,15.0,0.6851,0.000291,-5.1,28.12
2026-08-20 11:09:00,24211.45,810.5,810.5,810.5,810.5,0,15.0,0.6851,0.000291,-5.1,28.12
2026-08-20 11:10:00,24213.1,810.5,810.5,810.5,810.5,0,15.0,0.6855,0.00029,-5.1,28.11
2026-08-20 11:11:00,24207.35,810.5,810.5,810.5,810.5,0,15.0,0.6839,0.000291,-5.11,28.17
2026-08-20 11:12:00,24208.5,810.5,810.5,810.5,810.5,0,15.0,0.6842,0.000291,-5.11,28.15
2026-08-20 11:13:00,24203.6,810.5,810.5,810.5,810.5,0,15.0,0.6828,0.000292,-5.12,28.2
2026-08-20 11:14:00,24204.4,810.5,810.5,810.5,810.5,0,15.0,0.683,0.000291,-5.12,28.2
2026-08-20 11:15:00,24205.65,810.5,810.5,810.5,810.5,0,15.0,0.6834,0.000291,-5.11,28.18
2026-08-20 11:16:00,24205.55,810.5,810.5,810.5,810.5,0,15.0,0.6833,0.000291,-5.11,28.18
2026-08-20 11:17:00,24202.85,810.5,810.5,810.5,810.5,0,15.0,0.6826,0.000292,-5.12,28.21
2026-08-20 11:18:00,24200.9,810.5,810.5,810.5,810.5,0,15.0,0.682,0.000292,-5.12,28.23
2026-08-20 11:19:00,24198.75,810.5,810.5,810.5,810.5,0,15.0,0.6814,0.000292,-5.13,28.25
2026-08-20 11:20:00,24196.85,810.5,810.5,805.0,805.0,65,15.47,0.6762,0.000285,-5.33,28.45
2026-08-20 11:21:00,24197.3,805.0,805.0,805.0,805.0,0,15.0,0.6809,0.000292,-5.13,28.27
2026-08-20 11:22:00,24195.45,805.0,805.0,805.0,805.0,0,15.0,0.6804,0.000293,-5.13,28.29
2026-08-20 11:23:00,24198.45,805.0,805.0,805.0,805.0,0,15.0,0.6813,0.000292,-5.13,28.25
2026-08-20 11:24:00,24198.1,805.0,805.0,805.0,805.0,0,15.0,0.6812,0.000292,-5.13,28.26
2026-08-20 11:25:00,24197.1,805.0,805.0,805.0,805.0,0,15.0,0.6809,0.000292,-5.13,28.27
2026-08-20 11:26:00,24196.85,805.0,805.0,805.0,805.0,0,15.0,0.6808,0.000292,-5.13,28.27
2026-08-20 11:27:00,24199.6,805.0,805.0,805.0,805.0,0,15.0,0.6816,0.000292,-5.13,28.24
2026-08-20 11:28:00,24198.75,805.0,805.0,805.0,805.0,0,15.0,0.6814,0.000292,-5.13,28.25
2026-08-20 11:29:00,24201.0,805.0,805.0,805.0,805.0,0,15.0,0.682,0.000292,-5.12,28.23
2026-08-20 11:30:00,24205.45,805.0,805.0,805.0,805.0,0,15.0,0.6833,0.000291,-5.11,28.18
2026-08-20 11:31:00,24208.05,805.0,805.0,805.0,805.0,0,15.0,0.6841,0.000291,-5.11,28.15
2026-08-20 11:32:00,24216.35,805.0,805.0,805.0,805.0,0,15.0,0.6865,0.00029,-5.09,28.07
2026-08-20 11:33:00,24213.75,805.0,805.0,805.0,805.0,0,15.0,0.6858,0.00029,-5.1,28.09
2026-08-20 11:34:00,24212.15,805.0,805.0,805.0,805.0,0,15.0,0.6853,0.000291,-5.1,28.11
2026-08-20 11:35:00,24213.9,805.0,805.0,805.0,805.0,0,15.0,0.6858,0.00029,-5.1,28.09
2026-08-20 11:36:00,24213.65,805.0,805.0,805.0,805.0,0,15.0,0.6857,0.00029,-5.1,28.09
2026-08-20 11:37:00,24213.0,805.0,805.0,805.0,805.0,0,15.0,0.6855,0.00029,-5.1,28.1
2026-08-20 11:38:00,24214.8,805.0,805.0,805.0,805.0,0,15.0,0.6861,0.00029,-5.1,28.08
2026-08-20 11:39:00,24211.75,805.0,805.0,805.0,805.0,0,15.0,0.6852,0.000291,-5.1,28.11
2026-08-20 11:40:00,24211.15,805.0,805.0,805.0,805.0,0,15.0,0.685,0.000291,-5.1,28.12
2026-08-20 11:41:00,24209.75,805.0,805.0,805.0,805.0,0,15.0,0.6846,0.000291,-5.11,28.13
2026-08-20 11:42:00,24212.65,805.0,805.0,805.0,805.0,0,15.0,0.6855,0.00029,-5.1,28.1
2026-08-20 11:43:00,24212.7,805.0,805.0,805.0,805.0,0,15.0,0.6855,0.00029,-5.1,28.1
2026-08-20 11:44:00,24212.35,805.0,805.0,805.0,805.0,0,15.0,0.6854,0.00029,-5.1,28.1
2026-08-20 11:45:00,24213.8,805.0,805.0,805.0,805.0,0,15.0,0.6858,0.00029,-5.1,28.09
2026-08-20 11:46:00,24216.7,805.0,805.0,805.0,805.0,0,15.0,0.6866,0.00029,-5.09,28.06
2026-08-20 11:47:00,24214.4,805.0,805.0,805.0,805.0,0,15.0,0.686,0.00029,-5.1,28.08
2026-08-20 11:48:00,24212.75,805.0,805.0,805.0,805.0,0,15.0,0.6855,0.00029,-5.1,28.1
2026-08-20 11:49:00,24212.4,805.0,805.0,805.0,805.0,0,15.0,0.6854,0.000291,-5.1,28.1
2026-08-20 11:50:00,24212.25,805.0,805.0,805.0,805.0,0,15.0,0.6853,0.000291,-5.1,28.1
2026-08-20 11:51:00,24212.25,805.0,805.0,805.0,805.0,0,15.0,0.6853,0.000291,-5.1,28.1
2026-08-20 11:52:00,24211.75,805.0,805.0,805.0,805.0,0,15.0,0.6852,0.000291,-5.1,28.11
2026-08-20 11:53:00,24212.75,805.0,805.0,805.0,805.0,0,15.0,0.6855,0.00029,-5.1,28.1
2026-08-20 11:54:00,24212.85,805.0,805.0,805.0,805.0,0,15.0,0.6855,0.00029,-5.1,28.1
2026-08-20 11:55:00,24212.55,805.0,805.0,805.0,805.0,0,15.0,0.6854,0.00029,-5.1,28.1
2026-08-20 11:56:00,24218.6,805.0,805.0,805.0,805.0,0,15.0,0.6872,0.00029,-5.09,28.04
2026-08-20 11:57:00,24213.15,805.0,805.0,805.0,805.0,0,15.0,0.6856,0.00029,-5.1,28.09
2026-08-20 11:58:00,24216.4,805.0,805.0,805.0,805.0,0,15.0,0.6866,0.00029,-5.09,28.06
2026-08-20 11:59:00,24216.6,805.0,805.0,805.0,805.0,0,15.0,0.6866,0.00029,-5.09,28.06
2026-08-20 12:00:00,24218.1,805.0,805.0,805.0,805.0,0,15.0,0.6871,0.00029,-5.09,28.04
2026-08-20 12:01:00,24216.65,805.0,805.0,805.0,805.0,0,15.0,0.6866,0.00029,-5.09,28.05
2026-08-20 12:02:00,24215.3,805.0,805.0,805.0,805.0,0,15.0,0.6862,0.00029,-5.1,28.07
2026-08-20 12:03:00,24212.65,805.0,805.0,805.0,805.0,0,15.0,0.6855,0.00029,-5.1,28.1
2026-08-20 12:04:00,24212.2,805.0,805.0,805.0,805.0,0,15.0,0.6854,0.000291,-5.1,28.1
2026-08-20 12:05:00,24213.35,805.0,805.0,805.0,805.0,0,15.0,0.6857,0.00029,-5.1,28.09
2026-08-20 12:06:00,24213.35,805.0,805.0,805.0,805.0,0,15.0,0.6857,0.00029,-5.1,28.09
2026-08-20 12:07:00,24214.2,805.0,805.0,805.0,805.0,0,15.0,0.6859,0.00029,-5.1,28.08
2026-08-20 12:08:00,24212.4,805.0,805.0,805.0,805.0,0,15.0,0.6854,0.000291,-5.1,28.1
2026-08-20 12:09:00,24213.0,805.0,805.0,805.0,805.0,0,15.0,0.6856,0.00029,-5.1,28.09
2026-08-20 12:10:00,24214.7,805.0,805.0,805.0,805.0,0,15.0,0.6861,0.00029,-5.1,28.07
2026-08-20 12:11:00,24215.5,805.0,805.0,805.0,805.0,0,15.0,0.6863,0.00029,-5.1,28.06
2026-08-20 12:12:00,24213.65,805.0,805.0,805.0,805.0,0,15.0,0.6858,0.00029,-5.1,28.08
2026-08-20 12:13:00,24215.9,805.0,805.0,805.0,805.0,0,15.0,0.6864,0.00029,-5.09,28.06
2026-08-20 12:14:00,24214.75,805.0,805.0,805.0,805.0,0,15.0,0.6861,0.00029,-5.1,28.07
2026-08-20 12:15:00,24217.5,805.0,805.0,805.0,805.0,0,15.0,0.6869,0.00029,-5.09,28.04
2026-08-20 12:16:00,24219.25,805.0,805.0,805.0,805.0,0,15.0,0.6874,0.00029,-5.09,28.02
2026-08-20 12:17:00,24219.35,805.0,805.0,805.0,805.0,0,15.0,0.6874,0.00029,-5.09,28.02
2026-08-20 12:18:00,24220.7,805.0,805.0,805.0,805.0,0,15.0,0.6878,0.000289,-5.08,28.01
2026-08-20 12:19:00,24216.75,805.0,805.0,805.0,805.0,0,15.0,0.6867,0.00029,-5.09,28.05
2026-08-20 12:20:00,24214.1,805.0,805.0,805.0,805.0,0,15.0,0.6859,0.00029,-5.1,28.08
2026-08-20 12:21:00,24215.75,805.0,805.0,805.0,805.0,0,15.0,0.6864,0.00029,-5.09,28.06
2026-08-20 12:22:00,24216.25,805.0,805.0,805.0,805.0,0,15.0,0.6866,0.00029,-5.09,28.05
2026-08-20 12:23:00,24214.05,805.0,805.0,805.0,805.0,0,15.0,0.6859,0.00029,-5.1,28.08
2026-08-20 12:24:00,24211.8,805.0,805.0,805.0,805.0,0,15.0,0.6853,0.000291,-5.1,28.1
2026-08-20 12:25:00,24211.7,805.0,805.0,805.0,805.0,0,15.0,0.6852,0.000291,-5.1,28.1
2026-08-20 12:26:00,24210.25,805.0,805.0,805.0,805.0,0,15.0,0.6848,0.000291,-5.11,28.11
2026-08-20 12:27:00,24213.6,805.0,805.0,805.0,805.0,0,15.0,0.6858,0.00029,-5.1,28.08
2026-08-20 12:28:00,24213.35,805.0,805.0,805.0,805.0,0,15.0,0.6857,0.00029,-5.1,28.08
2026-08-20 12:29:00,24213.75,805.0,805.0,805.0,805.0,0,15.0,0.6858,0.00029,-5.1,28.08
2026-08-20 12:30:00,24210.85,805.0,805.0,805.0,805.0,0,15.0,0.685,0.000291,-5.11,28.11
2026-08-20 12:31:00,24211.6,805.0,805.0,805.0,805.0,0,15.0,0.6852,0.000291,-5.1,28.1
2026-08-20 12:32:00,24210.9,805.0,805.0,805.0,805.0,0,15.0,0.685,0.000291,-5.11,28.11
2026-08-20 12:33:00,24211.85,805.0,805.0,805.0,805.0,0,15.0,0.6853,0.000291,-5.1,28.1
2026-08-20 12:34:00,24209.95,805.0,805.0,805.0,805.0,0,15.0,0.6847,0.000291,-5.11,28.11
2026-08-20 12:35:00,24209.9,805.0,805.0,805.0,805.0,0,15.0,0.6847,0.000291,-5.11,28.12
2026-08-20 12:36:00,24209.7,805.0,805.0,805.0,805.0,0,15.0,0.6847,0.000291,-5.11,28.12
2026-08-20 12:37:00,24208.7,805.0,805.0,805.0,805.0,0,15.0,0.6844,0.000291,-5.11,28.13
2026-08-20 12:38:00,24212.35,805.0,805.0,805.0,805.0,0,15.0,0.6854,0.000291,-5.1,28.09
2026-08-20 12:39:00,24216.95,805.0,805.0,805.0,805.0,0,15.0,0.6868,0.00029,-5.09,28.04
2026-08-20 12:40:00,24219.45,805.0,805.0,805.0,805.0,0,15.0,0.6875,0.00029,-5.09,28.01
2026-08-20 12:41:00,24219.45,805.0,805.0,805.0,805.0,0,15.0,0.6875,0.00029,-5.09,28.01
2026-08-20 12:42:00,24218.5,805.0,805.0,805.0,805.0,0,15.0,0.6872,0.00029,-5.09,28.02
2026-08-20 12:43:00,24219.05,805.0,833.75,805.0,833.75,130,15.96,0.6778,0.000276,-5.5,28.39
2026-08-20 12:44:00,24217.2,833.75,833.75,833.75,833.75,0,15.0,0.6869,0.00029,-5.09,28.04
2026-08-20 12:45:00,24220.2,833.75,833.75,833.75,833.75,0,15.0,0.6877,0.00029,-5.09,28.0
2026-08-20 12:46:00,24223.55,833.75,833.75,833.75,833.75,0,15.0,0.6887,0.000289,-5.08,27.97
2026-08-20 12:47:00,24233.9,833.75,833.75,833.75,833.75,0,15.0,0.6917,0.000288,-5.06,27.86
2026-08-20 12:48:00,24245.15,833.75,833.75,833.75,833.75,0,15.0,0.6949,0.000286,-5.03,27.74
2026-08-20 12:49:00,24241.45,833.75,833.75,833.75,833.75,0,15.0,0.6939,0.000287,-5.04,27.78
2026-08-20 12:50:00,24249.8,833.75,833.75,833.75,833.75,0,15.0,0.6963,0.000286,-5.02,27.68
2026-08-20 12:51:00,24258.9,833.75,877.3,833.75,877.3,130,16.55,0.6832,0.000264,-5.66,28.23
2026-08-20 12:52:00,24258.55,877.3,877.3,877.3,877.3,65,16.55,0.683,0.000264,-5.66,28.24
2026-08-20 12:53:00,24247.8,877.3,877.3,877.3,877.3,0,15.0,0.6957,0.000286,-5.03,27.7
2026-08-20 12:54:00,24244.3,877.3,877.3,877.3,877.3,0,15.0,0.6947,0.000286,-5.04,27.74
2026-08-20 12:55:00,24241.7,877.3,877.3,877.3,877.3,0,15.0,0.6939,0.000287,-5.04,27.77
2026-08-20 12:56:00,24244.85,877.3,877.3,877.3,877.3,0,15.0,0.6948,0.000286,-5.03,27.74
2026-08-20 12:57:00,24242.35,877.3,877.3,877.3,877.3,0,15.0,0.6941,0.000287,-5.04,27.76
2026-08-20 12:58:00,24244.05,877.3,877.3,877.3,877.3,0,15.0,0.6946,0.000286,-5.04,27.74
2026-08-20 12:59:00,24244.25,877.3,877.3,877.3,877.3,0,15.0,0.6947,0.000286,-5.04,27.74
2026-08-20 13:00:00,24242.8,877.3,877.3,877.3,877.3,0,15.0,0.6943,0.000287,-5.04,27.76
2026-08-20 13:01:00,24244.85,877.3,877.3,877.3,877.3,0,15.0,0.6949,0.000286,-5.03,27.73
2026-08-20 13:02:00,24248.6,877.3,877.3,877.3,877.3,0,15.0,0.6959,0.000286,-5.03,27.69
2026-08-20 13:03:00,24248.75,877.3,877.3,877.3,877.3,0,15.0,0.696,0.000286,-5.03,27.69
2026-08-20 13:04:00,24244.95,877.3,877.3,877.3,877.3,0,15.0,0.6949,0.000286,-5.03,27.73
2026-08-20 13:05:00,24247.9,877.3,877.3,877.3,877.3,0,15.0,0.6957,0.000286,-5.03,27.7
2026-08-20 13:06:00,24247.25,877.3,877.3,877.3,877.3,0,15.0,0.6955,0.000286,-5.03,27.71
2026-08-20 13:07:00,24245.65,877.3,877.3,877.3,877.3,0,15.0,0.6951,0.000286,-5.03,27.72
2026-08-20 13:08:00,24247.3,877.3,877.3,877.3,877.3,0,15.0,0.6956,0.000286,-5.03,27.71
2026-08-20 13:09:00,24248.5,877.3,877.3,877.3,877.3,0,15.0,0.6959,0.000286,-5.03,27.69
2026-08-20 13:10:00,24247.85,877.3,877.3,877.3,877.3,0,15.0,0.6957,0.000286,-5.03,27.7
2026-08-20 13:11:00,24243.7,877.3,877.3,877.3,877.3,0,15.0,0.6945,0.000286,-5.04,27.74
2026-08-20 13:12:00,24244.45,877.3,877.3,877.3,877.3,0,15.0,0.6948,0.000286,-5.04,27.74
2026-08-20 13:13:00,24246.7,877.3,877.3,877.3,877.3,0,15.0,0.6954,0.000286,-5.03,27.71
2026-08-20 13:14:00,24246.8,877.3,877.3,877.3,877.3,0,15.0,0.6954,0.000286,-5.03,27.71
2026-08-20 13:15:00,24249.65,877.3,877.3,877.3,877.3,0,15.0,0.6962,0.000286,-5.02,27.68
2026-08-20 13:16:00,24245.1,877.3,877.3,877.3,877.3,0,15.0,0.6949,0.000286,-5.03,27.73
2026-08-20 13:17:00,24241.4,877.3,877.3,877.3,877.3,0,15.0,0.6939,0.000287,-5.04,27.77
2026-08-20 13:18:00,24238.65,877.3,877.3,877.3,877.3,0,15.0,0.6931,0.000287,-5.05,27.8
2026-08-20 13:19:00,24241.0,877.3,877.3,877.3,877.3,0,15.0,0.6938,0.000287,-5.04,27.77
2026-08-20 13:20:00,24243.7,877.3,877.3,857.1,857.1,65,16.2,0.6824,0.00027,-5.55,28.24
2026-08-20 13:21:00,24243.35,857.1,857.1,857.1,857.1,0,15.0,0.6945,0.000287,-5.04,27.75
2026-08-20 13:22:00,24244.0,857.1,857.1,857.1,857.1,0,15.0,0.6946,0.000286,-5.04,27.74
2026-08-20 13:23:00,24246.75,857.1,857.1,857.1,857.1,0,15.0,0.6954,0.000286,-5.03,27.71
2026-08-20 13:24:00,24250.3,857.1,857.1,857.1,857.1,0,15.0,0.6964,0.000286,-5.02,27.67
2026-08-20 13:25:00,24250.75,857.1,857.1,857.1,857.1,0,15.0,0.6966,0.000286,-5.02,27.66
2026-08-20 13:26:00,24245.9,857.1,857.1,857.1,857.1,0,15.0,0.6952,0.000286,-5.03,27.72
2026-08-20 13:27:00,24245.6,857.1,857.1,857.1,857.1,0,15.0,0.6951,0.000286,-5.03,27.72
2026-08-20 13:28:00,24242.85,857.1,857.1,857.1,857.1,0,15.0,0.6943,0.000287,-5.04,27.75
2026-08-20 13:29:00,24247.55,857.1,857.1,857.1,857.1,0,15.0,0.6957,0.000286,-5.03,27.7
2026-08-20 13:30:00,24249.35,857.1,857.1,857.1,857.1,0,15.0,0.6962,0.000286,-5.03,27.68
2026-08-20 13:31:00,24247.8,857.1,857.1,857.1,857.1,0,15.0,0.6957,0.000286,-5.03,27.69
2026-08-20 13:32:00,24249.9,857.1,857.1,857.1,857.1,0,15.0,0.6963,0.000286,-5.02,27.67
2026-08-20 13:33:00,24246.4,857.1,857.1,857.1,857.1,0,15.0,0.6953,0.000286,-5.03,27.71
2026-08-20 13:34:00,24248.7,857.1,857.1,857.1,857.1,0,15.0,0.696,0.000286,-5.03,27.68
2026-08-20 13:35:00,24250.15,857.1,857.1,857.1,857.1,0,15.0,0.6964,0.000286,-5.02,27.67
2026-08-20 13:36:00,24249.2,857.1,858.1,857.1,858.1,65,16.11,0.6848,0.000271,-5.5,28.14
2026-08-20 13:37:00,24247.15,858.1,858.1,858.1,858.1,0,15.0,0.6956,0.000286,-5.03,27.7
2026-08-20 13:38:00,24243.45,858.1,858.1,858.1,858.1,0,15.0,0.6945,0.000287,-5.04,27.74
2026-08-20 13:39:00,24243.0,858.1,858.1,858.1,858.1,0,15.0,0.6944,0.000287,-5.04,27.74
2026-08-20 13:40:00,24241.35,858.1,858.1,858.1,858.1,0,15.0,0.6939,0.000287,-5.04,27.76
2026-08-20 13:41:00,24243.2,858.1,858.1,858.1,858.1,0,15.0,0.6944,0.000287,-5.04,27.74
2026-08-20 13:42:00,24244.6,858.1,858.1,858.1,858.1,0,15.0,0.6948,0.000286,-5.04,27.73
2026-08-20 13:43:00,24248.4,858.1,858.1,858.1,858.1,0,15.0,0.6959,0.000286,-5.03,27.68
2026-08-20 13:44:00,24246.05,858.1,858.1,858.1,858.1,0,15.0,0.6953,0.000286,-5.03,27.71
2026-08-20 13:45:00,24244.45,858.1,858.1,858.1,858.1,0,15.0,0.6948,0.000286,-5.04,27.73
2026-08-20 13:46:00,24246.65,858.1,858.1,858.1,858.1,0,15.0,0.6954,0.000286,-5.03,27.7
2026-08-20 13:47:00,24245.7,858.1,858.1,858.1,858.1,0,15.0,0.6952,0.000286,-5.03,27.71
2026-08-20 13:48:00,24243.65,858.1,858.1,858.1,858.1,0,15.0,0.6946,0.000287,-5.04,27.73
2026-08-20 13:49:00,24246.25,858.1,858.1,858.1,858.1,0,15.0,0.6953,0.000286,-5.03,27.71
2026-08-20 13:50:00,24243.3,858.1,858.1,858.1,858.1,0,15.0,0.6945,0.000287,-5.04,27.74
2026-08-20 13:51:00,24241.85,858.1,858.1,858.1,858.1,0,15.0,0.6941,0.000287,-5.04,27.75
2026-08-20 13:52:00,24239.5,858.1,858.1,858.1,858.1,0,15.0,0.6934,0.000287,-5.05,27.78
2026-08-20 13:53:00,24241.3,858.1,858.1,858.1,858.1,0,15.0,0.6939,0.000287,-5.04,27.76
2026-08-20 13:54:00,24239.45,858.1,858.1,858.1,858.1,0,15.0,0.6934,0.000287,-5.05,27.78
2026-08-20 13:55:00,24234.85,858.1,858.1,858.1,858.1,0,15.0,0.6921,0.000288,-5.06,27.83
2026-08-20 13:56:00,24241.1,858.1,858.1,858.1,858.1,0,15.0,0.6939,0.000287,-5.04,27.76
2026-08-20 13:57:00,24236.75,858.1,858.1,858.1,858.1,0,15.0,0.6926,0.000287,-5.05,27.81
2026-08-20 13:58:00,24235.55,858.1,858.1,858.1,858.1,0,15.0,0.6923,0.000288,-5.06,27.82
2026-08-20 13:59:00,24232.95,858.1,858.1,858.1,858.1,0,15.0,0.6915,0.000288,-5.06,27.85
2026-08-20 14:00:00,24233.2,858.1,858.1,858.1,858.1,0,15.0,0.6916,0.000288,-5.06,27.84
2026-08-20 14:01:00,24233.95,858.1,858.1,858.1,858.1,0,15.0,0.6918,0.000288,-5.06,27.84
2026-08-20 14:02:00,24231.55,858.1,858.1,858.1,858.1,0,15.0,0.6911,0.000288,-5.07,27.86
2026-08-20 14:03:00,24231.35,858.1,858.1,858.1,858.1,0,15.0,0.6911,0.000288,-5.07,27.86
2026-08-20 14:04:00,24233.6,858.1,858.1,858.1,858.1,0,15.0,0.6917,0.000288,-5.06,27.84
2026-08-20 14:05:00,24228.85,858.1,858.1,858.1,858.1,0,15.0,0.6904,0.000289,-5.07,27.89
2026-08-20 14:06:00,24231.95,858.1,858.1,858.1,858.1,0,15.0,0.6912,0.000288,-5.06,27.86
2026-08-20 14:07:00,24238.6,858.1,858.1,858.1,858.1,0,15.0,0.6932,0.000287,-5.05,27.78
2026-08-20 14:08:00,24235.35,858.1,858.1,858.1,858.1,0,15.0,0.6922,0.000288,-5.06,27.82
2026-08-20 14:09:00,24236.6,858.1,858.1,858.1,858.1,0,15.0,0.6926,0.000288,-5.05,27.8
2026-08-20 14:10:00,24235.2,858.1,858.1,858.1,858.1,0,15.0,0.6922,0.000288,-5.06,27.82
2026-08-20 14:11:00,24237.95,858.1,858.1,858.1,858.1,0,15.0,0.693,0.000287,-5.05,27.79
2026-08-20 14:12:00,24239.45,858.1,858.1,858.1,858.1,0,15.0,0.6934,0.000287,-5.05,27.77
2026-08-20 14:13:00,24236.6,858.1,858.1,858.1,858.1,0,15.0,0.6926,0.000288,-5.05,27.8
2026-08-20 14:14:00,24238.45,858.1,858.1,858.1,858.1,0,15.0,0.6931,0.000287,-5.05,27.78
2026-08-20 14:15:00,24237.45,858.1,858.1,858.1,858.1,0,15.0,0.6928,0.000287,-5.05,27.79
2026-08-20 14:16:00,24224.1,858.1,858.1,858.1,858.1,0,15.0,0.689,0.000289,-5.08,27.94
2026-08-20 14:17:00,24232.7,858.1,858.1,858.1,858.1,0,15.0,0.6915,0.000288,-5.06,27.84
2026-08-20 14:18:00,24235.85,858.1,858.1,858.1,858.1,0,15.0,0.6924,0.000288,-5.06,27.81
2026-08-20 14:19:00,24238.0,858.1,858.1,858.1,858.1,0,15.0,0.693,0.000287,-5.05,27.79
2026-08-20 14:20:00,24237.0,858.1,858.1,858.1,858.1,0,15.0,0.6927,0.000288,-5.05,27.8
2026-08-20 14:21:00,24237.7,858.1,858.1,858.1,858.1,0,15.0,0.6929,0.000287,-5.05,27.79
2026-08-20 14:22:00,24237.05,858.1,858.1,858.1,858.1,0,15.0,0.6927,0.000288,-5.05,27.8
2026-08-20 14:23:00,24235.8,858.1,858.1,858.1,858.1,0,15.0,0.6924,0.000288,-5.06,27.81
2026-08-20 14:24:00,24242.15,858.1,858.1,858.1,858.1,0,15.0,0.6942,0.000287,-5.04,27.74
2026-08-20 14:25:00,24237.55,858.1,858.1,858.1,858.1,0,15.0,0.6929,0.000287,-5.05,27.79
2026-08-20 14:26:00,24239.1,858.1,858.1,858.1,858.1,0,15.0,0.6933,0.000287,-5.05,27.77
2026-08-20 14:27:00,24240.5,858.1,858.1,858.1,858.1,0,15.0,0.6937,0.000287,-5.05,27.76
2026-08-20 14:28:00,24240.25,858.1,858.1,858.1,858.1,0,15.0,0.6937,0.000287,-5.05,27.76
2026-08-20 14:29:00,24245.8,858.1,858.1,858.1,858.1,0,15.0,0.6953,0.000286,-5.04,27.7
2026-08-20 14:30:00,24242.95,858.1,858.1,858.1,858.1,0,15.0,0.6944,0.000287,-5.04,27.73
2026-08-20 14:31:00,24245.1,858.1,858.1,858.1,858.1,0,15.0,0.6951,0.000286,-5.04,27.71
2026-08-20 14:32:00,24248.6,858.1,858.1,858.1,858.1,0,15.0,0.6961,0.000286,-5.03,27.67
2026-08-20 14:33:00,24246.15,858.1,858.1,858.1,858.1,0,15.0,0.6954,0.000286,-5.03,27.69
2026-08-20 14:34:00,24244.6,858.1,858.1,858.1,858.1,0,15.0,0.6949,0.000286,-5.04,27.71
2026-08-20 14:35:00,24241.55,858.1,858.1,858.1,858.1,0,15.0,0.694,0.000287,-5.04,27.74
2026-08-20 14:36:00,24242.2,858.1,858.1,858.1,858.1,0,15.0,0.6942,0.000287,-5.04,27.74
2026-08-20 14:37:00,24240.8,858.1,858.1,858.1,858.1,0,15.0,0.6938,0.000287,-5.05,27.75
2026-08-20 14:38:00,24242.4,858.1,858.1,858.1,858.1,0,15.0,0.6943,0.000287,-5.04,27.73
2026-08-20 14:39:00,24244.0,858.1,858.1,858.1,858.1,0,15.0,0.6948,0.000287,-5.04,27.71
2026-08-20 14:40:00,24245.5,858.1,858.1,858.1,858.1,0,15.0,0.6952,0.000286,-5.04,27.7
2026-08-20 14:41:00,24240.75,858.1,858.1,858.1,858.1,0,15.0,0.6938,0.000287,-5.05,27.75
2026-08-20 14:42:00,24240.2,858.1,858.1,858.1,858.1,0,15.0,0.6937,0.000287,-5.05,27.76
2026-08-20 14:43:00,24237.25,858.1,858.1,858.1,858.1,0,15.0,0.6928,0.000288,-5.05,27.79
2026-08-20 14:44:00,24237.0,858.1,858.1,858.1,858.1,0,15.0,0.6928,0.000288,-5.05,27.79
2026-08-20 14:45:00,24234.2,858.1,858.1,858.1,858.1,0,15.0,0.692,0.000288,-5.06,27.82
2026-08-20 14:46:00,24235.6,858.1,858.1,858.1,858.1,0,15.0,0.6924,0.000288,-5.06,27.8
2026-08-20 14:47:00,24236.2,858.1,858.1,858.1,858.1,0,15.0,0.6925,0.000288,-5.06,27.8
2026-08-20 14:48:00,24236.8,858.1,858.1,858.1,858.1,0,15.0,0.6927,0.000288,-5.06,27.79
2026-08-20 14:49:00,24236.65,858.1,858.1,858.1,858.1,0,15.0,0.6927,0.000288,-5.06,27.79
2026-08-20 14:50:00,24237.25,858.1,858.1,858.1,858.1,0,15.0,0.6928,0.000288,-5.05,27.78
2026-08-20 14:51:00,24236.75,858.1,858.1,858.1,858.1,0,15.0,0.6927,0.000288,-5.06,27.79
2026-08-20 14:52:00,24235.8,858.1,858.1,858.1,858.1,0,15.0,0.6924,0.000288,-5.06,27.8
2026-08-20 14:53:00,24236.25,858.1,858.1,858.1,858.1,0,15.0,0.6926,0.000288,-5.06,27.79
2026-08-20 14:54:00,24235.7,858.1,858.1,858.1,858.1,0,15.0,0.6924,0.000288,-5.06,27.8
2026-08-20 14:55:00,24235.0,858.1,858.1,858.1,858.1,0,15.0,0.6922,0.000288,-5.06,27.81
2026-08-20 14:56:00,24237.55,858.1,858.1,858.1,858.1,0,15.0,0.6929,0.000288,-5.05,27.78
2026-08-20 14:57:00,24236.1,858.1,858.1,858.1,858.1,0,15.0,0.6925,0.000288,-5.06,27.8
2026-08-20 14:58:00,24234.65,858.1,858.1,858.1,858.1,0,15.0,0.6921,0.000288,-5.06,27.81
2026-08-20 14:59:00,24238.1,858.1,858.1,858.1,858.1,0,15.0,0.6931,0.000287,-5.05,27.77
2026-08-20 15:00:00,24233.35,858.1,858.1,858.1,858.1,0,15.0,0.6917,0.000288,-5.06,27.82
2026-08-20 15:01:00,24228.8,858.1,858.1,858.1,858.1,0,15.0,0.6904,0.000289,-5.07,27.87
2026-08-20 15:02:00,24227.65,858.1,858.1,858.1,858.1,0,15.0,0.6901,0.000289,-5.08,27.88
2026-08-20 15:03:00,24229.2,858.1,858.1,858.1,858.1,0,15.0,0.6905,0.000289,-5.07,27.87
2026-08-20 15:04:00,24231.35,858.1,858.1,858.1,858.1,0,15.0,0.6912,0.000288,-5.07,27.84
2026-08-20 15:05:00,24222.6,858.1,858.1,858.1,858.1,0,15.0,0.6886,0.00029,-5.09,27.94
2026-08-20 15:06:00,24219.75,858.1,858.1,858.1,858.1,0,15.0,0.6878,0.00029,-5.09,27.97
2026-08-20 15:07:00,24218.0,858.1,858.1,858.1,858.1,0,15.0,0.6873,0.00029,-5.1,27.99
2026-08-20 15:08:00,24217.5,858.1,858.1,858.1,858.1,0,15.0,0.6872,0.00029,-5.1,27.99
2026-08-20 15:09:00,24215.7,858.1,858.1,858.1,858.1,0,15.0,0.6866,0.00029,-5.1,28.01
2026-08-20 15:10:00,24214.3,858.1,858.1,858.1,858.1,0,15.0,0.6862,0.000291,-5.1,28.02
2026-08-20 15:11:00,24207.65,858.1,858.1,858.1,858.1,0,15.0,0.6843,0.000292,-5.12,28.09
2026-08-20 15:12:00,24211.0,858.1,858.1,858.1,858.1,0,15.0,0.6853,0.000291,-5.11,28.06
2026-08-20 15:13:00,24220.15,858.1,858.1,858.1,858.1,0,15.0,0.6879,0.00029,-5.09,27.96
2026-08-20 15:14:00,24212.35,858.1,858.1,858.1,858.1,0,15.0,0.6857,0.000291,-5.11,28.04
2026-08-20 15:15:00,24211.6,858.1,858.1,858.1,858.1,0,15.0,0.6855,0.000291,-5.11,28.05
2026-08-20 15:16:00,24211.6,858.1,858.1,858.1,858.1,0,15.0,0.6855,0.000291,-5.11,28.05
2026-08-20 15:17:00,24211.6,858.1,858.1,858.1,858.1,0,15.0,0.6855,0.000291,-5.11,28.05
2026-08-20 15:18:00,24211.6,858.1,858.1,858.1,858.1,0,15.0,0.6855,0.000291,-5.11,28.05
2026-08-20 15:19:00,24211.6,858.1,858.1,858.1,858.1,0,15.0,0.6855,0.000291,-5.11,28.05
2026-08-20 15:20:00,24211.6,858.1,858.1,858.1,858.1,0,15.0,0.6855,0.000291,-5.11,28.05
2026-08-20 15:21:00,24211.6,858.1,858.1,858.1,858.1,0,15.0,0.6855,0.000291,-5.11,28.05
2026-08-20 15:22:00,24211.6,858.1,858.1,858.1,858.1,0,15.0,0.6855,0.000291,-5.11,28.05
2026-08-20 15:23:00,24211.6,858.1,858.1,858.1,858.1,0,15.0,0.6855,0.000291,-5.11,28.05
2026-08-20 15:24:00,24211.6,858.1,858.1,858.1,858.1,0,15.0,0.6855,0.000291,-5.11,28.05
2026-08-20 15:25:00,24211.6,858.1,858.1,858.1,858.1,0,15.0,0.6855,0.000291,-5.11,28.05
2026-08-20 15:26:00,24211.6,858.1,858.1,858.1,858.1,0,15.0,0.6855,0.000291,-5.11,28.05
2026-08-20 15:27:00,24211.6,858.1,858.1,858.1,858.1,0,15.0,0.6855,0.000291,-5.11,28.05
2026-08-20 15:28:00,24211.6,858.1,858.1,858.1,858.1,0,15.0,0.6855,0.000291,-5.11,28.05
2026-08-20 15:29:00,24231.85,858.1,858.1,858.1,858.1,0,15.0,0.6913,0.000288,-5.07,27.83
2026-08-24 10:07:00,24268.45,837.85,837.85,837.85,837.85,130,15.65,0.7035,0.000285,-5.47,26.07
2026-08-24 10:08:00,24269.35,837.85,837.85,837.85,837.85,0,15.0,0.7111,0.000294,-5.18,25.74
2026-08-24 10:09:00,24270.3,837.85,845.9,837.85,845.85,325,15.9,0.7013,0.000281,-5.59,26.16
2026-08-24 10:10:00,24273.05,845.85,845.85,845.85,845.85,0,15.0,0.7122,0.000293,-5.17,25.7
2026-08-24 10:11:00,24272.6,845.85,845.85,845.85,845.85,0,15.0,0.7121,0.000293,-5.17,25.71
2026-08-24 10:12:00,24271.45,845.85,845.85,845.85,845.85,0,15.0,0.7117,0.000293,-5.17,25.72
2026-08-24 10:13:00,24272.05,845.85,845.85,845.85,845.85,0,15.0,0.7119,0.000293,-5.17,25.71
2026-08-24 10:14:00,24273.05,845.85,845.85,845.85,845.85,0,15.0,0.7122,0.000293,-5.17,25.7
2026-08-24 10:15:00,24273.95,845.85,845.85,845.85,845.85,0,15.0,0.7125,0.000293,-5.17,25.69
2026-08-24 10:16:00,24276.15,845.85,845.85,845.85,845.85,0,15.0,0.7131,0.000293,-5.16,25.66
2026-08-24 10:17:00,24274.9,845.85,845.85,845.85,845.85,0,15.0,0.7128,0.000293,-5.16,25.68
2026-08-24 10:18:00,24277.7,845.85,845.85,845.85,845.85,0,15.0,0.7136,0.000292,-5.16,25.64
2026-08-24 10:19:00,24278.2,845.85,845.85,845.85,845.85,0,15.0,0.7137,0.000292,-5.16,25.64
2026-08-24 10:20:00,24277.6,845.85,845.85,845.85,845.85,0,15.0,0.7136,0.000292,-5.16,25.64
2026-08-24 10:21:00,24281.4,845.85,845.85,845.85,845.85,0,15.0,0.7147,0.000292,-5.15,25.6
2026-08-24 10:22:00,24278.85,845.85,845.85,845.85,845.85,0,15.0,0.7139,0.000292,-5.15,25.63
2026-08-24 10:23:00,24277.55,845.85,845.85,845.85,845.85,0,15.0,0.7135,0.000292,-5.16,25.64
2026-08-24 10:24:00,24278.6,845.85,845.85,845.85,845.85,0,15.0,0.7139,0.000292,-5.16,25.63
2026-08-24 10:25:00,24275.8,845.85,845.85,845.85,845.85,0,15.0,0.713,0.000293,-5.16,25.66
2026-08-24 10:26:00,24278.45,845.85,845.85,845.85,845.85,0,15.0,0.7138,0.000292,-5.16,25.63
2026-08-24 10:27:00,24278.95,845.85,845.85,845.85,845.85,0,15.0,0.714,0.000292,-5.15,25.63
2026-08-24 10:28:00,24277.5,845.85,845.85,845.85,845.85,0,15.0,0.7135,0.000292,-5.16,25.64
2026-08-24 10:29:00,24277.7,845.85,845.85,845.85,845.85,0,15.0,0.7136,0.000292,-5.16,25.64
2026-08-24 10:30:00,24278.2,845.85,845.85,845.85,845.85,0,15.0,0.7137,0.000292,-5.16,25.63
2026-08-24 10:31:00,24278.2,845.85,845.85,845.85,845.85,0,15.0,0.7137,0.000292,-5.16,25.63
2026-08-24 10:32:00,24275.75,845.85,845.85,845.85,845.85,0,15.0,0.713,0.000293,-5.16,25.66
2026-08-24 10:33:00,24280.2,845.85,845.85,845.85,845.85,0,15.0,0.7143,0.000292,-5.15,25.61
2026-08-24 10:34:00,24280.3,845.85,845.85,845.85,845.85,0,15.0,0.7144,0.000292,-5.15,25.61
2026-08-24 10:35:00,24279.6,845.85,845.85,845.85,845.85,0,15.0,0.7142,0.000292,-5.15,25.61
2026-08-24 10:36:00,24280.0,845.85,845.85,845.85,845.85,0,15.0,0.7143,0.000292,-5.15,25.61
2026-08-24 10:37:00,24285.3,845.85,845.85,845.85,845.85,0,15.0,0.7158,0.000291,-5.14,25.55
2026-08-24 10:38:00,24283.45,845.85,845.85,845.85,845.85,0,15.0,0.7153,0.000291,-5.14,25.57
2026-08-24 10:39:00,24280.25,845.85,845.85,845.85,845.85,0,15.0,0.7144,0.000292,-5.15,25.61
2026-08-24 10:40:00,24278.2,845.85,845.85,845.85,845.85,0,15.0,0.7138,0.000292,-5.16,25.63
2026-08-24 10:41:00,24277.8,845.85,845.85,845.85,845.85,0,15.0,0.7137,0.000292,-5.16,25.63
2026-08-24 10:42:00,24278.0,845.85,845.85,845.85,845.85,0,15.0,0.7137,0.000292,-5.16,25.63
2026-08-24 10:43:00,24280.35,845.85,845.85,845.85,845.85,0,15.0,0.7144,0.000292,-5.15,25.6
2026-08-24 10:44:00,24279.7,845.85,845.85,845.85,845.85,0,15.0,0.7142,0.000292,-5.15,25.61
2026-08-24 10:45:00,24279.15,845.85,845.85,845.85,845.85,0,15.0,0.7141,0.000292,-5.15,25.62
2026-08-24 10:46:00,24277.9,845.85,845.85,845.85,845.85,0,15.0,0.7137,0.000292,-5.16,25.63
2026-08-24 10:47:00,24277.6,845.85,845.85,845.85,845.85,0,15.0,0.7136,0.000292,-5.16,25.63
2026-08-24 10:48:00,24275.65,845.85,845.85,845.85,845.85,0,15.0,0.713,0.000293,-5.16,25.66
2026-08-24 10:49:00,24270.6,845.85,845.85,845.85,845.85,0,15.0,0.7116,0.000294,-5.18,25.72
2026-08-24 10:50:00,24270.3,845.85,845.85,845.85,845.85,0,15.0,0.7115,0.000294,-5.18,25.72
2026-08-24 10:51:00,24264.95,845.85,845.85,845.85,845.85,0,15.0,0.7099,0.000294,-5.19,25.78
2026-08-24 10:52:00,24263.8,845.85,845.85,845.85,845.85,0,15.0,0.7096,0.000295,-5.19,25.8
2026-08-24 10:53:00,24266.3,845.85,845.85,845.85,845.85,0,15.0,0.7103,0.000294,-5.19,25.77
2026-08-24 10:54:00,24269.2,845.85,845.85,845.85,845.85,0,15.0,0.7112,0.000294,-5.18,25.73
2026-08-24 10:55:00,24271.25,845.85,845.85,845.85,845.85,0,15.0,0.7118,0.000293,-5.18,25.71
2026-08-24 10:56:00,24269.0,845.85,845.85,845.85,845.85,0,15.0,0.7111,0.000294,-5.18,25.73
2026-08-24 10:57:00,24267.85,845.85,845.85,845.85,845.85,0,15.0,0.7108,0.000294,-5.18,25.75
2026-08-24 10:58:00,24265.7,845.85,845.85,845.85,845.85,0,15.0,0.7101,0.000294,-5.19,25.77
2026-08-24 10:59:00,24243.25,845.85,845.85,845.85,845.85,0,15.0,0.7035,0.000298,-5.25,26.03
2026-08-24 11:00:00,24250.45,845.85,845.85,845.85,845.85,0,15.0,0.7056,0.000297,-5.23,25.95
2026-08-24 11:01:00,24250.6,845.85,845.85,845.85,845.85,0,15.0,0.7057,0.000297,-5.23,25.95
2026-08-24 11:02:00,24247.1,845.85,845.85,845.85,845.85,0,15.0,0.7046,0.000297,-5.24,25.99
2026-08-24 11:03:00,24228.9,845.85,845.85,845.85,845.85,0,15.0,0.6992,0.0003,-5.28,26.19
2026-08-24 11:04:00,24230.95,845.85,845.85,845.85,845.85,0,15.0,0.6998,0.0003,-5.28,26.17
2026-08-24 11:05:00,24221.9,845.85,845.85,845.85,845.85,0,15.0,0.6971,0.000301,-5.3,26.27
2026-08-24 11:06:00,24227.55,845.85,845.85,845.85,845.85,0,15.0,0.6988,0.0003,-5.29,26.21
2026-08-24 11:07:00,24228.05,845.85,845.85,845.85,845.85,0,15.0,0.699,0.0003,-5.28,26.2
2026-08-24 11:08:00,24225.45,845.85,845.85,845.85,845.85,0,15.0,0.6982,0.000301,-5.29,26.23
2026-08-24 11:09:00,24221.65,845.85,845.85,845.85,845.85,0,15.0,0.697,0.000301,-5.3,26.27
2026-08-24 11:10:00,24221.1,845.85,845.85,845.85,845.85,0,15.0,0.6969,0.000301,-5.3,26.28
2026-08-24 11:11:00,24219.75,845.85,845.85,845.85,845.85,0,15.0,0.6965,0.000301,-5.3,26.29
2026-08-24 11:12:00,24212.6,845.85,845.85,845.85,845.85,0,15.0,0.6943,0.000303,-5.32,26.37
2026-08-24 11:13:00,24212.35,845.85,845.85,845.85,845.85,0,15.0,0.6942,0.000303,-5.32,26.37
2026-08-24 11:14:00,24210.75,845.85,845.85,845.85,845.85,0,15.0,0.6938,0.000303,-5.33,26.39
2026-08-24 11:15:00,24210.85,845.85,845.85,845.85,845.85,0,15.0,0.6938,0.000303,-5.33,26.39
2026-08-24 11:16:00,24214.2,845.85,845.85,845.85,845.85,0,15.0,0.6948,0.000302,-5.32,26.35
2026-08-24 11:17:00,24212.35,845.85,845.85,845.85,845.85,0,15.0,0.6942,0.000303,-5.32,26.37
2026-08-24 11:18:00,24216.7,845.85,845.85,845.85,845.85,0,15.0,0.6956,0.000302,-5.31,26.32
2026-08-24 11:19:00,24215.1,845.85,845.85,845.85,845.85,0,15.0,0.6951,0.000302,-5.32,26.34
2026-08-24 11:20:00,24214.45,845.85,845.85,845.85,845.85,0,15.0,0.6949,0.000302,-5.32,26.35
2026-08-24 11:21:00,24212.0,845.85,845.85,845.85,845.85,0,15.0,0.6941,0.000303,-5.32,26.37
2026-08-24 11:22:00,24205.45,845.85,845.85,845.85,845.85,0,15.0,0.6922,0.000304,-5.34,26.44
2026-08-24 11:23:00,24200.55,845.85,845.85,845.85,845.85,0,15.0,0.6907,0.000304,-5.35,26.5
2026-08-24 11:24:00,24203.25,845.85,845.85,845.85,845.85,0,15.0,0.6915,0.000304,-5.34,26.47
2026-08-24 11:25:00,24199.3,845.85,845.85,845.85,845.85,0,15.0,0.6903,0.000305,-5.35,26.51
2026-08-24 11:26:00,24197.75,845.85,845.85,845.85,845.85,0,15.0,0.6898,0.000305,-5.36,26.52
2026-08-24 11:27:00,24200.4,845.85,845.85,845.85,845.85,0,15.0,0.6906,0.000304,-5.35,26.5
2026-08-24 11:28:00,24200.65,845.85,845.85,845.85,845.85,0,15.0,0.6907,0.000304,-5.35,26.49
2026-08-24 11:29:00,24202.05,845.85,845.85,845.85,845.85,0,15.0,0.6911,0.000304,-5.35,26.48
2026-08-24 11:30:00,24195.05,845.85,845.85,845.85,845.85,0,15.0,0.689,0.000305,-5.36,26.55
2026-08-24 11:31:00,24179.1,845.85,845.85,845.85,845.85,0,15.0,0.6841,0.000308,-5.4,26.72
2026-08-24 11:32:00,24178.45,845.85,845.85,845.85,845.85,0,15.0,0.6839,0.000308,-5.4,26.73
2026-08-24 11:33:00,24178.95,845.85,845.85,845.85,845.85,0,15.0,0.6841,0.000308,-5.4,26.72
2026-08-24 11:34:00,24180.0,845.85,845.85,845.85,845.85,0,15.0,0.6844,0.000307,-5.4,26.71
2026-08-24 11:35:00,24176.8,845.85,845.85,845.85,845.85,0,15.0,0.6834,0.000308,-5.41,26.74
2026-08-24 11:36:00,24176.75,845.85,845.85,845.85,845.85,0,15.0,0.6834,0.000308,-5.41,26.74
2026-08-24 11:37:00,24178.45,845.85,845.85,845.85,845.85,0,15.0,0.6839,0.000308,-5.4,26.73
2026-08-24 11:38:00,24180.4,845.85,845.85,845.85,845.85,0,15.0,0.6845,0.000307,-5.4,26.7
2026-08-24 11:39:00,24180.85,845.85,845.85,845.85,845.85,0,15.0,0.6847,0.000307,-5.4,26.7
2026-08-24 11:40:00,24183.15,845.85,845.85,845.85,845.85,0,15.0,0.6854,0.000307,-5.39,26.68
2026-08-24 11:41:00,24184.6,845.85,845.85,845.85,845.85,0,15.0,0.6858,0.000307,-5.39,26.66
2026-08-24 11:42:00,24190.65,845.85,845.85,845.85,845.85,0,15.0,0.6877,0.000306,-5.37,26.6
2026-08-24 11:43:00,24188.1,845.85,845.85,845.85,845.85,0,15.0,0.6869,0.000306,-5.38,26.62
2026-08-24 11:44:00,24187.15,845.85,845.85,845.85,845.85,0,15.0,0.6866,0.000306,-5.38,26.63
2026-08-24 11:45:00,24192.35,845.85,845.85,845.85,845.85,0,15.0,0.6882,0.000306,-5.37,26.58
2026-08-24 11:46:00,24196.05,845.85,845.85,845.85,845.85,0,15.0,0.6893,0.000305,-5.36,26.54
2026-08-24 11:47:00,24194.4,845.85,845.85,845.85,845.85,0,15.0,0.6888,0.000305,-5.37,26.55
2026-08-24 11:48:00,24195.75,845.85,845.85,845.85,845.85,0,15.0,0.6892,0.000305,-5.36,26.54
2026-08-24 11:49:00,24196.85,845.85,845.85,845.85,845.85,0,15.0,0.6896,0.000305,-5.36,26.53
2026-08-24 11:50:00,24193.25,845.85,845.85,845.85,845.85,0,15.0,0.6885,0.000305,-5.37,26.57
2026-08-24 11:51:00,24193.1,845.85,845.85,845.85,845.85,0,15.0,0.6884,0.000306,-5.37,26.57
2026-08-24 11:52:00,24193.75,845.85,845.85,845.85,845.85,0,15.0,0.6886,0.000305,-5.37,26.56
2026-08-24 11:53:00,24191.2,845.85,845.85,845.85,845.85,0,15.0,0.6879,0.000306,-5.37,26.59
2026-08-24 11:54:00,24191.65,845.85,845.85,845.85,845.85,0,15.0,0.688,0.000306,-5.37,26.58
2026-08-24 11:55:00,24193.6,845.85,845.85,845.85,845.85,0,15.0,0.6886,0.000305,-5.37,26.56
2026-08-24 11:56:00,24193.2,845.85,845.85,845.85,845.85,0,15.0,0.6885,0.000306,-5.37,26.56
2026-08-24 11:57:00,24186.5,845.85,845.85,845.85,845.85,0,15.0,0.6864,0.000306,-5.39,26.63
2026-08-24 11:58:00,24184.2,845.85,845.85,845.85,845.85,0,15.0,0.6857,0.000307,-5.39,26.66
2026-08-24 11:59:00,24181.2,845.85,845.85,845.85,845.85,0,15.0,0.6848,0.000307,-5.4,26.69
2026-08-24 12:00:00,24184.75,845.85,845.85,845.85,845.85,0,15.0,0.6859,0.000307,-5.39,26.65
2026-08-24 12:01:00,24185.85,845.85,845.85,845.85,845.85,0,15.0,0.6862,0.000307,-5.39,26.64
2026-08-24 12:02:00,24185.35,845.85,845.85,845.85,845.85,0,15.0,0.6861,0.000307,-5.39,26.65
2026-08-24 12:03:00,24192.25,845.85,845.85,845.85,845.85,0,15.0,0.6882,0.000306,-5.37,26.57
2026-08-24 12:04:00,24190.25,845.85,845.85,845.85,845.85,0,15.0,0.6876,0.000306,-5.38,26.59
2026-08-24 12:05:00,24185.75,845.85,845.85,845.85,845.85,0,15.0,0.6862,0.000307,-5.39,26.64
2026-08-24 12:06:00,24185.9,845.85,845.85,845.85,845.85,0,15.0,0.6863,0.000307,-5.39,26.64
2026-08-24 12:07:00,24188.5,845.85,845.85,845.85,845.85,0,15.0,0.6871,0.000306,-5.38,26.61
2026-08-24 12:08:00,24189.1,845.85,845.85,845.85,845.85,0,15.0,0.6872,0.000306,-5.38,26.6
2026-08-24 12:09:00,24194.7,845.85,845.85,845.85,845.85,0,15.0,0.689,0.000305,-5.37,26.54
2026-08-24 12:10:00,24196.2,845.85,845.85,845.85,845.85,0,15.0,0.6894,0.000305,-5.36,26.53
2026-08-24 12:11:00,24193.9,845.85,845.85,845.85,845.85,0,15.0,0.6887,0.000305,-5.37,26.55
2026-08-24 12:12:00,24194.35,845.85,845.85,845.85,845.85,0,15.0,0.6889,0.000305,-5.37,26.55
2026-08-24 12:13:00,24192.8,845.85,845.85,845.85,845.85,0,15.0,0.6884,0.000306,-5.37,26.56
2026-08-24 12:14:00,24194.1,845.85,845.85,845.85,845.85,0,15.0,0.6888,0.000305,-5.37,26.55
2026-08-24 12:15:00,24193.15,845.85,845.85,845.85,845.85,0,15.0,0.6885,0.000306,-5.37,26.56
2026-08-24 12:16:00,24191.05,845.85,845.85,845.85,845.85,0,15.0,0.6879,0.000306,-5.38,26.58
2026-08-24 12:17:00,24191.5,845.85,845.85,845.85,845.85,0,15.0,0.688,0.000306,-5.37,26.58
2026-08-24 12:18:00,24189.3,845.85,845.85,845.85,845.85,0,15.0,0.6873,0.000306,-5.38,26.6
2026-08-24 12:19:00,24190.5,845.85,845.85,845.85,845.85,0,15.0,0.6877,0.000306,-5.38,26.59
2026-08-24 12:20:00,24190.4,845.85,845.85,845.85,845.85,0,15.0,0.6877,0.000306,-5.38,26.59
2026-08-24 12:21:00,24192.0,845.85,845.85,845.85,845.85,0,15.0,0.6882,0.000306,-5.37,26.57
2026-08-24 12:22:00,24192.7,845.85,845.85,845.85,845.85,0,15.0,0.6884,0.000306,-5.37,26.56
2026-08-24 12:23:00,24192.15,845.85,845.85,845.85,845.85,0,15.0,0.6882,0.000306,-5.37,26.57
2026-08-24 12:24:00,24192.7,845.85,845.85,845.85,845.85,0,15.0,0.6884,0.000306,-5.37,26.56
2026-08-24 12:25:00,24193.95,845.85,845.85,845.85,845.85,0,15.0,0.6888,0.000305,-5.37,26.55
2026-08-24 12:26:00,24195.4,845.85,845.85,845.85,845.85,0,15.0,0.6892,0.000305,-5.37,26.53
2026-08-24 12:27:00,24193.55,845.85,845.85,845.85,845.85,0,15.0,0.6886,0.000306,-5.37,26.55
2026-08-24 12:28:00,24190.9,845.85,845.85,845.85,845.85,0,15.0,0.6878,0.000306,-5.38,26.58
2026-08-24 12:29:00,24183.85,845.85,845.85,845.85,845.85,0,15.0,0.6857,0.000307,-5.39,26.65
2026-08-24 12:30:00,24186.55,845.85,845.85,845.85,845.85,0,15.0,0.6865,0.000307,-5.39,26.62
2026-08-24 12:31:00,24185.6,845.85,845.85,845.85,845.85,0,15.0,0.6862,0.000307,-5.39,26.63
2026-08-24 12:32:00,24184.95,845.85,845.85,845.85,845.85,0,15.0,0.686,0.000307,-5.39,26.64
2026-08-24 12:33:00,24185.75,845.85,845.85,845.85,845.85,0,15.0,0.6863,0.000307,-5.39,26.63
2026-08-24 12:34:00,24183.35,845.85,845.85,845.85,845.85,0,15.0,0.6855,0.000307,-5.39,26.66
2026-08-24 12:35:00,24187.9,845.85,845.85,845.85,845.85,0,15.0,0.6869,0.000306,-5.38,26.61
2026-08-24 12:36:00,24190.3,845.85,845.85,845.85,845.85,0,15.0,0.6877,0.000306,-5.38,26.58
2026-08-24 12:37:00,24188.2,845.85,845.85,845.85,845.85,0,15.0,0.687,0.000306,-5.38,26.6
2026-08-24 12:38:00,24182.35,845.85,845.85,845.85,845.85,0,15.0,0.6852,0.000307,-5.4,26.67
2026-08-24 12:39:00,24180.1,845.85,845.85,845.85,845.85,0,15.0,0.6845,0.000308,-5.4,26.69
2026-08-24 12:40:00,24177.2,845.85,845.85,845.85,845.85,0,15.0,0.6836,0.000308,-5.41,26.72
2026-08-24 12:41:00,24179.85,845.85,845.85,845.85,845.85,0,15.0,0.6845,0.000308,-5.4,26.69
2026-08-24 12:42:00,24176.45,845.85,845.85,845.85,845.85,0,15.0,0.6834,0.000308,-5.41,26.73
2026-08-24 12:43:00,24176.95,845.85,845.85,845.85,845.85,0,15.0,0.6836,0.000308,-5.41,26.72
2026-08-24 12:44:00,24180.1,845.85,845.85,845.85,845.85,0,15.0,0.6845,0.000308,-5.4,26.69
2026-08-24 12:45:00,24181.15,845.85,845.85,845.85,845.85,0,15.0,0.6849,0.000307,-5.4,26.68
2026-08-24 12:46:00,24183.0,845.85,845.85,845.85,845.85,0,15.0,0.6854,0.000307,-5.4,26.66
2026-08-24 12:47:00,24181.25,845.85,845.85,845.85,845.85,0,15.0,0.6849,0.000307,-5.4,26.67
2026-08-24 12:48:00,24183.2,845.85,845.85,845.85,845.85,0,15.0,0.6855,0.000307,-5.39,26.65
2026-08-24 12:49:00,24185.1,845.85,845.85,845.85,845.85,0,15.0,0.6861,0.000307,-5.39,26.63
2026-08-24 12:50:00,24183.2,845.85,845.85,845.85,845.85,0,15.0,0.6855,0.000307,-5.39,26.65
2026-08-24 12:51:00,24185.1,845.85,845.85,845.85,845.85,0,15.0,0.6861,0.000307,-5.39,26.63
2026-08-24 12:52:00,24182.95,845.85,845.85,845.85,845.85,0,15.0,0.6854,0.000307,-5.4,26.66
2026-08-24 12:53:00,24180.65,845.85,845.85,845.85,845.85,0,15.0,0.6847,0.000307,-5.4,26.68
2026-08-24 12:54:00,24182.85,845.85,845.85,845.85,845.85,0,15.0,0.6854,0.000307,-5.4,26.66
2026-08-24 12:55:00,24187.7,845.85,845.85,845.85,845.85,0,15.0,0.6869,0.000306,-5.38,26.6
2026-08-24 12:56:00,24185.55,845.85,845.85,845.85,845.85,0,15.0,0.6862,0.000307,-5.39,26.63
2026-08-24 12:57:00,24185.45,845.85,845.85,845.85,845.85,0,15.0,0.6862,0.000307,-5.39,26.63
2026-08-24 12:58:00,24183.4,845.85,845.85,845.85,845.85,0,15.0,0.6856,0.000307,-5.39,26.65
2026-08-24 12:59:00,24180.95,845.85,845.85,845.85,845.85,0,15.0,0.6848,0.000307,-5.4,26.67
2026-08-24 13:00:00,24180.65,845.85,845.85,845.85,845.85,0,15.0,0.6847,0.000307,-5.4,26.68
2026-08-24 13:01:00,24180.05,845.85,845.85,845.85,845.85,0,15.0,0.6846,0.000308,-5.4,26.68
2026-08-24 13:02:00,24174.6,845.85,845.85,845.85,845.85,0,15.0,0.6829,0.000308,-5.42,26.74
2026-08-24 13:03:00,24166.25,845.85,845.85,845.85,845.85,0,15.0,0.6803,0.00031,-5.43,26.82
2026-08-24 13:04:00,24169.85,845.85,845.85,845.85,845.85,0,15.0,0.6814,0.000309,-5.43,26.79
2026-08-24 13:05:00,24158.6,845.85,845.85,845.85,845.85,0,15.0,0.6779,0.000311,-5.45,26.9
2026-08-24 13:06:00,24157.45,845.85,845.85,845.85,845.85,0,15.0,0.6776,0.000311,-5.45,26.91
2026-08-24 13:07:00,24156.35,845.85,845.85,845.85,845.85,0,15.0,0.6772,0.000311,-5.46,26.92
2026-08-24 13:08:00,24158.35,845.85,845.85,845.85,845.85,0,15.0,0.6779,0.000311,-5.45,26.9
2026-08-24 13:09:00,24159.6,845.85,845.85,845.85,845.85,0,15.0,0.6782,0.000311,-5.45,26.89
2026-08-24 13:10:00,24159.5,845.85,845.85,845.85,845.85,0,15.0,0.6782,0.000311,-5.45,26.89
2026-08-24 13:11:00,24161.55,845.85,845.85,845.85,845.85,0,15.0,0.6789,0.00031,-5.44,26.87
2026-08-24 13:12:00,24164.95,845.85,845.85,845.85,845.85,0,15.0,0.6799,0.00031,-5.44,26.83
2026-08-24 13:13:00,24165.7,845.85,845.85,845.85,845.85,0,15.0,0.6801,0.00031,-5.44,26.83
2026-08-24 13:14:00,24166.15,845.85,845.85,845.85,845.85,0,15.0,0.6803,0.00031,-5.43,26.82
2026-08-24 13:15:00,24162.4,845.85,845.85,845.85,845.85,0,15.0,0.6791,0.00031,-5.44,26.86
2026-08-24 13:16:00,24164.3,845.85,845.85,845.85,845.85,0,15.0,0.6797,0.00031,-5.44,26.84
2026-08-24 13:17:00,24168.55,845.85,845.85,845.85,845.85,0,15.0,0.681,0.000309,-5.43,26.8
2026-08-24 13:18:00,24167.7,845.85,845.85,845.85,845.85,0,15.0,0.6808,0.000309,-5.43,26.81
2026-08-24 13:19:00,24173.35,845.85,845.85,845.85,845.85,0,15.0,0.6825,0.000309,-5.42,26.75
2026-08-24 13:20:00,24173.7,845.85,845.85,845.85,845.85,0,15.0,0.6826,0.000309,-5.42,26.74
2026-08-24 13:21:00,24175.65,845.85,845.85,845.85,845.85,0,15.0,0.6832,0.000308,-5.41,26.72
2026-08-24 13:22:00,24174.5,845.85,845.85,845.85,845.85,0,15.0,0.6829,0.000308,-5.42,26.73
2026-08-24 13:23:00,24173.4,845.85,845.85,845.85,845.85,0,15.0,0.6825,0.000309,-5.42,26.74
2026-08-24 13:24:00,24175.8,845.85,845.85,845.85,845.85,0,15.0,0.6833,0.000308,-5.41,26.72
2026-08-24 13:25:00,24174.1,845.85,845.85,845.85,845.85,0,15.0,0.6828,0.000309,-5.42,26.74
2026-08-24 13:26:00,24178.15,845.85,845.85,845.85,845.85,0,15.0,0.684,0.000308,-5.41,26.69
2026-08-24 13:27:00,24178.6,845.85,845.85,845.85,845.85,0,15.0,0.6842,0.000308,-5.41,26.69
2026-08-24 13:28:00,24178.85,845.85,845.85,845.85,845.85,0,15.0,0.6842,0.000308,-5.41,26.69
2026-08-24 13:29:00,24178.75,845.85,845.85,845.85,845.85,0,15.0,0.6842,0.000308,-5.41,26.69
2026-08-24 13:30:00,24179.45,845.85,845.85,845.85,845.85,0,15.0,0.6844,0.000308,-5.41,26.68
2026-08-24 13:31:00,24173.7,845.85,845.85,845.85,845.85,0,15.0,0.6826,0.000309,-5.42,26.74
2026-08-24 13:32:00,24167.75,845.85,845.85,845.85,845.85,0,15.0,0.6808,0.000309,-5.43,26.8
2026-08-24 13:33:00,24165.05,845.85,845.85,845.85,845.85,0,15.0,0.68,0.00031,-5.44,26.83
2026-08-24 13:34:00,24165.2,845.85,845.85,845.85,845.85,0,15.0,0.68,0.00031,-5.44,26.83
2026-08-24 13:35:00,24165.9,845.85,845.85,845.85,845.85,0,15.0,0.6802,0.00031,-5.44,26.82
2026-08-24 13:36:00,24164.45,845.85,845.85,845.85,845.85,0,15.0,0.6798,0.00031,-5.44,26.83
2026-08-24 13:37:00,24168.6,845.85,845.85,845.85,845.85,0,15.0,0.6811,0.000309,-5.43,26.79
2026-08-24 13:38:00,24170.3,845.85,845.85,845.85,845.85,0,15.0,0.6816,0.000309,-5.43,26.77
2026-08-24 13:39:00,24169.5,845.85,845.85,845.85,845.85,0,15.0,0.6814,0.000309,-5.43,26.78
2026-08-24 13:40:00,24169.75,845.85,845.85,845.85,845.85,0,15.0,0.6814,0.000309,-5.43,26.78
2026-08-24 13:41:00,24171.45,845.85,845.85,845.85,845.85,0,15.0,0.682,0.000309,-5.42,26.76
2026-08-24 13:42:00,24170.45,845.85,845.85,845.85,845.85,0,15.0,0.6817,0.000309,-5.43,26.77
2026-08-24 13:43:00,24167.25,845.85,845.85,748.75,748.75,65,14.96,0.6811,0.00031,-5.42,26.79
2026-08-24 13:44:00,24167.05,748.75,748.75,748.75,748.75,0,15.0,0.6806,0.00031,-5.43,26.8
2026-08-24 13:45:00,24167.2,748.75,748.75,748.75,748.75,0,15.0,0.6807,0.00031,-5.43,26.8
2026-08-24 13:46:00,24168.4,748.75,748.75,748.75,748.75,0,15.0,0.681,0.000309,-5.43,26.79
2026-08-24 13:47:00,24167.35,748.75,748.75,748.75,748.75,0,15.0,0.6807,0.00031,-5.43,26.8
2026-08-24 13:48:00,24163.25,748.75,748.75,748.75,748.75,0,15.0,0.6794,0.00031,-5.44,26.84
2026-08-24 13:49:00,24166.9,748.75,748.75,748.75,748.75,0,15.0,0.6806,0.00031,-5.43,26.8
2026-08-24 13:50:00,24169.05,748.75,748.75,748.75,748.75,0,15.0,0.6812,0.000309,-5.43,26.78
2026-08-24 13:51:00,24167.85,748.75,748.75,748.75,748.75,0,15.0,0.6809,0.000309,-5.43,26.79
2026-08-24 13:52:00,24165.95,748.75,748.75,748.75,748.75,0,15.0,0.6803,0.00031,-5.44,26.81
2026-08-24 13:53:00,24163.1,748.75,748.75,748.75,748.75,0,15.0,0.6794,0.00031,-5.44,26.84
2026-08-24 13:54:00,24160.9,748.75,748.75,748.75,748.75,0,15.0,0.6787,0.00031,-5.45,26.86
2026-08-24 13:55:00,24160.35,748.75,748.75,748.75,748.75,0,15.0,0.6786,0.000311,-5.45,26.87
2026-08-24 13:56:00,24157.75,748.75,748.75,748.75,748.75,0,15.0,0.6777,0.000311,-5.46,26.89
2026-08-24 13:57:00,24160.7,748.75,748.75,748.75,748.75,0,15.0,0.6787,0.000311,-5.45,26.86
2026-08-24 13:58:00,24160.95,748.75,748.75,748.75,748.75,0,15.0,0.6787,0.00031,-5.45,26.86
2026-08-24 13:59:00,24158.55,748.75,748.75,748.75,748.75,0,15.0,0.678,0.000311,-5.45,26.89
2026-08-24 14:00:00,24157.95,748.75,748.75,748.75,748.75,0,15.0,0.6778,0.000311,-5.46,26.89
2026-08-24 14:01:00,24165.35,748.75,748.75,748.75,748.75,0,15.0,0.6801,0.00031,-5.44,26.82
2026-08-24 14:02:00,24164.85,748.75,748.75,748.75,748.75,0,15.0,0.68,0.00031,-5.44,26.82
2026-08-24 14:03:00,24160.85,748.75,748.75,748.75,748.75,0,15.0,0.6787,0.000311,-5.45,26.86
2026-08-24 14:04:00,24160.15,748.75,748.75,748.75,748.75,0,15.0,0.6785,0.000311,-5.45,26.87
2026-08-24 14:05:00,24163.2,748.75,748.75,748.75,748.75,0,15.0,0.6795,0.00031,-5.44,26.84
2026-08-24 14:06:00,24161.4,748.75,748.75,748.75,748.75,0,15.0,0.6789,0.00031,-5.45,26.85
2026-08-24 14:07:00,24161.1,748.75,748.75,748.75,748.75,0,15.0,0.6788,0.00031,-5.45,26.86
2026-08-24 14:08:00,24160.2,748.75,748.75,748.75,748.75,0,15.0,0.6785,0.000311,-5.45,26.87
2026-08-24 14:09:00,24162.6,748.75,748.75,748.75,748.75,0,15.0,0.6793,0.00031,-5.45,26.84
2026-08-24 14:10:00,24160.7,748.75,748.75,748.75,748.75,0,15.0,0.6787,0.000311,-5.45,26.86
2026-08-24 14:11:00,24155.9,748.75,748.75,748.75,748.75,0,15.0,0.6772,0.000311,-5.46,26.91
2026-08-24 14:12:00,24152.35,748.75,748.75,748.75,748.75,0,15.0,0.6761,0.000312,-5.47,26.94
2026-08-24 14:13:00,24154.3,748.75,748.75,748.75,748.75,0,15.0,0.6767,0.000311,-5.46,26.92
2026-08-24 14:14:00,24151.1,748.75,748.75,748.75,748.75,0,15.0,0.6757,0.000312,-5.47,26.96
2026-08-24 14:15:00,24149.25,748.75,748.75,748.75,748.75,0,15.0,0.6751,0.000312,-5.47,26.97
2026-08-24 14:16:00,24146.95,748.75,748.75,748.75,748.75,0,15.0,0.6744,0.000313,-5.48,27.0
2026-08-24 14:17:00,24153.0,748.75,748.75,748.75,748.75,0,15.0,0.6763,0.000312,-5.47,26.94
2026-08-24 14:18:00,24154.0,748.75,748.75,748.75,748.75,0,15.0,0.6766,0.000312,-5.46,26.93
2026-08-24 14:19:00,24154.15,748.75,748.75,748.75,748.75,0,15.0,0.6767,0.000311,-5.46,26.92
2026-08-24 14:20:00,24152.7,748.75,748.75,748.75,748.75,0,15.0,0.6762,0.000312,-5.47,26.94
2026-08-24 14:21:00,24159.1,748.75,748.75,748.75,748.75,0,15.0,0.6782,0.000311,-5.45,26.87
2026-08-24 14:22:00,24158.5,748.75,748.75,748.75,748.75,0,15.0,0.678,0.000311,-5.45,26.88
2026-08-24 14:23:00,24153.9,748.75,748.75,748.75,748.75,0,15.0,0.6766,0.000312,-5.47,26.92
2026-08-24 14:24:00,24149.15,748.75,748.75,748.75,748.75,0,15.0,0.6751,0.000312,-5.48,26.97
2026-08-24 14:25:00,24156.95,748.75,748.75,748.75,748.75,0,15.0,0.6775,0.000311,-5.46,26.89
2026-08-24 14:26:00,24158.0,748.75,748.75,748.75,748.75,0,15.0,0.6779,0.000311,-5.46,26.88
2026-08-24 14:27:00,24161.55,748.75,748.75,748.75,748.75,0,15.0,0.679,0.00031,-5.45,26.85
2026-08-24 14:28:00,24162.55,748.75,748.75,748.75,748.75,0,15.0,0.6793,0.00031,-5.45,26.84
2026-08-24 14:29:00,24161.05,748.75,748.75,748.75,748.75,0,15.0,0.6788,0.000311,-5.45,26.85
2026-08-24 14:30:00,24171.0,748.75,748.75,748.75,748.75,0,15.0,0.6819,0.000309,-5.43,26.75
2026-08-24 14:31:00,24172.5,748.75,748.75,748.75,748.75,0,15.0,0.6824,0.000309,-5.42,26.73
2026-08-24 14:32:00,24166.45,748.75,748.75,748.75,748.75,0,15.0,0.6805,0.00031,-5.44,26.79
2026-08-24 14:33:00,24171.35,748.75,748.75,748.75,748.75,0,15.0,0.682,0.000309,-5.43,26.74
2026-08-24 14:34:00,24175.0,748.75,748.75,748.75,748.75,0,15.0,0.6831,0.000309,-5.42,26.71
2026-08-24 14:35:00,24171.45,748.75,748.75,748.75,748.75,0,15.0,0.6821,0.000309,-5.43,26.74
2026-08-24 14:36:00,24171.8,748.75,748.75,748.75,748.75,0,15.0,0.6822,0.000309,-5.43,26.74
2026-08-24 14:37:00,24176.25,748.75,748.75,748.75,748.75,0,15.0,0.6835,0.000308,-5.42,26.69
2026-08-24 14:38:00,24172.95,748.75,748.75,748.75,748.75,0,15.0,0.6825,0.000309,-5.42,26.73
2026-08-24 14:39:00,24171.85,748.75,748.75,748.75,748.75,0,15.0,0.6822,0.000309,-5.43,26.74
2026-08-24 14:40:00,24161.95,748.75,748.75,748.75,748.75,0,15.0,0.6791,0.00031,-5.45,26.84
2026-08-24 14:41:00,24167.45,748.75,748.75,748.75,748.75,0,15.0,0.6808,0.00031,-5.44,26.78
2026-08-24 14:42:00,24162.15,748.75,748.75,748.75,748.75,0,15.0,0.6792,0.00031,-5.45,26.84
2026-08-24 14:43:00,24166.85,748.75,748.75,748.75,748.75,0,15.0,0.6806,0.00031,-5.44,26.79
2026-08-24 14:44:00,24165.25,748.75,748.75,748.75,748.75,0,15.0,0.6801,0.00031,-5.44,26.8
2026-08-24 14:45:00,24166.05,748.75,748.75,748.75,748.75,0,15.0,0.6804,0.00031,-5.44,26.8
2026-08-24 14:46:00,24161.85,748.75,748.75,748.75,748.75,0,15.0,0.6791,0.00031,-5.45,26.84
2026-08-24 14:47:00,24161.35,748.75,748.75,748.75,748.75,0,15.0,0.6789,0.000311,-5.45,26.84
2026-08-24 14:48:00,24164.7,748.75,748.75,748.75,748.75,0,15.0,0.68,0.00031,-5.44,26.81
2026-08-24 14:49:00,24163.75,748.75,748.75,748.75,748.75,0,15.0,0.6797,0.00031,-5.44,26.82
2026-08-24 14:50:00,24162.4,748.75,748.75,748.75,748.75,0,15.0,0.6793,0.00031,-5.45,26.83
2026-08-24 14:51:00,24165.45,748.75,748.75,748.75,748.75,0,15.0,0.6802,0.00031,-5.44,26.8
2026-08-24 14:52:00,24163.2,748.75,748.75,748.75,748.75,0,15.0,0.6795,0.00031,-5.45,26.82
2026-08-24 14:53:00,24166.85,748.75,748.75,748.75,748.75,0,15.0,0.6807,0.00031,-5.44,26.78
2026-08-24 14:54:00,24170.6,748.75,748.75,748.75,748.75,0,15.0,0.6818,0.000309,-5.43,26.75
2026-08-24 14:55:00,24173.85,748.75,748.75,748.75,748.75,0,15.0,0.6828,0.000309,-5.42,26.71
2026-08-24 14:56:00,24171.8,748.75,748.75,748.75,748.75,0,15.0,0.6822,0.000309,-5.43,26.73
2026-08-24 14:57:00,24172.2,748.75,748.75,748.75,748.75,0,15.0,0.6823,0.000309,-5.43,26.73
2026-08-24 14:58:00,24171.9,748.75,748.75,748.75,748.75,0,15.0,0.6822,0.000309,-5.43,26.73
2026-08-24 14:59:00,24172.45,748.75,748.75,748.75,748.75,0,15.0,0.6824,0.000309,-5.43,26.72
2026-08-24 15:00:00,24172.45,748.75,748.75,748.75,748.75,0,15.0,0.6824,0.000309,-5.43,26.72
2026-08-24 15:01:00,24173.15,748.75,748.75,748.75,748.75,0,15.0,0.6826,0.000309,-5.42,26.72
2026-08-24 15:02:00,24177.45,748.75,748.75,748.75,748.75,0,15.0,0.6839,0.000308,-5.41,26.67
2026-08-24 15:03:00,24176.0,748.75,748.75,748.75,748.75,0,15.0,0.6835,0.000308,-5.42,26.69
2026-08-24 15:04:00,24173.3,748.75,748.75,748.75,748.75,0,15.0,0.6827,0.000309,-5.42,26.71
2026-08-24 15:05:00,24167.8,748.75,748.75,748.75,748.75,0,15.0,0.681,0.00031,-5.44,26.77
2026-08-24 15:06:00,24165.1,748.75,748.75,748.75,748.75,0,15.0,0.6801,0.00031,-5.44,26.8
2026-08-24 15:07:00,24169.45,748.75,748.75,748.75,748.75,0,15.0,0.6815,0.000309,-5.43,26.75
2026-08-24 15:08:00,24175.3,748.75,748.75,748.75,748.75,0,15.0,0.6833,0.000309,-5.42,26.69
2026-08-24 15:09:00,24174.5,748.75,748.75,748.75,748.75,0,15.0,0.6831,0.000309,-5.42,26.7
2026-08-24 15:10:00,24173.9,748.75,748.75,748.75,748.75,0,15.0,0.6829,0.000309,-5.42,26.71
2026-08-24 15:11:00,24179.35,748.75,748.75,748.75,748.75,0,15.0,0.6845,0.000308,-5.41,26.65
2026-08-24 15:12:00,24177.15,748.75,748.75,748.75,748.75,0,15.0,0.6839,0.000308,-5.41,26.67
2026-08-24 15:13:00,24178.5,748.75,748.75,748.75,748.75,0,15.0,0.6843,0.000308,-5.41,26.66
2026-08-24 15:14:00,24182.8,748.75,748.75,748.75,748.75,0,15.0,0.6856,0.000307,-5.4,26.61
2026-08-24 15:15:00,24182.8,748.75,748.75,748.75,748.75,0,15.0,0.6856,0.000307,-5.4,26.61
2026-08-24 15:16:00,24182.8,748.75,748.75,748.75,748.75,0,15.0,0.6856,0.000308,-5.4,26.61
2026-08-24 15:17:00,24182.8,748.75,748.75,748.75,748.75,0,15.0,0.6856,0.000308,-5.4,26.61
2026-08-24 15:18:00,24182.8,748.75,748.75,748.75,748.75,0,15.0,0.6856,0.000308,-5.4,26.61
2026-08-24 15:19:00,24182.8,748.75,748.75,748.75,748.75,0,15.0,0.6856,0.000308,-5.4,26.61
2026-08-24 15:20:00,24182.8,748.75,748.75,748.75,748.75,0,15.0,0.6856,0.000308,-5.4,26.61
2026-08-24 15:21:00,24182.8,748.75,748.75,748.75,748.75,0,15.0,0.6856,0.000308,-5.4,26.61
2026-08-24 15:22:00,24182.8,748.75,748.75,748.75,748.75,0,15.0,0.6856,0.000308,-5.4,26.61
2026-08-24 15:23:00,24182.8,748.75,748.75,748.75,748.75,0,15.0,0.6856,0.000308,-5.4,26.61
2026-08-24 15:24:00,24182.8,748.75,748.75,748.75,748.75,0,15.0,0.6856,0.000308,-5.4,26.61
2026-08-24 15:25:00,24182.8,748.75,748.75,748.75,748.75,0,15.0,0.6856,0.000308,-5.4,26.61
2026-08-24 15:26:00,24182.8,748.75,748.75,748.75,748.75,0,15.0,0.6856,0.000308,-5.4,26.61
2026-08-24 15:27:00,24182.8,748.75,748.75,748.75,748.75,0,15.0,0.6856,0.000308,-5.4,26.61
2026-08-24 15:28:00,24182.8,748.75,748.75,748.75,748.75,0,15.0,0.6856,0.000308,-5.4,26.61
2026-08-24 15:29:00,24219.05,748.75,748.75,748.75,748.75,0,15.0,0.6967,0.000302,-5.32,26.22
2026-08-25 15:05:00,24247.55,855.5,859.85,855.5,856.5,975,17.18,0.6854,0.000272,-6.3,26.33
2026-08-25 15:06:00,24244.6,856.5,856.5,856.5,856.5,0,15.0,0.7069,0.000301,-5.31,25.48
2026-08-25 15:07:00,24246.45,856.5,856.5,856.5,856.5,0,15.0,0.7074,0.000301,-5.3,25.46
2026-08-25 15:08:00,24245.05,856.5,856.5,856.5,856.5,0,15.0,0.707,0.000301,-5.31,25.47
2026-08-25 15:09:00,24248.65,856.5,856.5,856.5,856.5,0,15.0,0.7081,0.000301,-5.3,25.43
2026-08-25 15:10:00,24252.3,856.5,856.5,856.5,856.5,0,15.0,0.7092,0.0003,-5.29,25.39
2026-08-25 15:11:00,24261.45,856.5,856.5,856.5,856.5,0,15.0,0.7119,0.000298,-5.27,25.28
2026-08-25 15:12:00,24259.3,856.5,856.5,856.5,856.5,0,15.0,0.7113,0.000299,-5.27,25.3
2026-08-25 15:13:00,24258.15,856.5,856.5,856.5,856.5,0,15.0,0.711,0.000299,-5.27,25.32
2026-08-25 15:14:00,24260.15,856.5,872.5,856.5,872.45,130,17.46,0.6863,0.000267,-6.4,26.31
2026-08-25 15:15:00,24260.05,872.45,872.45,872.45,872.45,0,15.0,0.7115,0.000299,-5.27,25.29
2026-08-25 15:16:00,24260.05,872.45,872.45,872.45,872.45,0,15.0,0.7115,0.000299,-5.27,25.29
2026-08-25 15:17:00,24260.05,872.45,872.45,872.45,872.45,0,15.0,0.7115,0.000299,-5.27,25.29
2026-08-25 15:18:00,24260.05,872.45,872.45,872.45,872.45,0,15.0,0.7115,0.000299,-5.27,25.29
2026-08-25 15:19:00,24260.05,872.45,872.45,872.45,872.45,0,15.0,0.7115,0.000299,-5.27,25.29
2026-08-25 15:20:00,24260.05,872.45,872.45,872.45,872.45,0,15.0,0.7115,0.000299,-5.27,25.29
2026-08-25 15:21:00,24260.05,872.45,872.45,872.45,872.45,0,15.0,0.7115,0.000299,-5.27,25.29
2026-08-25 15:22:00,24260.05,872.45,872.45,872.45,872.45,0,15.0,0.7115,0.000299,-5.27,25.29
2026-08-25 15:23:00,24260.05,872.45,872.45,872.45,872.45,0,15.0,0.7115,0.000299,-5.27,25.29
2026-08-25 15:24:00,24260.05,872.45,872.45,872.45,872.45,0,15.0,0.7115,0.000299,-5.27,25.29
2026-08-25 15:25:00,24260.05,872.45,872.45,872.45,872.45,0,15.0,0.7115,0.000299,-5.27,25.29
2026-08-25 15:26:00,24260.05,872.45,872.45,872.45,872.45,0,15.0,0.7115,0.000299,-5.27,25.29
2026-08-25 15:27:00,24260.05,872.45,872.45,872.45,872.45,0,15.0,0.7115,0.000299,-5.27,25.29
2026-08-25 15:28:00,24334.55,872.45,872.45,872.45,872.45,0,15.0,0.7333,0.000286,-5.06,24.38
2026-08-25 15:29:00,24334.55,872.45,872.45,872.45,872.45,0,15.0,0.7333,0.000286,-5.06,24.38
2026-08-26 13:28:00,24258.6,835.85,835.85,835.85,835.85,65,16.31,0.6991,0.000284,-5.94,25.47
2026-08-26 13:29:00,24265.45,835.85,835.85,835.85,835.85,0,15.0,0.7157,0.000301,-5.31,24.8
2026-08-26 13:30:00,24266.75,835.85,835.85,835.85,835.85,0,15.0,0.7161,0.0003,-5.3,24.78
2026-08-26 13:31:00,24262.45,835.85,835.85,835.85,835.85,0,15.0,0.7148,0.000301,-5.32,24.83
2026-08-26 13:32:00,24263.1,835.85,835.85,835.85,835.85,0,15.0,0.715,0.000301,-5.31,24.82
2026-08-26 13:33:00,24262.7,835.85,835.85,835.85,835.85,0,15.0,0.7148,0.000301,-5.31,24.83
2026-08-26 13:34:00,24267.0,835.85,835.85,835.85,835.85,0,15.0,0.7161,0.0003,-5.3,24.78
2026-08-26 13:35:00,24263.3,835.85,835.85,835.85,835.85,0,15.0,0.715,0.000301,-5.31,24.82
2026-08-26 13:36:00,24263.2,835.85,835.85,835.85,835.85,0,15.0,0.715,0.000301,-5.31,24.82
2026-08-26 13:37:00,24263.85,835.85,835.85,835.85,835.85,0,15.0,0.7152,0.000301,-5.31,24.81
2026-08-26 13:38:00,24266.1,835.85,835.85,835.85,835.85,0,15.0,0.7159,0.000301,-5.31,24.79
2026-08-26 13:39:00,24264.95,835.85,835.85,835.85,835.85,0,15.0,0.7155,0.000301,-5.31,24.8
2026-08-26 13:40:00,24268.9,835.85,835.85,835.85,835.85,0,15.0,0.7167,0.0003,-5.3,24.75
2026-08-26 13:41:00,24268.5,835.85,835.85,835.85,835.85,0,15.0,0.7166,0.0003,-5.3,24.76
2026-08-26 13:42:00,24263.4,835.85,835.85,835.85,835.85,0,15.0,0.7151,0.000301,-5.31,24.82
2026-08-26 13:43:00,24266.0,835.85,835.85,835.85,835.85,0,15.0,0.7159,0.000301,-5.31,24.79
2026-08-26 13:44:00,24261.9,835.85,835.85,835.85,835.85,0,15.0,0.7146,0.000301,-5.32,24.83
2026-08-26 13:45:00,24260.8,835.85,835.85,835.85,835.85,0,15.0,0.7143,0.000301,-5.32,24.85
2026-08-26 13:46:00,24262.55,835.85,835.85,835.85,835.85,0,15.0,0.7148,0.000301,-5.32,24.83
2026-08-26 13:47:00,24260.15,835.85,835.85,835.85,835.85,0,15.0,0.7141,0.000302,-5.32,24.85
2026-08-26 13:48:00,24258.95,835.85,835.85,835.85,835.85,0,15.0,0.7137,0.000302,-5.33,24.87
2026-08-26 13:49:00,24262.05,835.85,835.85,835.85,835.85,0,15.0,0.7147,0.000301,-5.32,24.83
2026-08-26 13:50:00,24263.25,835.85,835.85,835.85,835.85,0,15.0,0.715,0.000301,-5.31,24.82
2026-08-26 13:51:00,24260.55,835.85,835.85,835.85,835.85,0,15.0,0.7142,0.000302,-5.32,24.85
2026-08-26 13:52:00,24266.6,835.85,835.85,835.85,835.85,0,15.0,0.716,0.000301,-5.3,24.77
2026-08-26 13:53:00,24267.4,835.85,835.85,835.85,835.85,0,15.0,0.7163,0.0003,-5.3,24.76
2026-08-26 13:54:00,24264.65,835.85,835.85,835.85,835.85,0,15.0,0.7155,0.000301,-5.31,24.8
2026-08-26 13:55:00,24263.95,835.85,835.85,835.85,835.85,0,15.0,0.7153,0.000301,-5.31,24.81
2026-08-26 13:56:00,24261.1,835.85,835.85,835.85,835.85,0,15.0,0.7144,0.000301,-5.32,24.84
2026-08-26 13:57:00,24261.5,835.85,835.85,835.85,835.85,0,15.0,0.7145,0.000301,-5.32,24.83
2026-08-26 13:58:00,24263.8,835.85,835.85,835.85,835.85,0,15.0,0.7152,0.000301,-5.31,24.81
2026-08-26 13:59:00,24263.35,835.85,835.85,835.85,835.85,0,15.0,0.7151,0.000301,-5.31,24.81
2026-08-26 14:00:00,24260.1,835.85,835.85,835.85,835.85,0,15.0,0.7141,0.000302,-5.32,24.85
2026-08-26 14:01:00,24264.35,835.85,835.85,835.85,835.85,0,15.0,0.7154,0.000301,-5.31,24.8
2026-08-26 14:02:00,24262.75,835.85,835.85,835.85,835.85,0,15.0,0.7149,0.000301,-5.32,24.82
2026-08-26 14:03:00,24267.5,835.85,835.85,835.85,835.85,0,15.0,0.7163,0.0003,-5.3,24.76
2026-08-26 14:04:00,24267.65,835.85,835.85,835.85,835.85,0,15.0,0.7164,0.0003,-5.3,24.76
2026-08-26 14:05:00,24269.4,835.85,835.85,835.85,835.85,0,15.0,0.7169,0.0003,-5.3,24.74
2026-08-26 14:06:00,24267.15,835.85,835.85,835.85,835.85,0,15.0,0.7162,0.0003,-5.3,24.76
2026-08-26 14:07:00,24261.05,835.85,835.85,835.85,835.85,0,15.0,0.7144,0.000301,-5.32,24.84
2026-08-26 14:08:00,24265.3,835.85,835.85,835.85,835.85,0,15.0,0.7157,0.000301,-5.31,24.79
2026-08-26 14:09:00,24266.05,835.85,835.85,835.85,835.85,0,15.0,0.7159,0.000301,-5.31,24.78
2026-08-26 14:10:00,24265.65,835.85,835.85,835.85,835.85,0,15.0,0.7158,0.000301,-5.31,24.78
2026-08-26 14:11:00,24266.35,835.85,835.85,835.85,835.85,0,15.0,0.716,0.000301,-5.31,24.77
2026-08-26 14:12:00,24277.95,835.85,835.85,835.85,835.85,0,15.0,0.7195,0.000299,-5.27,24.63
2026-08-26 14:13:00,24277.0,835.85,835.85,835.85,835.85,0,15.0,0.7192,0.000299,-5.28,24.64
2026-08-26 14:14:00,24273.5,835.85,835.85,835.85,835.85,0,15.0,0.7182,0.000299,-5.29,24.68
2026-08-26 14:15:00,24274.75,835.85,835.85,835.85,835.85,0,15.0,0.7185,0.000299,-5.28,24.67
2026-08-26 14:16:00,24276.7,835.85,835.85,835.85,835.85,0,15.0,0.7191,0.000299,-5.28,24.65
2026-08-26 14:17:00,24275.55,835.85,835.85,835.85,835.85,0,15.0,0.7188,0.000299,-5.28,24.66
2026-08-26 14:18:00,24276.55,835.85,835.85,835.85,835.85,0,15.0,0.7191,0.000299,-5.28,24.65
2026-08-26 14:19:00,24275.6,835.85,835.85,835.85,835.85,0,15.0,0.7188,0.000299,-5.28,24.66
2026-08-26 14:20:00,24278.8,835.85,835.85,835.85,835.85,0,15.0,0.7198,0.000298,-5.27,24.62
2026-08-26 14:21:00,24278.5,835.85,835.85,835.85,835.85,0,15.0,0.7197,0.000299,-5.27,24.62
2026-08-26 14:22:00,24278.4,835.85,835.85,835.85,835.85,0,15.0,0.7196,0.000299,-5.27,24.62
2026-08-26 14:23:00,24278.8,835.85,835.85,835.85,835.85,0,15.0,0.7198,0.000298,-5.27,24.62
2026-08-26 14:24:00,24273.1,835.85,835.85,835.85,835.85,0,15.0,0.7181,0.000299,-5.29,24.69
2026-08-26 14:25:00,24274.85,835.85,835.85,835.85,835.85,0,15.0,0.7186,0.000299,-5.28,24.66
2026-08-26 14:26:00,24274.1,835.85,835.85,835.85,835.85,0,15.0,0.7184,0.000299,-5.29,24.67
2026-08-26 14:27:00,24272.8,835.85,835.85,835.85,835.85,0,15.0,0.718,0.0003,-5.29,24.69
2026-08-26 14:28:00,24266.8,835.85,835.85,835.85,835.85,0,15.0,0.7162,0.000301,-5.31,24.76
2026-08-26 14:29:00,24273.25,835.85,835.85,835.85,835.85,0,15.0,0.7181,0.000299,-5.29,24.68
2026-08-26 14:30:00,24273.3,835.85,835.85,835.85,835.85,0,15.0,0.7181,0.000299,-5.29,24.68
2026-08-26 14:31:00,24278.4,835.85,835.85,835.85,835.85,0,15.0,0.7197,0.000299,-5.27,24.62
2026-08-26 14:32:00,24275.95,835.85,835.85,835.85,835.85,0,15.0,0.7189,0.000299,-5.28,24.65
2026-08-26 14:33:00,24277.35,835.85,835.85,835.85,835.85,0,15.0,0.7193,0.000299,-5.28,24.63
2026-08-26 14:34:00,24278.5,835.85,835.85,835.85,835.85,0,15.0,0.7197,0.000299,-5.27,24.62
2026-08-26 14:35:00,24278.55,835.85,835.85,835.85,835.85,0,15.0,0.7197,0.000299,-5.27,24.62
2026-08-26 14:36:00,24278.65,835.85,835.85,835.85,835.85,0,15.0,0.7197,0.000299,-5.27,24.61
2026-08-26 14:37:00,24282.3,835.85,835.85,835.85,835.85,0,15.0,0.7208,0.000298,-5.26,24.57
2026-08-26 14:38:00,24279.75,835.85,835.85,835.85,835.85,0,15.0,0.7201,0.000298,-5.27,24.6
2026-08-26 14:39:00,24278.15,835.85,835.85,835.85,835.85,0,15.0,0.7196,0.000299,-5.27,24.62
2026-08-26 14:40:00,24278.7,835.85,835.85,835.85,835.85,0,15.0,0.7198,0.000299,-5.27,24.61
2026-08-26 14:41:00,24280.5,835.85,835.85,835.85,835.85,0,15.0,0.7203,0.000298,-5.27,24.59
2026-08-26 14:42:00,24279.55,835.85,835.85,835.85,835.85,0,15.0,0.72,0.000298,-5.27,24.6
2026-08-26 14:43:00,24280.2,835.85,835.85,835.85,835.85,0,15.0,0.7202,0.000298,-5.27,24.59
2026-08-26 14:44:00,24278.7,835.85,835.85,835.85,835.85,0,15.0,0.7198,0.000299,-5.27,24.61
2026-08-26 14:45:00,24282.8,835.85,835.85,835.85,835.85,0,15.0,0.721,0.000298,-5.26,24.56
2026-08-26 14:46:00,24285.1,835.85,835.85,835.85,835.85,0,15.0,0.7217,0.000297,-5.25,24.53
2026-08-26 14:47:00,24289.35,835.85,835.85,835.85,835.85,0,15.0,0.7229,0.000297,-5.24,24.48
2026-08-26 14:48:00,24290.95,835.85,835.85,835.85,835.85,0,15.0,0.7234,0.000296,-5.24,24.46
2026-08-26 14:49:00,24290.8,835.85,835.85,835.85,835.85,0,15.0,0.7234,0.000296,-5.24,24.46
2026-08-26 14:50:00,24291.35,835.85,835.85,835.85,835.85,0,15.0,0.7235,0.000296,-5.24,24.45
2026-08-26 14:51:00,24291.65,835.85,868.35,835.85,863.3,1300,16.49,0.7067,0.000278,-5.94,25.18
2026-08-26 14:52:00,24287.9,863.3,863.3,863.3,863.3,0,15.0,0.7225,0.000297,-5.25,24.5
2026-08-26 14:53:00,24293.55,863.3,863.3,863.3,863.3,0,15.0,0.7242,0.000296,-5.23,24.43
2026-08-26 14:54:00,24294.0,863.3,863.3,863.3,863.3,0,15.0,0.7243,0.000296,-5.23,24.42
2026-08-26 14:55:00,24290.05,863.3,863.3,863.3,863.3,0,15.0,0.7232,0.000297,-5.24,24.47
2026-08-26 14:56:00,24289.8,863.3,876.5,863.3,876.5,130,17.06,0.7004,0.000271,-6.22,25.43
2026-08-26 14:57:00,24292.65,876.5,876.5,876.5,876.5,0,15.0,0.7239,0.000296,-5.23,24.44
2026-08-26 14:58:00,24288.65,876.5,876.5,876.5,876.5,0,15.0,0.7228,0.000297,-5.25,24.49
2026-08-26 14:59:00,24290.8,876.5,876.5,876.5,876.5,0,15.0,0.7234,0.000296,-5.24,24.46
2026-08-26 15:00:00,24279.45,876.5,876.5,876.5,876.5,0,15.0,0.72,0.000298,-5.27,24.6
2026-08-26 15:01:00,24287.55,876.5,876.5,876.5,876.5,0,15.0,0.7224,0.000297,-5.25,24.5
2026-08-26 15:02:00,24287.1,876.5,876.5,876.5,876.5,0,15.0,0.7223,0.000297,-5.25,24.5
2026-08-26 15:03:00,24289.75,876.5,876.5,876.5,876.5,0,15.0,0.7231,0.000297,-5.24,24.47
2026-08-26 15:04:00,24287.5,876.5,876.5,876.5,876.5,0,15.0,0.7224,0.000297,-5.25,24.5
2026-08-26 15:05:00,24282.15,876.5,876.5,876.5,876.5,0,15.0,0.7208,0.000298,-5.26,24.56
2026-08-26 15:06:00,24274.85,876.5,876.5,876.5,876.5,0,15.0,0.7187,0.000299,-5.28,24.65
2026-08-26 15:07:00,24276.0,876.5,876.5,876.5,876.5,0,15.0,0.719,0.000299,-5.28,24.64
2026-08-26 15:08:00,24277.5,876.5,876.5,876.5,876.5,0,15.0,0.7195,0.000299,-5.28,24.62
2026-08-26 15:09:00,24275.35,876.5,876.5,876.5,876.5,0,15.0,0.7188,0.000299,-5.28,24.64
2026-08-26 15:10:00,24278.05,876.5,876.5,876.5,876.5,0,15.0,0.7196,0.000299,-5.28,24.61
2026-08-26 15:11:00,24278.2,876.5,876.5,876.5,876.5,0,15.0,0.7197,0.000299,-5.28,24.61
2026-08-26 15:12:00,24278.85,876.5,876.5,876.5,876.5,0,15.0,0.7199,0.000299,-5.27,24.6
2026-08-26 15:13:00,24281.9,876.5,876.5,876.5,876.5,0,15.0,0.7208,0.000298,-5.26,24.56
2026-08-26 15:14:00,24276.6,876.5,876.5,876.5,876.5,0,15.0,0.7192,0.000299,-5.28,24.63
2026-08-26 15:15:00,24276.9,876.5,876.5,876.5,876.5,0,15.0,0.7193,0.000299,-5.28,24.62
2026-08-26 15:16:00,24276.9,876.5,876.5,876.5,876.5,0,15.0,0.7193,0.000299,-5.28,24.62
2026-08-26 15:17:00,24276.9,876.5,876.5,876.5,876.5,0,15.0,0.7193,0.000299,-5.28,24.62
2026-08-26 15:18:00,24276.9,876.5,876.5,876.5,876.5,0,15.0,0.7193,0.000299,-5.28,24.62
2026-08-26 15:19:00,24276.9,876.5,876.5,876.5,876.5,0,15.0,0.7193,0.000299,-5.28,24.62
2026-08-26 15:20:00,24276.9,876.5,876.5,876.5,876.5,0,15.0,0.7193,0.000299,-5.28,24.62
2026-08-26 15:21:00,24276.9,876.5,876.5,876.5,876.5,0,15.0,0.7193,0.000299,-5.28,24.62
2026-08-26 15:22:00,24276.9,876.5,876.5,876.5,876.5,0,15.0,0.7193,0.000299,-5.28,24.62
2026-08-26 15:23:00,24276.9,876.5,876.5,876.5,876.5,0,15.0,0.7193,0.000299,-5.28,24.62
2026-08-26 15:24:00,24276.9,876.5,876.5,876.5,876.5,0,15.0,0.7193,0.000299,-5.28,24.62
2026-08-26 15:25:00,24276.9,876.5,876.5,876.5,876.5,0,15.0,0.7193,0.000299,-5.28,24.62
2026-08-26 15:26:00,24276.9,876.5,876.5,876.5,876.5,0,15.0,0.7193,0.000299,-5.28,24.62
2026-08-26 15:27:00,24276.9,876.5,876.5,876.5,876.5,0,15.0,0.7193,0.000299,-5.28,24.62
2026-08-26 15:28:00,24207.75,876.5,876.5,876.5,876.5,0,15.0,0.6982,0.000311,-5.47,25.43
2026-08-26 15:29:00,24207.75,876.5,876.5,876.5,876.5,0,15.0,0.6982,0.000311,-5.47,25.43
2026-08-27 15:23:00,24133.05,733.25,733.25,733.25,733.25,65,15.91,0.6683,0.000311,-6.14,26.05
2026-08-27 15:24:00,24133.05,733.25,733.25,733.25,733.25,0,15.0,0.677,0.000326,-5.72,25.76
2026-08-27 15:25:00,24133.05,733.25,733.25,716.1,716.1,65,15.25,0.6745,0.000322,-5.84,25.84
2026-08-27 15:26:00,24133.05,716.1,716.1,716.1,716.1,0,15.0,0.677,0.000326,-5.72,25.76
2026-08-27 15:27:00,24133.05,716.1,716.1,716.1,716.1,0,15.0,0.677,0.000326,-5.72,25.75
2026-08-27 15:28:00,24090.85,716.1,716.1,716.1,716.1,0,15.0,0.6631,0.000332,-5.82,26.16
2026-08-27 15:29:00,24090.85,716.1,716.1,716.1,716.1,0,15.0,0.6631,0.000332,-5.82,26.16
2026-08-28 09:17:00,24125.25,726.0,726.0,726.0,726.0,65,16.02,0.6666,0.000313,-6.27,25.8
2026-08-28 09:18:00,24117.4,726.0,726.0,726.0,726.0,0,15.0,0.6736,0.000332,-5.82,25.56
2026-08-28 09:19:00,24112.2,726.0,726.0,726.0,726.0,0,15.0,0.6719,0.000332,-5.83,25.62
2026-08-28 09:20:00,24112.05,726.0,726.0,726.0,726.0,0,15.0,0.6719,0.000332,-5.83,25.62
2026-08-28 09:21:00,24124.55,726.0,726.0,726.0,726.0,0,15.0,0.676,0.00033,-5.8,25.49
2026-08-28 09:22:00,24112.3,726.0,726.0,726.0,726.0,0,15.0,0.6719,0.000332,-5.83,25.61
2026-08-28 09:23:00,24115.1,726.0,726.0,726.0,726.0,0,15.0,0.6729,0.000332,-5.82,25.59
2026-08-28 09:24:00,24129.55,726.0,726.0,726.0,726.0,0,15.0,0.6777,0.00033,-5.79,25.44
2026-08-28 09:25:00,24144.8,726.0,726.0,726.0,726.0,0,15.0,0.6827,0.000327,-5.75,25.28
2026-08-28 09:26:00,24149.6,726.0,726.0,726.0,726.0,0,15.0,0.6842,0.000326,-5.74,25.23
2026-08-28 09:27:00,24154.9,726.0,726.0,726.0,726.0,0,15.0,0.686,0.000326,-5.72,25.18
2026-08-28 09:28:00,24146.4,726.0,726.0,726.0,726.0,0,15.0,0.6832,0.000327,-5.74,25.27
2026-08-28 09:29:00,24149.55,726.0,726.0,726.0,726.0,0,15.0,0.6842,0.000326,-5.74,25.23
2026-08-28 09:30:00,24142.95,726.0,726.0,726.0,726.0,0,15.0,0.6821,0.000328,-5.75,25.3
2026-08-28 09:31:00,24141.35,726.0,726.0,726.0,726.0,0,15.0,0.6815,0.000328,-5.76,25.32
2026-08-28 09:32:00,24149.15,726.0,726.0,726.0,726.0,0,15.0,0.6841,0.000327,-5.74,25.24
2026-08-28 09:33:00,24147.35,726.0,726.0,726.0,726.0,0,15.0,0.6835,0.000327,-5.74,25.26
2026-08-28 09:34:00,24145.45,726.0,726.0,726.0,726.0,0,15.0,0.6829,0.000327,-5.75,25.27
2026-08-28 09:35:00,24144.75,726.0,726.0,726.0,726.0,0,15.0,0.6827,0.000327,-5.75,25.28
2026-08-28 09:36:00,24137.75,726.0,726.0,726.0,726.0,0,15.0,0.6804,0.000328,-5.77,25.35
2026-08-28 09:37:00,24139.8,726.0,726.0,726.0,726.0,0,15.0,0.681,0.000328,-5.76,25.33
2026-08-28 09:38:00,24135.15,726.0,726.0,726.0,726.0,0,15.0,0.6795,0.000329,-5.77,25.38
2026-08-28 09:39:00,24140.35,726.0,726.0,726.0,726.0,0,15.0,0.6812,0.000328,-5.76,25.33
2026-08-28 09:40:00,24146.1,726.0,726.0,726.0,726.0,0,15.0,0.6831,0.000327,-5.75,25.27
2026-08-28 09:41:00,24148.05,726.0,726.0,726.0,726.0,0,15.0,0.6838,0.000327,-5.74,25.25
2026-08-28 09:42:00,24157.3,726.0,726.0,726.0,726.0,0,15.0,0.6868,0.000325,-5.72,25.15
2026-08-28 09:43:00,24162.5,726.0,726.0,726.0,726.0,0,15.0,0.6885,0.000324,-5.7,25.09
2026-08-28 09:44:00,24160.05,726.0,726.0,726.0,726.0,0,15.0,0.6877,0.000325,-5.71,25.12
2026-08-28 09:45:00,24158.65,726.0,726.0,726.0,726.0,0,15.0,0.6872,0.000325,-5.71,25.13
2026-08-28 09:46:00,24152.05,726.0,726.0,726.0,726.0,0,15.0,0.6851,0.000326,-5.73,25.2
2026-08-28 09:47:00,24151.85,726.0,726.0,726.0,726.0,0,15.0,0.685,0.000326,-5.73,25.2
2026-08-28 09:48:00,24150.45,726.0,726.0,726.0,726.0,0,15.0,0.6846,0.000326,-5.73,25.22
2026-08-28 09:49:00,24146.95,726.0,726.0,726.0,726.0,0,15.0,0.6834,0.000327,-5.74,25.25
2026-08-28 09:50:00,24146.4,726.0,762.35,726.0,762.35,65,16.89,0.6657,0.000297,-6.63,25.84
2026-08-28 09:51:00,24143.55,762.35,762.35,762.35,762.35,0,15.0,0.6823,0.000327,-5.75,25.29
2026-08-28 09:52:00,24143.2,762.35,762.35,762.35,762.35,0,15.0,0.6822,0.000328,-5.75,25.29
2026-08-28 09:53:00,24147.6,762.35,762.35,762.35,762.35,0,15.0,0.6836,0.000327,-5.74,25.25
2026-08-28 09:54:00,24154.9,762.35,762.35,762.35,762.35,0,15.0,0.686,0.000326,-5.72,25.17
2026-08-28 09:55:00,24157.35,762.35,762.35,762.35,762.35,0,15.0,0.6868,0.000325,-5.72,25.14
2026-08-28 09:56:00,24157.55,762.35,762.35,762.35,762.35,0,15.0,0.6869,0.000325,-5.72,25.14
2026-08-28 09:57:00,24155.7,762.35,762.35,762.35,762.35,0,15.0,0.6863,0.000326,-5.72,25.16
2026-08-28 09:58:00,24159.0,762.35,762.35,762.35,762.35,0,15.0,0.6874,0.000325,-5.71,25.12
2026-08-28 09:59:00,24156.5,762.35,762.35,762.35,762.35,0,15.0,0.6865,0.000325,-5.72,25.15
2026-08-28 10:00:00,24149.5,762.35,762.35,762.35,762.35,0,15.0,0.6843,0.000327,-5.74,25.22
2026-08-28 10:01:00,24147.55,762.35,762.35,762.35,762.35,0,15.0,0.6836,0.000327,-5.74,25.24
2026-08-28 10:02:00,24148.85,762.35,762.35,762.35,762.35,0,15.0,0.6841,0.000327,-5.74,25.23
2026-08-28 10:03:00,24150.5,762.35,762.35,762.35,762.35,0,15.0,0.6846,0.000326,-5.73,25.21
2026-08-28 10:04:00,24146.05,762.35,762.35,762.35,762.35,0,15.0,0.6831,0.000327,-5.75,25.26
2026-08-28 10:05:00,24145.35,762.35,762.35,762.35,762.35,0,15.0,0.6829,0.000327,-5.75,25.27
2026-08-28 10:06:00,24142.45,762.35,762.35,762.35,762.35,0,15.0,0.682,0.000328,-5.76,25.3
2026-08-28 10:07:00,24151.8,762.35,762.35,753.45,753.45,65,16.4,0.6715,0.000304,-6.39,25.66
2026-08-28 10:08:00,24156.6,753.45,753.45,753.45,753.45,0,15.0,0.6866,0.000325,-5.72,25.15
2026-08-28 10:09:00,24151.95,753.45,753.45,753.45,753.45,0,15.0,0.6851,0.000326,-5.73,25.2
2026-08-28 10:10:00,24152.5,753.45,753.45,753.45,753.45,0,15.0,0.6853,0.000326,-5.73,25.19
2026-08-28 10:11:00,24153.55,753.45,753.45,753.45,753.45,0,15.0,0.6856,0.000326,-5.73,25.18
2026-08-28 10:12:00,24160.0,753.45,753.45,753.45,753.45,0,15.0,0.6877,0.000325,-5.71,25.11
2026-08-28 10:13:00,24161.35,753.45,753.45,753.45,753.45,0,15.0,0.6881,0.000325,-5.71,25.09
2026-08-28 10:14:00,24167.2,753.45,753.45,753.45,753.45,0,15.0,0.69,0.000324,-5.69,25.03
2026-08-28 10:15:00,24170.1,753.45,753.45,753.45,753.45,0,15.0,0.691,0.000323,-5.68,25.0
2026-08-28 10:16:00,24177.7,753.45,753.45,753.45,753.45,0,15.0,0.6934,0.000322,-5.66,24.92
2026-08-28 10:17:00,24179.35,753.45,753.45,753.45,753.45,0,15.0,0.694,0.000322,-5.66,24.9
2026-08-28 10:18:00,24172.7,753.45,753.45,753.45,753.45,0,15.0,0.6918,0.000323,-5.68,24.97
2026-08-28 10:19:00,24165.0,753.45,753.45,753.45,753.45,0,15.0,0.6893,0.000324,-5.7,25.05
2026-08-28 10:20:00,24167.9,753.45,753.45,753.45,753.45,0,15.0,0.6903,0.000324,-5.69,25.02
2026-08-28 10:21:00,24162.45,753.45,753.45,753.45,753.45,0,15.0,0.6885,0.000324,-5.7,25.08
2026-08-28 10:22:00,24166.05,753.45,753.45,753.45,753.45,0,15.0,0.6897,0.000324,-5.7,25.04
2026-08-28 10:23:00,24167.8,753.45,753.45,753.45,753.45,0,15.0,0.6903,0.000324,-5.69,25.02
2026-08-28 10:24:00,24170.2,753.45,753.45,753.45,753.45,0,15.0,0.691,0.000323,-5.68,25.0
2026-08-28 10:25:00,24163.5,753.45,753.45,753.45,753.45,0,15.0,0.6889,0.000324,-5.7,25.07
2026-08-28 10:26:00,24165.0,753.45,753.45,753.45,753.45,0,15.0,0.6894,0.000324,-5.7,25.05
2026-08-28 10:27:00,24163.9,753.45,753.45,753.45,753.45,0,15.0,0.689,0.000324,-5.7,25.06
2026-08-28 10:28:00,24166.6,753.45,753.45,753.45,753.45,0,15.0,0.6899,0.000324,-5.69,25.03
2026-08-28 10:29:00,24169.85,753.45,753.45,753.45,753.45,0,15.0,0.6909,0.000323,-5.69,25.0
2026-08-28 10:30:00,24163.75,753.45,753.45,753.45,753.45,0,15.0,0.689,0.000324,-5.7,25.06
2026-08-28 10:31:00,24160.85,753.45,753.45,753.45,753.45,0,15.0,0.688,0.000325,-5.71,25.09
2026-08-28 10:32:00,24165.45,753.45,753.45,753.45,753.45,0,15.0,0.6895,0.000324,-5.7,25.04
2026-08-28 10:33:00,24161.4,753.45,753.45,753.45,753.45,0,15.0,0.6882,0.000325,-5.71,25.09
2026-08-28 10:34:00,24160.8,753.45,753.45,753.45,753.45,0,15.0,0.688,0.000325,-5.71,25.09
2026-08-28 10:35:00,24157.65,753.45,753.45,753.45,753.45,0,15.0,0.687,0.000325,-5.72,25.13
2026-08-28 10:36:00,24160.85,753.45,753.45,753.45,753.45,0,15.0,0.688,0.000325,-5.71,25.09
2026-08-28 10:37:00,24161.1,753.45,753.45,753.45,753.45,0,15.0,0.6881,0.000325,-5.71,25.09
2026-08-28 10:38:00,24160.95,753.45,753.45,753.45,753.45,0,15.0,0.6881,0.000325,-5.71,25.09
2026-08-28 10:39:00,24161.95,753.45,753.45,753.45,753.45,0,15.0,0.6884,0.000325,-5.71,25.08
2026-08-28 10:40:00,24162.7,753.45,753.45,753.45,753.45,0,15.0,0.6886,0.000324,-5.71,25.07
2026-08-28 10:41:00,24165.3,753.45,753.45,753.45,753.45,0,15.0,0.6895,0.000324,-5.7,25.04
2026-08-28 10:42:00,24163.7,753.45,753.45,753.45,753.45,0,15.0,0.689,0.000324,-5.7,25.06
2026-08-28 10:43:00,24159.4,753.45,753.45,753.45,753.45,0,15.0,0.6876,0.000325,-5.71,25.11
2026-08-28 10:44:00,24156.15,753.45,753.45,753.45,753.45,0,15.0,0.6865,0.000326,-5.72,25.14
2026-08-28 10:45:00,24154.0,753.45,753.45,753.45,753.45,0,15.0,0.6858,0.000326,-5.73,25.16
2026-08-28 10:46:00,24152.2,753.45,753.45,753.45,753.45,0,15.0,0.6852,0.000326,-5.73,25.18
2026-08-28 10:47:00,24157.65,753.45,753.45,753.45,753.45,0,15.0,0.687,0.000325,-5.72,25.12
2026-08-28 10:48:00,24157.3,753.45,753.45,753.45,753.45,0,15.0,0.6869,0.000325,-5.72,25.13
2026-08-28 10:49:00,24163.4,753.45,753.45,753.45,753.45,0,15.0,0.6889,0.000324,-5.7,25.06
2026-08-28 10:50:00,24167.1,753.45,753.45,753.45,753.45,0,15.0,0.6901,0.000324,-5.69,25.02
2026-08-28 10:51:00,24165.35,753.45,753.45,753.45,753.45,0,15.0,0.6895,0.000324,-5.7,25.04
2026-08-28 10:52:00,24162.9,753.45,753.45,753.45,753.45,0,15.0,0.6887,0.000324,-5.71,25.07
2026-08-28 10:53:00,24159.75,753.45,753.45,753.45,753.45,0,15.0,0.6877,0.000325,-5.71,25.1
2026-08-28 10:54:00,24155.6,753.45,753.45,753.45,753.45,0,15.0,0.6864,0.000326,-5.72,25.14
2026-08-28 10:55:00,24150.65,753.45,753.45,753.45,753.45,0,15.0,0.6847,0.000327,-5.74,25.19
2026-08-28 10:56:00,24156.75,753.45,753.45,753.45,753.45,0,15.0,0.6867,0.000326,-5.72,25.13
2026-08-28 10:57:00,24156.75,753.45,753.45,753.45,753.45,0,15.0,0.6867,0.000326,-5.72,25.13
2026-08-28 10:58:00,24159.95,753.45,753.45,753.45,753.45,0,15.0,0.6878,0.000325,-5.71,25.09
2026-08-28 10:59:00,24155.7,753.45,753.45,753.45,753.45,0,15.0,0.6864,0.000326,-5.72,25.14
2026-08-28 11:00:00,24154.5,753.45,753.45,753.45,753.45,0,15.0,0.686,0.000326,-5.73,25.15
2026-08-28 11:01:00,24159.85,753.45,753.45,753.45,753.45,0,15.0,0.6877,0.000325,-5.71,25.09
2026-08-28 11:02:00,24161.1,753.45,753.45,753.45,753.45,0,15.0,0.6882,0.000325,-5.71,25.08
2026-08-28 11:03:00,24158.25,753.45,753.45,753.45,753.45,0,15.0,0.6872,0.000325,-5.72,25.11
2026-08-28 11:04:00,24160.25,753.45,753.45,753.45,753.45,0,15.0,0.6879,0.000325,-5.71,25.09
2026-08-28 11:05:00,24158.65,753.45,753.45,753.45,753.45,0,15.0,0.6874,0.000325,-5.72,25.11
2026-08-28 11:06:00,24155.35,753.45,753.45,753.45,753.45,0,15.0,0.6863,0.000326,-5.73,25.14
2026-08-28 11:07:00,24149.9,753.45,753.45,753.45,753.45,0,15.0,0.6845,0.000327,-5.74,25.2
2026-08-28 11:08:00,24151.25,753.45,753.45,753.45,753.45,0,15.0,0.685,0.000326,-5.74,25.18
2026-08-28 11:09:00,24142.45,753.45,753.45,753.45,753.45,0,15.0,0.6821,0.000328,-5.76,25.27
2026-08-28 11:10:00,24144.9,753.45,753.45,753.45,753.45,0,15.0,0.6829,0.000327,-5.75,25.25
2026-08-28 11:11:00,24145.8,753.45,753.45,753.45,753.45,0,15.0,0.6832,0.000327,-5.75,25.24
2026-08-28 11:12:00,24155.0,753.45,753.45,753.45,753.45,0,15.0,0.6862,0.000326,-5.73,25.14
2026-08-28 11:13:00,24158.55,753.45,753.45,753.45,753.45,0,15.0,0.6873,0.000325,-5.72,25.1
2026-08-28 11:14:00,24160.95,753.45,753.45,753.45,753.45,0,15.0,0.6881,0.000325,-5.71,25.08
2026-08-28 11:15:00,24161.45,753.45,753.45,753.45,753.45,0,15.0,0.6883,0.000325,-5.71,25.07
2026-08-28 11:16:00,24160.0,753.45,753.45,753.45,753.45,0,15.0,0.6878,0.000325,-5.71,25.09
2026-08-28 11:17:00,24154.45,753.45,753.45,753.45,753.45,0,15.0,0.686,0.000326,-5.73,25.15
2026-08-28 11:18:00,24148.9,753.45,753.45,753.45,753.45,0,15.0,0.6842,0.000327,-5.74,25.2
2026-08-28 11:19:00,24151.5,753.45,753.45,753.45,753.45,0,15.0,0.6851,0.000326,-5.74,25.18
2026-08-28 11:20:00,24146.85,753.45,753.45,753.45,753.45,0,15.0,0.6835,0.000327,-5.75,25.23
2026-08-28 11:21:00,24145.3,753.45,753.45,753.45,753.45,0,15.0,0.683,0.000327,-5.75,25.24
2026-08-28 11:22:00,24144.8,753.45,753.45,753.45,753.45,0,15.0,0.6829,0.000328,-5.75,25.25
2026-08-28 11:23:00,24140.35,753.45,753.45,753.45,753.45,0,15.0,0.6814,0.000328,-5.76,25.29
2026-08-28 11:24:00,24140.5,753.45,753.45,753.45,753.45,0,15.0,0.6815,0.000328,-5.76,25.29
2026-08-28 11:25:00,24138.2,753.45,753.45,753.45,753.45,0,15.0,0.6807,0.000329,-5.77,25.31
2026-08-28 11:26:00,24128.55,753.45,753.45,753.45,753.45,0,15.0,0.6775,0.00033,-5.79,25.41
2026-08-28 11:27:00,24129.7,753.45,753.45,753.45,753.45,0,15.0,0.6779,0.00033,-5.79,25.4
2026-08-28 11:28:00,24126.4,753.45,753.45,753.45,753.45,0,15.0,0.6768,0.000331,-5.8,25.43
2026-08-28 11:29:00,24117.85,753.45,753.45,753.45,753.45,0,15.0,0.674,0.000332,-5.82,25.52
2026-08-28 11:30:00,24119.65,753.45,753.45,753.45,753.45,0,15.0,0.6746,0.000332,-5.82,25.5
2026-08-28 11:31:00,24121.0,753.45,753.45,753.45,753.45,0,15.0,0.675,0.000331,-5.81,25.49
2026-08-28 11:32:00,24119.05,753.45,753.45,735.8,735.8,65,16.57,0.6602,0.000305,-6.55,25.96
2026-08-28 11:33:00,24105.75,735.8,735.8,735.8,735.8,0,15.0,0.67,0.000334,-5.85,25.64
2026-08-28 11:34:00,24107.75,735.8,735.8,735.8,735.8,0,15.0,0.6706,0.000333,-5.85,25.62
2026-08-28 11:35:00,24095.0,735.8,735.8,735.8,735.8,0,15.0,0.6664,0.000335,-5.88,25.74
2026-08-28 11:36:00,24094.8,735.8,735.8,735.8,735.8,0,15.0,0.6663,0.000335,-5.88,25.74
2026-08-28 11:37:00,24099.2,735.8,735.8,735.8,735.8,0,15.0,0.6678,0.000335,-5.87,25.7
2026-08-28 11:38:00,24103.55,735.8,735.8,735.8,735.8,0,15.0,0.6693,0.000334,-5.86,25.65
2026-08-28 11:39:00,24101.3,735.8,735.8,735.8,735.8,0,15.0,0.6685,0.000334,-5.86,25.68
2026-08-28 11:40:00,24102.9,735.8,735.8,735.8,735.8,0,15.0,0.669,0.000334,-5.86,25.66
2026-08-28 11:41:00,24104.5,735.8,735.8,735.8,735.8,0,15.0,0.6696,0.000334,-5.85,25.64
2026-08-28 11:42:00,24099.55,735.8,735.8,735.8,735.8,0,15.0,0.6679,0.000335,-5.87,25.69
2026-08-28 11:43:00,24102.3,735.8,735.8,735.8,735.8,0,15.0,0.6688,0.000334,-5.86,25.67
2026-08-28 11:44:00,24105.7,735.8,735.8,735.8,735.8,0,15.0,0.67,0.000334,-5.85,25.63
2026-08-28 11:45:00,24102.45,735.8,735.8,735.8,735.8,0,15.0,0.6689,0.000334,-5.86,25.66
2026-08-28 11:46:00,24101.25,735.8,735.8,735.8,735.8,0,15.0,0.6685,0.000334,-5.86,25.67
2026-08-28 11:47:00,24102.75,735.8,735.8,735.8,735.8,0,15.0,0.669,0.000334,-5.86,25.66
2026-08-28 11:48:00,24103.5,735.8,735.8,735.8,735.8,0,15.0,0.6693,0.000334,-5.86,25.65
2026-08-28 11:49:00,24105.6,735.8,735.8,735.8,735.8,0,15.0,0.67,0.000334,-5.85,25.63
2026-08-28 11:50:00,24107.95,735.8,735.8,735.8,735.8,0,15.0,0.6707,0.000333,-5.85,25.61
2026-08-28 11:51:00,24104.85,735.8,735.8,735.8,735.8,0,15.0,0.6697,0.000334,-5.85,25.64
2026-08-28 11:52:00,24102.7,735.8,735.8,735.8,735.8,0,15.0,0.669,0.000334,-5.86,25.66
2026-08-28 11:53:00,24099.5,735.8,735.8,735.8,735.8,0,15.0,0.6679,0.000335,-5.87,25.69
2026-08-28 11:54:00,24098.25,735.8,735.8,735.8,735.8,0,15.0,0.6675,0.000335,-5.87,25.7
2026-08-28 11:55:00,24096.2,735.8,735.8,735.8,735.8,0,15.0,0.6668,0.000335,-5.87,25.72
2026-08-28 11:56:00,24086.8,710.15,710.15,710.15,710.15,65,16.41,0.6516,0.000312,-6.55,26.17
2026-08-28 11:57:00,24077.75,710.15,710.15,710.15,710.15,0,15.0,0.6606,0.000338,-5.92,25.89
2026-08-28 11:58:00,24085.0,710.15,710.15,710.15,710.15,0,15.0,0.6631,0.000337,-5.9,25.82
2026-08-28 11:59:00,24083.15,710.15,710.15,710.15,710.15,0,15.0,0.6624,0.000337,-5.9,25.84
2026-08-28 12:00:00,24083.4,710.15,710.15,710.15,710.15,0,15.0,0.6625,0.000337,-5.9,25.84
2026-08-28 12:01:00,24083.6,710.15,710.15,710.15,710.15,0,15.0,0.6626,0.000337,-5.9,25.84
2026-08-28 12:02:00,24083.45,710.15,710.15,710.15,710.15,0,15.0,0.6625,0.000337,-5.9,25.84
2026-08-28 12:03:00,24080.2,710.15,710.15,710.15,710.15,0,15.0,0.6615,0.000338,-5.91,25.87
2026-08-28 12:04:00,24088.05,710.15,710.15,710.15,710.15,0,15.0,0.6641,0.000337,-5.89,25.79
2026-08-28 12:05:00,24086.75,710.15,710.15,710.15,710.15,0,15.0,0.6637,0.000337,-5.9,25.81
2026-08-28 12:06:00,24089.45,710.15,710.15,710.15,710.15,0,15.0,0.6646,0.000336,-5.89,25.78
2026-08-28 12:07:00,24092.65,710.15,710.15,710.15,710.15,0,15.0,0.6656,0.000336,-5.88,25.75
2026-08-28 12:08:00,24094.7,710.15,710.15,710.15,710.15,0,15.0,0.6663,0.000336,-5.88,25.73
2026-08-28 12:09:00,24086.3,710.15,710.15,710.15,710.15,0,15.0,0.6635,0.000337,-5.9,25.81
2026-08-28 12:10:00,24082.8,710.15,710.15,710.15,710.15,0,15.0,0.6623,0.000337,-5.91,25.84
2026-08-28 12:11:00,24077.95,710.15,710.15,710.15,710.15,0,15.0,0.6607,0.000338,-5.92,25.89
2026-08-28 12:12:00,24080.1,710.15,710.15,710.15,710.15,0,15.0,0.6614,0.000338,-5.91,25.87
2026-08-28 12:13:00,24085.35,710.15,710.15,710.15,710.15,0,15.0,0.6632,0.000337,-5.9,25.82
2026-08-28 12:14:00,24086.9,710.15,710.15,710.15,710.15,0,15.0,0.6637,0.000337,-5.9,25.8
2026-08-28 12:15:00,24088.5,710.15,710.15,710.15,710.15,0,15.0,0.6643,0.000337,-5.89,25.79
2026-08-28 12:16:00,24086.05,710.15,710.15,710.15,710.15,0,15.0,0.6634,0.000337,-5.9,25.81
2026-08-28 12:17:00,24088.05,710.15,710.15,710.15,710.15,0,15.0,0.6641,0.000337,-5.89,25.79
2026-08-28 12:18:00,24089.15,710.15,710.15,710.15,710.15,0,15.0,0.6645,0.000336,-5.89,25.78
2026-08-28 12:19:00,24088.75,710.15,710.15,710.15,710.15,0,15.0,0.6644,0.000336,-5.89,25.78
2026-08-28 12:20:00,24093.25,710.15,710.15,703.95,703.95,65,16.01,0.6569,0.000318,-6.35,26.01
2026-08-28 12:21:00,24092.95,703.95,703.95,703.95,703.95,0,15.0,0.6658,0.000336,-5.88,25.74
2026-08-28 12:22:00,24089.75,703.95,703.95,703.95,703.95,0,15.0,0.6647,0.000336,-5.89,25.77
2026-08-28 12:23:00,24086.15,703.95,703.95,703.95,703.95,0,15.0,0.6635,0.000337,-5.9,25.81
2026-08-28 12:24:00,24085.95,703.95,703.95,703.95,703.95,0,15.0,0.6634,0.000337,-5.9,25.81
2026-08-28 12:25:00,24086.8,703.95,703.95,703.95,703.95,0,15.0,0.6637,0.000337,-5.9,25.8
2026-08-28 12:26:00,24090.85,703.95,703.95,703.95,703.95,0,15.0,0.6651,0.000336,-5.89,25.76
2026-08-28 12:27:00,24093.0,703.95,703.95,703.95,703.95,0,15.0,0.6658,0.000336,-5.88,25.74
2026-08-28 12:28:00,24091.55,703.95,703.95,703.95,703.95,0,15.0,0.6653,0.000336,-5.89,25.75
2026-08-28 12:29:00,24094.65,703.95,703.95,703.95,703.95,0,15.0,0.6664,0.000336,-5.88,25.72
2026-08-28 12:30:00,24096.1,703.95,703.95,703.95,703.95,0,15.0,0.6668,0.000335,-5.88,25.71
2026-08-28 12:31:00,24097.85,703.95,703.95,703.95,703.95,0,15.0,0.6674,0.000335,-5.87,25.69
2026-08-28 12:32:00,24099.45,703.95,703.95,703.95,703.95,0,15.0,0.668,0.000335,-5.87,25.68
2026-08-28 12:33:00,24099.05,703.95,703.95,703.95,703.95,0,15.0,0.6678,0.000335,-5.87,25.68
2026-08-28 12:34:00,24101.4,703.95,703.95,703.95,703.95,0,15.0,0.6686,0.000335,-5.86,25.66
2026-08-28 12:35:00,24101.05,703.95,703.95,703.95,703.95,0,15.0,0.6685,0.000335,-5.87,25.66
2026-08-28 12:36:00,24103.25,703.95,703.95,703.95,703.95,0,15.0,0.6692,0.000334,-5.86,25.64
2026-08-28 12:37:00,24102.35,703.95,703.95,703.95,703.95,0,15.0,0.6689,0.000334,-5.86,25.65
2026-08-28 12:38:00,24102.6,703.95,703.95,703.95,703.95,0,15.0,0.669,0.000334,-5.86,25.64
2026-08-28 12:39:00,24105.85,703.95,703.95,703.95,703.95,0,15.0,0.6701,0.000334,-5.85,25.61
2026-08-28 12:40:00,24105.05,703.95,703.95,703.95,703.95,0,15.0,0.6699,0.000334,-5.86,25.62
2026-08-28 12:41:00,24105.15,703.95,703.95,703.95,703.95,0,15.0,0.6699,0.000334,-5.86,25.62
2026-08-28 12:42:00,24106.05,703.95,703.95,703.95,703.95,0,15.0,0.6702,0.000334,-5.85,25.61
2026-08-28 12:43:00,24106.1,703.95,703.95,703.95,703.95,0,15.0,0.6702,0.000334,-5.85,25.61
2026-08-28 12:44:00,24105.6,703.95,703.95,703.95,703.95,0,15.0,0.67,0.000334,-5.85,25.61
2026-08-28 12:45:00,24102.95,703.95,703.95,703.95,703.95,0,15.0,0.6692,0.000334,-5.86,25.64
2026-08-28 12:46:00,24106.15,703.95,703.95,703.95,703.95,0,15.0,0.6702,0.000334,-5.85,25.61
2026-08-28 12:47:00,24104.95,703.95,703.95,703.95,703.95,0,15.0,0.6698,0.000334,-5.86,25.62
2026-08-28 12:48:00,24106.75,703.95,703.95,703.95,703.95,0,15.0,0.6704,0.000334,-5.85,25.6
2026-08-28 12:49:00,24109.8,703.95,703.95,703.95,703.95,0,15.0,0.6715,0.000333,-5.84,25.57
2026-08-28 12:50:00,24105.7,703.95,703.95,703.95,703.95,0,15.0,0.6701,0.000334,-5.85,25.61
2026-08-28 12:51:00,24108.3,703.95,703.95,703.95,703.95,0,15.0,0.671,0.000334,-5.85,25.59
2026-08-28 12:52:00,24107.7,703.95,703.95,703.95,703.95,0,15.0,0.6708,0.000334,-5.85,25.59
2026-08-28 12:53:00,24107.45,703.95,703.95,703.95,703.95,0,15.0,0.6707,0.000334,-5.85,25.59
2026-08-28 12:54:00,24105.3,703.95,703.95,703.95,703.95,0,15.0,0.67,0.000334,-5.86,25.61
2026-08-28 12:55:00,24103.3,703.95,703.95,703.95,703.95,0,15.0,0.6693,0.000334,-5.86,25.63
2026-08-28 12:56:00,24103.15,703.95,703.95,703.95,703.95,0,15.0,0.6692,0.000334,-5.86,25.63
2026-08-28 12:57:00,24101.75,703.95,703.95,703.95,703.95,0,15.0,0.6688,0.000335,-5.86,25.65
2026-08-28 12:58:00,24100.0,703.95,703.95,703.95,703.95,0,15.0,0.6682,0.000335,-5.87,25.66
2026-08-28 12:59:00,24096.45,703.95,703.95,703.95,703.95,0,15.0,0.667,0.000335,-5.88,25.7
2026-08-28 13:00:00,24097.3,703.95,703.95,703.95,703.95,0,15.0,0.6673,0.000335,-5.88,25.69
2026-08-28 13:01:00,24096.0,703.95,703.95,703.95,703.95,0,15.0,0.6669,0.000336,-5.88,25.7
2026-08-28 13:02:00,24096.25,703.95,703.95,703.95,703.95,0,15.0,0.6669,0.000335,-5.88,25.7
2026-08-28 13:03:00,24097.35,703.95,703.95,703.95,703.95,0,15.0,0.6673,0.000335,-5.88,25.69
2026-08-28 13:04:00,24093.2,703.95,703.95,703.95,703.95,0,15.0,0.6659,0.000336,-5.89,25.73
2026-08-28 13:05:00,24090.85,703.95,703.95,703.95,703.95,0,15.0,0.6651,0.000336,-5.89,25.75
2026-08-28 13:06:00,24093.3,703.95,703.95,703.95,703.95,0,15.0,0.666,0.000336,-5.89,25.72
2026-08-28 13:07:00,24096.9,703.95,703.95,703.95,703.95,0,15.0,0.6672,0.000335,-5.88,25.69
2026-08-28 13:08:00,24098.35,703.95,703.95,703.95,703.95,0,15.0,0.6677,0.000335,-5.87,25.68
2026-08-28 13:09:00,24102.1,703.95,703.95,703.95,703.95,0,15.0,0.6689,0.000335,-5.86,25.64
2026-08-28 13:10:00,24103.4,703.95,703.95,703.95,703.95,0,15.0,0.6694,0.000334,-5.86,25.63
2026-08-28 13:11:00,24108.5,703.95,703.95,703.95,703.95,0,15.0,0.6711,0.000334,-5.85,25.58
2026-08-28 13:12:00,24104.1,703.95,703.95,703.95,703.95,0,15.0,0.6696,0.000334,-5.86,25.62
2026-08-28 13:13:00,24105.6,703.95,703.95,703.95,703.95,0,15.0,0.6701,0.000334,-5.86,25.6
2026-08-28 13:14:00,24103.55,703.95,703.95,703.95,703.95,0,15.0,0.6694,0.000334,-5.86,25.62
2026-08-28 13:15:00,24102.85,703.95,703.95,703.95,703.95,0,15.0,0.6692,0.000335,-5.86,25.63
2026-08-28 13:16:00,24101.1,703.95,703.95,703.95,703.95,0,15.0,0.6686,0.000335,-5.87,25.65
2026-08-28 13:17:00,24103.6,703.95,703.95,703.95,703.95,0,15.0,0.6694,0.000334,-5.86,25.62
2026-08-28 13:18:00,24106.25,703.95,703.95,703.95,703.95,0,15.0,0.6703,0.000334,-5.86,25.6
2026-08-28 13:19:00,24107.55,703.95,703.95,703.95,703.95,0,15.0,0.6708,0.000334,-5.85,25.58
2026-08-28 13:20:00,24107.6,703.95,703.95,703.95,703.95,0,15.0,0.6708,0.000334,-5.85,25.58
2026-08-28 13:21:00,24108.4,703.95,703.95,703.95,703.95,0,15.0,0.671,0.000334,-5.85,25.57
2026-08-28 13:22:00,24111.5,703.95,703.95,703.95,703.95,0,15.0,0.6721,0.000333,-5.84,25.54
2026-08-28 13:23:00,24107.8,703.95,703.95,703.95,703.95,0,15.0,0.6708,0.000334,-5.85,25.58
2026-08-28 13:24:00,24108.6,703.95,703.95,703.95,703.95,0,15.0,0.6711,0.000334,-5.85,25.57
2026-08-28 13:25:00,24109.6,703.95,703.95,703.95,703.95,0,15.0,0.6715,0.000333,-5.85,25.56
2026-08-28 13:26:00,24112.55,703.95,703.95,703.95,703.95,0,15.0,0.6724,0.000333,-5.84,25.53
2026-08-28 13:27:00,24102.75,703.95,703.95,703.95,703.95,0,15.0,0.6692,0.000335,-5.86,25.63
2026-08-28 13:28:00,24099.55,703.95,703.95,703.95,703.95,0,15.0,0.6681,0.000335,-5.87,25.66
2026-08-28 13:29:00,24096.15,703.95,703.95,703.95,703.95,0,15.0,0.667,0.000336,-5.88,25.69
2026-08-28 13:30:00,24098.35,703.95,703.95,703.95,703.95,0,15.0,0.6677,0.000335,-5.87,25.67
2026-08-28 13:31:00,24099.05,703.95,703.95,703.95,703.95,0,15.0,0.6679,0.000335,-5.87,25.66
2026-08-28 13:32:00,24102.9,703.95,703.95,703.95,703.95,0,15.0,0.6692,0.000335,-5.86,25.62
2026-08-28 13:33:00,24108.55,703.95,703.95,703.95,703.95,0,15.0,0.6711,0.000334,-5.85,25.57
2026-08-28 13:34:00,24109.85,703.95,703.95,703.95,703.95,0,15.0,0.6715,0.000333,-5.85,25.56
2026-08-28 13:35:00,24108.7,703.95,703.95,703.95,703.95,0,15.0,0.6712,0.000334,-5.85,25.57
2026-08-28 13:36:00,24109.05,703.95,703.95,703.95,703.95,0,15.0,0.6713,0.000334,-5.85,25.56
2026-08-28 13:37:00,24112.4,703.95,703.95,703.95,703.95,0,15.0,0.6724,0.000333,-5.84,25.53
2026-08-28 13:38:00,24112.15,703.95,703.95,703.95,703.95,0,15.0,0.6723,0.000333,-5.84,25.53
2026-08-28 13:39:00,24111.8,703.95,703.95,703.95,703.95,0,15.0,0.6722,0.000333,-5.84,25.54
2026-08-28 13:40:00,24116.05,703.95,703.95,703.95,703.95,0,15.0,0.6736,0.000333,-5.83,25.49
2026-08-28 13:41:00,24112.4,703.95,703.95,703.95,703.95,0,15.0,0.6724,0.000333,-5.84,25.53
2026-08-28 13:42:00,24112.2,703.95,703.95,703.95,703.95,0,15.0,0.6723,0.000333,-5.84,25.53
2026-08-28 13:43:00,24112.85,703.95,703.95,703.95,703.95,0,15.0,0.6726,0.000333,-5.84,25.52
2026-08-28 13:44:00,24113.1,703.95,703.95,703.95,703.95,0,15.0,0.6726,0.000333,-5.84,25.52
2026-08-28 13:45:00,24112.45,703.95,703.95,703.95,703.95,0,15.0,0.6724,0.000333,-5.84,25.53
2026-08-28 13:46:00,24111.25,703.95,703.95,703.95,703.95,0,15.0,0.672,0.000333,-5.84,25.54
2026-08-28 13:47:00,24108.55,703.95,703.95,703.95,703.95,0,15.0,0.6711,0.000334,-5.85,25.56
2026-08-28 13:48:00,24103.3,703.95,703.95,703.95,703.95,0,15.0,0.6694,0.000335,-5.86,25.62
2026-08-28 13:49:00,24103.75,703.95,703.95,703.95,703.95,0,15.0,0.6695,0.000334,-5.86,25.61
2026-08-28 13:50:00,24105.2,703.95,703.95,703.95,703.95,0,15.0,0.67,0.000334,-5.86,25.6
2026-08-28 13:51:00,24099.75,703.95,703.95,703.95,703.95,0,15.0,0.6682,0.000335,-5.87,25.65
2026-08-28 13:52:00,24104.3,703.95,703.95,703.95,703.95,0,15.0,0.6697,0.000334,-5.86,25.6
2026-08-28 13:53:00,24103.35,703.95,703.95,703.95,703.95,0,15.0,0.6694,0.000335,-5.86,25.61
2026-08-28 13:54:00,24103.35,703.95,703.95,703.95,703.95,0,15.0,0.6694,0.000335,-5.86,25.61
2026-08-28 13:55:00,24099.9,703.95,703.95,703.95,703.95,0,15.0,0.6683,0.000335,-5.87,25.65
2026-08-28 13:56:00,24102.6,703.95,703.95,703.95,703.95,0,15.0,0.6692,0.000335,-5.87,25.62
2026-08-28 13:57:00,24106.35,703.95,703.95,703.95,703.95,0,15.0,0.6704,0.000334,-5.86,25.58
2026-08-28 13:58:00,24110.35,703.95,703.95,703.95,703.95,0,15.0,0.6718,0.000333,-5.85,25.54
2026-08-28 13:59:00,24110.85,703.95,703.95,703.95,703.95,0,15.0,0.6719,0.000333,-5.85,25.54
2026-08-28 14:00:00,24109.65,703.95,703.95,703.95,703.95,0,15.0,0.6715,0.000334,-5.85,25.55
2026-08-28 14:01:00,24108.15,703.95,703.95,703.95,703.95,0,15.0,0.671,0.000334,-5.85,25.56
2026-08-28 14:02:00,24110.5,703.95,703.95,703.95,703.95,0,15.0,0.6718,0.000333,-5.85,25.54
2026-08-28 14:03:00,24107.65,703.95,703.95,703.95,703.95,0,15.0,0.6709,0.000334,-5.85,25.57
2026-08-28 14:04:00,24102.9,703.95,703.95,703.95,703.95,0,15.0,0.6693,0.000335,-5.87,25.61
2026-08-28 14:05:00,24100.7,703.95,703.95,703.95,703.95,0,15.0,0.6685,0.000335,-5.87,25.63
2026-08-28 14:06:00,24100.5,703.95,703.95,703.95,703.95,0,15.0,0.6685,0.000335,-5.87,25.64
2026-08-28 14:07:00,24104.95,703.95,703.95,703.95,703.95,0,15.0,0.67,0.000334,-5.86,25.59
2026-08-28 14:08:00,24102.95,703.95,703.95,703.95,703.95,0,15.0,0.6693,0.000335,-5.87,25.61
2026-08-28 14:09:00,24103.65,703.95,703.95,703.95,703.95,0,15.0,0.6695,0.000335,-5.86,25.6
2026-08-28 14:10:00,24108.9,703.95,703.95,703.95,703.95,0,15.0,0.6713,0.000334,-5.85,25.55
2026-08-28 14:11:00,24109.75,703.95,703.95,703.95,703.95,0,15.0,0.6716,0.000334,-5.85,25.54
2026-08-28 14:12:00,24109.0,703.95,703.95,703.95,703.95,0,15.0,0.6713,0.000334,-5.85,25.55
2026-08-28 14:13:00,24110.8,703.95,703.95,703.95,703.95,0,15.0,0.6719,0.000333,-5.85,25.53
2026-08-28 14:14:00,24110.8,703.95,703.95,703.95,703.95,0,15.0,0.6719,0.000333,-5.85,25.53
2026-08-28 14:15:00,24108.4,703.95,703.95,703.95,703.95,0,15.0,0.6711,0.000334,-5.85,25.56
2026-08-28 14:16:00,24114.0,703.95,703.95,703.95,703.95,0,15.0,0.673,0.000333,-5.84,25.5
2026-08-28 14:17:00,24116.25,703.95,703.95,703.95,703.95,0,15.0,0.6738,0.000333,-5.83,25.48
2026-08-28 14:18:00,24115.4,703.95,703.95,703.95,703.95,0,15.0,0.6735,0.000333,-5.84,25.49
2026-08-28 14:19:00,24109.85,703.95,703.95,703.95,703.95,0,15.0,0.6716,0.000334,-5.85,25.54
2026-08-28 14:20:00,24110.45,703.95,703.95,703.95,703.95,0,15.0,0.6718,0.000334,-5.85,25.54
2026-08-28 14:21:00,24113.85,703.95,703.95,703.95,703.95,0,15.0,0.673,0.000333,-5.84,25.5
2026-08-28 14:22:00,24112.0,703.95,703.95,703.95,703.95,0,15.0,0.6723,0.000333,-5.84,25.52
2026-08-28 14:23:00,24113.55,703.95,703.95,703.95,703.95,0,15.0,0.6729,0.000333,-5.84,25.5
2026-08-28 14:24:00,24115.9,703.95,703.95,703.95,703.95,0,15.0,0.6736,0.000333,-5.84,25.48
2026-08-28 14:25:00,24115.25,703.95,703.95,703.95,703.95,0,15.0,0.6734,0.000333,-5.84,25.49
2026-08-28 14:26:00,24114.45,703.95,703.95,703.95,703.95,0,15.0,0.6732,0.000333,-5.84,25.49
2026-08-28 14:27:00,24116.9,703.95,703.95,703.95,703.95,0,15.0,0.674,0.000333,-5.83,25.47
2026-08-28 14:28:00,24117.2,703.95,703.95,703.95,703.95,0,15.0,0.6741,0.000332,-5.83,25.47
2026-08-28 14:29:00,24120.35,703.95,703.95,703.95,703.95,0,15.0,0.6751,0.000332,-5.82,25.43
2026-08-28 14:30:00,24121.75,703.95,703.95,703.95,703.95,0,15.0,0.6756,0.000332,-5.82,25.42
2026-08-28 14:31:00,24117.45,703.95,703.95,703.95,703.95,0,15.0,0.6742,0.000332,-5.83,25.46
2026-08-28 14:32:00,24116.4,703.95,703.95,703.95,703.95,0,15.0,0.6738,0.000333,-5.83,25.47
2026-08-28 14:33:00,24117.55,703.95,703.95,703.95,703.95,0,15.0,0.6742,0.000332,-5.83,25.46
2026-08-28 14:34:00,24120.2,703.95,703.95,703.95,703.95,0,15.0,0.6751,0.000332,-5.83,25.43
2026-08-28 14:35:00,24117.35,703.95,703.95,703.95,703.95,0,15.0,0.6741,0.000332,-5.83,25.46
2026-08-28 14:36:00,24119.35,703.95,703.95,703.95,703.95,0,15.0,0.6748,0.000332,-5.83,25.44
2026-08-28 14:37:00,24120.05,703.95,703.95,703.95,703.95,0,15.0,0.6751,0.000332,-5.83,25.43
2026-08-28 14:38:00,24120.45,703.95,703.95,703.95,703.95,0,15.0,0.6752,0.000332,-5.82,25.43
2026-08-28 14:39:00,24118.9,703.95,703.95,703.95,703.95,0,15.0,0.6747,0.000332,-5.83,25.45
2026-08-28 14:40:00,24117.3,703.95,703.95,703.95,703.95,0,15.0,0.6741,0.000333,-5.83,25.46
2026-08-28 14:41:00,24116.25,703.95,703.95,703.95,703.95,0,15.0,0.6738,0.000333,-5.84,25.47
2026-08-28 14:42:00,24117.25,703.95,703.95,703.95,703.95,0,15.0,0.6741,0.000333,-5.83,25.46
2026-08-28 14:43:00,24118.55,703.95,703.95,703.95,703.95,0,15.0,0.6746,0.000332,-5.83,25.45
2026-08-28 14:44:00,24118.1,703.95,703.95,703.95,703.95,0,15.0,0.6744,0.000332,-5.83,25.45
2026-08-28 14:45:00,24117.45,703.95,703.95,703.95,703.95,0,15.0,0.6742,0.000332,-5.83,25.46
2026-08-28 14:46:00,24115.15,703.95,703.95,703.95,703.95,0,15.0,0.6734,0.000333,-5.84,25.48
2026-08-28 14:47:00,24117.8,703.95,703.95,703.95,703.95,0,15.0,0.6743,0.000332,-5.83,25.45
2026-08-28 14:48:00,24122.35,703.95,703.95,703.95,703.95,0,15.0,0.6758,0.000332,-5.82,25.41
2026-08-28 14:49:00,24126.65,703.95,703.95,703.95,703.95,0,15.0,0.6773,0.000331,-5.81,25.36
2026-08-28 14:50:00,24134.7,703.95,703.95,703.95,703.95,0,15.0,0.6799,0.00033,-5.79,25.28
2026-08-28 14:51:00,24131.85,703.95,703.95,703.95,703.95,0,15.0,0.679,0.00033,-5.8,25.31
2026-08-28 14:52:00,24136.15,703.95,703.95,703.95,703.95,0,15.0,0.6804,0.00033,-5.79,25.27
2026-08-28 14:53:00,24136.2,703.95,703.95,703.95,703.95,0,15.0,0.6804,0.00033,-5.79,25.27
2026-08-28 14:54:00,24138.35,703.95,703.95,703.95,703.95,0,15.0,0.6811,0.000329,-5.78,25.24
2026-08-28 14:55:00,24135.75,703.95,703.95,703.95,703.95,0,15.0,0.6803,0.00033,-5.79,25.27
2026-08-28 14:56:00,24132.25,703.95,703.95,703.95,703.95,0,15.0,0.6791,0.00033,-5.8,25.31
2026-08-28 14:57:00,24132.25,703.95,703.95,703.95,703.95,0,15.0,0.6791,0.00033,-5.8,25.3
2026-08-28 14:58:00,24129.2,703.95,703.95,703.95,703.95,0,15.0,0.6781,0.000331,-5.8,25.34
2026-08-28 14:59:00,24129.45,703.95,703.95,703.95,703.95,0,15.0,0.6782,0.000331,-5.8,25.33
2026-08-28 15:00:00,24122.0,703.95,703.95,703.95,703.95,0,15.0,0.6757,0.000332,-5.82,25.41
2026-08-28 15:01:00,24117.25,703.95,703.95,703.95,703.95,0,15.0,0.6742,0.000333,-5.83,25.45
2026-08-28 15:02:00,24108.7,703.95,703.95,703.95,703.95,0,15.0,0.6713,0.000334,-5.85,25.54
2026-08-28 15:03:00,24107.15,703.95,703.95,703.95,703.95,0,15.0,0.6708,0.000334,-5.86,25.55
2026-08-28 15:04:00,24108.9,703.95,703.95,703.95,703.95,0,15.0,0.6714,0.000334,-5.85,25.54
2026-08-28 15:05:00,24109.8,703.95,703.95,703.95,703.95,0,15.0,0.6717,0.000334,-5.85,25.53
2026-08-28 15:06:00,24110.8,703.95,703.95,703.95,703.95,0,15.0,0.672,0.000334,-5.85,25.52
2026-08-28 15:07:00,24112.3,703.95,703.95,703.95,703.95,0,15.0,0.6725,0.000333,-5.85,25.5
2026-08-28 15:08:00,24119.6,703.95,703.95,703.95,703.95,0,15.0,0.675,0.000332,-5.83,25.43
2026-08-28 15:09:00,24123.0,703.95,703.95,703.95,703.95,0,15.0,0.6761,0.000332,-5.82,25.39
2026-08-28 15:10:00,24128.05,703.95,703.95,703.95,703.95,0,15.0,0.6778,0.000331,-5.81,25.34
2026-08-28 15:11:00,24152.8,703.95,703.95,703.95,703.95,0,15.0,0.6859,0.000327,-5.74,25.09
2026-08-28 15:12:00,24152.55,703.95,703.95,703.95,703.95,0,15.0,0.6858,0.000327,-5.75,25.09
2026-08-28 15:13:00,24148.55,703.95,703.95,703.95,703.95,0,15.0,0.6845,0.000328,-5.76,25.13
2026-08-28 15:14:00,24142.95,703.95,703.95,703.95,703.95,0,15.0,0.6827,0.000329,-5.77,25.19
2026-08-28 15:15:00,24142.45,703.95,703.95,703.95,703.95,0,15.0,0.6825,0.000329,-5.77,25.19
2026-08-28 15:16:00,24142.45,703.95,703.95,703.95,703.95,0,15.0,0.6825,0.000329,-5.77,25.19
2026-08-28 15:17:00,24142.45,703.95,703.95,703.95,703.95,0,15.0,0.6825,0.000329,-5.77,25.19
2026-08-28 15:18:00,24142.45,703.95,703.95,703.95,703.95,0,15.0,0.6825,0.000329,-5.77,25.19
2026-08-28 15:19:00,24142.45,703.95,703.95,703.95,703.95,0,15.0,0.6825,0.000329,-5.77,25.19
2026-08-28 15:20:00,24142.45,703.95,703.95,703.95,703.95,0,15.0,0.6825,0.000329,-5.77,25.19
2026-08-28 15:21:00,24142.45,703.95,703.95,703.95,703.95,0,15.0,0.6825,0.000329,-5.77,25.19
2026-08-28 15:22:00,24142.45,703.95,703.95,703.95,703.95,0,15.0,0.6825,0.000329,-5.77,25.19
2026-08-28 15:23:00,24142.45,703.95,703.95,703.95,703.95,0,15.0,0.6825,0.000329,-5.77,25.19
2026-08-28 15:24:00,24142.45,703.95,703.95,703.95,703.95,0,15.0,0.6825,0.000329,-5.77,25.19
2026-08-28 15:25:00,24142.45,703.95,703.95,703.95,703.95,0,15.0,0.6825,0.000329,-5.77,25.19
2026-08-28 15:26:00,24142.45,703.95,703.95,703.95,703.95,0,15.0,0.6825,0.000329,-5.77,25.19
2026-08-28 15:27:00,24142.45,703.95,703.95,703.95,703.95,0,15.0,0.6825,0.000329,-5.77,25.19
2026-08-28 15:28:00,24142.45,703.95,703.95,703.95,703.95,0,15.0,0.6825,0.000329,-5.77,25.19
2026-08-28 15:29:00,24175.65,703.95,703.95,703.95,703.95,0,15.0,0.6934,0.000323,-5.69,24.84
2026-09-01 09:21:00,24047.7,625.0,625.0,625.0,625.0,65,15.04,0.6591,0.000361,-6.36,24.32
2026-09-01 09:22:00,24041.6,625.0,625.0,625.0,625.0,0,15.0,0.6573,0.000363,-6.35,24.36
2026-09-01 09:23:00,24039.8,625.0,625.0,625.0,625.0,0,15.0,0.6566,0.000363,-6.36,24.38
2026-09-01 09:24:00,24039.1,625.0,625.0,625.0,625.0,0,15.0,0.6563,0.000363,-6.36,24.38
2026-09-01 09:25:00,24042.1,625.0,625.0,625.0,625.0,0,15.0,0.6574,0.000363,-6.35,24.36
2026-09-01 09:26:00,24055.8,625.0,625.0,625.0,625.0,0,15.0,0.6624,0.000361,-6.32,24.23
2026-09-01 09:27:00,24050.7,625.0,625.0,625.0,625.0,0,15.0,0.6606,0.000361,-6.33,24.28
2026-09-01 09:28:00,24058.65,625.0,625.0,625.0,625.0,0,15.0,0.6634,0.00036,-6.31,24.2
2026-09-01 09:29:00,24063.95,625.0,625.0,625.0,625.0,0,15.0,0.6653,0.000359,-6.29,24.15
2026-09-01 09:30:00,24063.5,625.0,625.0,625.0,625.0,0,15.0,0.6652,0.000359,-6.3,24.16
2026-09-01 09:31:00,24062.7,625.0,625.0,625.0,625.0,0,15.0,0.6649,0.000359,-6.3,24.16
2026-09-01 09:32:00,24066.25,625.0,625.0,625.0,625.0,0,15.0,0.6662,0.000359,-6.29,24.13
2026-09-01 09:33:00,24071.2,625.0,625.0,625.0,625.0,0,15.0,0.6679,0.000358,-6.28,24.08
2026-09-01 09:34:00,24066.2,625.0,625.0,625.0,625.0,0,15.0,0.6662,0.000359,-6.29,24.13
2026-09-01 09:35:00,24063.3,625.0,625.0,625.0,625.0,0,15.0,0.6651,0.000359,-6.3,24.16
2026-09-01 09:36:00,24051.7,625.0,625.0,625.0,625.0,0,15.0,0.6609,0.000361,-6.33,24.27
2026-09-01 09:37:00,24047.9,625.0,625.0,625.0,625.0,0,15.0,0.6596,0.000362,-6.34,24.3
2026-09-01 09:38:00,24050.85,625.0,625.0,625.0,625.0,0,15.0,0.6606,0.000362,-6.33,24.27
2026-09-01 09:39:00,24040.85,625.0,625.0,625.0,625.0,0,15.0,0.657,0.000363,-6.36,24.36
2026-09-01 09:40:00,24039.25,625.0,625.0,625.0,625.0,0,15.0,0.6564,0.000363,-6.36,24.38
2026-09-01 09:41:00,24044.85,625.0,625.0,625.0,625.0,0,15.0,0.6585,0.000363,-6.35,24.33
2026-09-01 09:42:00,24041.25,625.0,625.0,625.0,625.0,0,15.0,0.6572,0.000363,-6.35,24.36
2026-09-01 09:43:00,24032.75,625.0,625.0,625.0,625.0,0,15.0,0.6541,0.000365,-6.38,24.43
2026-09-01 09:44:00,24028.35,625.0,625.0,625.0,625.0,0,15.0,0.6525,0.000365,-6.39,24.47
2026-09-01 09:45:00,24026.6,625.0,625.0,625.0,625.0,0,15.0,0.6518,0.000366,-6.39,24.49
2026-09-01 09:46:00,24021.15,625.0,625.0,625.0,625.0,0,15.0,0.6498,0.000366,-6.4,24.54
2026-09-01 09:47:00,24014.85,625.0,625.0,625.0,625.0,0,15.0,0.6475,0.000367,-6.42,24.59
2026-09-01 09:48:00,24014.8,625.0,625.0,625.0,625.0,0,15.0,0.6475,0.000367,-6.42,24.59
2026-09-01 09:49:00,24021.2,625.0,625.0,625.0,625.0,0,15.0,0.6499,0.000366,-6.4,24.53
2026-09-01 09:50:00,24026.4,625.0,625.0,625.0,625.0,0,15.0,0.6518,0.000366,-6.39,24.49
2026-09-01 09:51:00,24021.2,625.0,625.0,625.0,625.0,0,15.0,0.6499,0.000366,-6.4,24.53
2026-09-01 09:52:00,24026.85,625.0,625.0,625.0,625.0,0,15.0,0.6519,0.000366,-6.39,24.48
2026-09-01 09:53:00,24028.3,625.0,625.0,625.0,625.0,0,15.0,0.6525,0.000365,-6.39,24.47
2026-09-01 09:54:00,24022.05,625.0,625.0,625.0,625.0,0,15.0,0.6502,0.000366,-6.4,24.52
2026-09-01 09:55:00,24026.2,625.0,625.0,625.0,625.0,0,15.0,0.6517,0.000366,-6.39,24.49
2026-09-01 09:56:00,24018.05,625.0,625.0,625.0,625.0,0,15.0,0.6487,0.000367,-6.41,24.56
2026-09-01 09:57:00,24020.1,625.0,625.0,625.0,625.0,0,15.0,0.6495,0.000367,-6.41,24.54
2026-09-01 09:58:00,24016.1,625.0,625.0,625.0,625.0,0,15.0,0.648,0.000367,-6.42,24.57
2026-09-01 09:59:00,24018.25,625.0,625.0,625.0,625.0,0,15.0,0.6488,0.000367,-6.41,24.56
2026-09-01 10:00:00,24018.85,625.0,625.0,625.0,625.0,0,15.0,0.649,0.000367,-6.41,24.55
2026-09-01 10:01:00,24018.1,625.0,625.0,625.0,625.0,0,15.0,0.6487,0.000367,-6.41,24.56
2026-09-01 10:02:00,24020.65,625.0,625.0,625.0,625.0,0,15.0,0.6497,0.000367,-6.41,24.53
2026-09-01 10:03:00,24028.2,625.0,625.0,625.0,625.0,0,15.0,0.6524,0.000365,-6.39,24.47
2026-09-01 10:04:00,24032.95,625.0,625.0,625.0,625.0,0,15.0,0.6542,0.000365,-6.38,24.43
2026-09-01 10:05:00,24032.65,625.0,625.0,625.0,625.0,0,15.0,0.6541,0.000365,-6.38,24.43
2026-09-01 10:06:00,24024.85,625.0,625.0,625.0,625.0,0,15.0,0.6512,0.000366,-6.4,24.5
2026-09-01 10:07:00,24031.55,625.0,625.0,625.0,625.0,0,15.0,0.6537,0.000365,-6.38,24.44
2026-09-01 10:08:00,24027.75,625.0,625.0,625.0,625.0,0,15.0,0.6523,0.000365,-6.39,24.47
2026-09-01 10:09:00,24033.0,625.0,625.0,625.0,625.0,0,15.0,0.6542,0.000365,-6.38,24.42
2026-09-01 10:10:00,24033.8,625.0,625.0,625.0,625.0,0,15.0,0.6545,0.000364,-6.37,24.42
2026-09-01 10:11:00,24036.05,625.0,625.0,625.0,625.0,0,15.0,0.6553,0.000364,-6.37,24.4
2026-09-01 10:12:00,24037.6,625.0,625.0,625.0,625.0,0,15.0,0.6559,0.000364,-6.37,24.38
2026-09-01 10:13:00,24035.4,625.0,625.0,625.0,625.0,0,15.0,0.6551,0.000364,-6.37,24.4
2026-09-01 10:14:00,24036.25,625.0,625.0,625.0,625.0,0,15.0,0.6554,0.000364,-6.37,24.39
2026-09-01 10:15:00,24049.45,625.0,625.0,625.0,625.0,0,15.0,0.6602,0.000362,-6.34,24.27
2026-09-01 10:16:00,24047.2,625.0,625.0,625.0,625.0,0,15.0,0.6594,0.000362,-6.34,24.29
2026-09-01 10:17:00,24052.55,625.0,625.0,625.0,625.0,0,15.0,0.6613,0.000361,-6.33,24.24
2026-09-01 10:18:00,24054.45,625.0,625.0,625.0,625.0,0,15.0,0.662,0.000361,-6.32,24.23
2026-09-01 10:19:00,24050.2,625.0,625.0,625.0,625.0,0,15.0,0.6605,0.000362,-6.33,24.26
2026-09-01 10:20:00,24047.3,625.0,625.0,625.0,625.0,0,15.0,0.6594,0.000362,-6.34,24.29
2026-09-01 10:21:00,24051.8,625.0,625.0,625.0,625.0,0,15.0,0.6611,0.000362,-6.33,24.25
2026-09-01 10:22:00,24057.15,625.0,625.0,625.0,625.0,0,15.0,0.663,0.000361,-6.32,24.2
2026-09-01 10:23:00,24058.8,625.0,625.0,625.0,625.0,0,15.0,0.6636,0.00036,-6.31,24.18
2026-09-01 10:24:00,24062.5,625.0,625.0,625.0,625.0,0,15.0,0.6649,0.00036,-6.3,24.15
2026-09-01 10:25:00,24057.4,625.0,625.0,625.0,625.0,0,15.0,0.6631,0.000361,-6.32,24.2
2026-09-01 10:26:00,24057.1,625.0,625.0,625.0,625.0,0,15.0,0.663,0.000361,-6.32,24.2
2026-09-01 10:27:00,24056.95,625.0,625.0,620.5,620.5,65,14.62,0.6666,0.000368,-6.13,24.09
2026-09-01 10:28:00,24064.3,620.5,620.85,620.5,620.85,65,14.43,0.6712,0.000371,-6.01,23.96
2026-09-01 10:29:00,24061.05,620.85,621.95,620.85,621.95,65,14.57,0.6686,0.000369,-6.09,24.04
2026-09-01 10:30:00,24067.35,621.95,621.95,621.95,621.95,0,15.0,0.6667,0.000359,-6.29,24.1
2026-09-01 10:31:00,24067.45,621.95,621.95,621.95,621.95,0,15.0,0.6667,0.000359,-6.29,24.1
2026-09-01 10:32:00,24068.1,621.95,621.95,621.95,621.95,0,15.0,0.6669,0.000359,-6.29,24.09
2026-09-01 10:33:00,24066.6,621.95,621.95,621.95,621.95,0,15.0,0.6664,0.000359,-6.29,24.11
2026-09-01 10:34:00,24064.75,621.95,621.95,621.95,621.95,0,15.0,0.6657,0.000359,-6.3,24.12
2026-09-01 10:35:00,24062.75,621.95,621.95,621.95,621.95,0,15.0,0.665,0.00036,-6.3,24.14
2026-09-01 10:36:00,24066.2,621.95,621.95,621.95,621.95,0,15.0,0.6663,0.000359,-6.29,24.11
2026-09-01 10:37:00,24069.05,621.95,621.95,621.95,621.95,0,15.0,0.6673,0.000359,-6.29,24.08
2026-09-01 10:38:00,24068.3,621.95,621.95,621.95,621.95,0,15.0,0.667,0.000359,-6.29,24.09
2026-09-01 10:39:00,24068.55,621.95,621.95,621.95,621.95,0,15.0,0.6671,0.000359,-6.29,24.08
2026-09-01 10:40:00,24065.45,621.95,621.95,621.95,621.95,0,15.0,0.666,0.000359,-6.3,24.11
2026-09-01 10:41:00,24061.15,621.95,621.95,621.95,621.95,0,15.0,0.6645,0.00036,-6.31,24.15
2026-09-01 10:42:00,24063.6,621.95,621.95,621.95,621.95,0,15.0,0.6653,0.00036,-6.3,24.13
2026-09-01 10:43:00,24066.95,621.95,621.95,621.95,621.95,0,15.0,0.6666,0.000359,-6.29,24.1
2026-09-01 10:44:00,24064.95,621.95,621.95,621.95,621.95,0,15.0,0.6658,0.000359,-6.3,24.12
2026-09-01 10:45:00,24064.0,621.95,621.95,621.95,621.95,0,15.0,0.6655,0.00036,-6.3,24.13
2026-09-01 10:46:00,24064.7,621.95,621.95,621.95,621.95,0,15.0,0.6657,0.000359,-6.3,24.12
2026-09-01 10:47:00,24066.0,621.95,621.95,621.95,621.95,0,15.0,0.6662,0.000359,-6.29,24.11
2026-09-01 10:48:00,24068.85,621.95,621.95,621.95,621.95,0,15.0,0.6672,0.000359,-6.29,24.08
2026-09-01 10:49:00,24069.7,621.95,621.95,621.95,621.95,0,15.0,0.6675,0.000359,-6.28,24.07
2026-09-01 10:50:00,24075.1,621.95,621.95,621.95,621.95,0,15.0,0.6695,0.000358,-6.27,24.02
2026-09-01 10:51:00,24071.3,621.95,621.95,621.95,621.95,0,15.0,0.6681,0.000358,-6.28,24.05
2026-09-01 10:52:00,24080.95,621.95,621.95,621.95,621.95,0,15.0,0.6716,0.000357,-6.25,23.96
2026-09-01 10:53:00,24088.45,621.95,621.95,621.95,621.95,0,15.0,0.6742,0.000355,-6.23,23.89
2026-09-01 10:54:00,24087.2,621.95,621.95,621.95,621.95,0,15.0,0.6738,0.000356,-6.24,23.9
2026-09-01 10:55:00,24090.05,621.95,621.95,621.95,621.95,0,15.0,0.6748,0.000355,-6.23,23.87
2026-09-01 10:56:00,24077.35,621.95,621.95,621.95,621.95,0,15.0,0.6703,0.000357,-6.26,23.99
2026-09-01 10:57:00,24085.95,621.95,621.95,621.95,621.95,0,15.0,0.6734,0.000356,-6.24,23.91
2026-09-01 10:58:00,24080.75,621.95,621.95,621.95,621.95,0,15.0,0.6715,0.000357,-6.26,23.96
2026-09-01 10:59:00,24082.0,621.95,621.95,621.95,621.95,0,15.0,0.672,0.000356,-6.25,23.95
2026-09-01 11:00:00,24082.95,621.95,621.95,621.95,621.95,0,15.0,0.6723,0.000356,-6.25,23.94
2026-09-01 11:01:00,24078.75,621.95,621.95,621.95,621.95,0,15.0,0.6708,0.000357,-6.26,23.98
2026-09-01 11:02:00,24077.7,621.95,621.95,621.95,621.95,0,15.0,0.6704,0.000357,-6.26,23.99
2026-09-01 11:03:00,24076.15,621.95,621.95,621.95,621.95,0,15.0,0.6699,0.000357,-6.27,24.0
2026-09-01 11:04:00,24077.4,621.95,621.95,621.95,621.95,0,15.0,0.6703,0.000357,-6.26,23.99
2026-09-01 11:05:00,24076.9,621.95,621.95,621.95,621.95,0,15.0,0.6702,0.000357,-6.27,24.0
2026-09-01 11:06:00,24076.7,621.95,621.95,621.95,621.95,0,15.0,0.6701,0.000357,-6.27,24.0
2026-09-01 11:07:00,24082.85,621.95,621.95,621.95,621.95,0,15.0,0.6723,0.000356,-6.25,23.94
2026-09-01 11:08:00,24094.55,621.95,621.95,621.95,621.95,0,15.0,0.6764,0.000354,-6.22,23.82
2026-09-01 11:09:00,24092.85,621.95,621.95,621.95,621.95,0,15.0,0.6758,0.000355,-6.22,23.84
2026-09-01 11:10:00,24096.25,621.95,621.95,621.95,621.95,0,15.0,0.677,0.000354,-6.21,23.8
2026-09-01 11:11:00,24101.3,621.95,621.95,621.95,621.95,0,15.0,0.6788,0.000353,-6.2,23.75
2026-09-01 11:12:00,24110.9,621.95,621.95,621.95,621.95,0,15.0,0.6822,0.000351,-6.17,23.65
2026-09-01 11:13:00,24106.2,621.95,621.95,621.95,621.95,0,15.0,0.6806,0.000352,-6.18,23.7
2026-09-01 11:14:00,24107.05,621.95,621.95,621.95,621.95,0,15.0,0.6809,0.000352,-6.18,23.69
2026-09-01 11:15:00,24114.45,621.95,621.95,621.95,621.95,0,15.0,0.6835,0.000351,-6.16,23.61
2026-09-01 11:16:00,24116.75,621.95,621.95,621.95,621.95,0,15.0,0.6843,0.00035,-6.15,23.59
2026-09-01 11:17:00,24114.85,621.95,621.95,621.95,621.95,0,15.0,0.6836,0.000351,-6.16,23.61
2026-09-01 11:18:00,24115.6,621.95,621.95,621.95,621.95,0,15.0,0.6839,0.00035,-6.16,23.6
2026-09-01 11:19:00,24121.65,621.95,621.95,621.95,621.95,0,15.0,0.686,0.000349,-6.14,23.53
2026-09-01 11:20:00,24124.35,621.95,621.95,621.95,621.95,0,15.0,0.6869,0.000349,-6.13,23.51
2026-09-01 11:21:00,24121.9,621.95,621.95,621.95,621.95,0,15.0,0.6861,0.000349,-6.14,23.53
2026-09-01 11:22:00,24122.25,621.95,621.95,621.95,621.95,0,15.0,0.6862,0.000349,-6.14,23.53
2026-09-01 11:23:00,24119.55,621.95,621.95,621.95,621.95,0,15.0,0.6853,0.00035,-6.15,23.56
2026-09-01 11:24:00,24120.35,621.95,621.95,621.95,621.95,0,15.0,0.6856,0.00035,-6.14,23.55
2026-09-01 11:25:00,24119.75,621.95,621.95,621.95,621.95,0,15.0,0.6853,0.00035,-6.15,23.55
2026-09-01 11:26:00,24122.05,621.95,621.95,621.95,621.95,0,15.0,0.6862,0.000349,-6.14,23.53
2026-09-01 11:27:00,24124.2,621.95,621.95,621.95,621.95,0,15.0,0.6869,0.000349,-6.13,23.5
2026-09-01 11:28:00,24127.25,621.95,621.95,621.95,621.95,0,15.0,0.688,0.000348,-6.12,23.47
2026-09-01 11:29:00,24126.3,621.95,621.95,621.95,621.95,0,15.0,0.6876,0.000348,-6.13,23.48
2026-09-01 11:30:00,24140.65,621.95,621.95,621.95,621.95,0,15.0,0.6926,0.000346,-6.08,23.33
2026-09-01 11:31:00,24132.1,621.95,621.95,621.95,621.95,0,15.0,0.6897,0.000347,-6.11,23.42
2026-09-01 11:32:00,24130.75,621.95,621.95,621.95,621.95,0,15.0,0.6892,0.000348,-6.11,23.43
2026-09-01 11:33:00,24131.55,621.95,621.95,621.95,621.95,0,15.0,0.6895,0.000348,-6.11,23.42
2026-09-01 11:34:00,24124.55,621.95,621.95,621.95,621.95,0,15.0,0.687,0.000349,-6.13,23.5
2026-09-01 11:35:00,24117.75,621.95,621.95,621.95,621.95,0,15.0,0.6847,0.00035,-6.15,23.57
2026-09-01 11:36:00,24117.25,621.95,621.95,621.95,621.95,0,15.0,0.6845,0.00035,-6.15,23.57
2026-09-01 11:37:00,24119.2,621.95,621.95,621.95,621.95,0,15.0,0.6852,0.00035,-6.15,23.55
2026-09-01 11:38:00,24114.55,621.95,621.95,621.95,621.95,0,15.0,0.6836,0.000351,-6.16,23.6
2026-09-01 11:39:00,24112.6,621.95,621.95,621.95,621.95,0,15.0,0.6829,0.000351,-6.17,23.62
2026-09-01 11:40:00,24104.85,621.95,621.95,621.95,621.95,0,15.0,0.6801,0.000352,-6.19,23.7
2026-09-01 11:41:00,24117.55,621.95,621.95,621.95,621.95,0,15.0,0.6846,0.00035,-6.15,23.57
2026-09-01 11:42:00,24114.05,621.95,621.95,621.95,621.95,0,15.0,0.6834,0.000351,-6.16,23.61
2026-09-01 11:43:00,24111.8,621.95,621.95,621.95,621.95,0,15.0,0.6826,0.000351,-6.17,23.63
2026-09-01 11:44:00,24119.0,621.95,621.95,621.95,621.95,0,15.0,0.6851,0.00035,-6.15,23.55
2026-09-01 11:45:00,24117.7,621.95,621.95,621.95,621.95,0,15.0,0.6847,0.00035,-6.15,23.57
2026-09-01 11:46:00,24116.0,621.95,621.95,621.95,621.95,0,15.0,0.6841,0.00035,-6.16,23.58
2026-09-01 11:47:00,24115.9,621.95,621.95,621.95,621.95,0,15.0,0.684,0.00035,-6.16,23.59
2026-09-01 11:48:00,24111.9,621.95,621.95,621.95,621.95,0,15.0,0.6826,0.000351,-6.17,23.63
2026-09-01 11:49:00,24110.6,621.95,621.95,621.95,621.95,0,15.0,0.6822,0.000351,-6.17,23.64
2026-09-01 11:50:00,24112.7,621.95,621.95,621.95,621.95,0,15.0,0.6829,0.000351,-6.17,23.62
2026-09-01 11:51:00,24114.75,621.95,621.95,621.95,621.95,0,15.0,0.6836,0.000351,-6.16,23.6
2026-09-01 11:52:00,24116.0,621.95,621.95,621.95,621.95,0,15.0,0.6841,0.00035,-6.16,23.58
2026-09-01 11:53:00,24113.3,621.95,621.95,621.95,621.95,0,15.0,0.6831,0.000351,-6.17,23.61
2026-09-01 11:54:00,24117.65,621.95,621.95,621.95,621.95,0,15.0,0.6847,0.00035,-6.15,23.56
2026-09-01 11:55:00,24121.85,621.95,621.95,621.95,621.95,0,15.0,0.6861,0.000349,-6.14,23.52
2026-09-01 11:56:00,24122.65,621.95,621.95,621.95,621.95,0,15.0,0.6864,0.000349,-6.14,23.51
2026-09-01 11:57:00,24119.95,621.95,621.95,621.95,621.95,0,15.0,0.6855,0.00035,-6.15,23.54
2026-09-01 11:58:00,24119.55,621.95,621.95,621.95,621.95,0,15.0,0.6853,0.00035,-6.15,23.54
2026-09-01 11:59:00,24116.7,621.95,621.95,621.95,621.95,0,15.0,0.6843,0.00035,-6.16,23.57
2026-09-01 12:00:00,24113.3,621.95,621.95,621.95,621.95,0,15.0,0.6832,0.000351,-6.17,23.61
2026-09-01 12:01:00,24113.0,621.95,621.95,621.95,621.95,0,15.0,0.6831,0.000351,-6.17,23.61
2026-09-01 12:02:00,24115.65,621.95,621.95,621.95,621.95,0,15.0,0.684,0.000351,-6.16,23.58
2026-09-01 12:03:00,24119.45,621.95,621.95,621.95,621.95,0,15.0,0.6853,0.00035,-6.15,23.54
2026-09-01 12:04:00,24121.3,621.95,621.95,621.95,621.95,0,15.0,0.686,0.00035,-6.14,23.52
2026-09-01 12:05:00,24125.8,621.95,621.95,621.95,621.95,0,15.0,0.6875,0.000349,-6.13,23.47
2026-09-01 12:06:00,24126.15,621.95,621.95,621.95,621.95,0,15.0,0.6877,0.000349,-6.13,23.47
2026-09-01 12:07:00,24124.65,621.95,621.95,621.95,621.95,0,15.0,0.6871,0.000349,-6.13,23.49
2026-09-01 12:08:00,24126.3,621.95,621.95,621.95,621.95,0,15.0,0.6877,0.000349,-6.13,23.47
2026-09-01 12:09:00,24127.9,621.95,621.95,621.95,621.95,0,15.0,0.6883,0.000348,-6.12,23.45
2026-09-01 12:10:00,24129.95,621.95,621.95,621.95,621.95,0,15.0,0.689,0.000348,-6.12,23.43
2026-09-01 12:11:00,24130.4,621.95,621.95,621.95,621.95,0,15.0,0.6892,0.000348,-6.12,23.42
2026-09-01 12:12:00,24130.05,621.95,621.95,621.95,621.95,0,15.0,0.689,0.000348,-6.12,23.43
2026-09-01 12:13:00,24122.05,621.95,621.95,621.95,621.95,0,15.0,0.6862,0.000349,-6.14,23.51
2026-09-01 12:14:00,24117.75,621.95,621.95,621.95,621.95,0,15.0,0.6847,0.00035,-6.16,23.56
2026-09-01 12:15:00,24114.45,621.95,621.95,621.95,621.95,0,15.0,0.6836,0.000351,-6.16,23.59
2026-09-01 12:16:00,24110.0,621.95,621.95,621.95,621.95,0,15.0,0.682,0.000352,-6.18,23.64
2026-09-01 12:17:00,24106.55,621.95,621.95,621.95,621.95,0,15.0,0.6808,0.000352,-6.19,23.67
2026-09-01 12:18:00,24110.25,621.95,621.95,621.95,621.95,0,15.0,0.6821,0.000352,-6.18,23.63
2026-09-01 12:19:00,24110.1,621.95,621.95,621.95,621.95,0,15.0,0.6821,0.000352,-6.18,23.63
2026-09-01 12:20:00,24111.4,621.95,621.95,621.95,621.95,0,15.0,0.6825,0.000351,-6.17,23.62
2026-09-01 12:21:00,24108.65,621.95,621.95,621.95,621.95,0,15.0,0.6816,0.000352,-6.18,23.65
2026-09-01 12:22:00,24108.0,621.95,621.95,621.95,621.95,0,15.0,0.6813,0.000352,-6.18,23.66
2026-09-01 12:23:00,24105.85,621.95,621.95,621.95,621.95,0,15.0,0.6806,0.000352,-6.19,23.68
2026-09-01 12:24:00,24097.65,621.95,621.95,621.95,621.95,0,15.0,0.6777,0.000354,-6.21,23.76
2026-09-01 12:25:00,24105.5,621.95,621.95,621.95,621.95,0,15.0,0.6805,0.000353,-6.19,23.68
2026-09-01 12:26:00,24106.6,621.95,621.95,621.95,621.95,0,15.0,0.6809,0.000352,-6.19,23.67
2026-09-01 12:27:00,24107.15,621.95,621.95,621.95,621.95,0,15.0,0.6811,0.000352,-6.19,23.66
2026-09-01 12:28:00,24107.2,621.95,621.95,621.95,621.95,0,15.0,0.6811,0.000352,-6.19,23.66
2026-09-01 12:29:00,24109.65,621.95,621.95,621.95,621.95,0,15.0,0.6819,0.000352,-6.18,23.64
2026-09-01 12:30:00,24111.4,621.95,621.95,621.95,621.95,0,15.0,0.6826,0.000351,-6.17,23.62
2026-09-01 12:31:00,24114.05,621.95,621.95,621.95,621.95,0,15.0,0.6835,0.000351,-6.17,23.59
2026-09-01 12:32:00,24110.7,621.95,621.95,621.95,621.95,0,15.0,0.6823,0.000352,-6.18,23.62
2026-09-01 12:33:00,24105.3,621.95,621.95,621.95,621.95,0,15.0,0.6804,0.000353,-6.19,23.68
2026-09-01 12:34:00,24108.4,621.95,621.95,621.95,621.95,0,15.0,0.6815,0.000352,-6.18,23.65
2026-09-01 12:35:00,24109.8,621.95,621.95,621.95,621.95,0,15.0,0.682,0.000352,-6.18,23.63
2026-09-01 12:36:00,24106.9,621.95,621.95,621.95,621.95,0,15.0,0.681,0.000352,-6.19,23.66
2026-09-01 12:37:00,24107.75,621.95,621.95,621.95,621.95,0,15.0,0.6813,0.000352,-6.19,23.65
2026-09-01 12:38:00,24106.9,621.95,621.95,621.95,621.95,0,15.0,0.681,0.000352,-6.19,23.66
2026-09-01 12:39:00,24111.05,621.95,621.95,621.95,621.95,0,15.0,0.6824,0.000352,-6.18,23.62
2026-09-01 12:40:00,24111.8,621.95,621.95,621.95,621.95,0,15.0,0.6827,0.000351,-6.17,23.61
2026-09-01 12:41:00,24111.15,621.95,621.95,621.95,621.95,0,15.0,0.6825,0.000352,-6.18,23.62
2026-09-01 12:42:00,24113.75,621.95,621.95,621.95,621.95,0,15.0,0.6834,0.000351,-6.17,23.59
2026-09-01 12:43:00,24113.4,621.95,621.95,621.95,621.95,0,15.0,0.6833,0.000351,-6.17,23.59
2026-09-01 12:44:00,24115.15,621.95,621.95,621.95,621.95,0,15.0,0.6839,0.000351,-6.16,23.57
2026-09-01 12:45:00,24112.5,621.95,621.95,621.95,621.95,0,15.0,0.683,0.000351,-6.17,23.6
2026-09-01 12:46:00,24110.15,621.95,621.95,621.95,621.95,0,15.0,0.6821,0.000352,-6.18,23.62
2026-09-01 12:47:00,24110.85,621.95,621.95,621.95,621.95,0,15.0,0.6824,0.000352,-6.18,23.62
2026-09-01 12:48:00,24110.0,621.95,621.95,621.95,621.95,0,15.0,0.6821,0.000352,-6.18,23.63
2026-09-01 12:49:00,24107.45,621.95,621.95,621.95,621.95,0,15.0,0.6812,0.000352,-6.19,23.65
2026-09-01 12:50:00,24105.75,621.95,621.95,621.95,621.95,0,15.0,0.6806,0.000353,-6.19,23.67
2026-09-01 12:51:00,24099.75,621.95,621.95,621.95,621.95,0,15.0,0.6785,0.000354,-6.21,23.73
2026-09-01 12:52:00,24101.85,621.95,621.95,621.95,621.95,0,15.0,0.6792,0.000353,-6.2,23.71
2026-09-01 12:53:00,24098.25,621.95,621.95,621.95,621.95,0,15.0,0.678,0.000354,-6.21,23.74
2026-09-01 12:54:00,24093.5,621.95,621.95,621.95,621.95,0,15.0,0.6763,0.000355,-6.23,23.79
2026-09-01 12:55:00,24091.85,621.95,621.95,621.95,621.95,0,15.0,0.6757,0.000355,-6.23,23.81
2026-09-01 12:56:00,24088.8,621.95,621.95,621.95,621.95,0,15.0,0.6746,0.000356,-6.24,23.84
2026-09-01 12:57:00,24092.25,621.95,621.95,621.95,621.95,0,15.0,0.6758,0.000355,-6.23,23.8
2026-09-01 12:58:00,24094.05,621.95,621.95,621.95,621.95,0,15.0,0.6765,0.000355,-6.23,23.79
2026-09-01 12:59:00,24092.25,621.95,621.95,621.95,621.95,0,15.0,0.6758,0.000355,-6.23,23.8
2026-09-01 13:00:00,24089.8,621.95,621.95,621.95,621.95,0,15.0,0.675,0.000356,-6.24,23.83
2026-09-01 13:01:00,24084.7,621.95,621.95,621.95,621.95,0,15.0,0.6732,0.000356,-6.25,23.88
2026-09-01 13:02:00,24086.7,621.95,621.95,621.95,621.95,0,15.0,0.6739,0.000356,-6.25,23.86
2026-09-01 13:03:00,24083.15,621.95,621.95,621.95,621.95,0,15.0,0.6726,0.000357,-6.26,23.89
2026-09-01 13:04:00,24084.15,621.95,621.95,621.95,621.95,0,15.0,0.673,0.000357,-6.25,23.88
2026-09-01 13:05:00,24079.2,621.95,621.95,621.95,621.95,0,15.0,0.6712,0.000357,-6.27,23.93
2026-09-01 13:06:00,24074.25,621.95,621.95,621.95,621.95,0,15.0,0.6694,0.000358,-6.28,23.98
2026-09-01 13:07:00,24074.8,621.95,621.95,621.95,621.95,0,15.0,0.6696,0.000358,-6.28,23.97
2026-09-01 13:08:00,24073.55,621.95,621.95,621.95,621.95,0,15.0,0.6692,0.000358,-6.28,23.99
2026-09-01 13:09:00,24074.95,621.95,621.95,621.95,621.95,0,15.0,0.6697,0.000358,-6.28,23.97
2026-09-01 13:10:00,24070.15,621.95,621.95,621.95,621.95,0,15.0,0.668,0.000359,-6.29,24.02
2026-09-01 13:11:00,24061.2,621.95,621.95,621.95,621.95,0,15.0,0.6648,0.000361,-6.32,24.1
2026-09-01 13:12:00,24057.8,621.95,621.95,621.95,621.95,0,15.0,0.6635,0.000361,-6.33,24.13
2026-09-01 13:13:00,24056.0,621.95,621.95,621.95,621.95,0,15.0,0.6629,0.000361,-6.33,24.15
2026-09-01 13:14:00,24050.2,621.95,621.95,621.95,621.95,0,15.0,0.6608,0.000362,-6.35,24.2
2026-09-01 13:15:00,24043.85,621.95,621.95,621.95,621.95,0,15.0,0.6585,0.000364,-6.36,24.26
2026-09-01 13:16:00,24043.65,621.95,621.95,621.95,621.95,0,15.0,0.6584,0.000364,-6.36,24.26
2026-09-01 13:17:00,24042.55,621.95,621.95,621.95,621.95,0,15.0,0.658,0.000364,-6.37,24.27
2026-09-01 13:18:00,24046.1,621.95,621.95,621.95,621.95,0,15.0,0.6593,0.000363,-6.36,24.24
2026-09-01 13:19:00,24049.05,621.95,621.95,621.95,621.95,0,15.0,0.6604,0.000363,-6.35,24.21
2026-09-01 13:20:00,24050.45,621.95,621.95,621.95,621.95,0,15.0,0.6609,0.000362,-6.35,24.2
2026-09-01 13:21:00,24055.95,621.95,621.95,621.95,621.95,0,15.0,0.6629,0.000361,-6.33,24.15
2026-09-01 13:22:00,24058.0,621.95,621.95,621.95,621.95,0,15.0,0.6636,0.000361,-6.33,24.13
2026-09-01 13:23:00,24054.2,621.95,621.95,621.95,621.95,0,15.0,0.6622,0.000362,-6.34,24.16
2026-09-01 13:24:00,24056.9,621.95,621.95,621.95,621.95,0,15.0,0.6632,0.000361,-6.33,24.14
2026-09-01 13:25:00,24058.7,621.95,621.95,621.95,621.95,0,15.0,0.6639,0.000361,-6.32,24.12
2026-09-01 13:26:00,24057.6,621.95,621.95,621.95,621.95,0,15.0,0.6635,0.000361,-6.33,24.13
2026-09-01 13:27:00,24052.75,621.95,621.95,621.95,621.95,0,15.0,0.6617,0.000362,-6.34,24.18
2026-09-01 13:28:00,24047.4,621.95,621.95,621.95,621.95,0,15.0,0.6598,0.000363,-6.35,24.23
2026-09-01 13:29:00,24049.8,621.95,621.95,621.95,621.95,0,15.0,0.6607,0.000363,-6.35,24.2
2026-09-01 13:30:00,24053.5,621.95,621.95,621.95,621.95,0,15.0,0.662,0.000362,-6.34,24.17
2026-09-01 13:31:00,24059.4,621.95,621.95,621.95,621.95,0,15.0,0.6641,0.000361,-6.32,24.11
2026-09-01 13:32:00,24059.4,621.95,621.95,621.95,621.95,0,15.0,0.6641,0.000361,-6.32,24.11
2026-09-01 13:33:00,24060.65,621.95,621.95,621.95,621.95,0,15.0,0.6646,0.000361,-6.32,24.1
2026-09-01 13:34:00,24059.95,621.95,621.95,621.95,621.95,0,15.0,0.6643,0.000361,-6.32,24.11
2026-09-01 13:35:00,24061.7,621.95,621.95,621.95,621.95,0,15.0,0.665,0.000361,-6.32,24.09
2026-09-01 13:36:00,24054.05,621.95,621.95,621.95,621.95,0,15.0,0.6622,0.000362,-6.34,24.16
2026-09-01 13:37:00,24045.65,621.95,621.95,621.95,621.95,0,15.0,0.6592,0.000363,-6.36,24.24
2026-09-01 13:38:00,24041.4,621.95,621.95,621.95,621.95,0,15.0,0.6576,0.000364,-6.37,24.28
2026-09-01 13:39:00,24036.9,621.95,621.95,621.95,621.95,0,15.0,0.656,0.000365,-6.38,24.32
2026-09-01 13:40:00,24027.3,621.95,621.95,621.95,621.95,0,15.0,0.6525,0.000366,-6.41,24.4
2026-09-01 13:41:00,24022.85,621.95,621.95,621.95,621.95,0,15.0,0.6509,0.000367,-6.42,24.44
2026-09-01 13:42:00,24025.0,621.95,621.95,621.95,621.95,0,15.0,0.6516,0.000367,-6.41,24.42
2026-09-01 13:43:00,24030.3,621.95,621.95,621.95,621.95,0,15.0,0.6536,0.000366,-6.4,24.37
2026-09-01 13:44:00,24034.2,621.95,621.95,621.95,621.95,0,15.0,0.655,0.000365,-6.39,24.34
2026-09-01 13:45:00,24030.65,621.95,621.95,621.95,621.95,0,15.0,0.6537,0.000366,-6.4,24.37
2026-09-01 13:46:00,24026.2,621.95,621.95,621.95,621.95,0,15.0,0.6521,0.000367,-6.41,24.41
2026-09-01 13:47:00,24019.6,621.95,621.95,621.95,621.95,0,15.0,0.6497,0.000368,-6.43,24.47
2026-09-01 13:48:00,24021.65,621.95,621.95,621.95,621.95,0,15.0,0.6504,0.000367,-6.42,24.45
2026-09-01 13:49:00,24019.25,621.95,621.95,621.95,621.95,0,15.0,0.6495,0.000368,-6.43,24.47
2026-09-01 13:50:00,24000.45,621.95,621.95,621.95,621.95,0,15.0,0.6426,0.000371,-6.47,24.63
2026-09-01 13:51:00,23990.1,621.95,621.95,621.95,621.95,0,15.0,0.6388,0.000372,-6.49,24.71
2026-09-01 13:52:00,23992.25,621.95,621.95,621.95,621.95,0,15.0,0.6396,0.000372,-6.49,24.69
2026-09-01 13:53:00,23991.7,621.95,621.95,621.95,621.95,0,15.0,0.6394,0.000372,-6.49,24.7
2026-09-01 13:54:00,23993.8,621.95,621.95,621.95,621.95,0,15.0,0.6401,0.000372,-6.49,24.68
2026-09-01 13:55:00,23989.95,621.95,621.95,621.95,621.95,0,15.0,0.6387,0.000372,-6.49,24.71
2026-09-01 13:56:00,23998.85,621.95,621.95,621.95,621.95,0,15.0,0.642,0.000371,-6.47,24.64
2026-09-01 13:57:00,24006.05,621.95,621.95,621.95,621.95,0,15.0,0.6447,0.00037,-6.46,24.58
2026-09-01 13:58:00,24005.65,621.95,621.95,621.95,621.95,0,15.0,0.6445,0.00037,-6.46,24.58
2026-09-01 13:59:00,24000.15,621.95,621.95,621.95,621.95,0,15.0,0.6425,0.000371,-6.47,24.63
2026-09-01 14:00:00,23993.2,621.95,621.95,621.95,621.95,0,15.0,0.6399,0.000372,-6.49,24.68
2026-09-01 14:01:00,23991.45,621.95,621.95,621.95,621.95,0,15.0,0.6393,0.000372,-6.49,24.7
2026-09-01 14:02:00,23981.95,621.95,621.95,621.95,621.95,0,15.0,0.6357,0.000373,-6.51,24.77
2026-09-01 14:03:00,23978.45,621.95,621.95,621.95,621.95,0,15.0,0.6344,0.000374,-6.52,24.8
2026-09-01 14:04:00,23978.55,621.95,621.95,621.95,621.95,0,15.0,0.6345,0.000374,-6.52,24.8
2026-09-01 14:05:00,23982.55,621.95,621.95,621.95,621.95,0,15.0,0.636,0.000373,-6.51,24.76
2026-09-01 14:06:00,23978.15,621.95,621.95,621.95,621.95,0,15.0,0.6343,0.000374,-6.52,24.8
2026-09-01 14:07:00,23974.35,621.95,621.95,621.95,621.95,0,15.0,0.6329,0.000375,-6.53,24.83
2026-09-01 14:08:00,23964.05,621.95,621.95,621.95,621.95,0,15.0,0.629,0.000376,-6.55,24.9
2026-09-01 14:09:00,23956.35,621.95,621.95,621.95,621.95,0,15.0,0.6261,0.000377,-6.57,24.96
2026-09-01 14:10:00,23961.65,621.95,621.95,621.95,621.95,0,15.0,0.6281,0.000376,-6.56,24.92
2026-09-01 14:11:00,23970.2,621.95,621.95,621.95,621.95,0,15.0,0.6314,0.000375,-6.54,24.86
2026-09-01 14:12:00,23960.95,621.95,621.95,621.95,621.95,0,15.0,0.6279,0.000377,-6.56,24.93
2026-09-01 14:13:00,23961.1,621.95,621.95,540.0,540.0,845,13.92,0.6365,0.000403,-6.03,24.73
2026-09-01 14:14:00,23965.05,540.0,548.55,540.0,548.15,1690,14.15,0.6362,0.000396,-6.14,24.74
2026-09-01 14:15:00,23965.8,548.45,550.05,548.45,550.05,585,14.2,0.636,0.000395,-6.16,24.74
2026-09-01 14:16:00,23963.95,550.05,550.05,550.05,550.05,0,15.0,0.629,0.000376,-6.55,24.9
2026-09-01 14:17:00,23962.45,550.05,550.05,550.05,550.05,0,15.0,0.6285,0.000376,-6.56,24.91
2026-09-01 14:18:00,23960.1,550.05,550.05,550.05,550.05,0,15.0,0.6276,0.000377,-6.56,24.93
2026-09-01 14:19:00,23965.65,550.05,550.05,550.05,550.05,0,15.0,0.6297,0.000376,-6.55,24.89
2026-09-01 14:20:00,23964.05,550.05,550.05,550.05,550.05,0,15.0,0.6291,0.000376,-6.55,24.9
2026-09-01 14:21:00,23959.5,550.05,550.05,550.05,550.05,0,15.0,0.6274,0.000377,-6.56,24.93
2026-09-01 14:22:00,23955.35,550.05,550.05,550.05,550.05,0,15.0,0.6258,0.000377,-6.57,24.96
2026-09-01 14:23:00,23954.65,550.05,550.05,550.05,550.05,0,15.0,0.6255,0.000378,-6.57,24.97
2026-09-01 14:24:00,23958.05,550.05,550.05,550.05,550.05,0,15.0,0.6268,0.000377,-6.57,24.94
2026-09-01 14:25:00,23961.85,550.05,550.05,550.05,550.05,0,15.0,0.6282,0.000377,-6.56,24.92
2026-09-01 14:26:00,23958.85,550.05,550.05,550.05,550.05,0,15.0,0.6271,0.000377,-6.56,24.94
2026-09-01 14:27:00,23955.5,550.05,550.05,550.05,550.05,0,15.0,0.6259,0.000377,-6.57,24.96
2026-09-01 14:28:00,23957.0,550.05,550.05,550.0,550.0,65,14.43,0.6307,0.000391,-6.29,24.85
2026-09-01 14:29:00,23981.6,550.0,552.55,550.0,552.55,65,13.9,0.6449,0.0004,-5.98,24.54
2026-09-01 14:30:00,23970.4,552.55,552.55,552.55,552.55,0,15.0,0.6315,0.000375,-6.54,24.85
2026-09-01 14:31:00,23981.3,552.55,552.55,552.55,552.55,0,15.0,0.6355,0.000374,-6.52,24.77
2026-09-01 14:32:00,23979.4,552.55,552.55,552.55,552.55,0,15.0,0.6348,0.000374,-6.52,24.78
2026-09-01 14:33:00,23973.3,552.55,552.55,552.55,552.55,0,15.0,0.6326,0.000375,-6.53,24.83
2026-09-01 14:34:00,23984.45,552.55,552.55,552.55,552.55,0,15.0,0.6367,0.000373,-6.51,24.74
2026-09-01 14:35:00,23979.55,552.55,552.55,552.55,552.55,0,15.0,0.6349,0.000374,-6.52,24.78
2026-09-01 14:36:00,23974.8,552.55,552.55,552.55,552.55,0,15.0,0.6331,0.000375,-6.53,24.81
2026-09-01 14:37:00,23967.95,552.55,552.55,552.55,552.55,0,15.0,0.6306,0.000376,-6.55,24.87
2026-09-01 14:38:00,23971.45,552.55,552.55,552.55,552.55,0,15.0,0.6319,0.000375,-6.54,24.84
2026-09-01 14:39:00,23966.0,552.55,552.55,552.55,552.55,0,15.0,0.6298,0.000376,-6.55,24.88
2026-09-01 14:40:00,23960.35,552.55,552.55,552.55,552.55,0,15.0,0.6277,0.000377,-6.56,24.92
2026-09-01 14:41:00,23963.15,552.55,552.55,552.3,552.3,65,14.37,0.6336,0.000391,-6.25,24.79
2026-09-01 14:42:00,23969.35,552.3,556.0,552.3,556.0,65,14.36,0.6361,0.00039,-6.23,24.74
2026-09-01 14:43:00,23964.4,556.0,556.0,556.0,556.0,0,15.0,0.6292,0.000376,-6.55,24.89
2026-09-01 14:44:00,23961.95,556.0,556.0,556.0,556.0,0,15.0,0.6283,0.000377,-6.56,24.91
2026-09-01 14:45:00,23972.55,547.2,547.2,547.2,547.2,390,13.92,0.6412,0.000401,-6.01,24.62
2026-09-01 14:46:00,23970.85,547.2,547.2,547.2,547.2,0,15.0,0.6317,0.000375,-6.54,24.84
2026-09-01 14:47:00,23968.55,547.2,554.9,547.2,554.9,65,14.34,0.636,0.000391,-6.22,24.74
2026-09-01 14:48:00,23964.25,554.9,554.9,554.9,554.9,0,15.0,0.6292,0.000376,-6.55,24.89
2026-09-01 14:49:00,23969.65,554.4,554.55,554.4,554.55,195,14.29,0.6368,0.000392,-6.2,24.72
2026-09-01 14:50:00,23978.25,554.55,554.55,554.55,554.55,0,15.0,0.6344,0.000374,-6.52,24.78
2026-09-01 14:51:00,23983.6,554.55,554.55,554.55,554.55,0,15.0,0.6364,0.000373,-6.51,24.74
2026-09-01 14:52:00,23979.6,554.55,554.55,554.55,554.55,0,15.0,0.6349,0.000374,-6.52,24.77
2026-09-01 14:53:00,23977.6,554.55,554.55,554.55,554.55,0,15.0,0.6342,0.000374,-6.53,24.79
2026-09-01 14:54:00,23980.75,554.55,554.55,554.55,554.55,0,15.0,0.6354,0.000374,-6.52,24.76
2026-09-01 14:55:00,23987.0,554.55,554.55,554.55,554.55,0,15.0,0.6377,0.000373,-6.51,24.71
2026-09-01 14:56:00,23984.85,554.55,554.55,554.55,554.55,0,15.0,0.6369,0.000373,-6.51,24.73
2026-09-01 14:57:00,23980.6,554.55,554.55,554.55,554.55,0,15.0,0.6353,0.000374,-6.52,24.76
2026-09-01 14:58:00,23983.35,554.55,554.55,554.55,554.55,0,15.0,0.6364,0.000374,-6.51,24.74
2026-09-01 14:59:00,23980.5,554.55,554.55,554.55,554.55,0,15.0,0.6353,0.000374,-6.52,24.76
2026-09-01 15:00:00,23976.9,554.55,554.55,554.55,554.55,0,15.0,0.6339,0.000374,-6.53,24.79
2026-09-01 15:01:00,23983.15,554.55,554.55,554.55,554.55,0,15.0,0.6363,0.000374,-6.52,24.74
2026-09-01 15:02:00,23974.95,554.55,554.55,554.55,554.55,0,15.0,0.6332,0.000375,-6.53,24.8
2026-09-01 15:03:00,23969.5,554.55,554.55,554.55,554.55,0,15.0,0.6312,0.000376,-6.54,24.85
2026-09-01 15:04:00,23975.9,554.55,554.55,554.55,554.55,0,15.0,0.6336,0.000375,-6.53,24.8
2026-09-01 15:05:00,23983.1,554.55,554.55,554.55,554.55,0,15.0,0.6363,0.000374,-6.52,24.74
2026-09-01 15:06:00,23982.55,554.55,554.55,554.55,554.55,0,15.0,0.6361,0.000374,-6.52,24.74
2026-09-01 15:07:00,23973.6,554.55,554.55,554.55,554.55,0,15.0,0.6327,0.000375,-6.54,24.81
2026-09-01 15:08:00,23974.05,554.55,554.55,554.55,554.55,0,15.0,0.6329,0.000375,-6.54,24.81
2026-09-01 15:09:00,23969.65,554.55,554.55,554.55,554.55,0,15.0,0.6312,0.000376,-6.54,24.84
2026-09-01 15:10:00,23975.95,554.55,554.55,554.55,554.55,0,15.0,0.6336,0.000375,-6.53,24.79
2026-09-01 15:11:00,23973.5,554.55,554.55,554.55,554.55,0,15.0,0.6327,0.000375,-6.54,24.81
2026-09-01 15:12:00,23967.4,554.55,554.55,554.55,554.55,0,15.0,0.6304,0.000376,-6.55,24.86
2026-09-01 15:13:00,23973.45,554.55,554.55,554.55,554.55,0,15.0,0.6327,0.000375,-6.54,24.81
2026-09-01 15:14:00,23984.45,554.55,557.4,554.55,557.4,390,14.03,0.645,0.000396,-6.04,24.53
2026-09-01 15:15:00,23980.55,557.4,557.4,557.4,557.4,0,15.0,0.6353,0.000374,-6.52,24.76
2026-09-01 15:16:00,23980.55,557.4,557.4,557.4,557.4,0,15.0,0.6353,0.000374,-6.52,24.76
2026-09-01 15:17:00,23980.55,557.4,557.4,557.4,557.4,0,15.0,0.6353,0.000374,-6.52,24.76
2026-09-01 15:18:00,23980.55,557.4,557.4,557.4,557.4,0,15.0,0.6353,0.000374,-6.52,24.76
2026-09-01 15:19:00,23980.55,557.4,557.4,557.4,557.4,0,15.0,0.6353,0.000374,-6.52,24.76
2026-09-01 15:20:00,23980.55,557.4,557.4,557.4,557.4,0,15.0,0.6353,0.000374,-6.52,24.76
2026-09-01 15:21:00,23980.55,557.4,557.4,557.4,557.4,0,15.0,0.6353,0.000374,-6.52,24.75
2026-09-01 15:22:00,23980.55,557.4,557.4,557.4,557.4,0,15.0,0.6353,0.000374,-6.52,24.75
2026-09-01 15:23:00,23980.55,557.4,557.4,557.4,557.4,0,15.0,0.6353,0.000374,-6.52,24.75
2026-09-01 15:24:00,23980.55,557.4,557.4,557.4,557.4,0,15.0,0.6353,0.000374,-6.52,24.75
2026-09-01 15:25:00,23980.55,557.4,557.4,557.4,557.4,0,15.0,0.6353,0.000374,-6.52,24.75
2026-09-01 15:26:00,23980.55,557.4,557.4,557.4,557.4,0,15.0,0.6353,0.000374,-6.52,24.75
2026-09-01 15:27:00,23980.55,557.4,557.4,553.0,553.0,65,13.95,0.6441,0.000399,-6.01,24.54
2026-09-01 15:28:00,23980.55,553.0,553.0,553.0,553.0,0,15.0,0.6354,0.000374,-6.52,24.75
2026-09-01 15:29:00,24055.8,556.4,559.95,556.4,558.25,975,12.06,0.6969,0.00043,-4.86,23.03
2026-09-02 09:23:00,23796.7,470.0,470.0,470.0,470.0,130,15.26,0.5643,0.000394,-7.04,25.44
2026-09-02 09:24:00,23803.4,470.0,470.0,470.0,470.0,0,15.0,0.5679,0.0004,-6.91,25.41
2026-09-02 09:25:00,23813.3,470.0,470.0,466.25,466.25,130,14.74,0.5728,0.000406,-6.77,25.36
2026-09-02 09:26:00,23826.5,466.25,466.25,466.25,466.25,0,15.0,0.5771,0.000398,-6.88,25.32
2026-09-02 09:27:00,23827.55,466.25,466.25,466.25,466.25,0,15.0,0.5775,0.000398,-6.88,25.32
2026-09-02 09:28:00,23821.2,466.25,475.0,466.25,475.0,65,14.91,0.5753,0.000401,-6.84,25.34
2026-09-02 09:29:00,23821.7,475.0,475.0,474.15,474.95,195,14.9,0.5756,0.000401,-6.84,25.33
2026-09-02 09:30:00,23818.8,474.95,474.95,474.95,474.95,0,15.0,0.574,0.000399,-6.89,25.35
2026-09-02 09:31:00,23818.75,474.95,474.95,474.95,474.95,0,15.0,0.574,0.000399,-6.89,25.35
2026-09-02 09:32:00,23821.3,474.95,474.95,474.95,474.95,0,15.0,0.575,0.000399,-6.89,25.34
2026-09-02 09:33:00,23832.95,474.95,474.95,474.95,474.95,0,15.0,0.5797,0.000398,-6.87,25.29
2026-09-02 09:34:00,23843.25,474.95,474.95,474.95,474.95,0,15.0,0.5838,0.000397,-6.86,25.25
2026-09-02 09:35:00,23842.2,474.95,474.95,474.95,474.95,0,15.0,0.5833,0.000397,-6.86,25.25
2026-09-02 09:36:00,23836.7,474.95,482.75,474.95,482.75,910,14.86,0.5818,0.000401,-6.8,25.27
2026-09-02 09:37:00,23840.3,482.75,482.75,482.75,482.75,0,15.0,0.5826,0.000397,-6.86,25.26
2026-09-02 09:38:00,23837.05,482.75,482.75,482.75,482.75,0,15.0,0.5813,0.000397,-6.87,25.27
2026-09-02 09:39:00,23827.85,482.75,482.75,482.75,482.75,0,15.0,0.5776,0.000398,-6.88,25.31
2026-09-02 09:40:00,23834.75,482.75,482.75,479.0,479.0,1430,14.76,0.5815,0.000404,-6.76,25.27
2026-09-02 09:41:00,23840.0,479.0,479.0,479.0,479.0,0,15.0,0.5825,0.000397,-6.86,25.26
2026-09-02 09:42:00,23843.4,479.0,479.0,479.0,479.0,0,15.0,0.5838,0.000397,-6.86,25.24
2026-09-02 09:43:00,23845.0,479.0,479.0,479.0,479.0,0,15.0,0.5845,0.000396,-6.86,25.23
2026-09-02 09:44:00,23841.6,479.0,486.05,479.0,486.05,130,14.88,0.5836,0.0004,-6.81,25.24
2026-09-02 09:45:00,23835.15,486.05,486.05,486.05,486.05,0,15.0,0.5805,0.000397,-6.87,25.28
2026-09-02 09:46:00,23830.05,486.05,486.05,486.05,486.05,0,15.0,0.5785,0.000398,-6.88,25.3
2026-09-02 09:47:00,23825.55,486.05,486.05,486.05,486.05,0,15.0,0.5767,0.000398,-6.88,25.32
2026-09-02 09:48:00,23830.7,486.05,486.05,486.05,486.05,0,15.0,0.5788,0.000398,-6.88,25.3
2026-09-02 09:49:00,23835.35,486.05,486.05,486.05,486.05,0,15.0,0.5806,0.000397,-6.87,25.28
2026-09-02 09:50:00,23845.45,486.05,486.05,485.35,485.35,65,14.77,0.5857,0.000402,-6.75,25.21
2026-09-02 09:51:00,23835.25,485.35,485.35,483.9,483.9,260,14.94,0.5808,0.000399,-6.84,25.27
2026-09-02 09:52:00,23831.55,483.9,483.9,483.9,483.9,0,15.0,0.5791,0.000398,-6.88,25.29
2026-09-02 09:53:00,23833.35,483.9,483.9,483.9,483.9,0,15.0,0.5798,0.000398,-6.87,25.28
2026-09-02 09:54:00,23830.7,483.9,483.9,483.9,483.9,0,15.0,0.5788,0.000398,-6.88,25.29
2026-09-02 09:55:00,23834.15,483.9,483.9,483.9,483.9,0,15.0,0.5802,0.000398,-6.87,25.28
2026-09-02 09:56:00,23841.6,483.9,483.9,483.9,483.9,0,15.0,0.5831,0.000397,-6.86,25.25
2026-09-02 09:57:00,23840.1,483.9,483.9,483.9,483.9,0,15.0,0.5825,0.000397,-6.86,25.25
2026-09-02 09:58:00,23851.45,483.9,483.9,483.9,483.9,0,15.0,0.587,0.000396,-6.85,25.2
2026-09-02 09:59:00,23851.0,483.9,483.9,483.9,483.9,0,15.0,0.5868,0.000396,-6.85,25.2
2026-09-02 10:00:00,23847.3,483.9,486.4,483.9,486.4,65,14.77,0.5865,0.000402,-6.74,25.2
2026-09-02 10:01:00,23849.95,486.4,486.4,486.4,486.4,0,15.0,0.5864,0.000396,-6.85,25.21
2026-09-02 10:02:00,23853.0,486.4,486.4,486.4,486.4,0,15.0,0.5876,0.000396,-6.85,25.19
2026-09-02 10:03:00,23853.55,486.4,488.85,486.4,488.85,65,14.72,0.5893,0.000403,-6.71,25.17
2026-09-02 10:04:00,23853.25,488.85,488.85,488.85,488.85,0,15.0,0.5877,0.000396,-6.85,25.19
2026-09-02 10:05:00,23855.6,488.85,488.85,488.85,488.85,0,15.0,0.5887,0.000395,-6.84,25.18
2026-09-02 10:06:00,23857.2,488.85,488.85,482.85,482.85,65,14.39,0.5924,0.000411,-6.55,25.12
2026-09-02 10:07:00,23860.4,482.85,482.85,482.85,482.85,0,15.0,0.5906,0.000395,-6.84,25.15
2026-09-02 10:08:00,23848.95,482.85,482.85,482.85,482.85,0,15.0,0.586,0.000396,-6.85,25.21
2026-09-02 10:09:00,23848.1,482.85,482.85,482.85,482.85,0,15.0,0.5857,0.000396,-6.85,25.21
2026-09-02 10:10:00,23848.85,482.85,482.85,482.85,482.85,0,15.0,0.586,0.000396,-6.85,25.21
2026-09-02 10:11:00,23840.1,482.85,482.85,482.85,482.85,0,15.0,0.5825,0.000397,-6.87,25.25
2026-09-02 10:12:00,23847.85,482.85,482.85,482.85,482.85,0,15.0,0.5856,0.000396,-6.86,25.21
2026-09-02 10:13:00,23854.95,482.85,482.85,482.85,482.85,0,15.0,0.5884,0.000396,-6.85,25.18
2026-09-02 10:14:00,23848.3,482.85,482.85,482.85,482.85,0,15.0,0.5858,0.000396,-6.85,25.21
2026-09-02 10:15:00,23849.1,482.85,482.85,482.85,482.85,0,15.0,0.5861,0.000396,-6.85,25.2
2026-09-02 10:16:00,23850.4,482.85,482.85,482.85,482.85,0,15.0,0.5866,0.000396,-6.85,25.2
2026-09-02 10:17:00,23851.05,482.85,482.85,482.85,482.85,0,15.0,0.5869,0.000396,-6.85,25.19
2026-09-02 10:18:00,23853.15,482.85,482.85,482.85,482.85,0,15.0,0.5877,0.000396,-6.85,25.18
2026-09-02 10:19:00,23855.4,482.85,482.85,482.85,482.85,0,15.0,0.5886,0.000395,-6.85,25.17
2026-09-02 10:20:00,23864.05,482.85,482.85,482.85,482.85,0,15.0,0.592,0.000395,-6.83,25.13
2026-09-02 10:21:00,23873.85,482.85,482.85,482.85,482.85,0,15.0,0.5959,0.000393,-6.82,25.08
2026-09-02 10:22:00,23875.9,482.85,482.85,482.85,482.85,0,15.0,0.5967,0.000393,-6.81,25.07
2026-09-02 10:23:00,23872.3,482.85,482.85,482.85,482.85,0,15.0,0.5953,0.000394,-6.82,25.08
2026-09-02 10:24:00,23876.1,482.85,482.85,482.85,482.85,0,15.0,0.5968,0.000393,-6.81,25.06
2026-09-02 10:25:00,23873.55,482.85,482.85,482.85,482.85,0,15.0,0.5958,0.000393,-6.82,25.08
2026-09-02 10:26:00,23875.95,482.85,482.85,482.85,482.85,0,15.0,0.5967,0.000393,-6.81,25.06
2026-09-02 10:27:00,23877.05,482.85,482.85,482.85,482.85,0,15.0,0.5972,0.000393,-6.81,25.06
2026-09-02 10:28:00,23875.4,482.85,482.85,482.85,482.85,0,15.0,0.5965,0.000393,-6.82,25.07
2026-09-02 10:29:00,23882.75,482.85,482.85,482.85,482.85,0,15.0,0.5994,0.000392,-6.8,25.03
2026-09-02 10:30:00,23884.75,482.85,482.85,482.85,482.85,0,15.0,0.6002,0.000392,-6.8,25.01
2026-09-02 10:31:00,23887.05,482.85,482.85,482.85,482.85,0,15.0,0.6011,0.000392,-6.8,25.0
2026-09-02 10:32:00,23886.3,482.85,504.6,482.85,504.6,65,14.57,0.6033,0.000403,-6.59,24.96
2026-09-02 10:33:00,23884.95,504.6,504.6,504.6,504.6,0,15.0,0.6003,0.000392,-6.8,25.01
2026-09-02 10:34:00,23881.1,504.6,504.6,496.8,496.8,65,14.39,0.6023,0.000408,-6.51,24.97
2026-09-02 10:35:00,23877.15,496.8,496.8,496.8,496.8,0,15.0,0.5972,0.000393,-6.81,25.05
2026-09-02 10:36:00,23874.7,496.8,496.8,496.8,496.8,0,15.0,0.5962,0.000393,-6.82,25.07
2026-09-02 10:37:00,23876.4,496.8,496.8,493.85,493.85,65,14.38,0.6004,0.000409,-6.52,25.0
2026-09-02 10:38:00,23872.0,493.85,493.85,493.85,493.85,0,15.0,0.5952,0.000394,-6.82,25.08
2026-09-02 10:39:00,23864.5,493.85,493.85,493.85,493.85,0,15.0,0.5922,0.000395,-6.83,25.12
2026-09-02 10:40:00,23868.75,493.85,493.85,493.85,493.85,0,15.0,0.5939,0.000394,-6.83,25.1
2026-09-02 10:41:00,23865.2,493.85,493.85,493.85,493.85,0,15.0,0.5925,0.000394,-6.83,25.12
2026-09-02 10:42:00,23866.1,493.85,493.85,493.85,493.85,0,15.0,0.5929,0.000394,-6.83,25.11
2026-09-02 10:43:00,23862.8,493.85,493.85,493.85,493.85,0,15.0,0.5916,0.000395,-6.84,25.13
2026-09-02 10:44:00,23860.65,493.85,493.85,493.85,493.85,0,15.0,0.5907,0.000395,-6.84,25.14
2026-09-02 10:45:00,23861.3,493.85,493.85,493.85,493.85,0,15.0,0.591,0.000395,-6.84,25.13
2026-09-02 10:46:00,23858.95,493.85,493.85,493.85,493.85,0,15.0,0.59,0.000395,-6.84,25.15
2026-09-02 10:47:00,23860.15,493.85,493.85,493.85,493.85,0,15.0,0.5905,0.000395,-6.84,25.14
2026-09-02 10:48:00,23863.95,493.85,493.85,493.85,493.85,0,15.0,0.592,0.000395,-6.83,25.12
2026-09-02 10:49:00,23862.9,493.85,493.85,493.85,493.85,0,15.0,0.5916,0.000395,-6.84,25.13
2026-09-02 10:50:00,23869.4,493.85,493.85,493.85,493.85,0,15.0,0.5942,0.000394,-6.83,25.09
2026-09-02 10:51:00,23863.7,493.85,493.85,493.85,493.85,0,15.0,0.5919,0.000395,-6.84,25.12
2026-09-02 10:52:00,23850.15,493.85,493.85,493.85,493.85,0,15.0,0.5866,0.000396,-6.86,25.19
2026-09-02 10:53:00,23843.55,493.85,493.85,493.85,493.85,0,15.0,0.5839,0.000397,-6.86,25.22
2026-09-02 10:54:00,23854.55,493.85,493.85,493.85,493.85,0,15.0,0.5883,0.000396,-6.85,25.17
2026-09-02 10:55:00,23857.4,493.85,493.85,482.3,482.3,65,14.38,0.5927,0.000412,-6.55,25.1
2026-09-02 10:56:00,23863.1,482.3,482.3,482.3,482.3,0,15.0,0.5917,0.000395,-6.84,25.12
2026-09-02 10:57:00,23861.3,482.3,482.3,482.3,482.3,0,15.0,0.591,0.000395,-6.84,25.13
2026-09-02 10:58:00,23859.6,482.3,482.3,482.3,482.3,0,15.0,0.5903,0.000395,-6.84,25.14
2026-09-02 10:59:00,23859.95,482.3,482.3,482.3,482.3,0,15.0,0.5904,0.000395,-6.84,25.14
2026-09-02 11:00:00,23860.4,482.3,482.3,482.3,482.3,0,15.0,0.5906,0.000395,-6.84,25.13
2026-09-02 11:01:00,23853.2,482.3,482.3,482.3,482.3,0,15.0,0.5878,0.000396,-6.85,25.17
2026-09-02 11:02:00,23845.6,482.3,482.3,482.3,482.3,0,15.0,0.5848,0.000397,-6.86,25.21
2026-09-02 11:03:00,23843.1,482.3,482.3,482.3,482.3,0,15.0,0.5838,0.000397,-6.87,25.22
2026-09-02 11:04:00,23836.6,482.3,482.3,482.3,482.3,0,15.0,0.5812,0.000398,-6.88,25.25
2026-09-02 11:05:00,23835.5,482.3,482.3,482.3,482.3,0,15.0,0.5808,0.000398,-6.88,25.25
2026-09-02 11:06:00,23833.1,482.3,482.3,482.3,482.3,0,15.0,0.5798,0.000398,-6.88,25.26
2026-09-02 11:07:00,23839.45,482.3,482.3,479.95,479.95,130,14.71,0.5837,0.000405,-6.73,25.21
2026-09-02 11:08:00,23836.0,479.95,479.95,479.95,479.95,0,15.0,0.581,0.000398,-6.88,25.25
2026-09-02 11:09:00,23830.65,479.95,479.95,479.95,479.95,0,15.0,0.5788,0.000398,-6.88,25.27
2026-09-02 11:10:00,23832.25,479.95,479.95,475.8,475.8,520,14.71,0.5808,0.000406,-6.74,25.25
2026-09-02 11:11:00,23831.55,475.8,475.8,475.8,475.8,0,15.0,0.5792,0.000398,-6.88,25.27
2026-09-02 11:12:00,23831.6,475.8,475.8,475.8,475.8,0,15.0,0.5792,0.000398,-6.88,25.26
2026-09-02 11:13:00,23830.25,475.8,475.8,475.8,475.8,0,15.0,0.5787,0.000398,-6.88,25.27
2026-09-02 11:14:00,23832.35,475.8,475.8,475.8,475.8,0,15.0,0.5795,0.000398,-6.88,25.26
2026-09-02 11:15:00,23831.25,475.8,475.8,475.8,475.8,0,15.0,0.5791,0.000398,-6.88,25.27
2026-09-02 11:16:00,23828.55,475.8,475.8,475.8,475.8,0,15.0,0.578,0.000399,-6.89,25.28
2026-09-02 11:17:00,23829.2,475.8,475.8,475.8,475.8,65,14.78,0.5792,0.000404,-6.78,25.26
2026-09-02 11:18:00,23838.1,475.8,475.8,475.8,475.8,0,15.0,0.5818,0.000398,-6.87,25.23
2026-09-02 11:19:00,23834.95,475.8,475.8,475.8,475.8,0,15.0,0.5806,0.000398,-6.88,25.25
2026-09-02 11:20:00,23833.85,475.8,475.8,475.8,475.8,0,15.0,0.5801,0.000398,-6.88,25.25
2026-09-02 11:21:00,23833.35,475.8,475.8,475.8,475.8,0,15.0,0.5799,0.000398,-6.88,25.25
2026-09-02 11:22:00,23827.7,475.8,477.45,475.8,477.45,65,14.88,0.5782,0.000402,-6.83,25.27
2026-09-02 11:23:00,23828.3,477.45,477.45,477.45,477.45,0,15.0,0.5779,0.000399,-6.89,25.28
2026-09-02 11:24:00,23824.95,477.45,477.45,477.45,477.45,0,15.0,0.5766,0.000399,-6.89,25.29
2026-09-02 11:25:00,23824.6,477.45,477.45,477.45,477.45,0,15.0,0.5764,0.000399,-6.89,25.29
2026-09-02 11:26:00,23822.5,477.45,477.45,473.1,473.1,260,14.83,0.5763,0.000404,-6.81,25.29
2026-09-02 11:27:00,23822.15,473.1,473.1,473.1,473.1,0,15.0,0.5755,0.000399,-6.9,25.3
2026-09-02 11:28:00,23823.65,473.1,473.1,473.1,473.1,0,15.0,0.5761,0.000399,-6.89,25.29
2026-09-02 11:29:00,23819.6,473.1,473.1,473.1,473.1,0,15.0,0.5744,0.0004,-6.9,25.31
2026-09-02 11:30:00,23820.05,472.0,472.0,472.0,472.0,65,14.84,0.5753,0.000404,-6.82,25.3
2026-09-02 11:31:00,23818.55,472.0,472.0,472.0,472.0,0,15.0,0.574,0.0004,-6.9,25.31
2026-09-02 11:32:00,23816.6,472.0,472.0,471.35,471.4,130,14.9,0.5737,0.000403,-6.85,25.31
2026-09-02 11:33:00,23811.7,471.4,471.4,471.4,471.4,0,15.0,0.5713,0.0004,-6.91,25.34
2026-09-02 11:34:00,23813.95,471.4,471.4,471.4,471.4,0,15.0,0.5722,0.0004,-6.91,25.33
2026-09-02 11:35:00,23813.0,471.4,471.4,471.4,471.4,0,15.0,0.5718,0.0004,-6.91,25.33
2026-09-02 11:36:00,23811.55,471.4,471.4,468.35,468.35,65,14.89,0.5716,0.000403,-6.86,25.33
2026-09-02 11:37:00,23810.1,468.35,468.35,468.35,468.35,0,15.0,0.5706,0.0004,-6.91,25.34
2026-09-02 11:38:00,23812.3,468.35,468.35,465.8,465.8,65,14.77,0.5724,0.000406,-6.8,25.32
2026-09-02 11:39:00,23817.7,465.8,465.8,465.8,465.8,0,15.0,0.5737,0.0004,-6.9,25.31
2026-09-02 11:40:00,23813.55,465.8,465.8,465.8,465.8,0,15.0,0.572,0.0004,-6.91,25.33
2026-09-02 11:41:00,23810.45,465.8,468.6,465.8,468.6,65,14.93,0.5711,0.000402,-6.88,25.34
2026-09-02 11:42:00,23811.6,468.6,468.6,468.6,468.6,0,15.0,0.5712,0.0004,-6.91,25.34
2026-09-02 11:43:00,23814.3,468.6,472.3,468.6,472.3,195,14.99,0.5724,0.0004,-6.9,25.32
2026-09-02 11:44:00,23810.7,472.3,472.3,472.3,472.3,0,15.0,0.5709,0.0004,-6.91,25.34
2026-09-02 11:45:00,23809.95,472.3,472.3,470.15,470.15,65,15.0,0.5706,0.000401,-6.91,25.34
2026-09-02 11:46:00,23809.4,470.15,470.15,470.15,470.15,0,15.0,0.5704,0.000401,-6.91,25.34
2026-09-02 11:47:00,23807.05,470.15,470.15,464.0,464.0,325,14.82,0.5701,0.000405,-6.83,25.34
2026-09-02 11:48:00,23813.6,464.0,464.0,464.0,464.0,0,15.0,0.5721,0.0004,-6.91,25.33
2026-09-02 11:49:00,23811.9,464.0,468.9,464.0,467.8,325,14.86,0.5719,0.000404,-6.85,25.33
2026-09-02 11:50:00,23813.25,467.8,468.6,467.8,468.6,65,14.86,0.5724,0.000404,-6.84,25.32
2026-09-02 11:51:00,23813.3,468.6,468.6,468.4,468.4,65,14.86,0.5725,0.000404,-6.84,25.32
2026-09-02 11:52:00,23814.75,468.4,468.4,468.4,468.4,0,15.0,0.5725,0.0004,-6.91,25.32
2026-09-02 11:53:00,23817.0,468.4,468.4,467.3,467.3,130,14.73,0.5745,0.000407,-6.78,25.3
2026-09-02 11:54:00,23824.35,467.3,472.8,467.3,472.8,65,14.78,0.5773,0.000405,-6.79,25.27
2026-09-02 11:55:00,23822.15,472.8,472.8,472.8,472.8,0,15.0,0.5755,0.000399,-6.9,25.29
2026-09-02 11:56:00,23817.8,472.8,472.8,472.8,472.8,0,15.0,0.5737,0.0004,-6.9,25.31
2026-09-02 11:57:00,23814.35,472.8,472.8,472.8,472.8,0,15.0,0.5724,0.0004,-6.91,25.32
2026-09-02 11:58:00,23811.65,472.8,472.8,472.8,472.8,0,15.0,0.5713,0.0004,-6.91,25.33
2026-09-02 11:59:00,23812.95,472.8,472.8,472.8,472.8,0,15.0,0.5718,0.0004,-6.91,25.33
2026-09-02 12:00:00,23815.8,472.8,472.8,472.8,472.8,0,15.0,0.5729,0.0004,-6.91,25.31
2026-09-02 12:01:00,23816.7,472.8,472.8,472.8,472.8,0,15.0,0.5733,0.0004,-6.91,25.31
2026-09-02 12:02:00,23812.75,472.8,472.8,472.8,472.8,0,15.0,0.5717,0.0004,-6.91,25.33
2026-09-02 12:03:00,23806.65,472.8,472.8,472.8,472.8,0,15.0,0.5693,0.000401,-6.92,25.35
2026-09-02 12:04:00,23805.05,472.8,472.8,472.8,472.8,0,15.0,0.5686,0.000401,-6.92,25.35
2026-09-02 12:05:00,23807.7,472.8,472.8,472.8,472.8,0,15.0,0.5697,0.000401,-6.92,25.34
2026-09-02 12:06:00,23811.85,472.8,472.8,472.8,472.8,0,15.0,0.5714,0.0004,-6.91,25.33
2026-09-02 12:07:00,23807.5,472.8,472.8,472.8,472.8,0,15.0,0.5696,0.000401,-6.92,25.34
2026-09-02 12:08:00,23808.35,472.8,472.8,472.8,472.8,0,15.0,0.57,0.000401,-6.92,25.34
2026-09-02 12:09:00,23811.75,472.8,472.8,472.8,472.8,0,15.0,0.5713,0.0004,-6.91,25.33
2026-09-02 12:10:00,23817.05,472.8,472.8,472.8,472.8,0,15.0,0.5735,0.0004,-6.91,25.31
2026-09-02 12:11:00,23830.6,472.8,478.25,472.8,478.25,390,14.85,0.5795,0.000402,-6.82,25.24
2026-09-02 12:12:00,23835.3,478.25,479.25,478.25,479.25,65,14.79,0.5817,0.000404,-6.78,25.22
2026-09-02 12:13:00,23837.05,479.25,479.25,479.25,479.25,0,15.0,0.5814,0.000398,-6.88,25.22
2026-09-02 12:14:00,23838.35,479.25,479.25,479.25,479.25,0,15.0,0.582,0.000398,-6.88,25.21
2026-09-02 12:15:00,23837.5,479.25,479.25,479.25,479.25,0,15.0,0.5816,0.000398,-6.88,25.22
2026-09-02 12:16:00,23836.7,479.25,479.25,479.25,479.25,0,15.0,0.5813,0.000398,-6.88,25.22
2026-09-02 12:17:00,23841.1,479.25,479.25,479.25,479.25,0,15.0,0.5831,0.000398,-6.88,25.2
2026-09-02 12:18:00,23832.65,479.25,479.25,479.25,479.25,0,15.0,0.5797,0.000398,-6.89,25.24
2026-09-02 12:19:00,23828.3,479.25,479.25,475.25,475.25,325,14.79,0.5789,0.000404,-6.79,25.24
2026-09-02 12:20:00,23820.65,475.25,475.25,475.25,475.25,0,15.0,0.5749,0.0004,-6.9,25.29
2026-09-02 12:21:00,23817.55,475.25,475.25,475.25,475.25,0,15.0,0.5737,0.0004,-6.91,25.3
2026-09-02 12:22:00,23824.2,475.25,475.25,475.25,475.25,0,15.0,0.5763,0.000399,-6.9,25.27
2026-09-02 12:23:00,23825.7,475.25,475.25,475.25,475.25,0,15.0,0.5769,0.000399,-6.9,25.27
2026-09-02 12:24:00,23825.7,475.25,475.25,475.25,475.25,0,15.0,0.5769,0.000399,-6.9,25.27
2026-09-02 12:25:00,23826.8,475.25,475.25,475.25,475.25,0,15.0,0.5774,0.000399,-6.9,25.26
2026-09-02 12:26:00,23831.45,475.25,475.25,475.25,475.25,0,15.0,0.5792,0.000399,-6.89,25.24
2026-09-02 12:27:00,23830.5,481.45,481.45,480.8,481.0,780,14.97,0.579,0.0004,-6.88,25.24
2026-09-02 12:28:00,23834.8,481.0,481.55,481.0,481.55,260,14.89,0.581,0.000401,-6.83,25.22
2026-09-02 12:29:00,23836.25,481.55,481.55,481.55,481.55,0,15.0,0.5811,0.000398,-6.88,25.22
2026-09-02 12:30:00,23842.2,481.55,481.55,481.55,481.55,0,15.0,0.5835,0.000398,-6.88,25.19
2026-09-02 12:31:00,23848.2,481.55,490.0,481.55,490.0,130,14.92,0.5863,0.000399,-6.83,25.16
2026-09-02 12:32:00,23851.25,490.0,490.0,490.0,490.0,0,15.0,0.5871,0.000397,-6.86,25.15
2026-09-02 12:33:00,23853.35,490.0,490.0,490.0,490.0,0,15.0,0.5879,0.000396,-6.86,25.14
2026-09-02 12:34:00,23847.9,490.0,490.0,490.0,490.0,0,15.0,0.5858,0.000397,-6.87,25.16
2026-09-02 12:35:00,23846.6,490.0,490.0,490.0,490.0,0,15.0,0.5853,0.000397,-6.87,25.17
2026-09-02 12:36:00,23854.1,490.0,490.0,490.0,490.0,0,15.0,0.5882,0.000396,-6.86,25.13
2026-09-02 12:37:00,23855.5,490.0,490.0,490.0,490.0,0,15.0,0.5888,0.000396,-6.86,25.13
2026-09-02 12:38:00,23851.9,490.0,490.0,490.0,490.0,0,15.0,0.5874,0.000397,-6.86,25.14
2026-09-02 12:39:00,23851.05,490.0,490.0,490.0,490.0,0,15.0,0.587,0.000397,-6.86,25.15
2026-09-02 12:40:00,23853.2,490.0,490.0,490.0,490.0,0,15.0,0.5879,0.000396,-6.86,25.14
2026-09-02 12:41:00,23854.4,490.0,490.0,490.0,490.0,0,15.0,0.5884,0.000396,-6.86,25.13
2026-09-02 12:42:00,23857.55,490.0,490.0,490.0,490.0,0,15.0,0.5896,0.000396,-6.85,25.11
2026-09-02 12:43:00,23864.75,490.0,498.15,490.0,496.8,715,14.8,0.5935,0.0004,-6.75,25.06
2026-09-02 12:44:00,23860.95,496.8,496.8,496.8,496.8,0,15.0,0.591,0.000396,-6.85,25.1
2026-09-02 12:45:00,23851.05,496.8,496.8,496.8,496.8,0,15.0,0.587,0.000397,-6.86,25.15
2026-09-02 12:46:00,23859.0,496.8,496.8,492.2,494.0,390,14.82,0.5911,0.0004,-6.77,25.09
2026-09-02 12:47:00,23853.5,494.0,494.0,494.0,494.0,0,15.0,0.588,0.000396,-6.86,25.13
2026-09-02 12:48:00,23852.75,494.0,494.0,491.8,491.8,65,14.88,0.5883,0.000399,-6.81,25.13
2026-09-02 12:49:00,23859.3,491.8,491.8,491.8,491.8,0,15.0,0.5903,0.000396,-6.85,25.1
2026-09-02 12:50:00,23859.7,491.8,491.8,491.8,491.8,0,15.0,0.5905,0.000396,-6.85,25.1
2026-09-02 12:51:00,23861.7,491.8,491.8,491.8,491.8,0,15.0,0.5913,0.000396,-6.85,25.09
2026-09-02 12:52:00,23861.7,491.8,491.8,491.8,491.8,0,15.0,0.5913,0.000396,-6.85,25.09
2026-09-02 12:53:00,23862.5,491.8,491.8,491.8,491.8,0,15.0,0.5916,0.000395,-6.85,25.09
2026-09-02 12:54:00,23863.15,491.8,491.8,491.8,491.8,0,15.0,0.5918,0.000395,-6.85,25.08
2026-09-02 12:55:00,23859.2,491.8,491.8,491.8,491.8,0,15.0,0.5903,0.000396,-6.85,25.1
2026-09-02 12:56:00,23862.3,491.8,491.8,491.8,491.8,0,15.0,0.5915,0.000395,-6.85,25.09
2026-09-02 12:57:00,23864.45,491.8,491.8,491.8,491.8,0,15.0,0.5923,0.000395,-6.85,25.07
2026-09-02 12:58:00,23866.5,491.8,491.8,491.8,491.8,0,15.0,0.5932,0.000395,-6.84,25.06
2026-09-02 12:59:00,23869.7,491.8,491.8,491.8,491.8,0,15.0,0.5944,0.000395,-6.84,25.05
2026-09-02 13:00:00,23872.65,491.8,491.8,491.8,491.8,0,15.0,0.5956,0.000394,-6.83,25.03
2026-09-02 13:01:00,23873.65,491.8,491.8,491.8,491.8,0,15.0,0.596,0.000394,-6.83,25.02
2026-09-02 13:02:00,23875.0,491.8,491.8,491.8,491.8,0,15.0,0.5965,0.000394,-6.83,25.02
2026-09-02 13:03:00,23872.15,491.8,491.8,491.8,491.8,0,15.0,0.5954,0.000394,-6.83,25.03
2026-09-02 13:04:00,23866.25,491.8,491.8,491.8,491.8,0,15.0,0.5931,0.000395,-6.84,25.06
2026-09-02 13:05:00,23867.6,491.8,491.8,491.8,491.8,0,15.0,0.5936,0.000395,-6.84,25.06
2026-09-02 13:06:00,23864.05,491.8,491.8,491.8,491.8,0,15.0,0.5922,0.000395,-6.85,25.07
2026-09-02 13:07:00,23859.2,491.8,491.8,491.8,491.8,0,15.0,0.5903,0.000396,-6.85,25.1
2026-09-02 13:08:00,23858.0,491.8,491.8,489.55,489.55,325,14.68,0.5915,0.000404,-6.7,25.08
2026-09-02 13:09:00,23857.75,489.55,489.55,489.55,489.55,0,15.0,0.5897,0.000396,-6.86,25.1
2026-09-02 13:10:00,23861.35,489.55,489.55,489.55,489.55,0,15.0,0.5911,0.000396,-6.85,25.09
2026-09-02 13:11:00,23868.6,489.55,489.55,489.55,489.55,0,15.0,0.594,0.000395,-6.84,25.05
2026-09-02 13:12:00,23870.85,489.55,499.35,489.55,498.9,130,14.75,0.5963,0.000401,-6.72,25.01
2026-09-02 13:13:00,23873.65,498.9,498.9,498.9,498.9,0,15.0,0.596,0.000394,-6.83,25.02
2026-09-02 13:14:00,23873.85,498.9,498.9,498.9,498.9,0,15.0,0.5961,0.000394,-6.83,25.02
2026-09-02 13:15:00,23870.0,498.9,505.0,498.9,505.0,585,15.01,0.5945,0.000394,-6.84,25.04
2026-09-02 13:16:00,23870.3,505.0,505.0,505.0,505.0,0,15.0,0.5947,0.000395,-6.84,25.04
2026-09-02 13:17:00,23874.3,505.0,505.0,505.0,505.0,0,15.0,0.5963,0.000394,-6.83,25.02
2026-09-02 13:18:00,23874.55,505.0,505.0,505.0,505.0,0,15.0,0.5964,0.000394,-6.83,25.01
2026-09-02 13:19:00,23871.2,505.0,505.0,505.0,505.0,0,15.0,0.595,0.000395,-6.84,25.03
2026-09-02 13:20:00,23872.3,505.0,505.0,505.0,505.0,0,15.0,0.5955,0.000394,-6.83,25.03
2026-09-02 13:21:00,23876.0,505.0,505.0,505.0,505.0,0,15.0,0.5969,0.000394,-6.83,25.01
2026-09-02 13:22:00,23872.4,505.0,505.0,505.0,505.0,0,15.0,0.5955,0.000394,-6.83,25.02
2026-09-02 13:23:00,23873.8,505.0,505.0,505.0,505.0,0,15.0,0.5961,0.000394,-6.83,25.02
2026-09-02 13:24:00,23877.5,505.0,505.0,505.0,505.0,0,15.0,0.5975,0.000394,-6.83,25.0
2026-09-02 13:25:00,23879.1,505.0,505.0,505.0,505.0,0,15.0,0.5982,0.000394,-6.82,24.99
2026-09-02 13:26:00,23881.9,505.0,505.0,505.0,505.0,0,15.0,0.5993,0.000393,-6.82,24.97
2026-09-02 13:27:00,23882.7,505.0,505.0,505.0,505.0,0,15.0,0.5996,0.000393,-6.82,24.97
2026-09-02 13:28:00,23874.7,505.0,505.0,505.0,505.0,0,15.0,0.5964,0.000394,-6.83,25.01
2026-09-02 13:29:00,23875.1,505.0,505.0,505.0,505.0,0,15.0,0.5966,0.000394,-6.83,25.01
2026-09-02 13:30:00,23874.65,505.0,505.0,505.0,505.0,0,15.0,0.5964,0.000394,-6.83,25.01
2026-09-02 13:31:00,23866.45,505.0,505.0,505.0,505.0,0,15.0,0.5932,0.000395,-6.84,25.05
2026-09-02 13:32:00,23869.7,498.7,498.7,498.7,498.7,390,14.77,0.5957,0.000401,-6.73,25.02
2026-09-02 13:33:00,23873.45,498.7,498.7,498.7,498.7,0,15.0,0.5959,0.000394,-6.83,25.02
2026-09-02 13:34:00,23877.85,498.7,498.7,498.7,498.7,0,15.0,0.5977,0.000394,-6.83,24.99
2026-09-02 13:35:00,23882.05,498.7,498.7,498.7,498.7,0,15.0,0.5993,0.000393,-6.82,24.97
2026-09-02 13:36:00,23885.5,498.7,498.7,498.7,498.7,0,15.0,0.6007,0.000393,-6.81,24.95
2026-09-02 13:37:00,23884.5,498.7,498.7,498.7,498.7,0,15.0,0.6003,0.000393,-6.82,24.95
2026-09-02 13:38:00,23875.55,498.7,498.7,498.7,498.7,0,15.0,0.5968,0.000394,-6.83,25.0
2026-09-02 13:39:00,23863.55,498.7,498.7,497.35,497.35,390,14.87,0.5927,0.000399,-6.79,25.05
2026-09-02 13:40:00,23861.9,497.35,497.35,496.65,496.65,65,14.88,0.592,0.000399,-6.79,25.06
2026-09-02 13:41:00,23868.4,496.65,496.65,496.65,496.65,0,15.0,0.594,0.000395,-6.84,25.04
2026-09-02 13:42:00,23869.8,496.65,496.65,496.65,496.65,0,15.0,0.5945,0.000395,-6.84,25.03
2026-09-02 13:43:00,23868.0,496.65,496.65,496.65,496.65,0,15.0,0.5938,0.000395,-6.84,25.04
2026-09-02 13:44:00,23868.65,496.65,497.3,496.65,497.3,390,14.74,0.5954,0.000402,-6.72,25.01
2026-09-02 13:45:00,23873.05,497.3,497.3,497.3,497.3,0,15.0,0.5958,0.000394,-6.84,25.01
2026-09-02 13:46:00,23870.05,497.3,497.3,497.3,497.3,0,15.0,0.5946,0.000395,-6.84,25.03
2026-09-02 13:47:00,23875.9,497.3,497.3,497.3,497.3,0,15.0,0.5969,0.000394,-6.83,25.0
2026-09-02 13:48:00,23870.3,497.3,497.3,497.3,497.3,0,15.0,0.5947,0.000395,-6.84,25.03
2026-09-02 13:49:00,23864.45,497.3,497.3,497.3,497.3,0,15.0,0.5924,0.000395,-6.85,25.06
2026-09-02 13:50:00,23861.4,497.3,497.3,497.3,497.3,0,15.0,0.5912,0.000396,-6.85,25.07
2026-09-02 13:51:00,23851.4,497.3,497.3,488.1,488.1,390,14.78,0.5883,0.000403,-6.76,25.11
2026-09-02 13:52:00,23856.55,488.1,488.1,488.1,488.1,0,15.0,0.5893,0.000396,-6.86,25.1
2026-09-02 13:53:00,23864.6,488.1,488.1,488.1,488.1,0,15.0,0.5925,0.000395,-6.85,25.06
2026-09-02 13:54:00,23866.4,488.1,488.1,488.1,488.1,0,15.0,0.5932,0.000395,-6.85,25.05
2026-09-02 13:55:00,23867.1,488.1,488.1,488.1,488.1,0,15.0,0.5935,0.000395,-6.85,25.04
2026-09-02 13:56:00,23868.4,488.1,488.1,488.1,488.1,0,15.0,0.594,0.000395,-6.84,25.03
2026-09-02 13:57:00,23867.7,488.1,488.1,488.1,488.1,0,15.0,0.5937,0.000395,-6.85,25.04
2026-09-02 13:58:00,23868.7,488.1,488.1,488.1,488.1,0,15.0,0.5941,0.000395,-6.84,25.03
2026-09-02 13:59:00,23872.0,488.1,488.1,488.1,488.1,0,15.0,0.5954,0.000395,-6.84,25.01
2026-09-02 14:00:00,23879.6,488.1,510.6,488.1,510.5,455,15.01,0.5983,0.000393,-6.83,24.97
2026-09-02 14:01:00,23882.3,510.5,510.5,510.5,510.5,0,15.0,0.5995,0.000393,-6.82,24.96
2026-09-02 14:02:00,23880.8,510.5,510.5,510.5,510.5,0,15.0,0.5989,0.000394,-6.82,24.97
2026-09-02 14:03:00,23877.3,510.5,510.5,510.5,510.5,0,15.0,0.5975,0.000394,-6.83,24.98
2026-09-02 14:04:00,23874.05,510.5,510.5,510.5,510.5,0,15.0,0.5962,0.000394,-6.84,25.0
2026-09-02 14:05:00,23874.35,510.5,510.5,510.5,510.5,0,15.0,0.5963,0.000394,-6.84,25.0
2026-09-02 14:06:00,23884.3,510.5,510.5,510.5,510.5,0,15.0,0.6003,0.000393,-6.82,24.94
2026-09-02 14:07:00,23893.9,510.5,510.5,510.5,510.5,0,15.0,0.604,0.000392,-6.8,24.89
2026-09-02 14:08:00,23891.6,510.5,510.5,510.5,510.5,0,15.0,0.6031,0.000392,-6.81,24.9
2026-09-02 14:09:00,23892.4,510.5,510.5,510.5,510.5,0,15.0,0.6034,0.000392,-6.81,24.9
2026-09-02 14:10:00,23890.7,510.5,510.5,510.5,510.5,0,15.0,0.6028,0.000392,-6.81,24.91
2026-09-02 14:11:00,23889.2,510.5,510.5,510.5,510.5,0,15.0,0.6022,0.000393,-6.81,24.91
2026-09-02 14:12:00,23893.5,510.5,510.5,510.5,510.5,0,15.0,0.6039,0.000392,-6.8,24.89
2026-09-02 14:13:00,23884.05,510.5,510.5,508.05,508.05,390,14.81,0.6013,0.000398,-6.73,24.92
2026-09-02 14:14:00,23885.25,508.05,512.85,508.05,512.85,390,14.97,0.6008,0.000394,-6.8,24.93
2026-09-02 14:15:00,23885.15,512.85,512.85,512.85,512.85,0,15.0,0.6006,0.000393,-6.82,24.94
2026-09-02 14:16:00,23883.65,512.85,512.85,512.85,512.85,0,15.0,0.6,0.000393,-6.82,24.94
2026-09-02 14:17:00,23881.1,512.85,512.85,512.85,512.85,0,15.0,0.599,0.000394,-6.83,24.96
2026-09-02 14:18:00,23881.35,512.85,512.85,512.85,512.85,0,15.0,0.5991,0.000394,-6.83,24.96
2026-09-02 14:19:00,23883.05,512.85,512.85,512.85,512.85,0,15.0,0.5998,0.000393,-6.82,24.95
2026-09-02 14:20:00,23881.2,512.85,512.85,512.85,512.85,0,15.0,0.599,0.000394,-6.83,24.96
2026-09-02 14:21:00,23881.95,512.85,512.85,512.85,512.85,0,15.0,0.5993,0.000394,-6.82,24.95
2026-09-02 14:22:00,23881.75,512.85,512.85,512.85,512.85,0,15.0,0.5993,0.000394,-6.82,24.95
2026-09-02 14:23:00,23881.9,512.85,512.85,512.85,512.85,0,15.0,0.5993,0.000394,-6.82,24.95
2026-09-02 14:24:00,23874.45,512.85,512.85,512.85,512.85,0,15.0,0.5964,0.000395,-6.84,24.99
2026-09-02 14:25:00,23872.95,512.85,512.85,512.85,512.85,0,15.0,0.5958,0.000395,-6.84,25.0
2026-09-02 14:26:00,23875.7,512.85,512.85,512.85,512.85,0,15.0,0.5969,0.000394,-6.84,24.99
2026-09-02 14:27:00,23878.85,512.85,512.85,512.85,512.85,0,15.0,0.5981,0.000394,-6.83,24.97
2026-09-02 14:28:00,23883.05,506.35,510.0,505.25,510.0,1300,14.91,0.6003,0.000396,-6.78,24.94
2026-09-02 14:29:00,23886.4,510.0,510.0,510.0,510.0,0,15.0,0.6011,0.000393,-6.82,24.92
2026-09-02 14:30:00,23894.05,510.0,516.75,510.0,514.4,845,14.82,0.6052,0.000396,-6.72,24.86
2026-09-02 14:31:00,23894.55,514.4,514.4,514.4,514.4,0,15.0,0.6043,0.000392,-6.8,24.88
2026-09-02 14:32:00,23901.65,514.4,514.4,514.4,514.4,0,15.0,0.6071,0.000391,-6.79,24.83
2026-09-02 14:33:00,23907.8,514.4,531.55,514.4,530.3,455,15.13,0.6087,0.000387,-6.84,24.81
2026-09-02 14:34:00,23901.6,530.3,530.6,524.9,525.0,2015,15.07,0.6067,0.00039,-6.82,24.84
2026-09-02 14:35:00,23909.55,525.0,525.0,525.0,525.0,0,15.0,0.6102,0.00039,-6.78,24.78
2026-09-02 14:36:00,23906.1,525.0,525.1,525.0,525.1,130,14.96,0.6091,0.000392,-6.76,24.8
2026-09-02 14:37:00,23902.45,525.1,525.1,525.1,525.1,0,15.0,0.6074,0.000391,-6.79,24.83
2026-09-02 14:38:00,23895.95,525.1,525.1,525.1,525.1,0,15.0,0.6049,0.000392,-6.8,24.87
2026-09-02 14:39:00,23903.45,525.1,525.1,525.1,525.1,0,15.0,0.6078,0.000391,-6.79,24.82
2026-09-02 14:40:00,23905.75,525.1,525.1,518.05,521.85,1170,14.84,0.6097,0.000395,-6.71,24.79
2026-09-02 14:41:00,23900.5,521.85,521.85,521.85,521.85,0,15.0,0.6066,0.000391,-6.79,24.84
2026-09-02 14:42:00,23897.1,521.85,521.85,516.15,516.15,325,14.82,0.6064,0.000396,-6.71,24.84
2026-09-02 14:43:00,23891.3,516.15,516.15,513.4,513.4,130,14.85,0.6039,0.000396,-6.74,24.88
2026-09-02 14:44:00,23887.65,513.4,513.4,513.4,513.4,0,15.0,0.6016,0.000393,-6.82,24.91
2026-09-02 14:45:00,23888.95,513.4,513.4,513.4,513.4,0,15.0,0.6021,0.000393,-6.81,24.9
2026-09-02 14:46:00,23890.4,513.4,513.4,509.95,509.95,130,14.74,0.6043,0.000399,-6.68,24.87
2026-09-02 14:47:00,23896.6,509.95,509.95,509.95,509.95,0,15.0,0.6051,0.000392,-6.8,24.86
2026-09-02 14:48:00,23900.9,513.1,513.1,513.1,513.1,260,14.61,0.6093,0.000401,-6.6,24.79
2026-09-02 14:49:00,23898.9,513.1,516.55,513.1,516.55,390,14.8,0.6073,0.000397,-6.7,24.82
2026-09-02 14:50:00,23888.1,516.55,516.55,516.55,516.55,0,15.0,0.6018,0.000393,-6.82,24.91
2026-09-02 14:51:00,23890.25,516.55,516.55,516.55,516.55,0,15.0,0.6026,0.000393,-6.81,24.9
2026-09-02 14:52:00,23887.0,516.55,516.55,506.9,506.9,65,14.7,0.6031,0.000401,-6.67,24.88
2026-09-02 14:53:00,23883.5,506.9,506.9,506.9,506.9,0,15.0,0.6,0.000394,-6.82,24.93
2026-09-02 14:54:00,23883.75,506.9,506.9,506.9,506.9,0,15.0,0.6001,0.000394,-6.82,24.93
2026-09-02 14:55:00,23871.55,506.9,506.9,506.9,506.9,0,15.0,0.5953,0.000395,-6.84,25.0
2026-09-02 14:56:00,23871.2,506.9,506.9,506.9,506.9,0,15.0,0.5951,0.000395,-6.84,25.0
2026-09-02 14:57:00,23868.6,506.9,506.9,506.9,506.9,0,15.0,0.5941,0.000395,-6.85,25.01
2026-09-02 14:58:00,23875.05,506.9,506.9,501.5,501.5,65,14.77,0.5979,0.0004,-6.73,24.96
2026-09-02 14:59:00,23873.15,501.5,501.5,501.5,501.5,0,15.0,0.5959,0.000395,-6.84,24.99
2026-09-02 15:00:00,23869.7,501.5,501.5,501.5,501.5,0,15.0,0.5946,0.000395,-6.85,25.01
2026-09-02 15:01:00,23863.75,501.5,501.5,501.5,501.5,0,15.0,0.5922,0.000396,-6.86,25.04
2026-09-02 15:02:00,23864.15,501.5,501.5,501.5,501.5,0,15.0,0.5924,0.000396,-6.86,25.03
2026-09-02 15:03:00,23863.05,501.5,501.5,501.5,501.5,0,15.0,0.5919,0.000396,-6.86,25.04
2026-09-02 15:04:00,23860.8,501.5,501.5,486.45,487.2,780,14.54,0.5934,0.000408,-6.64,25.01
2026-09-02 15:05:00,23859.45,487.2,488.4,486.2,486.2,1170,14.53,0.5929,0.000409,-6.64,25.02
2026-09-02 15:06:00,23857.95,486.2,487.3,486.2,487.0,715,14.6,0.592,0.000407,-6.67,25.03
2026-09-02 15:07:00,23855.95,487.0,487.0,487.0,487.0,0,15.0,0.5891,0.000397,-6.87,25.07
2026-09-02 15:08:00,23855.7,487.0,487.0,487.0,487.0,0,15.0,0.589,0.000397,-6.87,25.07
2026-09-02 15:09:00,23862.05,487.0,487.0,487.0,487.0,0,15.0,0.5915,0.000396,-6.86,25.04
2026-09-02 15:10:00,23871.25,487.0,487.0,487.0,487.0,0,15.0,0.5952,0.000395,-6.85,24.99
2026-09-02 15:11:00,23876.0,487.0,487.0,487.0,487.0,0,15.0,0.5971,0.000395,-6.84,24.97
2026-09-02 15:12:00,23875.3,487.0,487.0,487.0,487.0,0,15.0,0.5968,0.000395,-6.84,24.97
2026-09-02 15:13:00,23879.0,487.0,497.1,487.0,496.0,455,14.46,0.6014,0.000408,-6.57,24.9
2026-09-02 15:14:00,23883.5,496.0,498.5,495.55,495.55,715,14.33,0.604,0.000411,-6.5,24.86
2026-09-02 15:15:00,23882.85,495.55,498.0,495.55,498.0,455,14.45,0.603,0.000408,-6.56,24.87
2026-09-02 15:16:00,23882.85,498.0,498.0,497.8,497.8,390,14.44,0.6031,0.000408,-6.56,24.87
2026-09-02 15:17:00,23882.85,497.8,497.8,494.2,494.25,195,14.29,0.6039,0.000412,-6.49,24.86
2026-09-02 15:18:00,23882.85,494.25,494.25,494.25,494.25,0,15.0,0.5998,0.000394,-6.83,24.93
2026-09-02 15:19:00,23882.85,494.25,494.25,494.25,494.25,0,15.0,0.5998,0.000394,-6.83,24.93
2026-09-02 15:20:00,23882.85,494.25,494.25,494.25,494.25,0,15.0,0.5998,0.000394,-6.83,24.93
2026-09-02 15:21:00,23882.85,494.25,494.25,494.25,494.25,0,15.0,0.5998,0.000394,-6.83,24.93
2026-09-02 15:22:00,23882.85,494.25,494.25,494.25,494.25,0,15.0,0.5998,0.000394,-6.83,24.93
2026-09-02 15:23:00,23882.85,494.25,494.25,494.25,494.25,0,15.0,0.5998,0.000394,-6.83,24.93
2026-09-02 15:24:00,23882.85,494.25,494.25,494.25,494.25,0,15.0,0.5998,0.000394,-6.83,24.93
2026-09-02 15:25:00,23882.85,494.25,494.25,494.25,494.25,0,15.0,0.5998,0.000394,-6.83,24.93
2026-09-02 15:26:00,23882.85,494.25,494.25,494.25,494.25,0,15.0,0.5998,0.000394,-6.83,24.93
2026-09-02 15:27:00,23882.85,494.25,494.25,494.25,494.25,0,15.0,0.5998,0.000394,-6.83,24.93
2026-09-02 15:28:00,23882.85,494.25,494.25,493.35,493.35,260,14.26,0.6042,0.000413,-6.47,24.85
2026-09-02 15:29:00,23914.45,493.35,493.35,493.35,493.35,0,15.0,0.6122,0.00039,-6.77,24.73
2026-09-03 09:16:00,23985.3,560.15,564.4,555.3,564.35,1300,14.75,0.6433,0.00039,-6.58,23.8
2026-09-03 09:17:00,23974.35,565.3,565.3,557.55,557.55,325,14.76,0.6389,0.000392,-6.61,23.89
2026-09-03 09:18:00,23966.6,557.55,557.55,557.55,557.55,0,15.0,0.634,0.000387,-6.75,24.0
2026-09-03 09:19:00,23968.65,557.55,557.55,557.55,557.55,0,15.0,0.6348,0.000387,-6.75,23.98
2026-09-03 09:20:00,23980.9,557.55,557.55,557.55,557.55,0,15.0,0.6395,0.000385,-6.72,23.89
2026-09-03 09:21:00,23980.15,557.55,557.55,557.55,557.55,0,15.0,0.6392,0.000385,-6.72,23.89
2026-09-03 09:22:00,23974.75,557.55,557.55,557.55,557.55,0,15.0,0.6371,0.000386,-6.73,23.93
2026-09-03 09:23:00,23966.75,557.55,557.55,557.55,557.55,0,15.0,0.6341,0.000387,-6.75,24.0
2026-09-03 09:24:00,23957.65,557.55,557.55,557.55,557.55,0,15.0,0.6305,0.000389,-6.77,24.07
2026-09-03 09:25:00,23962.65,557.55,557.55,557.55,557.55,0,15.0,0.6325,0.000388,-6.76,24.03
2026-09-03 09:26:00,23959.25,557.55,557.55,544.25,544.25,65,14.61,0.6342,0.000398,-6.57,23.98
2026-09-03 09:27:00,23968.95,544.25,544.25,544.25,544.25,0,15.0,0.6349,0.000387,-6.75,23.98
2026-09-03 09:28:00,23970.75,544.25,544.25,544.25,544.25,0,15.0,0.6356,0.000387,-6.74,23.96
2026-09-03 09:29:00,23982.2,544.25,544.25,544.25,544.25,0,15.0,0.64,0.000385,-6.72,23.87
2026-09-03 09:30:00,23987.5,544.25,544.25,544.25,544.25,0,15.0,0.6421,0.000384,-6.7,23.83
2026-09-03 09:31:00,23986.05,544.25,544.25,544.25,544.25,0,15.0,0.6415,0.000384,-6.71,23.84
2026-09-03 09:32:00,23986.4,544.25,544.25,544.25,544.25,0,15.0,0.6416,0.000384,-6.71,23.84
2026-09-03 09:33:00,23992.95,544.25,544.25,544.25,544.25,0,15.0,0.6442,0.000383,-6.69,23.78
2026-09-03 09:34:00,23994.15,544.25,563.65,544.25,563.65,455,14.48,0.6491,0.000395,-6.42,23.66
2026-09-03 09:35:00,23994.85,563.65,563.65,563.65,563.65,0,15.0,0.6449,0.000383,-6.68,23.77
2026-09-03 09:36:00,23995.1,563.65,563.65,563.65,563.65,0,15.0,0.645,0.000383,-6.68,23.76
2026-09-03 09:37:00,23994.75,563.65,563.65,563.65,563.65,0,15.0,0.6449,0.000383,-6.68,23.77
2026-09-03 09:38:00,23999.9,563.65,563.65,563.65,563.65,0,15.0,0.6468,0.000382,-6.67,23.72
2026-09-03 09:39:00,24006.1,563.65,563.65,563.65,563.65,0,15.0,0.6492,0.000381,-6.66,23.67
2026-09-03 09:40:00,24011.65,563.65,579.45,563.65,579.45,910,14.67,0.6543,0.000387,-6.47,23.54
2026-09-03 09:41:00,24016.25,579.95,585.85,579.95,585.85,780,14.81,0.6547,0.000383,-6.53,23.54
2026-09-03 09:42:00,24009.65,585.85,585.85,583.15,583.15,260,14.88,0.6516,0.000383,-6.59,23.61
2026-09-03 09:43:00,24016.5,583.15,583.15,583.15,583.15,0,15.0,0.6532,0.000379,-6.63,23.58
2026-09-03 09:44:00,24016.85,583.15,587.05,583.15,586.2,1105,14.81,0.655,0.000383,-6.53,23.53
2026-09-03 09:45:00,24019.75,586.2,586.2,586.2,586.2,0,15.0,0.6544,0.000378,-6.62,23.55
2026-09-03 09:46:00,24017.55,586.2,586.7,586.2,586.7,65,14.81,0.6552,0.000383,-6.53,23.52
2026-09-03 09:47:00,24019.75,586.7,586.7,586.7,586.7,0,15.0,0.6544,0.000378,-6.62,23.55
2026-09-03 09:48:00,24008.65,586.7,586.7,586.7,586.7,0,15.0,0.6502,0.00038,-6.65,23.64
2026-09-03 09:49:00,24015.8,586.7,586.7,586.7,586.7,0,15.0,0.6529,0.000379,-6.63,23.58
2026-09-03 09:50:00,24013.25,586.7,586.7,586.7,586.7,0,15.0,0.6519,0.00038,-6.64,23.6
2026-09-03 09:51:00,24010.75,586.7,586.7,586.7,586.7,0,15.0,0.651,0.00038,-6.65,23.62
2026-09-03 09:52:00,24011.85,586.7,586.7,586.7,586.7,0,15.0,0.6514,0.00038,-6.64,23.61
2026-09-03 09:53:00,24007.6,586.7,586.7,586.7,586.7,0,15.0,0.6498,0.000381,-6.65,23.65
2026-09-03 09:54:00,24005.5,586.7,586.7,586.7,586.7,0,15.0,0.649,0.000381,-6.66,23.67
2026-09-03 09:55:00,24007.35,586.7,586.7,586.7,586.7,0,15.0,0.6497,0.000381,-6.65,23.65
2026-09-03 09:56:00,24000.1,586.7,586.7,586.7,586.7,0,15.0,0.6469,0.000382,-6.67,23.71
2026-09-03 09:57:00,24005.8,586.7,586.7,586.7,586.7,0,15.0,0.6491,0.000381,-6.66,23.67
2026-09-03 09:58:00,24007.15,586.7,586.7,586.7,586.7,0,15.0,0.6496,0.000381,-6.66,23.65
2026-09-03 09:59:00,24007.6,586.7,586.7,586.7,586.7,0,15.0,0.6498,0.000381,-6.65,23.65
2026-09-03 10:00:00,23999.85,586.7,586.7,586.7,586.7,0,15.0,0.6468,0.000382,-6.67,23.71
2026-09-03 10:01:00,24000.1,586.7,586.7,586.7,586.7,0,15.0,0.6469,0.000382,-6.67,23.71
2026-09-03 10:02:00,24003.3,586.7,586.7,586.7,586.7,0,15.0,0.6482,0.000381,-6.67,23.68
2026-09-03 10:03:00,24003.15,586.7,586.7,586.7,586.7,0,15.0,0.6481,0.000381,-6.67,23.69
2026-09-03 10:04:00,24005.05,586.7,586.7,586.7,586.7,0,15.0,0.6488,0.000381,-6.66,23.67
2026-09-03 10:05:00,24005.5,586.7,586.7,586.7,586.7,0,15.0,0.649,0.000381,-6.66,23.66
2026-09-03 10:06:00,23998.5,586.7,586.7,586.7,586.7,0,15.0,0.6463,0.000382,-6.68,23.72
2026-09-03 10:07:00,23996.55,586.7,586.7,586.7,586.7,0,15.0,0.6456,0.000383,-6.68,23.74
2026-09-03 10:08:00,24003.85,586.7,586.7,586.7,586.7,0,15.0,0.6484,0.000381,-6.66,23.68
2026-09-03 10:09:00,24002.45,586.7,586.7,586.7,586.7,0,15.0,0.6479,0.000382,-6.67,23.69
2026-09-03 10:10:00,24002.85,586.7,586.7,586.7,586.7,0,15.0,0.648,0.000382,-6.67,23.69
2026-09-03 10:11:00,24001.75,586.7,586.7,586.7,586.7,0,15.0,0.6476,0.000382,-6.67,23.69
2026-09-03 10:12:00,24001.4,586.7,586.7,586.7,586.7,0,15.0,0.6475,0.000382,-6.67,23.7
2026-09-03 10:13:00,23996.15,586.7,586.7,586.7,586.7,0,15.0,0.6455,0.000383,-6.68,23.74
2026-09-03 10:14:00,23991.15,586.7,586.7,586.7,586.7,0,15.0,0.6435,0.000383,-6.7,23.78
2026-09-03 10:15:00,23990.25,586.7,586.7,586.7,586.7,0,15.0,0.6432,0.000384,-6.7,23.79
2026-09-03 10:16:00,23991.15,586.7,586.7,586.7,586.7,0,15.0,0.6435,0.000383,-6.7,23.78
2026-09-03 10:17:00,23991.6,586.7,586.7,586.7,586.7,0,15.0,0.6437,0.000383,-6.7,23.78
2026-09-03 10:18:00,23992.0,586.7,586.7,586.7,586.7,0,15.0,0.6439,0.000383,-6.7,23.77
2026-09-03 10:19:00,23998.25,586.7,586.7,586.7,586.7,0,15.0,0.6463,0.000382,-6.68,23.72
2026-09-03 10:20:00,24002.55,586.7,586.7,586.7,586.7,0,15.0,0.6479,0.000382,-6.67,23.68
2026-09-03 10:21:00,24000.05,586.7,586.7,586.7,586.7,0,15.0,0.647,0.000382,-6.68,23.71
2026-09-03 10:22:00,23998.25,586.7,586.7,586.7,586.7,0,15.0,0.6463,0.000382,-6.68,23.72
2026-09-03 10:23:00,23998.55,586.7,586.7,586.7,586.7,0,15.0,0.6464,0.000382,-6.68,23.72
2026-09-03 10:24:00,24000.85,586.7,586.7,586.7,586.7,0,15.0,0.6473,0.000382,-6.67,23.7
2026-09-03 10:25:00,23995.7,586.7,586.7,586.7,586.7,0,15.0,0.6453,0.000383,-6.69,23.74
2026-09-03 10:26:00,23987.05,586.7,586.7,586.7,586.7,0,15.0,0.642,0.000384,-6.71,23.81
2026-09-03 10:27:00,23987.75,586.7,586.7,586.7,586.7,0,15.0,0.6423,0.000384,-6.71,23.81
2026-09-03 10:28:00,23987.15,586.7,586.7,586.7,586.7,0,15.0,0.642,0.000384,-6.71,23.81
2026-09-03 10:29:00,23984.7,586.7,586.7,586.7,586.7,0,15.0,0.6411,0.000385,-6.71,23.83
2026-09-03 10:30:00,23987.6,586.7,586.7,586.7,586.7,0,15.0,0.6422,0.000384,-6.71,23.81
2026-09-03 10:31:00,23980.95,586.7,586.7,586.7,586.7,0,15.0,0.6396,0.000385,-6.72,23.86
2026-09-03 10:32:00,23984.05,586.7,586.7,586.7,586.7,0,15.0,0.6408,0.000385,-6.72,23.83
2026-09-03 10:33:00,23987.05,586.7,586.7,586.7,586.7,0,15.0,0.642,0.000384,-6.71,23.81
2026-09-03 10:34:00,23977.85,586.7,586.7,586.7,586.7,0,15.0,0.6385,0.000386,-6.73,23.88
2026-09-03 10:35:00,23977.25,586.7,586.7,586.7,586.7,0,15.0,0.6382,0.000386,-6.73,23.89
2026-09-03 10:36:00,23969.05,586.7,586.7,586.7,586.7,0,15.0,0.6351,0.000387,-6.75,23.95
2026-09-03 10:37:00,23968.2,586.7,586.7,586.7,586.7,0,15.0,0.6347,0.000387,-6.75,23.96
2026-09-03 10:38:00,23973.6,586.7,586.7,586.7,586.7,0,15.0,0.6368,0.000386,-6.74,23.92
2026-09-03 10:39:00,23974.2,586.7,586.7,586.7,586.7,0,15.0,0.6371,0.000386,-6.74,23.91
2026-09-03 10:40:00,23964.6,586.7,586.7,586.7,586.7,0,15.0,0.6333,0.000388,-6.76,23.99
2026-09-03 10:41:00,23962.45,586.7,586.7,586.7,586.7,0,15.0,0.6325,0.000388,-6.77,24.0
2026-09-03 10:42:00,23957.8,586.7,586.7,586.7,586.7,0,15.0,0.6307,0.000389,-6.78,24.04
2026-09-03 10:43:00,23963.15,586.7,586.7,586.7,586.7,0,15.0,0.6328,0.000388,-6.77,24.0
2026-09-03 10:44:00,23967.05,586.7,586.7,586.7,586.7,0,15.0,0.6343,0.000388,-6.76,23.97
2026-09-03 10:45:00,23965.15,586.7,586.7,586.7,586.7,0,15.0,0.6336,0.000388,-6.76,23.98
2026-09-03 10:46:00,23967.8,586.7,586.7,586.7,586.7,0,15.0,0.6346,0.000387,-6.76,23.96
2026-09-03 10:47:00,23969.4,586.7,586.7,586.7,586.7,0,15.0,0.6352,0.000387,-6.75,23.95
2026-09-03 10:48:00,23970.75,586.7,586.7,586.7,586.7,0,15.0,0.6357,0.000387,-6.75,23.94
2026-09-03 10:49:00,23971.25,586.7,586.7,586.7,586.7,0,15.0,0.6359,0.000387,-6.75,23.93
2026-09-03 10:50:00,23970.15,586.7,586.7,586.7,586.7,0,15.0,0.6355,0.000387,-6.75,23.94
2026-09-03 10:51:00,23970.5,586.7,586.7,586.7,586.7,0,15.0,0.6356,0.000387,-6.75,23.94
2026-09-03 10:52:00,23967.15,586.7,586.7,586.7,586.7,0,15.0,0.6344,0.000388,-6.76,23.96
2026-09-03 10:53:00,23964.15,586.7,586.7,586.7,586.7,0,15.0,0.6332,0.000388,-6.77,23.98
2026-09-03 10:54:00,23958.85,586.7,586.7,586.7,586.7,0,15.0,0.6311,0.000389,-6.78,24.02
2026-09-03 10:55:00,23957.0,586.7,586.7,586.7,586.7,0,15.0,0.6304,0.000389,-6.78,24.04
2026-09-03 10:56:00,23965.45,586.7,586.7,586.7,586.7,0,15.0,0.6337,0.000388,-6.76,23.97
2026-09-03 10:57:00,23963.2,586.7,586.7,586.7,586.7,0,15.0,0.6328,0.000388,-6.77,23.99
2026-09-03 10:58:00,23962.75,586.7,586.7,586.7,586.7,0,15.0,0.6327,0.000388,-6.77,23.99
2026-09-03 10:59:00,23960.9,586.7,586.7,586.7,586.7,0,15.0,0.6319,0.000389,-6.77,24.01
2026-09-03 11:00:00,23963.45,586.7,586.7,586.7,586.7,0,15.0,0.6329,0.000388,-6.77,23.99
2026-09-03 11:01:00,23960.45,586.7,586.7,586.7,586.7,0,15.0,0.6318,0.000389,-6.77,24.01
2026-09-03 11:02:00,23958.5,586.7,586.7,586.7,586.7,0,15.0,0.631,0.000389,-6.78,24.02
2026-09-03 11:03:00,23956.65,586.7,586.7,586.7,586.7,0,15.0,0.6303,0.000389,-6.78,24.04
2026-09-03 11:04:00,23952.7,586.7,586.7,586.7,586.7,0,15.0,0.6288,0.00039,-6.79,24.07
2026-09-03 11:05:00,23944.9,586.7,586.7,586.7,586.7,0,15.0,0.6257,0.000391,-6.81,24.12
2026-09-03 11:06:00,23948.75,586.7,586.7,586.7,586.7,0,15.0,0.6272,0.00039,-6.8,24.1
2026-09-03 11:07:00,23945.35,586.7,586.7,586.7,586.7,0,15.0,0.6259,0.000391,-6.81,24.12
2026-09-03 11:08:00,23940.2,586.7,586.7,586.7,586.7,0,15.0,0.6239,0.000392,-6.82,24.16
2026-09-03 11:09:00,23928.6,586.7,586.7,586.7,586.7,0,15.0,0.6193,0.000393,-6.84,24.24
2026-09-03 11:10:00,23933.95,586.7,586.7,586.7,586.7,0,15.0,0.6214,0.000393,-6.83,24.2
2026-09-03 11:11:00,23936.4,586.7,586.7,586.7,586.7,0,15.0,0.6224,0.000392,-6.83,24.18
2026-09-03 11:12:00,23938.7,586.7,586.7,586.7,586.7,0,15.0,0.6233,0.000392,-6.82,24.17
2026-09-03 11:13:00,23931.7,586.7,586.7,586.7,586.7,0,15.0,0.6205,0.000393,-6.84,24.21
2026-09-03 11:14:00,23926.9,586.7,586.7,586.7,586.7,0,15.0,0.6187,0.000394,-6.85,24.25
2026-09-03 11:15:00,23924.8,586.7,586.7,509.8,509.8,65,14.1,0.6243,0.000417,-6.4,24.13
2026-09-03 11:16:00,23933.7,509.8,509.8,509.8,509.8,0,15.0,0.6213,0.000393,-6.83,24.2
2026-09-03 11:17:00,23936.95,509.8,509.8,509.8,509.8,0,15.0,0.6226,0.000392,-6.83,24.18
2026-09-03 11:18:00,23939.6,509.8,519.8,509.8,519.8,65,14.13,0.6303,0.000414,-6.39,24.02
2026-09-03 11:19:00,23948.9,519.8,519.8,519.8,519.8,0,15.0,0.6273,0.00039,-6.8,24.09
2026-09-03 11:20:00,23946.9,519.8,519.8,519.8,519.8,0,15.0,0.6265,0.000391,-6.81,24.1
2026-09-03 11:21:00,23948.65,519.8,523.95,519.8,523.95,65,14.06,0.6345,0.000414,-6.33,23.93
2026-09-03 11:22:00,23954.85,523.95,523.95,523.95,523.95,0,15.0,0.6296,0.00039,-6.79,24.05
2026-09-03 11:23:00,23956.4,523.95,523.95,523.95,523.95,0,15.0,0.6302,0.000389,-6.79,24.03
2026-09-03 11:24:00,23949.35,523.95,523.95,523.95,523.95,0,15.0,0.6275,0.00039,-6.8,24.09
2026-09-03 11:25:00,23952.55,523.95,523.95,523.95,523.95,0,15.0,0.6287,0.00039,-6.79,24.06
2026-09-03 11:26:00,23959.15,527.95,527.95,527.95,527.95,65,13.95,0.6399,0.000415,-6.25,23.82
2026-09-03 11:27:00,23962.8,527.95,527.95,527.95,527.95,0,15.0,0.6327,0.000388,-6.77,23.98
2026-09-03 11:28:00,23961.6,527.95,527.95,527.95,527.95,0,15.0,0.6323,0.000389,-6.77,23.99
2026-09-03 11:29:00,23964.15,527.95,527.95,527.95,527.95,0,15.0,0.6332,0.000388,-6.77,23.97
2026-09-03 11:30:00,23969.45,527.95,538.5,527.95,538.5,130,14.12,0.6426,0.000409,-6.31,23.76
2026-09-03 11:31:00,23967.45,538.5,538.5,538.5,538.5,0,15.0,0.6345,0.000388,-6.76,23.95
2026-09-03 11:32:00,23964.4,538.5,538.5,538.5,538.5,0,15.0,0.6334,0.000388,-6.77,23.97
2026-09-03 11:33:00,23964.8,538.5,538.5,538.5,538.5,0,15.0,0.6335,0.000388,-6.77,23.97
2026-09-03 11:34:00,23968.3,538.5,538.5,538.5,538.5,0,15.0,0.6349,0.000388,-6.76,23.94
2026-09-03 11:35:00,23975.6,538.5,540.0,538.5,540.0,65,14.01,0.6461,0.00041,-6.24,23.68
2026-09-03 11:36:00,23973.8,540.0,540.0,540.0,540.0,0,15.0,0.637,0.000387,-6.75,23.89
2026-09-03 11:37:00,23973.2,540.0,540.0,540.0,540.0,0,15.0,0.6368,0.000387,-6.75,23.9
2026-09-03 11:38:00,23969.1,540.0,540.0,540.0,540.0,0,15.0,0.6352,0.000387,-6.76,23.93
2026-09-03 11:39:00,23969.2,540.0,540.0,540.0,540.0,0,15.0,0.6352,0.000387,-6.76,23.93
2026-09-03 11:40:00,23972.8,540.0,540.0,540.0,540.0,0,15.0,0.6366,0.000387,-6.75,23.9
2026-09-03 11:41:00,23962.35,540.0,540.0,540.0,540.0,0,15.0,0.6326,0.000389,-6.77,23.98
2026-09-03 11:42:00,23964.25,530.15,530.15,530.15,530.15,65,13.91,0.6424,0.000415,-6.22,23.76
2026-09-03 11:43:00,23963.15,530.15,530.15,530.15,530.15,0,15.0,0.6329,0.000388,-6.77,23.98
2026-09-03 11:44:00,23965.25,530.15,530.15,530.15,530.15,0,15.0,0.6337,0.000388,-6.77,23.96
2026-09-03 11:45:00,23972.35,530.15,530.15,530.15,530.15,0,15.0,0.6365,0.000387,-6.75,23.9
2026-09-03 11:46:00,23962.9,530.15,530.15,530.15,530.15,0,15.0,0.6328,0.000388,-6.77,23.98
2026-09-03 11:47:00,23958.05,530.15,530.15,530.15,530.15,0,15.0,0.6309,0.000389,-6.78,24.01
2026-09-03 11:48:00,23968.9,530.15,530.15,530.15,530.15,0,15.0,0.6351,0.000388,-6.76,23.93
2026-09-03 11:49:00,23964.4,530.15,530.15,530.15,530.15,0,15.0,0.6334,0.000388,-6.77,23.96
2026-09-03 11:50:00,23963.4,530.15,530.15,530.15,530.15,0,15.0,0.633,0.000388,-6.77,23.97
2026-09-03 11:51:00,23958.85,530.15,530.15,530.15,530.15,0,15.0,0.6312,0.000389,-6.78,24.01
2026-09-03 11:52:00,23967.2,530.15,530.15,530.15,530.15,0,15.0,0.6345,0.000388,-6.76,23.94
2026-09-03 11:53:00,23956.25,530.15,530.15,530.15,530.15,0,15.0,0.6302,0.00039,-6.79,24.02
2026-09-03 11:54:00,23958.9,530.15,530.15,530.15,530.15,0,15.0,0.6312,0.000389,-6.78,24.0
2026-09-03 11:55:00,23953.8,530.15,530.15,530.15,530.15,0,15.0,0.6293,0.00039,-6.79,24.04
2026-09-03 11:56:00,23956.1,530.15,530.15,530.15,530.15,0,15.0,0.6302,0.00039,-6.79,24.02
2026-09-03 11:57:00,23958.45,530.15,530.15,530.15,530.15,0,15.0,0.6311,0.000389,-6.78,24.01
2026-09-03 11:58:00,23956.65,530.15,530.15,530.15,530.15,0,15.0,0.6304,0.000389,-6.79,24.02
2026-09-03 11:59:00,23956.75,530.15,530.15,530.15,530.15,0,15.0,0.6304,0.000389,-6.79,24.02
2026-09-03 12:00:00,23955.8,530.15,530.15,530.15,530.15,0,15.0,0.6301,0.00039,-6.79,24.02
2026-09-03 12:01:00,23940.75,530.15,530.15,530.15,530.15,0,15.0,0.6242,0.000392,-6.82,24.13
2026-09-03 12:02:00,23942.5,530.15,530.15,530.15,530.15,0,15.0,0.6249,0.000392,-6.82,24.12
2026-09-03 12:03:00,23936.8,530.15,530.15,530.15,530.15,0,15.0,0.6226,0.000392,-6.83,24.16
2026-09-03 12:04:00,23937.65,530.15,530.15,530.15,530.15,0,15.0,0.623,0.000392,-6.83,24.16
2026-09-03 12:05:00,23936.3,530.15,530.15,530.15,530.15,0,15.0,0.6224,0.000393,-6.83,24.16
2026-09-03 12:06:00,23933.55,530.15,530.15,530.15,530.15,0,15.0,0.6214,0.000393,-6.84,24.18
2026-09-03 12:07:00,23932.2,530.15,530.15,530.15,530.15,0,15.0,0.6208,0.000393,-6.84,24.19
2026-09-03 12:08:00,23936.6,530.15,530.15,530.15,530.15,0,15.0,0.6226,0.000393,-6.83,24.16
2026-09-03 12:09:00,23928.85,530.15,530.15,530.15,530.15,0,15.0,0.6195,0.000394,-6.85,24.22
2026-09-03 12:10:00,23936.9,530.15,530.15,530.15,530.15,0,15.0,0.6227,0.000393,-6.83,24.16
2026-09-03 12:11:00,23931.05,530.15,530.15,530.15,530.15,0,15.0,0.6204,0.000393,-6.84,24.2
2026-09-03 12:12:00,23931.55,530.15,530.15,530.15,530.15,0,15.0,0.6206,0.000393,-6.84,24.2
2026-09-03 12:13:00,23936.0,530.15,530.15,530.15,530.15,0,15.0,0.6223,0.000393,-6.83,24.16
2026-09-03 12:14:00,23935.95,530.15,530.15,530.15,530.15,0,15.0,0.6223,0.000393,-6.83,24.16
2026-09-03 12:15:00,23932.7,530.15,530.15,530.15,530.15,0,15.0,0.621,0.000393,-6.84,24.19
2026-09-03 12:16:00,23929.45,530.15,530.15,530.15,530.15,0,15.0,0.6198,0.000394,-6.85,24.21
2026-09-03 12:17:00,23923.3,530.15,530.15,530.15,530.15,0,15.0,0.6173,0.000395,-6.86,24.25
2026-09-03 12:18:00,23917.35,530.15,530.15,530.15,530.15,0,15.0,0.615,0.000395,-6.87,24.29
2026-09-03 12:19:00,23918.05,530.15,530.15,530.15,530.15,0,15.0,0.6153,0.000395,-6.87,24.28
2026-09-03 12:20:00,23921.25,530.15,530.15,530.15,530.15,0,15.0,0.6165,0.000395,-6.87,24.26
2026-09-03 12:21:00,23919.3,530.15,530.15,530.15,530.15,0,15.0,0.6158,0.000395,-6.87,24.28
2026-09-03 12:22:00,23913.35,530.15,530.15,530.15,530.15,0,15.0,0.6134,0.000396,-6.88,24.31
2026-09-03 12:23:00,23910.3,530.15,530.15,530.15,530.15,0,15.0,0.6122,0.000396,-6.89,24.33
2026-09-03 12:24:00,23906.15,530.15,530.15,530.15,530.15,0,15.0,0.6106,0.000397,-6.9,24.36
2026-09-03 12:25:00,23910.45,530.15,530.15,530.15,530.15,0,15.0,0.6123,0.000396,-6.89,24.33
2026-09-03 12:26:00,23913.4,500.0,500.0,500.0,500.0,65,14.0,0.6204,0.000422,-6.38,24.18
2026-09-03 12:27:00,23907.95,500.0,500.0,500.0,500.0,0,15.0,0.6113,0.000397,-6.89,24.35
2026-09-03 12:28:00,23912.2,500.0,502.0,500.0,502.0,65,14.11,0.6191,0.000419,-6.44,24.2
2026-09-03 12:29:00,23907.75,502.0,502.0,502.0,502.0,0,15.0,0.6112,0.000397,-6.89,24.35
2026-09-03 12:30:00,23910.9,502.0,502.0,502.0,502.0,0,15.0,0.6124,0.000396,-6.89,24.33
2026-09-03 12:31:00,23914.05,502.0,502.0,502.0,502.0,0,15.0,0.6137,0.000396,-6.88,24.31
2026-09-03 12:32:00,23911.4,502.0,502.0,502.0,502.0,0,15.0,0.6126,0.000396,-6.89,24.32
2026-09-03 12:33:00,23908.85,502.0,502.0,502.0,502.0,0,15.0,0.6116,0.000397,-6.89,24.34
2026-09-03 12:34:00,23909.75,502.0,502.0,502.0,502.0,0,15.0,0.612,0.000396,-6.89,24.33
2026-09-03 12:35:00,23906.5,502.0,502.0,502.0,502.0,0,15.0,0.6107,0.000397,-6.9,24.35
2026-09-03 12:36:00,23906.0,502.0,502.0,502.0,502.0,0,15.0,0.6105,0.000397,-6.9,24.36
2026-09-03 12:37:00,23907.0,502.0,502.0,502.0,502.0,0,15.0,0.6109,0.000397,-6.9,24.35
2026-09-03 12:38:00,23917.8,502.0,502.0,502.0,502.0,0,15.0,0.6152,0.000395,-6.87,24.28
2026-09-03 12:39:00,23915.2,502.0,502.0,502.0,502.0,0,15.0,0.6142,0.000396,-6.88,24.3
2026-09-03 12:40:00,23914.6,502.0,502.0,502.0,502.0,0,15.0,0.6139,0.000396,-6.88,24.3
2026-09-03 12:41:00,23912.15,502.0,502.0,502.0,502.0,0,15.0,0.613,0.000396,-6.89,24.32
2026-09-03 12:42:00,23904.4,502.0,502.0,502.0,502.0,0,15.0,0.6099,0.000397,-6.9,24.36
2026-09-03 12:43:00,23908.35,502.0,502.0,502.0,502.0,0,15.0,0.6115,0.000397,-6.89,24.34
2026-09-03 12:44:00,23909.05,502.0,502.0,502.0,502.0,0,15.0,0.6117,0.000397,-6.89,24.33
2026-09-03 12:45:00,23910.55,502.0,502.0,502.0,502.0,0,15.0,0.6123,0.000396,-6.89,24.32
2026-09-03 12:46:00,23910.65,502.0,502.0,502.0,502.0,0,15.0,0.6124,0.000396,-6.89,24.32
2026-09-03 12:47:00,23911.95,502.0,502.0,502.0,502.0,0,15.0,0.6129,0.000396,-6.89,24.31
2026-09-03 12:48:00,23912.25,502.0,502.0,502.0,502.0,0,15.0,0.613,0.000396,-6.89,24.31
2026-09-03 12:49:00,23909.75,502.0,502.0,502.0,502.0,0,15.0,0.612,0.000397,-6.89,24.33
2026-09-03 12:50:00,23916.5,502.0,502.0,502.0,502.0,0,15.0,0.6147,0.000396,-6.88,24.28
2026-09-03 12:51:00,23916.5,502.0,502.0,502.0,502.0,0,15.0,0.6147,0.000396,-6.88,24.28
2026-09-03 12:52:00,23922.95,502.0,502.0,502.0,502.0,0,15.0,0.6172,0.000395,-6.86,24.24
2026-09-03 12:53:00,23923.55,502.0,502.0,502.0,502.0,0,15.0,0.6175,0.000395,-6.86,24.24
2026-09-03 12:54:00,23923.75,502.0,502.0,502.0,502.0,0,15.0,0.6176,0.000395,-6.86,24.23
2026-09-03 12:55:00,23921.6,502.0,502.0,502.0,502.0,0,15.0,0.6167,0.000395,-6.87,24.25
2026-09-03 12:56:00,23918.05,502.0,502.0,502.0,502.0,0,15.0,0.6153,0.000395,-6.88,24.27
2026-09-03 12:57:00,23925.5,502.0,502.0,502.0,502.0,0,15.0,0.6183,0.000394,-6.86,24.22
2026-09-03 12:58:00,23923.0,502.0,502.0,502.0,502.0,0,15.0,0.6173,0.000395,-6.87,24.24
2026-09-03 12:59:00,23920.3,502.0,502.0,502.0,502.0,0,15.0,0.6162,0.000395,-6.87,24.26
2026-09-03 13:00:00,23918.05,502.0,502.0,502.0,502.0,0,15.0,0.6153,0.000395,-6.88,24.27
2026-09-03 13:01:00,23915.35,502.0,502.0,502.0,502.0,0,15.0,0.6143,0.000396,-6.88,24.29
2026-09-03 13:02:00,23915.45,502.0,502.0,502.0,502.0,0,15.0,0.6143,0.000396,-6.88,24.29
2026-09-03 13:03:00,23917.65,502.0,502.0,502.0,502.0,0,15.0,0.6152,0.000396,-6.88,24.27
2026-09-03 13:04:00,23920.05,502.0,502.0,502.0,502.0,0,15.0,0.6161,0.000395,-6.87,24.26
2026-09-03 13:05:00,23923.7,502.0,502.0,502.0,502.0,0,15.0,0.6176,0.000395,-6.86,24.23
2026-09-03 13:06:00,23924.3,502.0,502.0,502.0,502.0,0,15.0,0.6178,0.000395,-6.86,24.23
2026-09-03 13:07:00,23920.2,502.0,502.0,502.0,502.0,0,15.0,0.6162,0.000395,-6.87,24.25
2026-09-03 13:08:00,23920.9,502.0,502.0,502.0,502.0,0,15.0,0.6165,0.000395,-6.87,24.25
2026-09-03 13:09:00,23923.75,502.0,502.0,502.0,502.0,0,15.0,0.6176,0.000395,-6.86,24.23
2026-09-03 13:10:00,23924.95,502.0,502.0,502.0,502.0,0,15.0,0.6181,0.000395,-6.86,24.22
2026-09-03 13:11:00,23932.15,502.0,502.0,502.0,502.0,0,15.0,0.6209,0.000394,-6.85,24.17
2026-09-03 13:12:00,23932.75,502.0,502.0,502.0,502.0,0,15.0,0.6211,0.000393,-6.85,24.17
2026-09-03 13:13:00,23928.2,502.0,502.0,502.0,502.0,0,15.0,0.6193,0.000394,-6.86,24.2
2026-09-03 13:14:00,23926.0,502.0,502.0,502.0,502.0,0,15.0,0.6185,0.000394,-6.86,24.21
2026-09-03 13:15:00,23926.95,502.0,502.0,502.0,502.0,0,15.0,0.6189,0.000394,-6.86,24.21
2026-09-03 13:16:00,23927.0,502.0,502.0,502.0,502.0,0,15.0,0.6189,0.000394,-6.86,24.2
2026-09-03 13:17:00,23930.5,502.0,502.0,502.0,502.0,0,15.0,0.6203,0.000394,-6.85,24.18
2026-09-03 13:18:00,23932.0,502.0,502.0,502.0,502.0,0,15.0,0.6208,0.000394,-6.85,24.17
2026-09-03 13:19:00,23930.3,502.0,502.0,502.0,502.0,0,15.0,0.6202,0.000394,-6.85,24.18
2026-09-03 13:20:00,23926.8,502.0,502.0,502.0,502.0,0,15.0,0.6188,0.000394,-6.86,24.2
2026-09-03 13:21:00,23926.0,502.0,502.0,502.0,502.0,0,15.0,0.6185,0.000394,-6.86,24.21
2026-09-03 13:22:00,23923.45,502.0,502.0,502.0,502.0,0,15.0,0.6175,0.000395,-6.87,24.23
2026-09-03 13:23:00,23921.9,502.0,502.0,502.0,502.0,0,15.0,0.6169,0.000395,-6.87,24.24
2026-09-03 13:24:00,23911.0,502.0,502.0,502.0,502.0,0,15.0,0.6126,0.000397,-6.89,24.31
2026-09-03 13:25:00,23900.3,502.0,502.0,502.0,502.0,0,15.0,0.6083,0.000398,-6.91,24.37
2026-09-03 13:26:00,23908.75,502.0,502.0,502.0,502.0,0,15.0,0.6117,0.000397,-6.9,24.32
2026-09-03 13:27:00,23912.8,502.0,502.0,502.0,502.0,0,15.0,0.6133,0.000396,-6.89,24.3
2026-09-03 13:28:00,23913.0,502.0,502.0,502.0,502.0,0,15.0,0.6134,0.000396,-6.89,24.29
2026-09-03 13:29:00,23910.05,502.0,502.0,502.0,502.0,0,15.0,0.6122,0.000397,-6.89,24.31
2026-09-03 13:30:00,23916.15,502.0,502.0,502.0,502.0,0,15.0,0.6146,0.000396,-6.88,24.27
2026-09-03 13:31:00,23919.8,502.0,502.0,502.0,502.0,0,15.0,0.6161,0.000395,-6.87,24.25
2026-09-03 13:32:00,23916.0,502.0,502.0,502.0,502.0,0,15.0,0.6146,0.000396,-6.88,24.27
2026-09-03 13:33:00,23933.75,502.0,502.0,502.0,502.0,0,15.0,0.6216,0.000393,-6.85,24.15
2026-09-03 13:34:00,23930.15,502.0,502.0,502.0,502.0,0,15.0,0.6201,0.000394,-6.85,24.18
2026-09-03 13:35:00,23933.65,502.0,502.0,502.0,502.0,0,15.0,0.6215,0.000393,-6.85,24.15
2026-09-03 13:36:00,23926.5,502.0,502.0,502.0,502.0,0,15.0,0.6187,0.000394,-6.86,24.2
2026-09-03 13:37:00,23920.9,502.0,502.0,502.0,502.0,0,15.0,0.6165,0.000395,-6.87,24.24
2026-09-03 13:38:00,23921.1,502.0,502.0,502.0,502.0,0,15.0,0.6166,0.000395,-6.87,24.24
2026-09-03 13:39:00,23910.75,502.0,502.0,502.0,502.0,0,15.0,0.6125,0.000397,-6.89,24.3
2026-09-03 13:40:00,23911.7,502.0,502.0,502.0,502.0,0,15.0,0.6129,0.000397,-6.89,24.3
2026-09-03 13:41:00,23906.0,502.0,502.0,502.0,502.0,0,15.0,0.6106,0.000397,-6.9,24.33
2026-09-03 13:42:00,23907.35,502.0,502.0,502.0,502.0,0,15.0,0.6111,0.000397,-6.9,24.32
2026-09-03 13:43:00,23906.0,502.0,502.0,502.0,502.0,0,15.0,0.6106,0.000397,-6.9,24.33
2026-09-03 13:44:00,23907.35,502.0,502.0,502.0,502.0,0,15.0,0.6111,0.000397,-6.9,24.32
2026-09-03 13:45:00,23901.1,502.0,502.0,502.0,502.0,0,15.0,0.6087,0.000398,-6.91,24.36
2026-09-03 13:46:00,23900.8,502.0,502.0,502.0,502.0,0,15.0,0.6085,0.000398,-6.91,24.36
2026-09-03 13:47:00,23896.65,502.0,502.0,502.0,502.0,0,15.0,0.6069,0.000399,-6.92,24.39
2026-09-03 13:48:00,23903.4,502.0,502.0,502.0,502.0,0,15.0,0.6096,0.000398,-6.91,24.35
2026-09-03 13:49:00,23912.6,502.0,502.0,502.0,502.0,0,15.0,0.6132,0.000396,-6.89,24.29
2026-09-03 13:50:00,23914.1,502.0,502.0,502.0,502.0,0,15.0,0.6138,0.000396,-6.89,24.28
2026-09-03 13:51:00,23913.1,502.0,502.0,502.0,502.0,0,15.0,0.6134,0.000396,-6.89,24.28
2026-09-03 13:52:00,23906.3,502.0,502.0,502.0,502.0,0,15.0,0.6107,0.000397,-6.9,24.33
2026-09-03 13:53:00,23904.3,502.0,502.0,502.0,502.0,0,15.0,0.6099,0.000398,-6.91,24.34
2026-09-03 13:54:00,23906.05,502.0,502.0,502.0,502.0,0,15.0,0.6106,0.000397,-6.9,24.33
2026-09-03 13:55:00,23903.1,502.0,502.0,502.0,502.0,0,15.0,0.6095,0.000398,-6.91,24.35
2026-09-03 13:56:00,23906.1,502.0,502.0,502.0,502.0,0,15.0,0.6107,0.000397,-6.9,24.33
2026-09-03 13:57:00,23912.55,502.0,502.0,502.0,502.0,0,15.0,0.6132,0.000397,-6.89,24.29
2026-09-03 13:58:00,23919.7,502.0,502.0,502.0,502.0,0,15.0,0.6161,0.000396,-6.88,24.24
2026-09-03 13:59:00,23918.15,502.0,502.0,502.0,502.0,0,15.0,0.6154,0.000396,-6.88,24.25
2026-09-03 14:00:00,23919.55,502.0,502.0,502.0,502.0,0,15.0,0.616,0.000396,-6.88,24.24
2026-09-03 14:01:00,23911.0,502.0,502.0,502.0,502.0,0,15.0,0.6126,0.000397,-6.89,24.3
2026-09-03 14:02:00,23906.0,502.0,502.0,502.0,502.0,0,15.0,0.6106,0.000397,-6.9,24.33
2026-09-03 14:03:00,23919.85,502.0,502.0,502.0,502.0,0,15.0,0.6161,0.000396,-6.88,24.24
2026-09-03 14:04:00,23911.65,502.0,502.0,502.0,502.0,0,15.0,0.6129,0.000397,-6.89,24.29
2026-09-03 14:05:00,23911.2,502.0,502.0,502.0,502.0,0,15.0,0.6127,0.000397,-6.89,24.29
2026-09-03 14:06:00,23912.2,502.0,502.0,502.0,502.0,0,15.0,0.6131,0.000397,-6.89,24.29
2026-09-03 14:07:00,23908.8,502.0,502.0,502.0,502.0,0,15.0,0.6117,0.000397,-6.9,24.31
2026-09-03 14:08:00,23914.3,502.0,502.0,502.0,502.0,0,15.0,0.6139,0.000396,-6.89,24.27
2026-09-03 14:09:00,23912.45,502.0,502.0,502.0,502.0,0,15.0,0.6132,0.000397,-6.89,24.28
2026-09-03 14:10:00,23912.85,502.0,502.0,502.0,502.0,0,15.0,0.6134,0.000397,-6.89,24.28
2026-09-03 14:11:00,23913.6,502.0,502.0,502.0,502.0,0,15.0,0.6137,0.000396,-6.89,24.27
2026-09-03 14:12:00,23912.95,502.0,502.0,502.0,502.0,0,15.0,0.6134,0.000397,-6.89,24.28
2026-09-03 14:13:00,23915.55,502.0,502.0,502.0,502.0,0,15.0,0.6144,0.000396,-6.89,24.26
2026-09-03 14:14:00,23913.3,502.0,502.0,502.0,502.0,0,15.0,0.6135,0.000396,-6.89,24.28
2026-09-03 14:15:00,23907.7,502.0,502.0,502.0,502.0,0,15.0,0.6113,0.000397,-6.9,24.31
2026-09-03 14:16:00,23910.6,502.0,502.0,502.0,502.0,0,15.0,0.6125,0.000397,-6.9,24.29
2026-09-03 14:17:00,23913.8,502.0,502.0,502.0,502.0,0,15.0,0.6137,0.000396,-6.89,24.27
2026-09-03 14:18:00,23907.85,502.0,502.0,502.0,502.0,0,15.0,0.6114,0.000397,-6.9,24.31
2026-09-03 14:19:00,23912.65,502.0,502.0,502.0,502.0,0,15.0,0.6133,0.000397,-6.89,24.28
2026-09-03 14:20:00,23921.8,502.0,502.0,502.0,502.0,0,15.0,0.6169,0.000395,-6.87,24.22
2026-09-03 14:21:00,23918.85,502.0,502.0,502.0,502.0,0,15.0,0.6157,0.000396,-6.88,24.24
2026-09-03 14:22:00,23910.1,502.0,502.0,502.0,502.0,0,15.0,0.6123,0.000397,-6.9,24.29
2026-09-03 14:23:00,23912.5,502.0,502.0,502.0,502.0,0,15.0,0.6132,0.000397,-6.89,24.28
2026-09-03 14:24:00,23913.9,502.0,502.0,502.0,502.0,0,15.0,0.6138,0.000396,-6.89,24.27
2026-09-03 14:25:00,23916.1,502.0,502.0,502.0,502.0,0,15.0,0.6147,0.000396,-6.89,24.25
2026-09-03 14:26:00,23916.7,502.0,502.0,502.0,502.0,0,15.0,0.6149,0.000396,-6.89,24.25
2026-09-03 14:27:00,23917.8,502.0,502.0,502.0,502.0,0,15.0,0.6153,0.000396,-6.88,24.24
2026-09-03 14:28:00,23924.2,502.0,502.0,502.0,502.0,0,15.0,0.6179,0.000395,-6.87,24.2
2026-09-03 14:29:00,23921.85,502.0,502.0,502.0,502.0,0,15.0,0.6169,0.000395,-6.88,24.21
2026-09-03 14:30:00,23915.1,502.0,502.0,502.0,502.0,0,15.0,0.6143,0.000396,-6.89,24.26
2026-09-03 14:31:00,23917.6,502.0,502.0,502.0,502.0,0,15.0,0.6153,0.000396,-6.88,24.24
2026-09-03 14:32:00,23915.15,502.0,502.0,502.0,502.0,0,15.0,0.6143,0.000396,-6.89,24.26
2026-09-03 14:33:00,23918.0,502.0,502.0,502.0,502.0,0,15.0,0.6154,0.000396,-6.88,24.24
2026-09-03 14:34:00,23920.35,502.0,502.0,502.0,502.0,0,15.0,0.6164,0.000396,-6.88,24.22
2026-09-03 14:35:00,23914.25,502.0,502.0,502.0,502.0,0,15.0,0.6139,0.000396,-6.89,24.26
2026-09-03 14:36:00,23914.4,502.0,502.0,502.0,502.0,0,15.0,0.614,0.000396,-6.89,24.26
2026-09-03 14:37:00,23912.1,502.0,502.0,502.0,502.0,0,15.0,0.6131,0.000397,-6.9,24.28
2026-09-03 14:38:00,23910.55,502.0,502.0,502.0,502.0,0,15.0,0.6125,0.000397,-6.9,24.29
2026-09-03 14:39:00,23911.5,502.0,502.0,502.0,502.0,0,15.0,0.6129,0.000397,-6.9,24.28
2026-09-03 14:40:00,23906.7,502.0,502.0,502.0,502.0,0,15.0,0.611,0.000398,-6.91,24.31
2026-09-03 14:41:00,23907.75,502.0,502.0,502.0,502.0,0,15.0,0.6114,0.000397,-6.9,24.3
2026-09-03 14:42:00,23907.6,502.0,502.0,502.0,502.0,0,15.0,0.6113,0.000397,-6.91,24.3
2026-09-03 14:43:00,23905.25,502.0,502.0,502.0,502.0,0,15.0,0.6104,0.000398,-6.91,24.32
2026-09-03 14:44:00,23908.2,502.0,502.0,502.0,502.0,0,15.0,0.6116,0.000397,-6.9,24.3
2026-09-03 14:45:00,23910.45,502.0,502.0,502.0,502.0,0,15.0,0.6125,0.000397,-6.9,24.28
2026-09-03 14:46:00,23903.0,502.0,502.0,502.0,502.0,0,15.0,0.6095,0.000398,-6.91,24.33
2026-09-03 14:47:00,23906.6,502.0,502.0,502.0,502.0,0,15.0,0.6109,0.000398,-6.91,24.31
2026-09-03 14:48:00,23906.15,502.0,502.0,502.0,502.0,0,15.0,0.6107,0.000398,-6.91,24.31
2026-09-03 14:49:00,23908.35,502.0,502.0,502.0,502.0,0,15.0,0.6116,0.000397,-6.9,24.3
2026-09-03 14:50:00,23914.05,502.0,502.0,502.0,502.0,0,15.0,0.6139,0.000397,-6.89,24.26
2026-09-03 14:51:00,23908.25,502.0,502.0,502.0,502.0,0,15.0,0.6116,0.000397,-6.9,24.3
2026-09-03 14:52:00,23910.1,502.0,502.0,502.0,502.0,0,15.0,0.6123,0.000397,-6.9,24.28
2026-09-03 14:53:00,23911.9,502.0,502.0,502.0,502.0,0,15.0,0.613,0.000397,-6.9,24.27
2026-09-03 14:54:00,23908.75,502.0,502.0,502.0,502.0,0,15.0,0.6118,0.000397,-6.9,24.29
2026-09-03 14:55:00,23906.45,502.0,502.0,502.0,502.0,0,15.0,0.6109,0.000398,-6.91,24.31
2026-09-03 14:56:00,23903.25,502.0,502.0,502.0,502.0,0,15.0,0.6096,0.000398,-6.91,24.33
2026-09-03 14:57:00,23902.5,502.0,502.0,502.0,502.0,0,15.0,0.6093,0.000398,-6.92,24.33
2026-09-03 14:58:00,23898.3,502.0,502.0,502.0,502.0,0,15.0,0.6076,0.000399,-6.92,24.36
2026-09-03 14:59:00,23897.35,502.0,502.0,502.0,502.0,0,15.0,0.6073,0.000399,-6.93,24.36
2026-09-03 15:00:00,23895.0,502.0,502.0,502.0,502.0,0,15.0,0.6063,0.000399,-6.93,24.37
2026-09-03 15:01:00,23901.05,502.0,502.0,502.0,502.0,0,15.0,0.6087,0.000398,-6.92,24.34
2026-09-03 15:02:00,23898.0,502.0,502.0,502.0,502.0,0,15.0,0.6075,0.000399,-6.93,24.36
2026-09-03 15:03:00,23894.5,502.0,502.0,502.0,502.0,0,15.0,0.6061,0.000399,-6.93,24.38
2026-09-03 15:04:00,23889.8,502.0,502.0,502.0,502.0,0,15.0,0.6042,0.0004,-6.94,24.4
2026-09-03 15:05:00,23887.1,502.0,502.0,502.0,502.0,0,15.0,0.6032,0.0004,-6.95,24.42
2026-09-03 15:06:00,23879.8,502.0,502.0,502.0,502.0,0,15.0,0.6002,0.000401,-6.96,24.46
2026-09-03 15:07:00,23882.7,502.0,502.0,502.0,502.0,0,15.0,0.6014,0.000401,-6.95,24.44
2026-09-03 15:08:00,23880.55,502.0,502.0,502.0,502.0,0,15.0,0.6005,0.000401,-6.96,24.46
2026-09-03 15:09:00,23887.5,502.0,502.0,502.0,502.0,0,15.0,0.6033,0.0004,-6.95,24.42
2026-09-03 15:10:00,23897.2,502.0,502.0,490.95,490.95,65,14.07,0.6133,0.000423,-6.46,24.25
2026-09-03 15:11:00,23895.05,490.95,490.95,490.95,490.95,0,15.0,0.6064,0.000399,-6.93,24.37
2026-09-03 15:12:00,23890.7,490.95,490.95,490.95,490.95,0,15.0,0.6046,0.0004,-6.94,24.4
2026-09-03 15:13:00,23903.8,490.95,490.95,490.95,490.95,0,15.0,0.6098,0.000398,-6.92,24.32
2026-09-03 15:14:00,23903.9,490.95,490.95,490.95,490.95,0,15.0,0.6099,0.000398,-6.92,24.31
2026-09-03 15:15:00,23904.1,490.95,490.95,490.95,490.95,0,15.0,0.61,0.000398,-6.91,24.31
2026-09-03 15:16:00,23904.1,490.95,490.95,490.95,490.95,0,15.0,0.61,0.000398,-6.92,24.31
2026-09-03 15:17:00,23904.1,490.95,490.95,490.95,490.95,0,15.0,0.61,0.000398,-6.92,24.31
2026-09-03 15:18:00,23904.1,490.95,490.95,490.95,490.95,0,15.0,0.61,0.000398,-6.92,24.31
2026-09-03 15:19:00,23904.1,490.95,490.95,490.95,490.95,0,15.0,0.61,0.000398,-6.92,24.31
2026-09-03 15:20:00,23904.1,490.95,490.95,490.95,490.95,0,15.0,0.61,0.000398,-6.92,24.31
2026-09-03 15:21:00,23904.1,490.95,490.95,490.95,490.95,0,15.0,0.61,0.000398,-6.92,24.31
2026-09-03 15:22:00,23904.1,490.95,490.95,490.95,490.95,0,15.0,0.61,0.000398,-6.92,24.31
2026-09-03 15:23:00,23904.1,490.95,490.95,490.95,490.95,0,15.0,0.61,0.000398,-6.92,24.31
2026-09-03 15:24:00,23904.1,490.95,490.95,490.95,490.95,0,15.0,0.61,0.000398,-6.92,24.31
2026-09-03 15:25:00,23904.1,490.95,490.95,490.95,490.95,0,15.0,0.61,0.000398,-6.92,24.31
2026-09-03 15:26:00,23904.1,490.95,490.95,490.95,490.95,0,15.0,0.61,0.000398,-6.92,24.31
2026-09-03 15:27:00,23904.1,490.95,490.95,490.95,490.95,0,15.0,0.61,0.000398,-6.92,24.31
2026-09-03 15:28:00,23873.45,490.95,490.95,490.95,490.95,0,15.0,0.5977,0.000402,-6.97,24.49
2026-09-03 15:29:00,23873.45,490.95,490.95,490.95,490.95,0,15.0,0.5977,0.000402,-6.97,24.49
2026-09-04 09:17:00,23922.3,498.25,498.25,498.2,498.2,585,13.92,0.6267,0.000429,-6.43,23.66
2026-09-04 09:18:00,23928.4,498.2,498.2,498.2,498.2,0,15.0,0.6212,0.0004,-6.96,23.78
2026-09-04 09:19:00,23927.2,498.2,503.0,498.2,503.0,65,14.0,0.6282,0.000426,-6.45,23.63
2026-09-04 09:20:00,23923.9,503.0,505.55,503.0,505.55,260,14.19,0.6253,0.000421,-6.56,23.69
2026-09-04 09:21:00,23916.35,505.55,505.55,502.25,502.25,325,14.25,0.6217,0.000421,-6.61,23.75
2026-09-04 09:22:00,23912.05,502.25,502.25,502.25,502.25,0,15.0,0.6147,0.000402,-7.0,23.88
2026-09-04 09:23:00,23916.05,502.25,502.25,502.25,502.25,0,15.0,0.6163,0.000402,-6.99,23.86
2026-09-04 09:24:00,23915.3,502.25,502.25,502.25,502.25,0,15.0,0.616,0.000402,-6.99,23.86
2026-09-04 09:25:00,23920.35,502.25,502.25,502.25,502.25,0,15.0,0.618,0.000401,-6.98,23.83
2026-09-04 09:26:00,23913.35,502.25,505.75,502.25,505.75,65,14.48,0.6188,0.000416,-6.73,23.81
2026-09-04 09:27:00,23903.25,505.75,505.75,505.75,505.75,0,15.0,0.6111,0.000404,-7.02,23.94
2026-09-04 09:28:00,23907.7,505.75,505.75,505.75,505.75,0,15.0,0.6129,0.000403,-7.01,23.91
2026-09-04 09:29:00,23908.35,505.75,505.75,502.15,502.15,65,14.46,0.6168,0.000417,-6.73,23.84
2026-09-04 09:30:00,23905.6,502.15,504.0,502.15,504.0,650,14.61,0.6147,0.000413,-6.81,23.88
2026-09-04 09:31:00,23899.6,504.0,504.0,493.0,493.0,650,14.3,0.6143,0.000423,-6.67,23.88
2026-09-04 09:32:00,23899.95,491.9,498.9,491.9,498.9,780,14.54,0.6128,0.000416,-6.79,23.9
2026-09-04 09:33:00,23905.4,498.9,498.9,498.9,498.9,0,15.0,0.612,0.000403,-7.01,23.92
2026-09-04 09:34:00,23907.2,498.9,498.9,498.9,498.9,0,15.0,0.6127,0.000403,-7.01,23.91
2026-09-04 09:35:00,23901.4,498.9,498.9,498.9,498.9,0,15.0,0.6104,0.000404,-7.02,23.95
2026-09-04 09:36:00,23900.1,498.9,498.9,498.9,498.9,0,15.0,0.6099,0.000404,-7.02,23.96
2026-09-04 09:37:00,23904.1,498.9,499.0,498.9,499.0,65,14.44,0.6152,0.000418,-6.73,23.86
2026-09-04 09:38:00,23900.1,499.0,499.0,499.0,499.0,0,15.0,0.6099,0.000404,-7.02,23.96
2026-09-04 09:39:00,23904.0,499.0,499.0,499.0,499.0,0,15.0,0.6114,0.000404,-7.02,23.93
2026-09-04 09:40:00,23911.85,499.0,499.0,499.0,499.0,0,15.0,0.6146,0.000403,-7.0,23.88
2026-09-04 09:41:00,23906.05,499.0,499.0,499.0,499.0,65,14.39,0.6164,0.000419,-6.7,23.84
2026-09-04 09:42:00,23904.7,499.0,499.0,499.0,499.0,0,15.0,0.6117,0.000404,-7.01,23.93
2026-09-04 09:43:00,23908.5,499.0,499.0,499.0,499.0,0,15.0,0.6133,0.000403,-7.01,23.9
2026-09-04 09:44:00,23910.55,499.0,499.0,499.0,499.0,0,15.0,0.6141,0.000403,-7.0,23.89
2026-09-04 09:45:00,23924.75,499.0,499.0,499.0,499.0,0,15.0,0.6198,0.000401,-6.97,23.79
2026-09-04 09:46:00,23925.85,499.0,513.0,499.0,513.0,65,14.46,0.6241,0.000414,-6.7,23.71
2026-09-04 09:47:00,23924.45,513.0,513.0,513.0,513.0,0,15.0,0.6197,0.000401,-6.97,23.79
2026-09-04 09:48:00,23922.9,513.0,513.0,513.0,513.0,0,15.0,0.6191,0.000401,-6.98,23.8
2026-09-04 09:49:00,23925.45,513.0,513.0,513.0,513.0,0,15.0,0.6201,0.000401,-6.97,23.78
2026-09-04 09:50:00,23930.55,513.0,513.0,513.0,513.0,0,15.0,0.6221,0.0004,-6.96,23.75
2026-09-04 09:51:00,23936.8,513.0,513.0,513.0,513.0,0,15.0,0.6246,0.000399,-6.95,23.7
2026-09-04 09:52:00,23943.4,513.0,519.5,513.0,519.5,65,14.27,0.6329,0.000416,-6.56,23.54
2026-09-04 09:53:00,23945.6,519.5,519.5,519.5,519.5,65,14.21,0.6343,0.000417,-6.52,23.51
2026-09-04 09:54:00,23945.15,519.5,519.5,519.5,519.5,0,15.0,0.6279,0.000398,-6.93,23.64
2026-09-04 09:55:00,23948.65,519.5,519.5,519.5,519.5,0,15.0,0.6293,0.000397,-6.92,23.62
2026-09-04 09:56:00,23948.75,519.5,519.5,519.5,519.5,0,15.0,0.6294,0.000397,-6.92,23.61
2026-09-04 09:57:00,23950.0,519.5,519.5,519.5,519.5,0,15.0,0.6299,0.000397,-6.92,23.61
2026-09-04 09:58:00,23952.05,519.5,525.0,519.5,525.0,65,14.27,0.6365,0.000415,-6.54,23.46
2026-09-04 09:59:00,23948.4,525.0,525.0,525.0,525.0,0,15.0,0.6292,0.000397,-6.92,23.62
2026-09-04 10:00:00,23952.4,525.0,525.0,525.0,525.0,0,15.0,0.6308,0.000397,-6.91,23.59
2026-09-04 10:01:00,23956.6,530.0,530.0,530.0,530.0,65,14.36,0.6376,0.000411,-6.57,23.44
2026-09-04 10:02:00,23956.15,530.0,530.0,528.45,528.45,65,14.31,0.6379,0.000413,-6.55,23.43
2026-09-04 10:03:00,23959.7,528.45,528.45,528.45,528.45,0,15.0,0.6337,0.000395,-6.89,23.53
2026-09-04 10:04:00,23959.3,528.45,528.45,528.45,528.45,0,15.0,0.6336,0.000395,-6.9,23.53
2026-09-04 10:05:00,23951.5,528.45,528.45,528.45,528.45,0,15.0,0.6305,0.000397,-6.91,23.59
2026-09-04 10:06:00,23952.65,528.45,528.45,522.05,522.05,65,14.13,0.6379,0.000418,-6.47,23.43
2026-09-04 10:07:00,23950.8,522.05,522.05,522.05,522.05,0,15.0,0.6302,0.000397,-6.92,23.6
2026-09-04 10:08:00,23950.7,522.05,522.05,522.05,522.05,0,15.0,0.6302,0.000397,-6.92,23.6
2026-09-04 10:09:00,23945.9,522.05,522.05,522.05,522.05,0,15.0,0.6283,0.000398,-6.93,23.63
2026-09-04 10:10:00,23942.05,522.05,522.05,522.05,522.05,0,15.0,0.6267,0.000398,-6.94,23.66
2026-09-04 10:11:00,23942.0,513.1,513.1,513.1,513.1,65,14.04,0.6342,0.000423,-6.44,23.5
2026-09-04 10:12:00,23941.7,513.1,513.1,513.1,513.1,0,15.0,0.6266,0.000398,-6.94,23.66
2026-09-04 10:13:00,23936.85,513.1,513.1,513.1,513.1,0,15.0,0.6247,0.000399,-6.95,23.7
2026-09-04 10:14:00,23939.45,513.1,513.1,513.1,513.1,0,15.0,0.6257,0.000399,-6.94,23.68
2026-09-04 10:15:00,23936.6,513.1,513.1,513.1,513.1,0,15.0,0.6246,0.000399,-6.95,23.7
2026-09-04 10:16:00,23943.9,513.1,513.1,513.1,513.1,0,15.0,0.6275,0.000398,-6.93,23.64
2026-09-04 10:17:00,23944.1,513.1,513.1,513.1,513.1,0,15.0,0.6276,0.000398,-6.93,23.64
2026-09-04 10:18:00,23951.45,513.1,513.1,513.1,513.1,0,15.0,0.6305,0.000397,-6.92,23.59
2026-09-04 10:19:00,23946.15,527.2,527.2,527.2,527.2,65,14.53,0.632,0.000409,-6.69,23.55
2026-09-04 10:20:00,23951.65,527.2,527.2,527.2,527.2,0,15.0,0.6306,0.000397,-6.91,23.58
2026-09-04 10:21:00,23954.2,527.2,527.2,527.2,527.2,0,15.0,0.6316,0.000396,-6.91,23.56
2026-09-04 10:22:00,23954.55,527.2,527.2,527.2,527.2,0,15.0,0.6317,0.000396,-6.91,23.56
2026-09-04 10:23:00,23952.15,527.2,527.2,527.2,527.2,0,15.0,0.6308,0.000397,-6.91,23.58
2026-09-04 10:24:00,23951.85,527.2,527.2,527.2,527.2,0,15.0,0.6307,0.000397,-6.91,23.58
2026-09-04 10:25:00,23956.05,527.2,527.2,527.2,527.2,0,15.0,0.6323,0.000396,-6.9,23.55
2026-09-04 10:26:00,23954.35,527.2,527.2,527.2,527.2,0,15.0,0.6317,0.000396,-6.91,23.56
2026-09-04 10:27:00,23957.0,527.2,527.2,527.2,527.2,0,15.0,0.6327,0.000396,-6.9,23.54
2026-09-04 10:28:00,23959.05,527.2,527.2,527.2,527.2,0,15.0,0.6335,0.000396,-6.9,23.53
2026-09-04 10:29:00,23963.8,527.2,527.2,527.2,527.2,0,15.0,0.6354,0.000395,-6.89,23.49
2026-09-04 10:30:00,23965.35,527.2,527.2,527.2,527.2,0,15.0,0.636,0.000395,-6.88,23.48
2026-09-04 10:31:00,23966.75,527.2,527.2,527.2,527.2,0,15.0,0.6366,0.000394,-6.88,23.46
2026-09-04 10:32:00,23965.35,527.2,527.2,527.2,527.2,0,15.0,0.636,0.000395,-6.88,23.47
2026-09-04 10:33:00,23960.6,527.2,527.2,527.2,527.2,0,15.0,0.6341,0.000395,-6.89,23.51
2026-09-04 10:34:00,23959.95,527.2,527.2,527.2,527.2,0,15.0,0.6339,0.000395,-6.9,23.52
2026-09-04 10:35:00,23956.7,527.2,527.2,527.2,527.2,0,15.0,0.6326,0.000396,-6.9,23.54
2026-09-04 10:36:00,23954.7,527.25,527.25,527.25,527.25,65,14.3,0.6374,0.000413,-6.55,23.43
2026-09-04 10:37:00,23958.45,527.25,527.25,527.25,527.25,0,15.0,0.6333,0.000396,-6.9,23.53
2026-09-04 10:38:00,23960.4,527.25,527.25,527.25,527.25,0,15.0,0.6341,0.000395,-6.9,23.51
2026-09-04 10:39:00,23960.6,527.25,527.25,527.25,527.25,0,15.0,0.6341,0.000395,-6.9,23.51
2026-09-04 10:40:00,23961.0,527.25,527.25,527.25,527.25,0,15.0,0.6343,0.000395,-6.89,23.51
2026-09-04 10:41:00,23955.05,527.25,527.25,527.25,527.25,0,15.0,0.632,0.000396,-6.91,23.55
2026-09-04 10:42:00,23953.7,527.25,527.25,527.25,527.25,0,15.0,0.6314,0.000397,-6.91,23.56
2026-09-04 10:43:00,23955.65,527.25,527.25,527.25,527.25,0,15.0,0.6322,0.000396,-6.91,23.55
2026-09-04 10:44:00,23953.2,527.25,527.25,527.25,527.25,0,15.0,0.6312,0.000397,-6.91,23.56
2026-09-04 10:45:00,23953.3,527.25,527.25,527.25,527.25,0,15.0,0.6313,0.000397,-6.91,23.56
2026-09-04 10:46:00,23958.2,527.25,527.25,527.25,527.25,0,15.0,0.6332,0.000396,-6.9,23.53
2026-09-04 10:47:00,23957.55,527.25,527.25,527.25,527.25,0,15.0,0.633,0.000396,-6.9,23.53
2026-09-04 10:48:00,23958.75,527.25,527.25,527.25,527.25,0,15.0,0.6334,0.000396,-6.9,23.52
2026-09-04 10:49:00,23959.15,527.25,532.15,527.25,532.15,65,14.39,0.6385,0.00041,-6.59,23.41
2026-09-04 10:50:00,23956.2,532.15,532.15,532.15,532.15,0,15.0,0.6324,0.000396,-6.91,23.54
2026-09-04 10:51:00,23958.55,532.15,532.15,532.15,532.15,0,15.0,0.6334,0.000396,-6.9,23.52
2026-09-04 10:52:00,23957.6,532.15,532.15,532.15,532.15,0,15.0,0.633,0.000396,-6.9,23.53
2026-09-04 10:53:00,23958.4,532.15,532.15,532.15,532.15,0,15.0,0.6333,0.000396,-6.9,23.52
2026-09-04 10:54:00,23963.05,532.15,532.15,532.15,532.15,0,15.0,0.6351,0.000395,-6.89,23.49
2026-09-04 10:55:00,23964.0,532.15,532.15,532.15,532.15,0,15.0,0.6355,0.000395,-6.89,23.48
2026-09-04 10:56:00,23961.8,532.15,532.15,532.15,532.15,0,15.0,0.6346,0.000395,-6.89,23.49
2026-09-04 10:57:00,23962.1,532.15,532.15,532.15,532.15,0,15.0,0.6348,0.000395,-6.89,23.49
2026-09-04 10:58:00,23961.4,532.15,532.15,532.15,532.15,0,15.0,0.6345,0.000395,-6.89,23.5
2026-09-04 10:59:00,23967.05,532.15,532.15,532.15,532.15,0,15.0,0.6367,0.000394,-6.88,23.45
2026-09-04 11:00:00,23970.9,532.15,532.15,532.15,532.15,0,15.0,0.6382,0.000394,-6.87,23.42
2026-09-04 11:01:00,23967.05,532.15,532.15,532.15,532.15,0,15.0,0.6367,0.000394,-6.88,23.45
2026-09-04 11:02:00,23961.35,532.15,532.15,532.15,532.15,0,15.0,0.6345,0.000395,-6.9,23.5
2026-09-04 11:03:00,23962.6,532.15,532.15,532.15,532.15,0,15.0,0.635,0.000395,-6.89,23.49
2026-09-04 11:04:00,23965.35,532.15,532.15,532.15,532.15,0,15.0,0.6361,0.000395,-6.89,23.46
2026-09-04 11:05:00,23965.75,532.15,532.15,532.15,532.15,0,15.0,0.6362,0.000395,-6.88,23.46
2026-09-04 11:06:00,23962.9,532.15,532.15,532.15,532.15,0,15.0,0.6351,0.000395,-6.89,23.48
2026-09-04 11:07:00,23968.15,532.15,532.15,532.15,532.15,0,15.0,0.6372,0.000394,-6.88,23.44
2026-09-04 11:08:00,23968.9,532.15,532.15,532.15,532.15,0,15.0,0.6375,0.000394,-6.88,23.43
2026-09-04 11:09:00,23971.65,532.15,532.15,532.15,532.15,0,15.0,0.6386,0.000394,-6.87,23.41
2026-09-04 11:10:00,23972.0,532.15,532.15,532.15,532.15,0,15.0,0.6387,0.000394,-6.87,23.41
2026-09-04 11:11:00,23969.0,532.15,532.15,532.15,532.15,0,15.0,0.6375,0.000394,-6.88,23.43
2026-09-04 11:12:00,23967.25,532.15,532.15,532.15,532.15,0,15.0,0.6368,0.000394,-6.88,23.45
2026-09-04 11:13:00,23963.3,532.15,532.15,532.15,532.15,0,15.0,0.6353,0.000395,-6.89,23.48
2026-09-04 11:14:00,23965.05,532.15,532.15,532.15,532.15,0,15.0,0.636,0.000395,-6.89,23.46
2026-09-04 11:15:00,23964.6,532.15,532.15,532.15,532.15,0,15.0,0.6358,0.000395,-6.89,23.47
2026-09-04 11:16:00,23963.15,532.15,532.15,532.15,532.15,0,15.0,0.6352,0.000395,-6.89,23.48
2026-09-04 11:17:00,23964.9,532.15,532.15,532.15,532.15,0,15.0,0.6359,0.000395,-6.89,23.46
2026-09-04 11:18:00,23969.1,532.15,532.15,532.15,532.15,0,15.0,0.6376,0.000394,-6.88,23.43
2026-09-04 11:19:00,23974.7,532.15,532.15,532.15,532.15,0,15.0,0.6398,0.000393,-6.86,23.38
2026-09-04 11:20:00,23974.65,532.15,532.15,532.15,532.15,0,15.0,0.6398,0.000393,-6.86,23.38
2026-09-04 11:21:00,23979.8,532.15,532.15,532.15,532.15,0,15.0,0.6418,0.000392,-6.85,23.34
2026-09-04 11:22:00,23983.65,532.15,532.15,532.15,532.15,0,15.0,0.6433,0.000392,-6.84,23.31
2026-09-04 11:23:00,23983.3,532.15,532.15,532.15,532.15,0,15.0,0.6432,0.000392,-6.84,23.31
2026-09-04 11:24:00,23979.9,532.15,532.15,532.15,532.15,0,15.0,0.6418,0.000392,-6.85,23.34
2026-09-04 11:25:00,23984.55,532.15,532.15,532.15,532.15,0,15.0,0.6437,0.000392,-6.84,23.3
2026-09-04 11:26:00,23986.25,532.15,532.15,532.15,532.15,0,15.0,0.6443,0.000391,-6.83,23.29
2026-09-04 11:27:00,23988.0,532.15,532.15,532.15,532.15,0,15.0,0.645,0.000391,-6.83,23.27
2026-09-04 11:28:00,23986.45,532.15,532.15,532.15,532.15,0,15.0,0.6444,0.000391,-6.83,23.28
2026-09-04 11:29:00,23982.15,532.15,532.15,532.15,532.15,0,15.0,0.6427,0.000392,-6.85,23.32
2026-09-04 11:30:00,23984.8,532.15,532.15,532.15,532.15,0,15.0,0.6438,0.000392,-6.84,23.3
2026-09-04 11:31:00,23985.25,532.15,532.15,532.15,532.15,0,15.0,0.6439,0.000391,-6.84,23.29
2026-09-04 11:32:00,23987.6,532.15,532.15,532.15,532.15,0,15.0,0.6449,0.000391,-6.83,23.27
2026-09-04 11:33:00,23988.1,532.15,532.15,532.15,532.15,0,15.0,0.6451,0.000391,-6.83,23.27
2026-09-04 11:34:00,23987.6,532.15,532.15,532.15,532.15,0,15.0,0.6449,0.000391,-6.83,23.27
2026-09-04 11:35:00,23987.25,532.15,532.15,532.15,532.15,0,15.0,0.6447,0.000391,-6.83,23.27
2026-09-04 11:36:00,23987.8,532.15,532.15,532.15,532.15,0,15.0,0.6449,0.000391,-6.83,23.27
2026-09-04 11:37:00,23986.2,532.15,532.15,532.15,532.15,0,15.0,0.6443,0.000391,-6.84,23.28
2026-09-04 11:38:00,23996.65,532.15,532.15,532.15,532.15,0,15.0,0.6484,0.00039,-6.81,23.19
2026-09-04 11:39:00,23999.05,532.15,532.15,532.15,532.15,0,15.0,0.6493,0.000389,-6.8,23.17
2026-09-04 11:40:00,23998.0,532.15,532.15,532.15,532.15,0,15.0,0.6489,0.000389,-6.8,23.18
2026-09-04 11:41:00,23993.15,532.15,532.15,532.15,532.15,0,15.0,0.647,0.00039,-6.82,23.22
2026-09-04 11:42:00,23985.75,532.15,532.15,532.15,532.15,0,15.0,0.6442,0.000391,-6.84,23.28
2026-09-04 11:43:00,23983.5,532.15,532.15,532.15,532.15,0,15.0,0.6433,0.000392,-6.84,23.3
2026-09-04 11:44:00,23981.5,532.15,532.15,532.15,532.15,0,15.0,0.6425,0.000392,-6.85,23.32
2026-09-04 11:45:00,23981.3,532.15,532.15,532.15,532.15,0,15.0,0.6424,0.000392,-6.85,23.32
2026-09-04 11:46:00,23982.4,532.15,532.15,532.15,532.15,0,15.0,0.6428,0.000392,-6.85,23.31
2026-09-04 11:47:00,23982.15,532.15,532.15,532.15,532.15,0,15.0,0.6427,0.000392,-6.85,23.31
2026-09-04 11:48:00,23981.25,532.15,532.15,532.15,532.15,0,15.0,0.6424,0.000392,-6.85,23.32
2026-09-04 11:49:00,23984.15,532.15,532.15,532.15,532.15,0,15.0,0.6435,0.000392,-6.84,23.3
2026-09-04 11:50:00,23987.9,532.15,532.15,532.15,532.15,0,15.0,0.645,0.000391,-6.83,23.26
2026-09-04 11:51:00,23988.45,532.15,532.15,532.15,532.15,0,15.0,0.6452,0.000391,-6.83,23.26
2026-09-04 11:52:00,23986.35,532.15,532.15,532.15,532.15,0,15.0,0.6444,0.000391,-6.84,23.28
2026-09-04 11:53:00,23985.0,532.15,532.15,532.15,532.15,0,15.0,0.6439,0.000392,-6.84,23.29
2026-09-04 11:54:00,23985.25,532.15,532.15,532.15,532.15,0,15.0,0.644,0.000392,-6.84,23.28
2026-09-04 11:55:00,23986.0,532.15,532.15,532.15,532.15,0,15.0,0.6443,0.000391,-6.84,23.28
2026-09-04 11:56:00,23984.65,532.15,532.15,532.15,532.15,0,15.0,0.6437,0.000392,-6.84,23.29
2026-09-04 11:57:00,23985.25,532.15,532.15,532.15,532.15,0,15.0,0.644,0.000392,-6.84,23.28
2026-09-04 11:58:00,23981.6,532.15,532.15,532.15,532.15,0,15.0,0.6426,0.000392,-6.85,23.31
2026-09-04 11:59:00,23978.65,532.15,532.15,532.15,532.15,0,15.0,0.6414,0.000393,-6.86,23.34
2026-09-04 12:00:00,23973.65,532.15,542.05,532.15,542.0,130,14.43,0.6442,0.000407,-6.58,23.27
2026-09-04 12:01:00,23971.25,542.0,542.0,542.0,542.0,0,15.0,0.6385,0.000394,-6.88,23.4
2026-09-04 12:02:00,23968.65,542.0,542.0,542.0,542.0,0,15.0,0.6375,0.000394,-6.88,23.42
2026-09-04 12:03:00,23963.45,542.0,542.0,542.0,542.0,0,15.0,0.6354,0.000395,-6.9,23.46
2026-09-04 12:04:00,23959.1,542.0,542.0,542.0,542.0,0,15.0,0.6337,0.000396,-6.91,23.49
2026-09-04 12:05:00,23959.65,542.0,542.0,532.0,532.0,325,14.39,0.6389,0.000411,-6.59,23.38
2026-09-04 12:06:00,23958.6,532.0,532.0,532.0,532.0,0,15.0,0.6335,0.000396,-6.91,23.49
2026-09-04 12:07:00,23958.4,532.0,532.0,532.0,532.0,0,15.0,0.6334,0.000396,-6.91,23.5
2026-09-04 12:08:00,23963.8,532.0,532.0,532.0,532.0,0,15.0,0.6356,0.000395,-6.9,23.45
2026-09-04 12:09:00,23964.5,532.0,532.0,532.0,532.0,0,15.0,0.6358,0.000395,-6.89,23.45
2026-09-04 12:10:00,23954.85,532.0,532.0,532.0,532.0,0,15.0,0.632,0.000397,-6.92,23.52
2026-09-04 12:11:00,23951.95,532.0,532.0,532.0,532.0,0,15.0,0.6309,0.000397,-6.92,23.54
2026-09-04 12:12:00,23952.2,532.0,532.0,532.0,532.0,0,15.0,0.631,0.000397,-6.92,23.54
2026-09-04 12:13:00,23948.25,532.0,532.0,532.0,532.0,0,15.0,0.6294,0.000398,-6.93,23.57
2026-09-04 12:14:00,23952.85,532.0,532.0,532.0,532.0,0,15.0,0.6312,0.000397,-6.92,23.54
2026-09-04 12:15:00,23948.0,532.0,532.0,532.0,532.0,0,15.0,0.6293,0.000398,-6.93,23.57
2026-09-04 12:16:00,23945.15,532.0,532.0,532.0,532.0,0,15.0,0.6282,0.000398,-6.94,23.59
2026-09-04 12:17:00,23948.55,532.0,532.0,532.0,532.0,0,15.0,0.6295,0.000398,-6.93,23.57
2026-09-04 12:18:00,23952.95,532.0,532.0,532.0,532.0,0,15.0,0.6313,0.000397,-6.92,23.53
2026-09-04 12:19:00,23948.55,532.0,532.0,532.0,532.0,0,15.0,0.6295,0.000398,-6.93,23.57
2026-09-04 12:20:00,23944.9,532.0,532.0,515.75,515.8,130,14.1,0.6352,0.000421,-6.48,23.44
2026-09-04 12:21:00,23945.2,515.8,517.9,515.8,517.9,65,14.18,0.6346,0.000419,-6.52,23.45
2026-09-04 12:22:00,23942.25,517.9,517.9,517.9,517.9,0,15.0,0.627,0.000399,-6.95,23.61
2026-09-04 12:23:00,23944.25,517.9,517.9,512.8,514.0,195,14.04,0.6354,0.000423,-6.45,23.43
2026-09-04 12:24:00,23940.5,514.0,514.0,514.0,514.0,0,15.0,0.6263,0.000399,-6.95,23.62
2026-09-04 12:25:00,23941.35,514.0,514.0,514.0,514.0,0,15.0,0.6267,0.000399,-6.95,23.62
2026-09-04 12:26:00,23944.9,514.0,514.0,514.0,514.0,0,15.0,0.6281,0.000398,-6.94,23.59
2026-09-04 12:27:00,23942.65,514.0,514.0,514.0,514.0,0,15.0,0.6272,0.000399,-6.95,23.61
2026-09-04 12:28:00,23949.3,514.0,514.0,514.0,514.0,260,13.9,0.6387,0.000426,-6.37,23.36
2026-09-04 12:29:00,23947.0,514.0,514.0,514.0,514.0,0,15.0,0.6289,0.000398,-6.94,23.57
2026-09-04 12:30:00,23943.65,514.0,514.0,514.0,514.0,0,15.0,0.6276,0.000399,-6.95,23.6
2026-09-04 12:31:00,23944.55,514.0,514.0,514.0,514.0,0,15.0,0.628,0.000399,-6.94,23.59
2026-09-04 12:32:00,23948.3,514.0,514.4,514.0,514.4,65,13.95,0.6379,0.000425,-6.39,23.38
2026-09-04 12:33:00,23946.25,514.4,514.4,514.4,514.4,0,15.0,0.6286,0.000398,-6.94,23.58
2026-09-04 12:34:00,23944.95,514.4,514.4,514.4,514.4,0,15.0,0.6281,0.000398,-6.94,23.59
2026-09-04 12:35:00,23945.65,514.4,514.4,514.4,514.4,0,15.0,0.6284,0.000398,-6.94,23.58
2026-09-04 12:36:00,23941.05,514.4,514.4,514.4,514.4,0,15.0,0.6266,0.000399,-6.95,23.61
2026-09-04 12:37:00,23937.75,514.4,514.4,514.4,514.4,0,15.0,0.6253,0.0004,-6.96,23.64
2026-09-04 12:38:00,23940.0,514.4,514.4,514.4,514.4,0,15.0,0.6262,0.000399,-6.95,23.62
2026-09-04 12:39:00,23942.3,514.4,514.4,508.0,508.0,130,13.84,0.6363,0.000429,-6.35,23.41
2026-09-04 12:40:00,23944.75,508.0,508.0,508.0,508.0,0,15.0,0.6281,0.000399,-6.94,23.59
2026-09-04 12:41:00,23942.4,508.0,508.0,508.0,508.0,0,15.0,0.6271,0.000399,-6.95,23.6
2026-09-04 12:42:00,23941.55,508.0,508.0,508.0,508.0,0,15.0,0.6268,0.000399,-6.95,23.61
2026-09-04 12:43:00,23939.65,508.0,508.0,508.0,508.0,0,15.0,0.626,0.000399,-6.96,23.62
2026-09-04 12:44:00,23938.6,508.0,508.0,508.0,508.0,0,15.0,0.6256,0.0004,-6.96,23.63
2026-09-04 12:45:00,23938.5,508.0,508.0,508.0,508.0,0,15.0,0.6256,0.0004,-6.96,23.63
2026-09-04 12:46:00,23936.15,508.0,508.0,508.0,508.0,0,15.0,0.6246,0.0004,-6.96,23.65
2026-09-04 12:47:00,23936.25,508.0,508.0,508.0,508.0,0,15.0,0.6247,0.0004,-6.96,23.65
2026-09-04 12:48:00,23940.8,508.0,508.0,508.0,508.0,0,15.0,0.6265,0.000399,-6.95,23.61
2026-09-04 12:49:00,23940.4,508.0,508.0,508.0,508.0,0,15.0,0.6263,0.000399,-6.95,23.62
2026-09-04 12:50:00,23940.1,508.0,508.0,508.0,508.0,0,15.0,0.6262,0.000399,-6.96,23.62
2026-09-04 12:51:00,23939.45,508.0,508.0,508.0,508.0,0,15.0,0.626,0.000399,-6.96,23.62
2026-09-04 12:52:00,23943.8,508.0,508.0,508.0,508.0,0,15.0,0.6277,0.000399,-6.95,23.59
2026-09-04 12:53:00,23945.35,508.0,508.0,508.0,508.0,0,15.0,0.6283,0.000398,-6.94,23.58
2026-09-04 12:54:00,23942.25,508.0,508.0,508.0,508.0,0,15.0,0.6271,0.000399,-6.95,23.6
2026-09-04 12:55:00,23937.85,508.0,508.0,508.0,508.0,0,15.0,0.6253,0.0004,-6.96,23.63
2026-09-04 12:56:00,23935.4,508.0,508.0,508.0,508.0,0,15.0,0.6243,0.0004,-6.97,23.65
2026-09-04 12:57:00,23928.85,508.0,508.0,508.0,508.0,0,15.0,0.6217,0.000401,-6.98,23.69
2026-09-04 12:58:00,23931.6,508.0,508.0,508.0,508.0,0,15.0,0.6228,0.000401,-6.97,23.68
2026-09-04 12:59:00,23935.1,508.0,508.0,508.0,508.0,0,15.0,0.6242,0.0004,-6.97,23.65
2026-09-04 13:00:00,23938.95,508.0,508.0,508.0,508.0,130,13.94,0.6341,0.000427,-6.41,23.44
2026-09-04 13:01:00,23937.5,508.0,508.0,508.0,508.0,0,15.0,0.6252,0.0004,-6.96,23.63
2026-09-04 13:02:00,23935.0,508.0,508.0,508.0,508.0,0,15.0,0.6242,0.0004,-6.97,23.65
2026-09-04 13:03:00,23936.5,508.0,508.0,508.0,508.0,0,15.0,0.6248,0.0004,-6.96,23.64
2026-09-04 13:04:00,23935.3,508.0,508.0,508.0,508.0,0,15.0,0.6243,0.0004,-6.97,23.65
2026-09-04 13:05:00,23935.55,508.0,508.0,508.0,508.0,0,15.0,0.6244,0.0004,-6.97,23.64
2026-09-04 13:06:00,23935.7,508.0,508.0,508.0,508.0,0,15.0,0.6245,0.0004,-6.97,23.64
2026-09-04 13:07:00,23935.2,508.0,508.0,508.0,508.0,0,15.0,0.6243,0.0004,-6.97,23.65
2026-09-04 13:08:00,23939.75,508.0,510.0,508.0,510.0,130,14.0,0.6339,0.000425,-6.45,23.45
2026-09-04 13:09:00,23943.75,510.0,510.0,510.0,510.0,0,15.0,0.6277,0.000399,-6.95,23.58
2026-09-04 13:10:00,23949.35,510.0,510.0,510.0,510.0,0,15.0,0.6299,0.000398,-6.94,23.54
2026-09-04 13:11:00,23948.4,510.0,510.0,510.0,510.0,0,15.0,0.6296,0.000398,-6.94,23.55
2026-09-04 13:12:00,23947.55,510.0,510.0,510.0,510.0,0,15.0,0.6292,0.000398,-6.94,23.55
2026-09-04 13:13:00,23947.95,510.0,510.0,510.0,510.0,0,15.0,0.6294,0.000398,-6.94,23.55
2026-09-04 13:14:00,23946.35,510.0,510.0,510.0,510.0,0,15.0,0.6287,0.000398,-6.94,23.56
2026-09-04 13:15:00,23948.2,510.0,510.0,510.0,510.0,0,15.0,0.6295,0.000398,-6.94,23.55
2026-09-04 13:16:00,23952.55,510.0,510.0,510.0,510.0,0,15.0,0.6312,0.000397,-6.93,23.52
2026-09-04 13:17:00,23955.75,522.1,522.1,522.1,522.1,65,14.08,0.64,0.00042,-6.45,23.32
2026-09-04 13:18:00,23951.8,522.1,522.1,522.1,522.1,0,15.0,0.6309,0.000398,-6.93,23.52
2026-09-04 13:19:00,23951.1,522.1,522.1,520.05,520.05,650,14.12,0.6377,0.00042,-6.48,23.37
2026-09-04 13:20:00,23950.45,520.05,520.05,520.05,520.05,0,15.0,0.6304,0.000398,-6.93,23.53
2026-09-04 13:21:00,23949.25,520.05,520.05,520.05,520.05,0,15.0,0.6299,0.000398,-6.94,23.54
2026-09-04 13:22:00,23953.95,520.05,520.05,520.05,520.05,0,15.0,0.6318,0.000397,-6.93,23.5
2026-09-04 13:23:00,23949.55,520.05,520.05,520.05,520.05,0,15.0,0.63,0.000398,-6.94,23.54
2026-09-04 13:24:00,23953.4,520.05,520.05,520.05,520.05,0,15.0,0.6316,0.000397,-6.93,23.51
2026-09-04 13:25:00,23945.6,520.05,520.05,520.05,520.05,0,15.0,0.6285,0.000399,-6.95,23.56
2026-09-04 13:26:00,23948.1,520.05,520.05,520.05,520.05,0,15.0,0.6295,0.000398,-6.94,23.55
2026-09-04 13:27:00,23941.25,520.05,520.05,520.05,520.05,0,15.0,0.6267,0.000399,-6.96,23.6
2026-09-04 13:28:00,23939.9,520.05,520.05,520.05,520.05,0,15.0,0.6262,0.0004,-6.96,23.6
2026-09-04 13:29:00,23939.4,520.05,520.05,513.2,513.2,65,14.15,0.6325,0.000421,-6.53,23.47
2026-09-04 13:30:00,23938.25,513.2,513.2,511.65,511.65,65,14.12,0.6323,0.000422,-6.51,23.47
2026-09-04 13:31:00,23936.35,511.65,511.65,511.65,511.65,0,15.0,0.6248,0.0004,-6.97,23.63
2026-09-04 13:32:00,23931.8,511.65,511.65,511.65,511.65,0,15.0,0.623,0.000401,-6.98,23.66
2026-09-04 13:33:00,23939.7,511.65,511.65,511.65,511.65,0,15.0,0.6261,0.0004,-6.96,23.6
2026-09-04 13:34:00,23933.7,511.65,511.65,511.65,511.65,0,15.0,0.6237,0.000401,-6.97,23.65
2026-09-04 13:35:00,23938.0,511.65,511.65,511.65,511.65,0,15.0,0.6254,0.0004,-6.96,23.62
2026-09-04 13:36:00,23938.3,509.8,509.8,509.8,509.8,65,14.04,0.633,0.000424,-6.47,23.46
2026-09-04 13:37:00,23940.6,509.8,509.8,509.8,509.8,0,15.0,0.6265,0.000399,-6.96,23.6
2026-09-04 13:38:00,23940.25,509.8,509.8,509.8,509.8,0,15.0,0.6264,0.0004,-6.96,23.6
2026-09-04 13:39:00,23942.2,509.8,514.05,509.8,514.05,65,14.11,0.634,0.000422,-6.5,23.44
2026-09-04 13:40:00,23941.65,514.05,514.05,514.05,514.05,0,15.0,0.6269,0.000399,-6.96,23.59
2026-09-04 13:41:00,23943.8,514.05,514.05,514.05,514.05,0,15.0,0.6278,0.000399,-6.95,23.57
2026-09-04 13:42:00,23947.8,514.05,514.05,514.05,514.05,0,15.0,0.6294,0.000398,-6.94,23.54
2026-09-04 13:43:00,23944.45,514.05,514.05,514.05,514.05,0,15.0,0.628,0.000399,-6.95,23.57
2026-09-04 13:44:00,23944.35,514.05,514.05,514.05,514.05,0,15.0,0.628,0.000399,-6.95,23.57
2026-09-04 13:45:00,23948.7,514.05,514.05,514.05,514.05,0,15.0,0.6297,0.000398,-6.94,23.53
2026-09-04 13:46:00,23948.85,514.05,514.05,514.05,514.05,0,15.0,0.6298,0.000398,-6.94,23.53
2026-09-04 13:47:00,23951.95,514.05,514.05,514.05,514.05,0,15.0,0.631,0.000398,-6.93,23.51
2026-09-04 13:48:00,23948.95,514.05,514.05,514.05,514.05,0,15.0,0.6298,0.000398,-6.94,23.53
2026-09-04 13:49:00,23948.75,514.05,514.05,514.05,514.05,0,15.0,0.6298,0.000398,-6.94,23.53
2026-09-04 13:50:00,23947.6,514.05,514.05,514.05,514.05,0,15.0,0.6293,0.000398,-6.94,23.54
2026-09-04 13:51:00,23938.6,514.05,514.05,514.05,514.05,0,15.0,0.6257,0.0004,-6.96,23.61
2026-09-04 13:52:00,23939.3,514.05,514.05,514.05,514.05,0,15.0,0.626,0.0004,-6.96,23.6
2026-09-04 13:53:00,23942.05,514.05,514.05,514.05,514.05,0,15.0,0.6271,0.000399,-6.96,23.58
2026-09-04 13:54:00,23941.6,514.05,514.05,514.05,514.05,0,15.0,0.6269,0.000399,-6.96,23.58
2026-09-04 13:55:00,23940.4,514.05,514.05,514.05,514.05,0,15.0,0.6264,0.0004,-6.96,23.59
2026-09-04 13:56:00,23943.25,514.05,514.05,514.05,514.05,0,15.0,0.6276,0.000399,-6.95,23.57
2026-09-04 13:57:00,23944.35,514.05,514.05,514.05,514.05,0,15.0,0.628,0.000399,-6.95,23.56
2026-09-04 13:58:00,23940.8,514.05,514.05,514.05,514.05,0,15.0,0.6266,0.0004,-6.96,23.59
2026-09-04 13:59:00,23939.15,514.05,514.05,514.05,514.05,0,15.0,0.6259,0.0004,-6.96,23.6
2026-09-04 14:00:00,23941.05,514.05,514.05,514.05,514.05,0,15.0,0.6267,0.0004,-6.96,23.59
2026-09-04 14:01:00,23941.65,514.05,514.05,514.05,514.05,0,15.0,0.6269,0.000399,-6.96,23.58
2026-09-04 14:02:00,23940.9,514.05,514.05,514.05,514.05,0,15.0,0.6266,0.0004,-6.96,23.59
2026-09-04 14:03:00,23941.45,514.05,514.05,514.05,514.05,0,15.0,0.6269,0.000399,-6.96,23.58
2026-09-04 14:04:00,23943.15,514.05,514.05,514.05,514.05,0,15.0,0.6276,0.000399,-6.95,23.57
2026-09-04 14:05:00,23945.3,514.05,514.05,514.05,514.05,0,15.0,0.6284,0.000399,-6.95,23.55
2026-09-04 14:06:00,23946.9,514.05,514.05,514.05,514.05,0,15.0,0.629,0.000399,-6.95,23.54
2026-09-04 14:07:00,23946.4,514.05,514.05,514.05,514.05,0,15.0,0.6289,0.000399,-6.95,23.54
2026-09-04 14:08:00,23942.95,514.05,514.05,514.05,514.05,0,15.0,0.6275,0.000399,-6.96,23.57
2026-09-04 14:09:00,23942.8,514.05,514.05,514.05,514.05,0,15.0,0.6274,0.000399,-6.96,23.57
2026-09-04 14:10:00,23945.9,514.05,514.05,514.05,514.05,0,15.0,0.6287,0.000399,-6.95,23.55
2026-09-04 14:11:00,23947.95,514.05,514.05,514.05,514.05,0,15.0,0.6295,0.000398,-6.94,23.53
2026-09-04 14:12:00,23947.55,514.05,514.05,514.05,514.05,0,15.0,0.6293,0.000399,-6.95,23.53
2026-09-04 14:13:00,23949.2,514.05,514.05,514.05,514.05,0,15.0,0.63,0.000398,-6.94,23.52
2026-09-04 14:14:00,23948.2,514.05,514.05,514.05,514.05,0,15.0,0.6296,0.000398,-6.94,23.53
2026-09-04 14:15:00,23946.05,514.05,514.05,514.05,514.05,0,15.0,0.6287,0.000399,-6.95,23.54
2026-09-04 14:16:00,23943.7,514.05,514.05,514.05,514.05,0,15.0,0.6278,0.000399,-6.95,23.56
2026-09-04 14:17:00,23943.45,514.05,514.05,514.05,514.05,0,15.0,0.6277,0.000399,-6.96,23.56
2026-09-04 14:18:00,23944.8,514.05,514.05,514.05,514.05,0,15.0,0.6282,0.000399,-6.95,23.55
2026-09-04 14:19:00,23946.35,514.05,514.05,514.05,514.05,0,15.0,0.6289,0.000399,-6.95,23.54
2026-09-04 14:20:00,23948.9,514.05,514.05,514.05,514.05,0,15.0,0.6299,0.000398,-6.94,23.52
2026-09-04 14:21:00,23949.15,514.05,514.05,514.05,514.05,0,15.0,0.63,0.000398,-6.94,23.52
2026-09-04 14:22:00,23949.05,514.05,514.05,514.05,514.05,0,15.0,0.6299,0.000398,-6.94,23.52
2026-09-04 14:23:00,23945.45,514.05,514.05,514.05,514.05,0,15.0,0.6285,0.000399,-6.95,23.54
2026-09-04 14:24:00,23947.45,514.05,514.05,514.05,514.05,0,15.0,0.6293,0.000399,-6.95,23.53
2026-09-04 14:25:00,23953.25,514.05,514.05,514.05,514.05,0,15.0,0.6316,0.000398,-6.93,23.49
2026-09-04 14:26:00,23956.2,514.05,514.05,514.05,514.05,0,15.0,0.6328,0.000397,-6.93,23.46
2026-09-04 14:27:00,23957.5,514.05,514.05,514.05,514.05,0,15.0,0.6333,0.000397,-6.92,23.45
2026-09-04 14:28:00,23958.4,514.05,514.05,514.05,514.05,0,15.0,0.6337,0.000397,-6.92,23.44
2026-09-04 14:29:00,23957.6,514.05,514.05,514.05,514.05,0,15.0,0.6333,0.000397,-6.92,23.45
2026-09-04 14:30:00,23959.8,514.05,514.05,514.05,514.05,0,15.0,0.6342,0.000397,-6.92,23.43
2026-09-04 14:31:00,23962.9,514.05,514.05,514.05,514.05,0,15.0,0.6354,0.000396,-6.91,23.41
2026-09-04 14:32:00,23963.6,514.05,514.05,514.05,514.05,0,15.0,0.6357,0.000396,-6.91,23.4
2026-09-04 14:33:00,23959.5,514.05,514.05,514.05,514.05,0,15.0,0.6341,0.000397,-6.92,23.43
2026-09-04 14:34:00,23956.35,514.05,514.05,514.05,514.05,0,15.0,0.6329,0.000397,-6.93,23.46
2026-09-04 14:35:00,23957.85,514.05,514.05,514.05,514.05,0,15.0,0.6335,0.000397,-6.92,23.45
2026-09-04 14:36:00,23951.3,514.05,514.05,514.05,514.05,0,15.0,0.6309,0.000398,-6.94,23.5
2026-09-04 14:37:00,23949.55,514.05,514.05,514.05,514.05,0,15.0,0.6302,0.000398,-6.94,23.51
2026-09-04 14:38:00,23943.9,514.05,514.05,514.05,514.05,0,15.0,0.6279,0.000399,-6.96,23.55
2026-09-04 14:39:00,23941.65,514.05,514.05,514.05,514.05,0,15.0,0.627,0.0004,-6.96,23.57
2026-09-04 14:40:00,23943.85,514.05,514.05,514.05,514.05,0,15.0,0.6279,0.000399,-6.96,23.55
2026-09-04 14:41:00,23946.25,514.05,514.05,514.05,514.05,0,15.0,0.6288,0.000399,-6.95,23.53
2026-09-04 14:42:00,23943.2,514.05,514.05,514.05,514.05,0,15.0,0.6276,0.000399,-6.96,23.55
2026-09-04 14:43:00,23939.2,514.05,514.05,514.05,514.05,0,15.0,0.626,0.0004,-6.97,23.58
2026-09-04 14:44:00,23937.25,514.05,514.05,514.05,514.05,0,15.0,0.6253,0.0004,-6.97,23.6
2026-09-04 14:45:00,23935.3,514.05,514.05,514.05,514.05,0,15.0,0.6245,0.000401,-6.98,23.61
2026-09-04 14:46:00,23936.6,514.05,514.05,514.05,514.05,0,15.0,0.625,0.0004,-6.97,23.6
2026-09-04 14:47:00,23937.4,514.05,514.05,514.05,514.05,0,15.0,0.6253,0.0004,-6.97,23.59
2026-09-04 14:48:00,23937.65,514.05,514.05,514.05,514.05,0,15.0,0.6254,0.0004,-6.97,23.59
2026-09-04 14:49:00,23939.95,514.05,514.05,514.05,514.05,0,15.0,0.6263,0.0004,-6.97,23.58
2026-09-04 14:50:00,23938.8,514.05,514.05,514.05,514.05,0,15.0,0.6259,0.0004,-6.97,23.58
2026-09-04 14:51:00,23941.55,514.05,514.05,514.05,514.05,0,15.0,0.627,0.0004,-6.96,23.56
2026-09-04 14:52:00,23939.5,514.05,514.05,514.05,514.05,0,15.0,0.6262,0.0004,-6.97,23.58
2026-09-04 14:53:00,23937.05,514.05,514.05,514.05,514.05,0,15.0,0.6252,0.0004,-6.97,23.6
2026-09-04 14:54:00,23940.55,514.05,514.05,514.05,514.05,0,15.0,0.6266,0.0004,-6.97,23.57
2026-09-04 14:55:00,23936.9,514.05,514.05,514.05,514.05,0,15.0,0.6251,0.0004,-6.97,23.6
2026-09-04 14:56:00,23938.35,514.05,514.05,514.05,514.05,0,15.0,0.6257,0.0004,-6.97,23.58
2026-09-04 14:57:00,23937.3,514.05,514.05,514.05,514.05,0,15.0,0.6253,0.0004,-6.97,23.59
2026-09-04 14:58:00,23939.6,514.05,514.05,514.05,514.05,0,15.0,0.6262,0.0004,-6.97,23.58
2026-09-04 14:59:00,23938.1,514.05,514.05,514.05,514.05,0,15.0,0.6256,0.0004,-6.97,23.59
2026-09-04 15:00:00,23941.7,514.05,514.05,514.05,514.05,0,15.0,0.6271,0.0004,-6.96,23.56
2026-09-04 15:01:00,23935.25,514.05,514.05,514.05,514.05,0,15.0,0.6245,0.000401,-6.98,23.61
2026-09-04 15:02:00,23938.3,514.05,514.05,514.05,514.05,0,15.0,0.6257,0.0004,-6.97,23.58
2026-09-04 15:03:00,23935.2,514.05,514.05,514.05,514.05,0,15.0,0.6245,0.000401,-6.98,23.61
2026-09-04 15:04:00,23931.0,514.05,514.05,514.05,514.05,0,15.0,0.6228,0.000401,-6.99,23.63
2026-09-04 15:05:00,23935.75,514.05,514.05,514.05,514.05,0,15.0,0.6247,0.000401,-6.98,23.6
2026-09-04 15:06:00,23935.6,514.05,514.05,514.05,514.05,0,15.0,0.6246,0.000401,-6.98,23.6
2026-09-04 15:07:00,23937.7,514.05,514.05,514.05,514.05,0,15.0,0.6255,0.0004,-6.97,23.59
2026-09-04 15:08:00,23935.15,514.05,514.05,514.05,514.05,0,15.0,0.6245,0.000401,-6.98,23.6
2026-09-04 15:09:00,23938.6,514.05,514.05,514.05,514.05,0,15.0,0.6258,0.0004,-6.97,23.58
2026-09-04 15:10:00,23935.55,514.05,514.05,514.05,514.05,0,15.0,0.6246,0.000401,-6.98,23.6
2026-09-04 15:11:00,23934.9,514.05,514.05,514.05,514.05,0,15.0,0.6244,0.000401,-6.98,23.6
2026-09-04 15:12:00,23935.6,514.05,514.05,514.05,514.05,0,15.0,0.6246,0.000401,-6.98,23.6
2026-09-04 15:13:00,23936.95,514.05,514.05,514.05,514.05,0,15.0,0.6252,0.000401,-6.98,23.59
2026-09-04 15:14:00,23938.4,514.05,514.05,514.05,514.05,0,15.0,0.6258,0.0004,-6.97,23.58
2026-09-04 15:15:00,23937.9,514.05,514.05,514.05,514.05,0,15.0,0.6256,0.0004,-6.97,23.58
2026-09-04 15:16:00,23937.9,514.05,514.05,514.05,514.05,0,15.0,0.6256,0.0004,-6.97,23.58
2026-09-04 15:17:00,23937.9,514.05,514.05,514.05,514.05,0,15.0,0.6256,0.0004,-6.97,23.58
2026-09-04 15:18:00,23937.9,514.05,514.05,514.05,514.05,0,15.0,0.6256,0.0004,-6.97,23.58
2026-09-04 15:19:00,23937.9,514.05,514.05,514.05,514.05,0,15.0,0.6256,0.0004,-6.97,23.58
2026-09-04 15:20:00,23937.9,514.05,514.05,491.35,499.8,195,13.64,0.6364,0.000436,-6.27,23.35
2026-09-04 15:21:00,23937.9,499.8,499.8,499.8,499.8,0,15.0,0.6256,0.0004,-6.97,23.58
2026-09-04 15:22:00,23937.9,499.8,499.8,499.8,499.8,0,15.0,0.6256,0.0004,-6.97,23.58
2026-09-04 15:23:00,23937.9,499.8,499.8,497.0,497.0,130,13.52,0.6375,0.000439,-6.21,23.32
2026-09-04 15:24:00,23937.9,497.0,497.0,497.0,497.0,0,15.0,0.6256,0.0004,-6.97,23.58
2026-09-04 15:25:00,23937.9,497.0,497.0,497.0,497.0,0,15.0,0.6256,0.0004,-6.97,23.58
2026-09-04 15:26:00,23937.9,497.0,503.3,495.0,503.3,455,13.79,0.6351,0.000432,-6.35,23.37
2026-09-04 15:27:00,23937.9,503.3,503.3,503.3,503.3,0,15.0,0.6256,0.0004,-6.97,23.58
2026-09-04 15:28:00,23897.7,503.3,503.3,503.3,503.3,0,15.0,0.6094,0.000406,-7.06,23.85
2026-09-04 15:29:00,23897.7,503.3,503.3,503.3,503.3,0,15.0,0.6094,0.000406,-7.06,23.85
2026-09-07 09:15:00,23838.4,437.1,437.45,420.8,424.35,390,13.82,0.5961,0.000473,-6.96,22.67
2026-09-07 09:16:00,23845.0,416.65,416.65,414.7,415.75,650,13.26,0.6028,0.000491,-6.65,22.58
2026-09-07 09:17:00,23845.5,415.75,418.7,415.75,416.05,780,13.26,0.6031,0.000491,-6.65,22.57
2026-09-07 09:18:00,23856.7,416.05,422.95,416.05,422.45,390,13.25,0.6087,0.000489,-6.61,22.49
2026-09-07 09:19:00,23858.8,422.45,422.45,422.45,422.45,0,15.0,0.5985,0.000435,-7.55,22.65
2026-09-07 09:20:00,23847.35,422.45,422.45,422.45,422.45,0,15.0,0.5935,0.000437,-7.57,22.72
2026-09-07 09:21:00,23850.8,417.05,417.05,417.05,417.05,65,13.17,0.6063,0.000493,-6.58,22.52
2026-09-07 09:22:00,23857.75,417.05,422.0,417.05,422.0,260,13.2,0.6095,0.000491,-6.59,22.48
2026-09-07 09:23:00,23851.4,422.0,424.2,422.0,424.0,1430,13.46,0.6046,0.000483,-6.74,22.55
2026-09-07 09:24:00,23838.25,424.0,424.0,415.0,415.0,65,13.41,0.5985,0.000487,-6.74,22.63
2026-09-07 09:25:00,23834.5,415.0,415.0,413.05,413.05,65,13.42,0.5966,0.000487,-6.76,22.66
2026-09-07 09:26:00,23835.15,414.95,414.95,413.0,413.0,260,13.41,0.5971,0.000488,-6.75,22.65
2026-09-07 09:27:00,23830.15,413.0,413.0,408.1,408.1,65,13.32,0.5952,0.000492,-6.71,22.67
2026-09-07 09:28:00,23831.25,408.1,409.1,407.25,409.1,390,13.34,0.5956,0.000491,-6.72,22.67
2026-09-07 09:29:00,23828.65,409.1,411.1,409.1,411.1,65,13.49,0.5934,0.000486,-6.81,22.7
2026-09-07 09:30:00,23836.85,411.1,411.1,407.8,407.8,65,13.13,0.5997,0.000497,-6.6,22.61
2026-09-07 09:31:00,23833.15,407.8,407.8,407.8,407.8,0,15.0,0.5873,0.000439,-7.6,22.78
2026-09-07 09:32:00,23834.85,407.8,407.8,407.8,407.8,0,15.0,0.588,0.000438,-7.59,22.78
2026-09-07 09:33:00,23836.3,407.8,407.8,407.8,407.8,0,15.0,0.5887,0.000438,-7.59,22.77
2026-09-07 09:34:00,23839.2,407.8,410.3,407.8,410.3,65,13.18,0.6005,0.000495,-6.62,22.6
2026-09-07 09:35:00,23836.9,410.3,410.3,410.3,410.3,0,15.0,0.5889,0.000438,-7.59,22.76
2026-09-07 09:36:00,23842.65,410.3,418.5,410.3,418.5,195,13.45,0.6004,0.000485,-6.76,22.6
2026-09-07 09:37:00,23838.45,418.5,418.5,417.0,417.0,520,13.5,0.5981,0.000484,-6.79,22.63
2026-09-07 09:38:00,23836.25,417.0,417.0,417.0,417.0,0,15.0,0.5887,0.000438,-7.59,22.77
2026-09-07 09:39:00,23838.0,417.0,417.0,416.0,416.0,130,13.47,0.5981,0.000485,-6.77,22.63
2026-09-07 09:40:00,23840.9,416.0,416.0,416.0,416.0,0,15.0,0.5907,0.000438,-7.58,22.74
2026-09-07 09:41:00,23837.6,416.0,416.0,416.0,416.0,0,15.0,0.5893,0.000438,-7.59,22.76
2026-09-07 09:42:00,23841.5,416.0,416.0,416.0,416.0,0,15.0,0.591,0.000438,-7.58,22.74
2026-09-07 09:43:00,23840.15,416.0,416.0,416.0,416.0,0,15.0,0.5904,0.000438,-7.59,22.75
2026-09-07 09:44:00,23835.85,416.0,416.0,416.0,416.0,0,15.0,0.5885,0.000438,-7.59,22.77
2026-09-07 09:45:00,23838.5,416.0,416.0,416.0,416.0,0,15.0,0.5897,0.000438,-7.59,22.75
2026-09-07 09:46:00,23836.2,416.0,416.0,416.0,416.0,0,15.0,0.5887,0.000438,-7.59,22.76
2026-09-07 09:47:00,23834.35,416.0,416.0,416.0,416.0,0,15.0,0.5878,0.000439,-7.6,22.77
2026-09-07 09:48:00,23829.35,416.0,416.0,416.0,416.0,0,15.0,0.5856,0.000439,-7.61,22.8
2026-09-07 09:49:00,23829.25,416.0,416.0,416.0,416.0,0,15.0,0.5856,0.000439,-7.61,22.8
2026-09-07 09:50:00,23827.75,416.0,416.0,416.0,416.0,0,15.0,0.5849,0.00044,-7.61,22.8
2026-09-07 09:51:00,23830.7,416.0,416.0,415.9,415.9,65,13.66,0.5934,0.00048,-6.89,22.69
2026-09-07 09:52:00,23825.2,415.9,415.9,415.9,415.9,0,15.0,0.5838,0.00044,-7.61,22.82
2026-09-07 09:53:00,23824.65,415.9,415.9,415.9,415.9,0,15.0,0.5836,0.00044,-7.61,22.82
2026-09-07 09:54:00,23817.15,415.9,415.9,410.0,410.0,65,13.75,0.5864,0.000479,-6.96,22.77
2026-09-07 09:55:00,23815.55,410.0,410.0,410.0,410.0,0,15.0,0.5796,0.000441,-7.63,22.86
2026-09-07 09:56:00,23822.4,410.0,410.0,409.6,409.6,65,13.59,0.5898,0.000484,-6.87,22.73
2026-09-07 09:57:00,23822.8,409.6,409.6,409.6,409.6,0,15.0,0.5828,0.00044,-7.62,22.82
2026-09-07 09:58:00,23817.1,409.6,409.6,409.6,409.6,0,15.0,0.5803,0.000441,-7.63,22.85
2026-09-07 09:59:00,23815.95,409.6,409.6,409.6,409.6,0,15.0,0.5798,0.000441,-7.63,22.85
2026-09-07 10:00:00,23817.75,409.6,409.6,409.6,409.6,0,15.0,0.5806,0.000441,-7.63,22.85
2026-09-07 10:01:00,23817.45,409.6,409.6,409.6,409.6,0,15.0,0.5804,0.000441,-7.63,22.85
2026-09-07 10:02:00,23821.7,409.6,409.6,409.6,409.6,0,15.0,0.5823,0.00044,-7.62,22.83
2026-09-07 10:03:00,23822.55,409.6,412.75,409.6,412.75,195,13.73,0.5891,0.000479,-6.95,22.74
2026-09-07 10:04:00,23822.15,412.75,412.75,412.75,412.75,0,15.0,0.5825,0.00044,-7.62,22.82
2026-09-07 10:05:00,23819.15,412.75,412.75,411.65,411.65,65,13.77,0.5873,0.000478,-6.97,22.76
2026-09-07 10:06:00,23818.85,411.65,411.65,411.65,411.65,0,15.0,0.581,0.000441,-7.63,22.84
2026-09-07 10:07:00,23818.9,411.65,411.65,411.65,411.65,0,15.0,0.5811,0.000441,-7.63,22.84
2026-09-07 10:08:00,23820.1,411.65,411.65,411.65,411.65,0,15.0,0.5816,0.000441,-7.62,22.83
2026-09-07 10:09:00,23816.95,411.65,411.65,411.65,411.65,0,15.0,0.5802,0.000441,-7.63,22.85
2026-09-07 10:10:00,23814.9,411.65,411.65,411.65,411.65,0,15.0,0.5793,0.000441,-7.63,22.86
2026-09-07 10:11:00,23814.65,411.65,411.65,411.65,411.65,0,15.0,0.5792,0.000441,-7.63,22.86
2026-09-07 10:12:00,23815.15,411.65,411.65,411.65,411.65,0,15.0,0.5794,0.000441,-7.63,22.85
2026-09-07 10:13:00,23809.6,411.65,411.65,411.65,411.65,0,15.0,0.577,0.000442,-7.64,22.88
2026-09-07 10:14:00,23806.45,411.65,411.65,411.65,411.65,0,15.0,0.5756,0.000442,-7.65,22.89
2026-09-07 10:15:00,23806.05,411.65,411.65,411.65,411.65,0,15.0,0.5754,0.000442,-7.65,22.89
2026-09-07 10:16:00,23792.9,411.65,411.65,396.05,396.05,1170,13.76,0.5747,0.000483,-7.01,22.89
2026-09-07 10:17:00,23791.65,396.05,396.05,396.05,396.05,0,15.0,0.569,0.000444,-7.67,22.95
2026-09-07 10:18:00,23796.7,396.05,396.05,396.05,396.05,0,15.0,0.5713,0.000443,-7.66,22.93
2026-09-07 10:19:00,23796.55,396.05,396.05,396.05,396.05,0,15.0,0.5712,0.000443,-7.66,22.93
2026-09-07 10:20:00,23798.65,396.05,396.05,396.05,396.05,0,15.0,0.5721,0.000443,-7.66,22.92
2026-09-07 10:21:00,23801.35,396.05,396.05,396.05,396.05,0,15.0,0.5733,0.000443,-7.65,22.91
2026-09-07 10:22:00,23806.95,403.95,403.95,403.95,403.95,130,13.75,0.5815,0.000481,-6.99,22.82
2026-09-07 10:23:00,23804.5,403.95,403.95,403.95,403.95,0,15.0,0.5747,0.000443,-7.65,22.89
2026-09-07 10:24:00,23801.6,403.95,403.95,403.0,403.0,65,13.84,0.5785,0.000479,-7.04,22.85
2026-09-07 10:25:00,23802.75,403.0,403.0,403.0,403.0,65,13.81,0.5792,0.00048,-7.03,22.84
2026-09-07 10:26:00,23801.35,403.0,403.0,403.0,403.0,0,15.0,0.5733,0.000443,-7.66,22.91
2026-09-07 10:27:00,23804.85,403.0,403.0,403.0,403.0,0,15.0,0.5749,0.000443,-7.65,22.89
2026-09-07 10:28:00,23800.45,403.0,403.0,401.5,401.5,65,13.81,0.5781,0.00048,-7.03,22.85
2026-09-07 10:29:00,23799.6,401.5,401.5,401.5,401.5,0,15.0,0.5726,0.000443,-7.66,22.91
2026-09-07 10:30:00,23800.9,401.5,404.0,401.5,404.0,65,13.91,0.5779,0.000477,-7.08,22.85
2026-09-07 10:31:00,23803.65,404.0,404.0,404.0,404.0,0,15.0,0.5744,0.000443,-7.65,22.9
2026-09-07 10:32:00,23802.05,404.0,404.0,404.0,404.0,0,15.0,0.5737,0.000443,-7.66,22.9
2026-09-07 10:33:00,23799.35,404.0,404.0,404.0,404.0,0,15.0,0.5725,0.000443,-7.66,22.91
2026-09-07 10:34:00,23799.1,404.0,404.0,404.0,404.0,0,15.0,0.5723,0.000443,-7.66,22.91
2026-09-07 10:35:00,23798.35,404.0,404.0,404.0,404.0,0,15.0,0.572,0.000443,-7.66,22.91
2026-09-07 10:36:00,23795.85,404.0,404.0,404.0,404.0,0,15.0,0.5709,0.000444,-7.66,22.92
2026-09-07 10:37:00,23801.1,404.0,404.0,404.0,404.0,0,15.0,0.5732,0.000443,-7.66,22.9
2026-09-07 10:38:00,23799.45,404.0,404.0,404.0,404.0,0,15.0,0.5725,0.000443,-7.66,22.91
2026-09-07 10:39:00,23799.15,404.0,404.0,404.0,404.0,0,15.0,0.5724,0.000443,-7.66,22.91
2026-09-07 10:40:00,23797.0,404.0,404.0,404.0,404.0,0,15.0,0.5714,0.000444,-7.66,22.92
2026-09-07 10:41:00,23797.45,404.0,404.0,403.2,403.2,65,13.96,0.576,0.000476,-7.11,22.87
2026-09-07 10:42:00,23800.6,403.2,403.2,403.2,403.2,0,15.0,0.573,0.000443,-7.66,22.9
2026-09-07 10:43:00,23801.05,403.2,403.2,403.0,403.0,65,13.86,0.5782,0.000478,-7.06,22.84
2026-09-07 10:44:00,23802.05,403.0,403.0,403.0,403.0,0,15.0,0.5737,0.000443,-7.66,22.9
2026-09-07 10:45:00,23799.7,403.0,403.0,403.0,403.0,0,15.0,0.5726,0.000443,-7.66,22.91
2026-09-07 10:46:00,23798.7,403.0,403.0,403.0,403.0,0,15.0,0.5722,0.000443,-7.66,22.91
2026-09-07 10:47:00,23797.95,403.0,403.0,403.0,403.0,0,15.0,0.5719,0.000444,-7.66,22.91
2026-09-07 10:48:00,23794.6,403.0,403.0,403.0,403.0,0,15.0,0.5704,0.000444,-7.67,22.92
2026-09-07 10:49:00,23794.3,403.0,403.0,403.0,403.0,0,15.0,0.5702,0.000444,-7.67,22.93
2026-09-07 10:50:00,23797.4,403.0,403.0,397.3,397.3,65,13.7,0.5772,0.000484,-6.98,22.85
2026-09-07 10:51:00,23793.45,397.3,397.3,397.3,397.3,0,15.0,0.5699,0.000444,-7.67,22.93
2026-09-07 10:52:00,23794.65,397.3,397.3,397.3,397.3,0,15.0,0.5704,0.000444,-7.67,22.92
2026-09-07 10:53:00,23790.7,397.3,397.3,397.3,397.3,0,15.0,0.5686,0.000444,-7.67,22.94
2026-09-07 10:54:00,23789.0,397.3,397.3,397.3,397.3,0,15.0,0.5679,0.000445,-7.68,22.94
2026-09-07 10:55:00,23787.35,397.3,397.3,397.3,397.3,0,15.0,0.5672,0.000445,-7.68,22.95
2026-09-07 10:56:00,23789.5,397.3,397.3,397.3,397.3,0,15.0,0.5681,0.000445,-7.68,22.94
2026-09-07 10:57:00,23789.1,397.3,397.3,397.3,397.3,0,15.0,0.5679,0.000445,-7.68,22.94
2026-09-07 10:58:00,23789.3,397.3,397.3,397.3,397.3,0,15.0,0.568,0.000445,-7.68,22.94
2026-09-07 10:59:00,23788.15,397.3,397.3,397.3,397.3,65,13.94,0.5717,0.000478,-7.12,22.9
2026-09-07 11:00:00,23785.4,397.3,397.3,397.3,397.3,0,15.0,0.5663,0.000445,-7.68,22.95
2026-09-07 11:01:00,23784.05,397.3,397.3,397.3,397.3,0,15.0,0.5657,0.000445,-7.68,22.96
2026-09-07 11:02:00,23781.35,397.3,397.3,397.3,397.3,0,15.0,0.5645,0.000445,-7.69,22.97
2026-09-07 11:03:00,23780.75,397.3,397.3,393.5,393.5,65,13.96,0.5681,0.000478,-7.14,22.93
2026-09-07 11:04:00,23774.1,393.5,393.5,393.5,393.5,0,15.0,0.5613,0.000446,-7.7,22.99
2026-09-07 11:05:00,23775.95,393.5,393.5,393.5,393.5,0,15.0,0.5621,0.000446,-7.69,22.98
2026-09-07 11:06:00,23774.4,393.5,393.5,393.5,393.5,0,15.0,0.5614,0.000446,-7.7,22.99
2026-09-07 11:07:00,23771.75,393.5,393.5,393.5,393.5,0,15.0,0.5602,0.000446,-7.7,23.0
2026-09-07 11:08:00,23772.5,393.5,393.5,393.5,393.5,0,15.0,0.5605,0.000446,-7.7,22.99
2026-09-07 11:09:00,23770.2,393.5,393.5,393.5,393.5,0,15.0,0.5595,0.000447,-7.7,23.0
2026-09-07 11:10:00,23770.3,393.5,393.5,393.5,393.5,0,15.0,0.5596,0.000447,-7.7,23.0
2026-09-07 11:11:00,23773.5,393.5,393.5,393.5,393.5,0,15.0,0.561,0.000446,-7.7,22.99
2026-09-07 11:12:00,23771.45,393.5,393.5,393.5,393.5,0,15.0,0.5601,0.000446,-7.7,23.0
2026-09-07 11:13:00,23764.75,393.5,393.5,384.1,384.1,195,13.94,0.5605,0.00048,-7.16,22.99
2026-09-07 11:14:00,23769.15,384.1,384.1,384.1,384.1,0,15.0,0.5591,0.000447,-7.7,23.0
2026-09-07 11:15:00,23764.2,384.1,387.0,384.1,385.0,130,14.0,0.56,0.000479,-7.18,22.99
2026-09-07 11:16:00,23767.7,385.0,385.0,385.0,385.0,0,15.0,0.5584,0.000447,-7.7,23.01
2026-09-07 11:17:00,23770.55,385.0,385.0,385.0,385.0,0,15.0,0.5597,0.000447,-7.7,23.0
2026-09-07 11:18:00,23769.35,385.0,385.0,385.0,385.0,0,15.0,0.5591,0.000447,-7.7,23.0
2026-09-07 11:19:00,23769.3,385.0,385.0,385.0,385.0,0,15.0,0.5591,0.000447,-7.7,23.0
2026-09-07 11:20:00,23773.6,385.0,388.85,385.0,388.85,65,13.94,0.5648,0.00048,-7.14,22.95
2026-09-07 11:21:00,23773.95,388.85,388.85,388.85,388.85,0,15.0,0.5612,0.000446,-7.7,22.99
2026-09-07 11:22:00,23776.05,388.85,388.85,388.85,388.85,0,15.0,0.5621,0.000446,-7.7,22.98
2026-09-07 11:23:00,23774.2,388.85,388.85,388.85,388.85,0,15.0,0.5613,0.000446,-7.7,22.98
2026-09-07 11:24:00,23770.3,388.85,388.85,388.85,388.85,0,15.0,0.5596,0.000447,-7.7,23.0
2026-09-07 11:25:00,23768.45,388.85,388.85,388.85,388.85,0,15.0,0.5588,0.000447,-7.71,23.0
2026-09-07 11:26:00,23767.7,388.85,388.85,388.85,388.85,0,15.0,0.5584,0.000447,-7.71,23.0
2026-09-07 11:27:00,23768.0,388.85,388.85,388.85,388.85,0,15.0,0.5586,0.000447,-7.71,23.0
2026-09-07 11:28:00,23767.9,388.85,388.85,386.5,386.5,65,13.98,0.5619,0.000479,-7.17,22.97
2026-09-07 11:29:00,23766.6,386.5,387.4,386.5,387.4,65,14.05,0.561,0.000477,-7.21,22.98
2026-09-07 11:30:00,23766.15,386.5,386.5,386.5,386.5,65,14.02,0.5609,0.000478,-7.19,22.98
2026-09-07 11:31:00,23765.45,386.5,386.5,386.5,386.5,65,14.04,0.5605,0.000477,-7.2,22.98
2026-09-07 11:32:00,23768.3,386.5,386.5,386.5,386.5,0,15.0,0.5587,0.000447,-7.71,23.0
2026-09-07 11:33:00,23768.15,386.5,386.5,386.5,386.5,0,15.0,0.5586,0.000447,-7.71,23.0
2026-09-07 11:34:00,23767.15,386.5,386.5,386.5,386.5,0,15.0,0.5582,0.000447,-7.71,23.0
2026-09-07 11:35:00,23765.25,386.5,386.5,386.5,386.5,0,15.0,0.5573,0.000447,-7.71,23.01
2026-09-07 11:36:00,23763.6,386.5,386.5,386.5,386.5,0,15.0,0.5566,0.000447,-7.71,23.01
2026-09-07 11:37:00,23765.8,386.5,386.5,386.5,386.5,0,15.0,0.5576,0.000447,-7.71,23.0
2026-09-07 11:38:00,23764.55,386.5,386.5,386.5,386.5,0,15.0,0.557,0.000447,-7.71,23.01
2026-09-07 11:39:00,23764.5,386.5,386.5,386.5,386.5,0,15.0,0.557,0.000447,-7.71,23.01
2026-09-07 11:40:00,23758.1,386.5,386.5,386.5,386.5,0,15.0,0.5541,0.000448,-7.72,23.03
2026-09-07 11:41:00,23761.65,386.5,386.5,385.65,385.65,65,14.09,0.5585,0.000476,-7.24,22.99
2026-09-07 11:42:00,23767.55,385.65,385.65,385.65,385.65,0,15.0,0.5584,0.000447,-7.71,23.0
2026-09-07 11:43:00,23769.0,385.65,385.65,385.65,385.65,0,15.0,0.559,0.000447,-7.71,22.99
2026-09-07 11:44:00,23771.9,385.65,385.65,385.65,385.65,0,15.0,0.5603,0.000447,-7.7,22.98
2026-09-07 11:45:00,23772.15,385.65,385.65,385.65,385.65,0,15.0,0.5604,0.000447,-7.7,22.98
2026-09-07 11:46:00,23772.1,385.65,385.65,385.65,385.65,0,15.0,0.5604,0.000447,-7.7,22.98
2026-09-07 11:47:00,23772.65,385.65,392.95,385.65,392.95,65,14.14,0.5636,0.000473,-7.25,22.95
2026-09-07 11:48:00,23770.3,392.95,392.95,392.0,392.0,65,14.16,0.5624,0.000473,-7.27,22.96
2026-09-07 11:49:00,23768.85,392.0,392.0,392.0,392.0,0,15.0,0.5589,0.000447,-7.71,22.99
2026-09-07 11:50:00,23769.2,392.0,392.0,392.0,392.0,0,15.0,0.5591,0.000447,-7.71,22.99
2026-09-07 11:51:00,23768.8,392.0,392.0,392.0,392.0,0,15.0,0.5589,0.000447,-7.71,22.99
2026-09-07 11:52:00,23773.55,392.0,392.0,392.0,392.0,0,15.0,0.5611,0.000447,-7.7,22.98
2026-09-07 11:53:00,23774.05,392.0,392.0,392.0,392.0,0,15.0,0.5613,0.000447,-7.7,22.97
2026-09-07 11:54:00,23775.5,392.0,392.0,392.0,392.0,0,15.0,0.5619,0.000446,-7.7,22.97
2026-09-07 11:55:00,23773.9,392.0,392.0,392.0,392.0,0,15.0,0.5612,0.000447,-7.7,22.97
2026-09-07 11:56:00,23770.45,392.0,392.0,392.0,392.0,0,15.0,0.5597,0.000447,-7.71,22.98
2026-09-07 11:57:00,23771.8,392.0,392.0,392.0,392.0,0,15.0,0.5603,0.000447,-7.71,22.98
2026-09-07 11:58:00,23774.35,392.0,392.0,392.0,392.0,0,15.0,0.5614,0.000447,-7.7,22.97
2026-09-07 11:59:00,23774.75,392.0,394.85,392.0,394.85,130,14.18,0.5644,0.000472,-7.27,22.94
2026-09-07 12:00:00,23773.85,394.85,394.85,394.85,394.85,0,15.0,0.5612,0.000447,-7.7,22.97
2026-09-07 12:01:00,23773.35,394.85,394.85,394.85,394.85,0,15.0,0.561,0.000447,-7.7,22.97
2026-09-07 12:02:00,23773.15,394.85,394.85,394.85,394.85,0,15.0,0.5609,0.000447,-7.7,22.97
2026-09-07 12:03:00,23772.95,394.85,394.85,394.55,394.55,65,14.21,0.5635,0.000471,-7.29,22.95
2026-09-07 12:04:00,23774.8,394.55,394.55,394.55,394.55,0,15.0,0.5616,0.000447,-7.7,22.97
2026-09-07 12:05:00,23774.0,394.55,394.55,394.55,394.55,0,15.0,0.5613,0.000447,-7.7,22.97
2026-09-07 12:06:00,23776.3,394.55,394.55,394.55,394.55,0,15.0,0.5623,0.000446,-7.7,22.96
2026-09-07 12:07:00,23778.95,394.55,394.55,393.2,393.2,65,14.0,0.5671,0.000477,-7.17,22.92
2026-09-07 12:08:00,23783.25,393.2,393.2,393.2,393.2,0,15.0,0.5654,0.000446,-7.69,22.94
2026-09-07 12:09:00,23787.1,393.2,393.2,393.2,393.2,0,15.0,0.5671,0.000445,-7.69,22.92
2026-09-07 12:10:00,23779.7,393.2,393.2,393.2,393.2,0,15.0,0.5638,0.000446,-7.7,22.95
2026-09-07 12:11:00,23782.15,393.2,393.2,393.2,393.2,0,15.0,0.5649,0.000446,-7.69,22.94
2026-09-07 12:12:00,23785.5,393.2,393.2,393.2,393.2,0,15.0,0.5664,0.000445,-7.69,22.93
2026-09-07 12:13:00,23781.45,393.2,401.95,393.2,401.95,195,14.33,0.567,0.000466,-7.34,22.92
2026-09-07 12:14:00,23785.95,401.95,401.95,401.95,401.95,0,15.0,0.5666,0.000445,-7.69,22.93
2026-09-07 12:15:00,23783.6,401.95,401.95,401.95,401.95,0,15.0,0.5656,0.000446,-7.69,22.93
2026-09-07 12:16:00,23778.9,401.95,401.95,401.95,401.95,0,15.0,0.5635,0.000446,-7.7,22.95
2026-09-07 12:17:00,23775.25,401.95,401.95,401.95,401.95,0,15.0,0.5618,0.000447,-7.7,22.96
2026-09-07 12:18:00,23773.65,401.95,401.95,401.95,401.95,0,15.0,0.5611,0.000447,-7.71,22.97
2026-09-07 12:19:00,23769.4,401.95,401.95,391.05,391.05,65,14.15,0.562,0.000474,-7.26,22.95
2026-09-07 12:20:00,23771.7,391.05,391.5,391.05,391.5,65,14.11,0.5633,0.000474,-7.24,22.94
2026-09-07 12:21:00,23767.05,391.5,391.5,391.5,391.5,0,15.0,0.5582,0.000447,-7.71,22.98
2026-09-07 12:22:00,23764.85,391.5,391.5,391.5,391.5,0,15.0,0.5572,0.000448,-7.72,22.99
2026-09-07 12:23:00,23764.7,391.5,391.5,391.5,391.5,0,15.0,0.5571,0.000448,-7.72,22.99
2026-09-07 12:24:00,23767.85,391.5,391.5,391.5,391.5,0,15.0,0.5585,0.000447,-7.71,22.98
2026-09-07 12:25:00,23765.45,391.5,391.5,391.5,391.5,0,15.0,0.5575,0.000448,-7.72,22.99
2026-09-07 12:26:00,23764.2,391.5,391.5,390.0,390.0,195,14.23,0.5593,0.000471,-7.31,22.97
2026-09-07 12:27:00,23764.65,390.0,390.0,390.0,390.0,0,15.0,0.5571,0.000448,-7.72,22.99
2026-09-07 12:28:00,23762.1,390.0,390.0,390.0,390.0,0,15.0,0.556,0.000448,-7.72,23.0
2026-09-07 12:29:00,23761.4,390.0,390.0,390.0,390.0,0,15.0,0.5556,0.000448,-7.72,23.0
2026-09-07 12:30:00,23756.45,385.6,385.6,385.6,385.6,65,14.23,0.5556,0.000472,-7.32,22.99
2026-09-07 12:31:00,23755.3,385.6,385.6,385.6,385.6,0,15.0,0.5529,0.000449,-7.73,23.01
2026-09-07 12:32:00,23757.35,385.6,385.6,385.6,385.6,0,15.0,0.5538,0.000448,-7.73,23.01
2026-09-07 12:33:00,23762.45,385.6,385.6,382.75,382.75,65,13.96,0.5594,0.000481,-7.17,22.97
2026-09-07 12:34:00,23761.4,382.75,384.15,382.75,384.15,65,14.05,0.5586,0.000478,-7.22,22.97
2026-09-07 12:35:00,23757.1,384.15,384.15,384.15,384.15,0,15.0,0.5537,0.000448,-7.73,23.01
2026-09-07 12:36:00,23757.2,384.15,384.15,384.15,384.15,0,15.0,0.5538,0.000448,-7.73,23.01
2026-09-07 12:37:00,23765.15,384.15,384.95,384.15,384.95,195,13.99,0.5606,0.000479,-7.19,22.96
2026-09-07 12:38:00,23765.15,384.95,384.95,384.95,384.95,0,15.0,0.5573,0.000448,-7.72,22.98
2026-09-07 12:39:00,23761.0,384.95,384.95,384.95,384.95,0,15.0,0.5555,0.000448,-7.72,23.0
2026-09-07 12:40:00,23761.35,384.95,384.95,384.95,384.95,0,15.0,0.5556,0.000448,-7.72,22.99
2026-09-07 12:41:00,23760.95,384.95,384.95,384.95,384.95,0,15.0,0.5555,0.000448,-7.72,23.0
2026-09-07 12:42:00,23757.35,384.95,384.95,384.95,384.95,0,15.0,0.5538,0.000448,-7.73,23.0
2026-09-07 12:43:00,23758.7,384.95,384.95,384.95,384.95,0,15.0,0.5544,0.000448,-7.73,23.0
2026-09-07 12:44:00,23758.4,384.95,384.95,384.95,384.95,0,15.0,0.5543,0.000448,-7.73,23.0
2026-09-07 12:45:00,23756.85,384.1,384.1,384.1,384.1,130,14.16,0.5561,0.000475,-7.29,22.98
2026-09-07 12:46:00,23756.2,384.1,384.1,384.1,384.1,0,15.0,0.5533,0.000449,-7.73,23.01
2026-09-07 12:47:00,23754.1,384.1,384.1,384.1,384.1,0,15.0,0.5524,0.000449,-7.73,23.01
2026-09-07 12:48:00,23752.45,384.1,384.1,380.8,380.8,1820,14.12,0.5541,0.000476,-7.27,23.0
2026-09-07 12:49:00,23752.75,380.8,380.8,380.8,380.8,0,15.0,0.5518,0.000449,-7.73,23.01
2026-09-07 12:50:00,23746.25,380.8,380.8,380.8,380.8,0,15.0,0.5489,0.000449,-7.74,23.03
2026-09-07 12:51:00,23746.9,380.8,380.8,377.35,378.6,260,14.16,0.5513,0.000476,-7.3,23.01
2026-09-07 12:52:00,23741.9,378.6,378.6,376.0,376.0,260,14.17,0.5489,0.000476,-7.31,23.02
2026-09-07 12:53:00,23742.55,376.0,376.0,374.05,374.3,715,14.08,0.5495,0.000479,-7.26,23.02
2026-09-07 12:54:00,23744.65,374.3,375.6,373.8,373.8,520,14.0,0.5507,0.000481,-7.22,23.01
2026-09-07 12:55:00,23739.4,373.8,373.8,373.8,373.8,0,15.0,0.5458,0.00045,-7.74,23.04
2026-09-07 12:56:00,23741.4,373.8,376.8,373.8,376.8,65,14.21,0.5486,0.000475,-7.33,23.03
2026-09-07 12:57:00,23744.8,376.8,376.8,374.6,374.6,65,14.04,0.5507,0.00048,-7.24,23.01
2026-09-07 12:58:00,23744.9,374.6,374.6,374.6,374.6,0,15.0,0.5483,0.00045,-7.74,23.03
2026-09-07 12:59:00,23744.45,374.6,374.6,374.6,374.6,0,15.0,0.5481,0.00045,-7.74,23.03
2026-09-07 13:00:00,23743.1,374.6,379.5,374.6,379.5,65,14.29,0.5492,0.000472,-7.37,23.02
2026-09-07 13:01:00,23745.45,379.5,379.5,379.0,379.5,130,14.23,0.5505,0.000474,-7.34,23.01
2026-09-07 13:02:00,23747.2,379.5,382.8,379.5,382.55,390,14.33,0.551,0.00047,-7.39,23.01
2026-09-07 13:03:00,23744.15,382.55,382.55,381.4,381.4,65,14.35,0.5495,0.00047,-7.4,23.02
2026-09-07 13:04:00,23746.25,381.4,382.0,381.4,382.0,65,14.32,0.5506,0.000471,-7.39,23.01
2026-09-07 13:05:00,23749.75,382.0,382.0,382.0,382.0,65,14.24,0.5525,0.000473,-7.34,23.0
2026-09-07 13:06:00,23753.4,382.0,382.0,382.0,382.0,0,15.0,0.5521,0.000449,-7.73,23.01
2026-09-07 13:07:00,23751.1,382.0,382.0,382.0,382.0,0,15.0,0.5511,0.000449,-7.74,23.01
2026-09-07 13:08:00,23751.6,382.0,382.0,382.0,382.0,0,15.0,0.5513,0.000449,-7.74,23.01
2026-09-07 13:09:00,23751.4,382.0,382.0,382.0,382.0,0,15.0,0.5512,0.000449,-7.74,23.01
2026-09-07 13:10:00,23752.35,382.0,382.0,382.0,382.0,0,15.0,0.5516,0.000449,-7.74,23.01
2026-09-07 13:11:00,23749.85,382.0,382.0,382.0,382.0,0,15.0,0.5505,0.000449,-7.74,23.01
2026-09-07 13:12:00,23753.9,382.0,382.0,382.0,382.0,0,15.0,0.5523,0.000449,-7.73,23.0
2026-09-07 13:13:00,23752.75,382.0,382.0,382.0,382.0,0,15.0,0.5518,0.000449,-7.73,23.01
2026-09-07 13:14:00,23750.15,382.0,382.0,382.0,382.0,0,15.0,0.5506,0.000449,-7.74,23.01
2026-09-07 13:15:00,23751.7,382.0,382.0,382.0,382.0,0,15.0,0.5513,0.000449,-7.74,23.01
2026-09-07 13:16:00,23750.85,382.0,382.4,382.0,382.4,65,14.23,0.553,0.000473,-7.34,22.99
2026-09-07 13:17:00,23752.3,382.4,382.4,381.35,381.35,260,14.15,0.5539,0.000476,-7.29,22.99
2026-09-07 13:18:00,23747.3,381.1,381.1,381.05,381.05,390,14.26,0.5513,0.000473,-7.35,23.0
2026-09-07 13:19:00,23754.05,379.85,381.45,379.85,381.45,325,14.12,0.5549,0.000477,-7.27,22.98
2026-09-07 13:20:00,23755.1,381.45,381.45,381.45,381.45,195,14.09,0.5555,0.000477,-7.26,22.98
2026-09-07 13:21:00,23756.75,381.45,381.45,381.45,381.45,0,15.0,0.5536,0.000449,-7.73,22.99
2026-09-07 13:22:00,23758.95,381.45,385.35,381.45,385.35,260,14.17,0.5571,0.000474,-7.29,22.96
2026-09-07 13:23:00,23755.75,385.35,385.35,385.35,385.35,0,15.0,0.5532,0.000449,-7.73,22.99
2026-09-07 13:24:00,23756.55,385.35,385.35,385.35,385.35,0,15.0,0.5535,0.000449,-7.73,22.99
2026-09-07 13:25:00,23760.7,385.35,385.35,385.35,385.35,0,15.0,0.5554,0.000448,-7.73,22.98
2026-09-07 13:26:00,23761.7,385.35,385.35,385.35,385.35,0,15.0,0.5558,0.000448,-7.73,22.98
2026-09-07 13:27:00,23758.55,385.35,385.35,385.35,385.35,0,15.0,0.5544,0.000449,-7.73,22.99
2026-09-07 13:28:00,23758.35,385.35,385.35,384.95,384.95,3900,14.17,0.5568,0.000475,-7.29,22.96
2026-09-07 13:29:00,23756.85,384.95,385.85,384.95,385.85,65,14.24,0.5558,0.000472,-7.34,22.97
2026-09-07 13:30:00,23756.45,385.85,385.85,385.85,385.85,0,15.0,0.5535,0.000449,-7.73,22.99
2026-09-07 13:31:00,23757.1,385.85,385.85,385.85,385.85,0,15.0,0.5538,0.000449,-7.73,22.99
2026-09-07 13:32:00,23754.1,385.85,385.85,385.85,385.85,0,15.0,0.5524,0.000449,-7.74,23.0
2026-09-07 13:33:00,23756.1,385.85,385.85,385.15,385.15,195,14.23,0.5555,0.000473,-7.33,22.97
2026-09-07 13:34:00,23756.1,385.15,385.15,385.15,385.15,0,15.0,0.5533,0.000449,-7.73,22.99
2026-09-07 13:35:00,23754.0,385.15,385.15,385.15,385.15,0,15.0,0.5524,0.000449,-7.74,22.99
2026-09-07 13:36:00,23757.4,385.15,385.15,385.15,385.15,0,15.0,0.5539,0.000449,-7.73,22.99
2026-09-07 13:37:00,23762.9,385.15,390.35,385.15,390.35,390,14.29,0.5585,0.00047,-7.36,22.95
2026-09-07 13:38:00,23761.35,390.35,390.35,390.35,390.35,0,15.0,0.5557,0.000448,-7.73,22.97
2026-09-07 13:39:00,23759.95,390.35,390.35,390.35,390.35,0,15.0,0.555,0.000449,-7.73,22.98
2026-09-07 13:40:00,23758.4,390.35,390.35,390.0,390.0,1300,14.39,0.5561,0.000468,-7.41,22.97
2026-09-07 13:41:00,23760.7,390.0,390.0,390.0,390.0,0,15.0,0.5554,0.000449,-7.73,22.97
2026-09-07 13:42:00,23759.55,390.0,390.0,388.0,388.0,65,14.27,0.557,0.000471,-7.35,22.96
2026-09-07 13:43:00,23758.55,388.0,388.0,388.0,388.0,0,15.0,0.5544,0.000449,-7.73,22.98
2026-09-07 13:44:00,23761.8,388.0,388.0,388.0,388.0,0,15.0,0.5559,0.000448,-7.73,22.97
2026-09-07 13:45:00,23759.55,388.0,388.0,388.0,388.0,0,15.0,0.5549,0.000449,-7.73,22.98
2026-09-07 13:46:00,23766.35,388.0,388.0,388.0,388.0,0,15.0,0.5579,0.000448,-7.72,22.96
2026-09-07 13:47:00,23767.95,388.0,388.0,388.0,388.0,0,15.0,0.5586,0.000448,-7.72,22.95
2026-09-07 13:48:00,23764.05,388.0,388.0,388.0,388.0,0,15.0,0.5569,0.000448,-7.73,22.96
2026-09-07 13:49:00,23765.95,388.0,388.0,388.0,388.0,0,15.0,0.5577,0.000448,-7.73,22.96
2026-09-07 13:50:00,23766.2,388.0,388.0,388.0,388.0,0,15.0,0.5579,0.000448,-7.73,22.95
2026-09-07 13:51:00,23767.5,388.0,388.0,388.0,388.0,0,15.0,0.5584,0.000448,-7.72,22.95
2026-09-07 13:52:00,23770.25,388.0,394.5,388.0,394.5,65,14.3,0.562,0.000469,-7.35,22.92
2026-09-07 13:53:00,23779.6,394.5,402.5,394.5,402.5,585,14.42,0.5659,0.000464,-7.4,22.89
2026-09-07 13:54:00,23778.2,402.5,402.5,400.95,400.95,65,14.38,0.5654,0.000466,-7.39,22.89
2026-09-07 13:55:00,23778.8,400.95,400.95,400.95,400.95,0,15.0,0.5635,0.000447,-7.71,22.91
2026-09-07 13:56:00,23777.3,400.95,400.95,400.95,400.95,0,15.0,0.5628,0.000447,-7.71,22.92
2026-09-07 13:57:00,23777.65,400.95,400.95,397.05,397.05,65,14.23,0.5657,0.000471,-7.31,22.89
2026-09-07 13:58:00,23776.35,397.05,397.05,397.05,397.05,0,15.0,0.5624,0.000447,-7.71,22.92
2026-09-07 13:59:00,23775.05,397.05,397.3,397.05,397.3,195,14.3,0.5642,0.000469,-7.35,22.9
2026-09-07 14:00:00,23777.65,397.3,399.95,397.3,399.95,130,14.36,0.5652,0.000467,-7.37,22.89
2026-09-07 14:01:00,23778.75,399.95,399.95,399.95,399.95,0,15.0,0.5635,0.000447,-7.71,22.91
2026-09-07 14:02:00,23781.65,399.95,399.95,399.95,399.95,0,15.0,0.5648,0.000447,-7.71,22.9
2026-09-07 14:03:00,23781.65,399.95,399.95,399.95,399.95,0,15.0,0.5648,0.000447,-7.71,22.9
2026-09-07 14:04:00,23780.15,399.95,402.45,399.95,402.45,65,14.4,0.5662,0.000465,-7.4,22.88
2026-09-07 14:05:00,23776.05,402.45,402.45,402.45,402.45,0,15.0,0.5623,0.000447,-7.72,22.92
2026-09-07 14:06:00,23775.0,402.45,402.45,402.45,402.45,0,15.0,0.5618,0.000447,-7.72,22.92
2026-09-07 14:07:00,23772.4,402.45,402.45,402.45,402.45,0,15.0,0.5606,0.000448,-7.72,22.93
2026-09-07 14:08:00,23767.5,402.45,402.45,402.45,402.45,0,15.0,0.5585,0.000448,-7.73,22.94
2026-09-07 14:09:00,23771.8,402.45,402.45,402.45,402.45,0,15.0,0.5604,0.000448,-7.72,22.93
2026-09-07 14:10:00,23774.1,402.45,402.45,402.45,402.45,0,15.0,0.5614,0.000447,-7.72,22.92
2026-09-07 14:11:00,23773.45,402.45,402.45,402.45,402.45,0,15.0,0.5611,0.000448,-7.72,22.92
2026-09-07 14:12:00,23773.6,402.45,402.45,402.45,402.45,0,15.0,0.5612,0.000448,-7.72,22.92
2026-09-07 14:13:00,23775.35,402.45,402.45,402.45,402.45,0,15.0,0.562,0.000447,-7.72,22.92
2026-09-07 14:14:00,23774.05,402.45,402.45,402.45,402.45,0,15.0,0.5614,0.000447,-7.72,22.92
2026-09-07 14:15:00,23773.45,402.45,402.45,397.75,397.75,130,14.37,0.5633,0.000467,-7.39,22.9
2026-09-07 14:16:00,23772.75,397.75,397.75,397.75,397.75,0,15.0,0.5608,0.000448,-7.72,22.93
2026-09-07 14:17:00,23769.85,397.75,397.75,397.75,397.75,0,15.0,0.5595,0.000448,-7.72,22.93
2026-09-07 14:18:00,23772.05,397.75,397.75,397.75,397.75,0,15.0,0.5605,0.000448,-7.72,22.93
2026-09-07 14:19:00,23771.7,397.75,397.75,397.75,397.75,0,15.0,0.5603,0.000448,-7.72,22.93
2026-09-07 14:20:00,23774.5,397.75,397.75,397.75,397.75,0,15.0,0.5616,0.000447,-7.72,22.92
2026-09-07 14:21:00,23775.35,397.75,397.75,397.75,397.75,0,15.0,0.562,0.000447,-7.72,22.91
2026-09-07 14:22:00,23775.05,397.75,397.75,397.75,397.75,0,15.0,0.5618,0.000447,-7.72,22.92
2026-09-07 14:23:00,23779.55,397.75,397.75,397.75,397.75,0,15.0,0.5639,0.000447,-7.71,22.9
2026-09-07 14:24:00,23780.2,397.75,397.75,397.75,397.75,0,15.0,0.5642,0.000447,-7.71,22.9
2026-09-07 14:25:00,23781.05,397.75,397.75,397.75,397.75,0,15.0,0.5645,0.000447,-7.71,22.89
2026-09-07 14:26:00,23781.4,397.75,397.75,397.75,397.75,0,15.0,0.5647,0.000447,-7.71,22.89
2026-09-07 14:27:00,23783.05,397.75,397.75,397.75,397.75,0,15.0,0.5654,0.000447,-7.71,22.89
2026-09-07 14:28:00,23781.9,397.75,397.75,397.75,397.75,0,15.0,0.5649,0.000447,-7.71,22.89
2026-09-07 14:29:00,23784.15,397.75,397.75,397.75,397.75,0,15.0,0.5659,0.000447,-7.71,22.88
2026-09-07 14:30:00,23783.75,397.75,397.75,397.75,397.75,0,15.0,0.5657,0.000447,-7.71,22.88
2026-09-07 14:31:00,23776.95,397.75,397.75,397.75,397.75,0,15.0,0.5627,0.000447,-7.72,22.91
2026-09-07 14:32:00,23779.7,397.75,397.75,397.75,397.75,0,15.0,0.5639,0.000447,-7.71,22.9
2026-09-07 14:33:00,23777.9,397.75,397.75,397.75,397.75,0,15.0,0.5631,0.000447,-7.72,22.9
2026-09-07 14:34:00,23774.25,397.75,397.75,388.45,388.45,65,13.94,0.5652,0.000481,-7.17,22.88
2026-09-07 14:35:00,23774.55,388.45,388.45,388.45,388.45,0,15.0,0.5616,0.000448,-7.72,22.91
2026-09-07 14:36:00,23774.2,388.45,391.0,388.45,391.0,65,14.06,0.5648,0.000477,-7.23,22.88
2026-09-07 14:37:00,23772.2,391.0,391.0,391.0,391.0,0,15.0,0.5606,0.000448,-7.72,22.92
2026-09-07 14:38:00,23769.25,391.0,391.0,391.0,391.0,0,15.0,0.5593,0.000448,-7.73,22.93
2026-09-07 14:39:00,23766.5,391.0,391.0,391.0,391.0,0,15.0,0.558,0.000448,-7.73,22.94
2026-09-07 14:40:00,23761.05,391.0,391.0,378.45,378.45,130,13.83,0.5592,0.000486,-7.12,22.92
2026-09-07 14:41:00,23760.15,378.45,378.45,375.05,376.4,195,13.77,0.559,0.000489,-7.09,22.92
2026-09-07 14:42:00,23761.55,376.4,376.4,376.4,376.4,0,15.0,0.5558,0.000449,-7.74,22.95
2026-09-07 14:43:00,23761.15,376.4,376.4,376.4,376.4,0,15.0,0.5556,0.000449,-7.74,22.95
2026-09-07 14:44:00,23758.7,376.4,376.4,376.4,376.4,0,15.0,0.5545,0.000449,-7.74,22.96
2026-09-07 14:45:00,23756.1,376.4,377.1,376.4,377.1,65,13.9,0.5566,0.000485,-7.16,22.94
2026-09-07 14:46:00,23755.35,377.1,377.1,377.1,377.1,0,15.0,0.553,0.000449,-7.74,22.97
2026-09-07 14:47:00,23755.95,377.1,377.1,377.1,377.1,0,15.0,0.5533,0.000449,-7.74,22.96
2026-09-07 14:48:00,23755.4,377.1,377.1,377.05,377.05,65,13.91,0.5562,0.000484,-7.17,22.94
2026-09-07 14:49:00,23754.4,377.05,377.05,376.8,376.8,260,13.93,0.5557,0.000484,-7.18,22.94
2026-09-07 14:50:00,23760.35,376.8,377.4,376.8,377.4,65,13.81,0.559,0.000487,-7.11,22.92
2026-09-07 14:51:00,23763.15,377.4,377.4,377.4,377.4,0,15.0,0.5565,0.000449,-7.74,22.94
2026-09-07 14:52:00,23752.05,377.4,377.4,377.4,377.4,0,15.0,0.5516,0.00045,-7.75,22.97
2026-09-07 14:53:00,23750.05,377.4,377.4,377.4,377.4,0,15.0,0.5507,0.00045,-7.75,22.98
2026-09-07 14:54:00,23750.6,377.4,377.4,377.4,377.4,0,15.0,0.5509,0.00045,-7.75,22.97
2026-09-07 14:55:00,23751.95,377.4,377.4,377.4,377.4,0,15.0,0.5515,0.00045,-7.75,22.97
2026-09-07 14:56:00,23752.85,378.9,378.9,378.9,378.9,65,14.06,0.5546,0.00048,-7.25,22.95
2026-09-07 14:57:00,23753.2,378.9,378.9,378.9,378.9,0,15.0,0.5521,0.00045,-7.75,22.97
2026-09-07 14:58:00,23748.35,378.9,378.9,378.9,378.9,0,15.0,0.5499,0.00045,-7.75,22.98
2026-09-07 14:59:00,23749.4,378.9,378.9,378.7,378.7,195,14.13,0.5527,0.000477,-7.3,22.96
2026-09-07 15:00:00,23747.8,378.7,378.7,378.7,378.7,0,15.0,0.5496,0.00045,-7.75,22.98
2026-09-07 15:01:00,23751.75,378.7,380.0,378.7,380.0,65,14.13,0.5538,0.000477,-7.29,22.95
2026-09-07 15:02:00,23755.5,380.0,380.0,380.0,380.0,0,15.0,0.5531,0.00045,-7.75,22.96
2026-09-07 15:03:00,23754.8,380.0,382.45,380.0,382.45,65,14.16,0.5552,0.000476,-7.31,22.94
2026-09-07 15:04:00,23750.15,382.45,382.45,382.45,382.45,0,15.0,0.5507,0.00045,-7.75,22.97
2026-09-07 15:05:00,23745.1,382.45,382.45,375.05,375.05,455,14.08,0.5508,0.00048,-7.27,22.97
2026-09-07 15:06:00,23750.15,375.05,375.05,375.05,375.05,0,15.0,0.5507,0.00045,-7.75,22.97
2026-09-07 15:07:00,23749.1,375.05,375.05,375.05,375.05,0,15.0,0.5502,0.00045,-7.75,22.97
2026-09-07 15:08:00,23747.05,375.05,375.4,375.0,375.0,715,14.03,0.5519,0.000481,-7.25,22.96
2026-09-07 15:09:00,23740.7,375.0,375.0,375.0,375.0,455,14.18,0.5484,0.000477,-7.33,22.98
2026-09-07 15:10:00,23744.05,375.0,375.0,374.25,374.25,65,14.07,0.5503,0.00048,-7.27,22.97
2026-09-07 15:11:00,23747.2,374.25,374.25,374.25,374.25,0,15.0,0.5494,0.00045,-7.75,22.98
2026-09-07 15:12:00,23747.3,374.25,374.25,374.25,374.25,0,15.0,0.5494,0.00045,-7.75,22.98
2026-09-07 15:13:00,23754.85,374.25,374.25,374.25,374.25,0,15.0,0.5528,0.00045,-7.75,22.96
2026-09-07 15:14:00,23759.4,374.25,377.45,374.25,376.65,130,13.8,0.5586,0.000488,-7.11,22.91
2026-09-07 15:15:00,23760.3,376.65,376.65,376.65,376.65,0,15.0,0.5553,0.000449,-7.74,22.94
2026-09-07 15:16:00,23760.3,376.65,376.65,376.65,376.65,0,15.0,0.5553,0.000449,-7.74,22.94
2026-09-07 15:17:00,23760.3,376.65,376.65,370.8,370.85,780,13.53,0.56,0.000497,-6.97,22.9
2026-09-07 15:18:00,23760.3,370.85,371.55,370.85,371.55,65,13.56,0.5599,0.000496,-6.99,22.9
2026-09-07 15:19:00,23760.3,370.0,370.0,361.85,361.85,715,13.14,0.5614,0.000512,-6.76,22.88
2026-09-07 15:20:00,23760.3,361.85,373.0,361.85,373.0,130,13.62,0.5596,0.000494,-7.02,22.9
2026-09-07 15:21:00,23760.3,373.0,373.0,369.0,369.0,65,13.45,0.5603,0.0005,-6.93,22.89
2026-09-07 15:22:00,23760.3,369.0,369.0,368.0,368.0,195,13.4,0.5604,0.000502,-6.9,22.89
2026-09-07 15:23:00,23760.3,368.0,368.0,368.0,368.0,0,15.0,0.5553,0.000449,-7.74,22.94
2026-09-07 15:24:00,23760.3,368.0,368.0,366.8,366.8,65,13.35,0.5606,0.000504,-6.88,22.89
2026-09-07 15:25:00,23760.3,366.8,368.0,366.3,368.0,260,13.41,0.5604,0.000502,-6.91,22.89
2026-09-07 15:26:00,23760.3,368.0,368.0,368.0,368.0,0,15.0,0.5553,0.000449,-7.74,22.94
2026-09-07 15:27:00,23760.3,368.0,368.0,360.0,360.0,65,13.06,0.5617,0.000515,-6.72,22.88
2026-09-07 15:28:00,23760.3,359.55,363.8,359.55,363.8,195,13.22,0.5611,0.000509,-6.81,22.88
2026-09-07 15:29:00,23779.15,364.2,364.2,364.2,364.2,65,12.77,0.5728,0.000523,-6.55,22.78
2026-09-08 09:15:00,23690.1,309.0,313.0,309.0,311.45,1235,12.82,0.5259,0.000541,-6.78,22.66
2026-09-08 09:16:00,23691.65,310.5,312.9,306.65,308.9,5330,12.67,0.527,0.000547,-6.7,22.66
2026-09-08 09:17:00,23690.8,309.4,312.95,309.15,310.3,2730,12.75,0.5264,0.000544,-6.74,22.66
2026-09-08 09:18:00,23693.75,312.95,314.0,312.3,313.35,2860,12.82,0.5279,0.000541,-6.77,22.66
2026-09-08 09:19:00,23694.15,313.6,314.0,312.65,312.65,1235,12.78,0.5282,0.000542,-6.75,22.66
2026-09-08 09:20:00,23690.5,313.25,314.0,311.6,312.35,2925,12.85,0.5261,0.000539,-6.79,22.66
2026-09-08 09:21:00,23690.2,312.45,313.2,312.0,313.0,1625,12.89,0.5259,0.000538,-6.81,22.66
2026-09-08 09:22:00,23691.3,312.85,315.65,311.0,315.65,1755,12.98,0.5264,0.000534,-6.86,22.66
2026-09-08 09:23:00,23682.35,315.65,315.65,310.9,311.25,1560,12.99,0.5216,0.000534,-6.87,22.67
2026-09-08 09:24:00,23679.5,311.25,312.1,310.0,310.6,975,13.03,0.52,0.000533,-6.89,22.67
2026-09-08 09:25:00,23682.7,310.3,312.65,310.05,310.95,1170,12.97,0.5218,0.000535,-6.86,22.67
2026-09-08 09:26:00,23681.8,310.95,310.95,310.95,310.95,455,12.99,0.5213,0.000534,-6.87,22.67
2026-09-08 09:27:00,23677.0,310.0,310.0,309.0,309.7,325,13.05,0.5187,0.000532,-6.9,22.67
2026-09-08 09:28:00,23674.45,309.7,309.7,306.2,308.55,2015,13.06,0.5173,0.000532,-6.91,22.67
2026-09-08 09:29:00,23672.5,306.5,307.95,306.0,306.0,7930,12.99,0.5163,0.000535,-6.87,22.67
2026-09-08 09:30:00,23672.5,305.6,309.3,305.6,306.6,4485,13.01,0.5163,0.000534,-6.89,22.67
2026-09-08 09:31:00,23674.5,306.3,309.65,306.3,308.85,2210,13.07,0.5173,0.000532,-6.91,22.67
2026-09-08 09:32:00,23674.0,309.05,310.0,308.05,308.7,1170,13.07,0.5171,0.000532,-6.92,22.67
2026-09-08 09:33:00,23674.7,309.85,309.85,309.85,309.85,130,13.11,0.5174,0.00053,-6.94,22.67
2026-09-08 09:34:00,23676.0,309.75,309.75,309.5,309.5,325,13.06,0.5181,0.000532,-6.91,22.67
2026-09-08 09:35:00,23682.0,309.5,312.9,309.5,312.4,1560,13.05,0.5213,0.000532,-6.9,22.67
2026-09-08 09:36:00,23684.95,314.95,314.95,313.85,313.85,650,13.05,0.5229,0.000532,-6.9,22.66
2026-09-08 09:37:00,23689.85,313.85,315.0,312.75,314.45,1625,12.96,0.5256,0.000535,-6.85,22.66
2026-09-08 09:38:00,23688.95,315.45,316.95,314.75,315.6,2600,13.03,0.5251,0.000532,-6.89,22.66
2026-09-08 09:39:00,23686.7,314.9,314.9,313.75,314.2,650,13.03,0.5239,0.000533,-6.89,22.66
2026-09-08 09:40:00,23681.2,313.5,313.5,313.2,313.2,455,13.11,0.5209,0.00053,-6.93,22.66
2026-09-08 09:41:00,23685.6,312.0,313.0,312.0,313.0,585,13.0,0.5233,0.000534,-6.87,22.66
2026-09-08 09:42:00,23676.4,310.0,310.35,307.4,307.4,2990,12.96,0.5184,0.000536,-6.86,22.67
2026-09-08 09:43:00,23671.45,307.4,307.4,305.0,305.0,2405,12.97,0.5158,0.000536,-6.86,22.67
2026-09-08 09:44:00,23674.35,304.0,304.95,303.6,303.6,975,12.84,0.5174,0.000541,-6.8,22.67
2026-09-08 09:45:00,23674.85,304.25,305.1,303.65,305.1,910,12.9,0.5176,0.000539,-6.83,22.67
2026-09-08 09:46:00,23680.45,305.1,307.25,304.05,307.25,455,12.86,0.5207,0.00054,-6.81,22.66
2026-09-08 09:47:00,23680.45,308.95,309.2,308.0,308.65,520,12.93,0.5206,0.000537,-6.84,22.66
2026-09-08 09:48:00,23679.8,308.1,308.1,308.1,308.1,65,12.92,0.5203,0.000538,-6.83,22.66
2026-09-08 09:49:00,23686.45,313.6,313.6,313.6,313.6,65,13.01,0.5238,0.000534,-6.88,22.66
2026-09-08 09:50:00,23689.9,314.5,315.65,313.7,313.7,1690,12.93,0.5257,0.000536,-6.84,22.65
2026-09-08 09:51:00,23683.75,315.9,315.9,314.25,314.25,195,13.1,0.5222,0.00053,-6.93,22.66
2026-09-08 09:52:00,23678.8,311.2,313.05,311.2,313.05,130,13.16,0.5196,0.000528,-6.96,22.66
2026-09-08 09:53:00,23677.7,310.0,312.0,310.0,312.0,390,13.14,0.519,0.000529,-6.95,22.66
2026-09-08 09:54:00,23678.55,312.0,312.0,312.0,312.0,130,13.12,0.5195,0.00053,-6.94,22.66
2026-09-08 09:55:00,23674.6,309.0,309.0,308.6,308.6,650,13.06,0.5174,0.000532,-6.91,22.66
2026-09-08 09:56:00,23673.8,308.0,308.0,307.4,307.4,325,13.03,0.517,0.000534,-6.89,22.66
2026-09-08 09:57:00,23670.95,307.4,307.7,306.4,307.0,325,13.07,0.5155,0.000532,-6.92,22.66
2026-09-08 09:58:00,23668.15,307.0,307.6,305.0,305.0,520,13.05,0.514,0.000533,-6.91,22.66
2026-09-08 09:59:00,23666.95,303.6,304.3,302.75,303.9,715,13.03,0.5133,0.000534,-6.9,22.66
2026-09-08 10:00:00,23673.8,305.4,306.8,303.0,306.7,3055,13.0,0.517,0.000535,-6.88,22.66
2026-09-08 10:01:00,23670.85,305.7,306.9,305.7,306.35,650,13.05,0.5154,0.000533,-6.91,22.66
2026-09-08 10:02:00,23666.0,305.95,305.95,302.0,302.5,2730,12.99,0.5128,0.000536,-6.88,22.66
2026-09-08 10:03:00,23660.95,303.3,303.3,299.55,302.0,2210,13.08,0.5101,0.000532,-6.93,22.66
2026-09-08 10:04:00,23659.7,301.0,302.15,301.0,301.05,325,13.07,0.5095,0.000533,-6.92,22.66
2026-09-08 10:05:00,23659.4,302.3,302.3,300.95,300.95,1820,13.07,0.5093,0.000533,-6.92,22.66
2026-09-08 10:06:00,23667.1,300.2,303.8,300.2,302.4,1300,12.96,0.5134,0.000537,-6.86,22.66
2026-09-08 10:07:00,23678.35,306.4,306.4,305.0,305.55,1495,12.84,0.5196,0.000541,-6.8,22.66
2026-09-08 10:08:00,23681.7,307.35,309.7,307.3,309.1,1820,12.92,0.5213,0.000538,-6.84,22.65
2026-09-08 10:09:00,23681.65,309.1,310.0,308.65,309.3,520,12.93,0.5213,0.000537,-6.84,22.65
2026-09-08 10:10:00,23680.35,310.45,310.85,309.65,309.65,1885,12.98,0.5205,0.000535,-6.87,22.65
2026-09-08 10:11:00,23681.7,309.4,310.6,309.25,310.0,2470,12.96,0.5213,0.000536,-6.86,22.65
2026-09-08 10:12:00,23689.45,309.25,313.95,309.25,313.95,455,12.96,0.5254,0.000536,-6.86,22.64
2026-09-08 10:13:00,23698.8,313.4,319.5,313.4,317.55,2210,12.9,0.5305,0.000537,-6.82,22.63
2026-09-08 10:14:00,23707.9,317.5,322.95,317.5,322.95,1105,12.92,0.5354,0.000536,-6.83,22.62
2026-09-08 10:15:00,23706.75,322.15,326.6,322.0,322.0,3120,12.91,0.5348,0.000536,-6.82,22.62
2026-09-08 10:16:00,23707.1,317.8,317.8,316.8,317.7,650,12.71,0.5353,0.000545,-6.72,22.61
2026-09-08 10:17:00,23704.2,317.7,317.7,317.7,317.7,0,15.0,0.5303,0.000462,-7.93,22.64
2026-09-08 10:18:00,23698.45,313.0,314.9,312.0,312.95,1625,12.71,0.5306,0.000545,-6.72,22.63
2026-09-08 10:19:00,23703.65,314.0,318.0,314.0,318.0,2080,12.81,0.5333,0.000541,-6.77,22.62
2026-09-08 10:20:00,23705.3,318.7,318.7,317.1,317.55,975,12.75,0.5343,0.000543,-6.74,22.62
2026-09-08 10:21:00,23701.9,313.5,315.35,313.5,315.35,520,12.73,0.5325,0.000544,-6.73,22.62
2026-09-08 10:22:00,23701.6,315.0,315.5,315.0,315.1,520,12.73,0.5323,0.000544,-6.73,22.62
2026-09-08 10:23:00,23702.5,317.25,317.55,317.15,317.55,260,12.81,0.5327,0.000541,-6.77,22.62
2026-09-08 10:24:00,23698.25,315.0,315.0,313.85,313.85,455,12.75,0.5305,0.000544,-6.74,22.63
2026-09-08 10:25:00,23690.0,309.25,309.25,308.0,309.0,1430,12.73,0.526,0.000545,-6.74,22.64
2026-09-08 10:26:00,23690.45,310.45,310.9,310.0,310.0,195,12.76,0.5262,0.000544,-6.75,22.64
2026-09-08 10:27:00,23698.2,315.0,316.1,314.65,315.2,390,12.81,0.5303,0.000541,-6.78,22.63
2026-09-08 10:28:00,23695.5,313.6,314.25,312.5,312.5,455,12.76,0.529,0.000544,-6.75,22.63
2026-09-08 10:29:00,23693.9,313.7,313.7,310.65,310.65,1235,12.71,0.5282,0.000546,-6.72,22.63
2026-09-08 10:30:00,23695.7,312.65,313.15,311.1,312.0,3120,12.73,0.5291,0.000545,-6.73,22.63
2026-09-08 10:31:00,23689.9,314.0,314.6,309.6,309.6,780,12.76,0.5259,0.000544,-6.75,22.64
2026-09-08 10:32:00,23688.45,309.8,309.8,308.55,308.55,260,12.75,0.5251,0.000545,-6.75,22.64
2026-09-08 10:33:00,23689.95,309.6,309.95,309.6,309.95,2015,12.77,0.5259,0.000543,-6.76,22.64
2026-09-08 10:34:00,23692.35,310.0,310.0,309.1,309.1,1755,12.68,0.5273,0.000547,-6.71,22.63
2026-09-08 10:35:00,23687.45,309.1,309.1,306.45,308.4,1755,12.76,0.5246,0.000544,-6.76,22.64
2026-09-08 10:36:00,23675.45,306.75,306.75,300.5,300.7,4225,12.7,0.5181,0.000548,-6.73,22.65
2026-09-08 10:37:00,23674.05,300.65,302.0,300.2,300.85,3315,12.74,0.5173,0.000546,-6.75,22.65
2026-09-08 10:38:00,23670.5,300.75,300.75,299.2,300.05,1950,12.78,0.5153,0.000544,-6.77,22.65
2026-09-08 10:39:00,23671.85,300.0,300.8,299.7,300.3,2080,12.77,0.5161,0.000545,-6.76,22.65
2026-09-08 10:40:00,23670.05,300.0,300.35,298.7,299.4,3315,12.77,0.5151,0.000545,-6.76,22.65
2026-09-08 10:41:00,23672.4,299.4,300.4,298.6,300.4,2275,12.76,0.5164,0.000545,-6.76,22.65
2026-09-08 10:42:00,23672.2,300.25,301.2,300.25,301.0,715,12.79,0.5163,0.000544,-6.78,22.65
2026-09-08 10:43:00,23670.15,301.6,301.9,300.2,300.2,1365,12.8,0.5151,0.000544,-6.78,22.65
2026-09-08 10:44:00,23669.3,300.9,300.9,300.0,300.6,2795,12.84,0.5147,0.000542,-6.8,22.65
2026-09-08 10:45:00,23673.65,300.2,300.75,300.0,300.75,1235,12.75,0.5171,0.000546,-6.75,22.65
2026-09-08 10:46:00,23683.25,305.1,306.25,303.55,305.0,455,12.71,0.5223,0.000547,-6.73,22.64
2026-09-08 10:47:00,23685.45,305.1,308.7,305.1,308.7,1105,12.83,0.5234,0.000542,-6.79,22.64
2026-09-08 10:48:00,23686.75,307.7,309.75,307.7,308.25,3965,12.78,0.5242,0.000544,-6.76,22.63
2026-09-08 10:49:00,23689.25,307.3,308.45,307.25,307.65,585,12.69,0.5256,0.000547,-6.72,22.63
2026-09-08 10:50:00,23696.2,308.45,311.65,308.0,310.75,3900,12.67,0.5295,0.000548,-6.7,22.62
2026-09-08 10:51:00,23694.2,311.35,311.35,310.05,310.95,455,12.72,0.5283,0.000545,-6.73,22.62
2026-09-08 10:52:00,23691.5,310.35,310.35,309.0,309.9,1690,12.74,0.5268,0.000545,-6.74,22.63
2026-09-08 10:53:00,23687.35,309.0,309.0,307.8,308.0,780,12.75,0.5245,0.000545,-6.75,22.63
2026-09-08 10:54:00,23682.35,306.95,308.75,305.0,305.0,1690,12.74,0.5218,0.000546,-6.74,22.64
2026-09-08 10:55:00,23678.15,304.4,304.4,303.55,304.0,585,12.79,0.5195,0.000544,-6.77,22.64
2026-09-08 10:56:00,23676.1,305.55,306.0,303.55,303.9,1365,12.83,0.5184,0.000542,-6.8,22.64
2026-09-08 10:57:00,23674.8,303.1,303.5,303.1,303.5,260,12.84,0.5176,0.000542,-6.8,22.64
2026-09-08 10:58:00,23670.65,302.6,303.15,301.7,301.7,585,12.86,0.5154,0.000541,-6.81,22.64
2026-09-08 10:59:00,23670.35,302.95,302.95,302.45,302.45,325,12.9,0.5152,0.00054,-6.84,22.64
2026-09-08 11:00:00,23667.6,302.0,302.15,299.0,299.0,2015,12.81,0.5138,0.000544,-6.79,22.64
2026-09-08 11:01:00,23666.4,300.0,300.65,298.9,300.65,520,12.91,0.5131,0.000539,-6.84,22.64
2026-09-08 11:02:00,23666.7,302.2,302.2,302.2,302.2,195,12.97,0.5132,0.000537,-6.88,22.64
2026-09-08 11:03:00,23669.55,301.5,301.5,300.0,300.0,1235,12.81,0.5148,0.000544,-6.79,22.64
2026-09-08 11:04:00,23662.6,301.5,301.5,300.65,300.65,2015,13.0,0.511,0.000536,-6.89,22.64
2026-09-08 11:05:00,23667.15,300.0,300.95,300.0,300.6,715,12.89,0.5135,0.00054,-6.83,22.64
2026-09-08 11:06:00,23669.95,301.7,303.15,301.7,303.15,520,12.94,0.515,0.000538,-6.86,22.64
2026-09-08 11:07:00,23673.0,303.35,305.95,303.35,304.75,260,12.94,0.5166,0.000538,-6.86,22.64
2026-09-08 11:08:00,23677.9,305.85,306.55,305.35,306.55,390,12.91,0.5193,0.000539,-6.84,22.63
2026-09-08 11:09:00,23676.3,306.55,306.95,306.5,306.5,260,12.94,0.5184,0.000538,-6.86,22.64
2026-09-08 11:10:00,23672.25,306.85,306.85,304.0,304.45,520,12.95,0.5162,0.000538,-6.86,22.64
2026-09-08 11:11:00,23676.0,303.75,303.75,303.75,303.75,65,12.83,0.5183,0.000542,-6.8,22.63
2026-09-08 11:12:00,23673.15,306.85,306.85,304.75,304.75,910,12.94,0.5167,0.000538,-6.86,22.64
2026-09-08 11:13:00,23677.85,304.75,304.75,304.75,304.75,0,15.0,0.5182,0.000464,-7.95,22.64
2026-09-08 11:14:00,23677.65,304.75,304.75,304.75,304.75,0,15.0,0.5181,0.000464,-7.95,22.64
2026-09-08 11:15:00,23674.65,304.45,304.75,304.45,304.75,325,12.91,0.5175,0.000539,-6.84,22.63
2026-09-08 11:16:00,23678.75,304.75,304.75,304.75,304.75,0,15.0,0.5186,0.000464,-7.95,22.63
2026-09-08 11:17:00,23678.2,304.75,304.75,304.75,304.75,0,15.0,0.5183,0.000464,-7.95,22.63
2026-09-08 11:18:00,23681.85,306.7,307.8,306.7,307.8,1820,12.88,0.5214,0.00054,-6.82,22.63
2026-09-08 11:19:00,23684.35,306.9,308.35,306.9,307.6,520,12.81,0.5229,0.000543,-6.79,22.62
2026-09-08 11:20:00,23681.3,307.6,307.6,307.25,307.45,325,12.87,0.5211,0.00054,-6.82,22.63
2026-09-08 11:21:00,23679.8,306.2,306.2,305.4,305.4,325,12.82,0.5204,0.000543,-6.79,22.63
2026-09-08 11:22:00,23674.0,304.75,304.75,303.55,303.55,195,12.87,0.5172,0.000541,-6.82,22.63
2026-09-08 11:23:00,23676.0,303.55,303.55,303.55,303.55,0,15.0,0.5173,0.000464,-7.95,22.63
2026-09-08 11:24:00,23672.55,305.6,305.6,302.0,302.0,1950,12.83,0.5164,0.000543,-6.8,22.63
2026-09-08 11:25:00,23679.7,303.4,305.9,303.4,305.9,390,12.84,0.5203,0.000542,-6.81,22.63
2026-09-08 11:26:00,23679.9,305.05,305.8,305.05,305.8,390,12.83,0.5204,0.000542,-6.8,22.63
2026-09-08 11:27:00,23679.5,306.0,306.0,304.85,304.85,520,12.8,0.5202,0.000544,-6.78,22.63
2026-09-08 11:28:00,23673.6,305.4,305.4,304.85,304.85,455,12.94,0.517,0.000538,-6.86,22.63
2026-09-08 11:29:00,23672.9,304.0,304.0,304.0,304.0,65,12.92,0.5166,0.000539,-6.85,22.63
2026-09-08 11:30:00,23670.5,305.0,305.0,301.4,303.0,1235,12.93,0.5153,0.000539,-6.85,22.63
2026-09-08 11:31:00,23670.9,301.6,301.6,301.6,301.6,65,12.86,0.5155,0.000542,-6.82,22.63
2026-09-08 11:32:00,23670.05,302.5,302.5,302.5,302.5,260,12.91,0.515,0.000539,-6.85,22.63
2026-09-08 11:33:00,23668.2,299.8,299.8,299.8,299.8,195,12.84,0.5141,0.000543,-6.81,22.63
2026-09-08 11:34:00,23667.55,299.8,299.8,299.8,299.8,0,15.0,0.5134,0.000465,-7.96,22.63
2026-09-08 11:35:00,23667.6,301.95,303.25,301.95,302.25,780,12.96,0.5137,0.000538,-6.87,22.63
2026-09-08 11:36:00,23670.25,301.8,303.45,301.8,302.55,1170,12.91,0.5152,0.000539,-6.85,22.63
2026-09-08 11:37:00,23670.75,302.3,303.5,302.3,303.5,715,12.94,0.5154,0.000538,-6.86,22.63
2026-09-08 11:38:00,23672.8,303.5,303.5,303.5,303.5,130,12.9,0.5165,0.00054,-6.84,22.63
2026-09-08 11:39:00,23672.25,303.5,303.5,303.5,303.5,0,15.0,0.5156,0.000464,-7.96,22.63
2026-09-08 11:40:00,23675.25,304.75,304.75,304.75,304.75,130,12.9,0.5179,0.00054,-6.84,22.62
2026-09-08 11:41:00,23674.15,304.75,305.0,304.25,304.75,585,12.92,0.5173,0.000539,-6.85,22.62
2026-09-08 11:42:00,23672.0,303.6,303.6,303.55,303.55,195,12.92,0.5161,0.000539,-6.85,22.63
2026-09-08 11:43:00,23669.15,303.55,303.55,303.55,303.55,0,15.0,0.5141,0.000465,-7.96,22.63
2026-09-08 11:44:00,23673.35,302.4,302.4,302.1,302.1,195,12.82,0.5169,0.000543,-6.8,22.62
2026-09-08 11:45:00,23675.0,303.0,303.0,303.0,303.0,910,12.83,0.5178,0.000543,-6.8,22.62
2026-09-08 11:46:00,23673.0,303.85,303.85,303.85,303.85,130,12.91,0.5166,0.00054,-6.85,22.62
2026-09-08 11:47:00,23670.85,303.65,303.65,303.65,303.65,65,12.95,0.5155,0.000538,-6.87,22.62
2026-09-08 11:48:00,23671.05,302.8,304.7,301.65,302.15,1365,12.88,0.5156,0.000541,-6.83,22.62
2026-09-08 11:49:00,23662.85,300.05,300.05,297.05,297.05,3510,12.84,0.5112,0.000543,-6.81,22.62
2026-09-08 11:50:00,23659.4,296.0,296.0,292.0,294.2,3250,12.79,0.5093,0.000545,-6.79,22.62
2026-09-08 11:51:00,23664.7,293.1,297.7,293.1,297.7,650,12.83,0.5122,0.000543,-6.81,22.62
2026-09-08 11:52:00,23667.95,297.0,300.25,296.0,300.25,1105,12.87,0.5139,0.000542,-6.83,22.62
2026-09-08 11:53:00,23665.45,298.4,299.4,297.9,299.4,780,12.89,0.5126,0.000541,-6.84,22.62
2026-09-08 11:54:00,23668.75,299.0,299.0,299.0,299.0,130,12.79,0.5144,0.000545,-6.79,22.62
2026-09-08 11:55:00,23665.15,298.95,298.95,298.8,298.8,195,12.87,0.5124,0.000542,-6.83,22.62
2026-09-08 11:56:00,23659.45,297.55,297.55,294.5,294.5,455,12.81,0.5093,0.000545,-6.8,22.62
2026-09-08 11:57:00,23661.2,295.8,295.8,294.0,294.0,455,12.75,0.5103,0.000547,-6.76,22.62
2026-09-08 11:58:00,23659.8,294.0,295.4,294.0,295.4,520,12.84,0.5095,0.000543,-6.81,22.62
2026-09-08 11:59:00,23657.25,292.85,292.85,292.0,292.85,1365,12.78,0.5081,0.000546,-6.78,22.62
2026-09-08 12:00:00,23654.45,290.6,290.6,288.7,288.7,1885,12.66,0.5066,0.000551,-6.72,22.62
2026-09-08 12:01:00,23651.2,288.7,291.25,288.7,291.25,1625,12.85,0.5048,0.000543,-6.82,22.62
2026-09-08 12:02:00,23655.35,292.0,293.2,291.4,291.75,1040,12.78,0.5071,0.000546,-6.78,22.62
2026-09-08 12:03:00,23651.65,292.5,292.5,292.5,292.5,650,12.89,0.5051,0.000541,-6.84,22.62
2026-09-08 12:04:00,23649.1,291.05,291.05,288.0,288.6,2600,12.78,0.5037,0.000546,-6.78,22.62
2026-09-08 12:05:00,23646.1,286.8,288.45,283.9,287.0,1235,12.78,0.502,0.000547,-6.78,22.61
2026-09-08 12:06:00,23643.5,287.0,287.0,285.65,286.9,910,12.83,0.5006,0.000544,-6.81,22.61
2026-09-08 12:07:00,23646.7,287.75,288.5,287.75,288.5,325,12.83,0.5024,0.000544,-6.81,22.61
2026-09-08 12:08:00,23641.6,288.5,288.6,284.0,284.35,3120,12.76,0.4996,0.000547,-6.77,22.61
2026-09-08 12:09:00,23644.35,285.45,285.9,284.0,285.9,780,12.77,0.5011,0.000547,-6.77,22.61
2026-09-08 12:10:00,23649.6,287.85,289.55,287.0,289.55,1170,12.81,0.504,0.000545,-6.8,22.61
2026-09-08 12:11:00,23647.7,289.55,291.4,288.75,288.75,2080,12.82,0.5029,0.000545,-6.8,22.61
2026-09-08 12:12:00,23651.6,288.7,288.7,288.7,288.7,130,12.73,0.505,0.000548,-6.76,22.61
2026-09-08 12:13:00,23649.85,288.7,288.7,288.7,288.7,0,15.0,0.5052,0.000465,-7.96,22.61
2026-09-08 12:14:00,23649.7,290.75,290.95,290.75,290.95,975,12.87,0.504,0.000542,-6.83,22.61
2026-09-08 12:15:00,23647.2,290.05,290.05,288.35,288.35,1365,12.81,0.5026,0.000545,-6.8,22.61
2026-09-08 12:16:00,23650.75,289.7,289.7,289.7,289.7,65,12.79,0.5046,0.000546,-6.79,22.61
2026-09-08 12:17:00,23649.65,289.7,289.7,289.7,289.7,0,15.0,0.5051,0.000465,-7.96,22.61
2026-09-08 12:18:00,23651.3,290.15,291.45,290.15,291.45,455,12.86,0.5049,0.000543,-6.83,22.61
2026-09-08 12:19:00,23651.7,291.05,291.9,291.05,291.8,3705,12.87,0.5051,0.000543,-6.83,22.61
2026-09-08 12:20:00,23654.45,291.9,291.9,291.6,291.6,2340,12.8,0.5066,0.000546,-6.79,22.61
2026-09-08 12:21:00,23649.65,290.65,291.25,289.8,289.8,2080,12.82,0.504,0.000545,-6.81,22.61
2026-09-08 12:22:00,23651.45,291.25,291.55,290.2,291.55,390,12.86,0.505,0.000543,-6.83,22.61
2026-09-08 12:23:00,23656.2,291.65,291.85,290.55,291.85,325,12.77,0.5075,0.000547,-6.78,22.61
2026-09-08 12:24:00,23658.85,292.3,294.95,292.2,294.95,390,12.85,0.509,0.000543,-6.82,22.61
2026-09-08 12:25:00,23659.85,295.3,295.95,293.7,295.8,845,12.86,0.5095,0.000543,-6.83,22.61
2026-09-08 12:26:00,23656.45,295.95,295.95,292.9,292.9,1365,12.81,0.5077,0.000545,-6.8,22.61
2026-09-08 12:27:00,23655.75,293.75,293.75,293.55,293.55,130,12.85,0.5073,0.000543,-6.82,22.61
2026-09-08 12:28:00,23655.0,293.2,293.2,292.7,292.7,715,12.83,0.5069,0.000544,-6.81,22.61
2026-09-08 12:29:00,23662.6,293.95,296.2,293.95,296.2,195,12.82,0.511,0.000544,-6.8,22.61
2026-09-08 12:30:00,23663.6,296.9,296.9,295.25,295.25,1560,12.75,0.5116,0.000547,-6.77,22.61
2026-09-08 12:31:00,23660.4,296.15,298.9,296.15,297.75,1300,12.94,0.5098,0.000539,-6.87,22.61
2026-09-08 12:32:00,23659.2,295.25,297.3,295.25,297.05,260,12.93,0.5092,0.00054,-6.87,22.61
2026-09-08 12:33:00,23663.55,296.85,297.05,295.2,297.05,975,12.83,0.5116,0.000544,-6.81,22.61
2026-09-08 12:34:00,23663.8,297.45,297.45,297.45,297.45,195,12.85,0.5117,0.000543,-6.82,22.61
2026-09-08 12:35:00,23666.6,297.5,300.35,297.5,298.85,910,12.85,0.5132,0.000543,-6.82,22.61
2026-09-08 12:36:00,23671.05,299.4,301.05,299.4,301.05,260,12.84,0.5156,0.000543,-6.82,22.61
2026-09-08 12:37:00,23672.55,301.0,302.45,300.2,302.45,1820,12.87,0.5164,0.000542,-6.83,22.6
2026-09-08 12:38:00,23673.15,301.6,301.6,301.6,301.6,65,12.82,0.5168,0.000544,-6.8,22.6
2026-09-08 12:39:00,23667.95,300.0,300.2,299.5,299.5,195,12.84,0.5139,0.000543,-6.82,22.61
2026-09-08 12:40:00,23664.25,300.0,300.0,297.85,297.85,650,12.86,0.5119,0.000543,-6.83,22.61
2026-09-08 12:41:00,23669.15,299.45,299.7,298.65,299.3,975,12.81,0.5146,0.000544,-6.8,22.6
2026-09-08 12:42:00,23666.65,299.3,299.3,296.5,296.5,1495,12.74,0.5133,0.000547,-6.76,22.6
2026-09-08 12:43:00,23661.5,297.15,297.15,293.55,293.9,7475,12.74,0.5104,0.000548,-6.77,22.6
2026-09-08 12:44:00,23660.65,294.75,294.75,293.15,293.65,1235,12.75,0.51,0.000547,-6.77,22.6
2026-09-08 12:45:00,23655.85,291.5,292.8,291.45,292.2,1430,12.8,0.5074,0.000546,-6.8,22.6
2026-09-08 12:46:00,23655.95,291.65,292.75,291.65,291.7,2795,12.77,0.5074,0.000547,-6.78,22.6
2026-09-08 12:47:00,23653.6,292.25,292.9,291.55,291.55,1950,12.82,0.5061,0.000545,-6.81,22.6
2026-09-08 12:48:00,23650.0,291.0,291.0,288.75,289.25,1170,12.8,0.5042,0.000546,-6.8,22.6
2026-09-08 12:49:00,23654.75,289.35,291.5,289.15,291.5,2990,12.79,0.5068,0.000546,-6.79,22.6
2026-09-08 12:50:00,23653.95,291.5,291.5,290.7,290.7,325,12.77,0.5063,0.000547,-6.78,22.6
2026-09-08 12:51:00,23653.25,292.9,292.9,290.95,290.95,390,12.8,0.5059,0.000546,-6.8,22.6
2026-09-08 12:52:00,23651.2,290.45,290.45,290.05,290.05,260,12.81,0.5048,0.000545,-6.8,22.6
2026-09-08 12:53:00,23654.0,290.55,292.1,290.55,292.0,455,12.83,0.5064,0.000544,-6.81,22.6
2026-09-08 12:54:00,23656.6,292.0,292.0,291.45,291.9,11830,12.77,0.5078,0.000547,-6.78,22.6
2026-09-08 12:55:00,23660.55,293.7,295.25,293.25,294.05,1170,12.77,0.5099,0.000546,-6.78,22.6
2026-09-08 12:56:00,23658.7,294.05,294.65,293.55,294.55,520,12.84,0.5089,0.000544,-6.82,22.6
2026-09-08 12:57:00,23660.05,294.05,295.2,294.05,295.05,260,12.83,0.5097,0.000544,-6.81,22.6
2026-09-08 12:58:00,23660.3,295.55,295.55,294.9,294.9,390,12.82,0.5098,0.000545,-6.81,22.6
2026-09-08 12:59:00,23655.1,295.25,295.25,292.55,292.55,780,12.83,0.507,0.000544,-6.82,22.6
2026-09-08 13:00:00,23654.8,292.9,293.8,291.75,291.75,650,12.8,0.5068,0.000546,-6.8,22.6
2026-09-08 13:01:00,23655.1,291.15,292.45,290.55,290.55,1495,12.74,0.5069,0.000548,-6.77,22.6
2026-09-08 13:02:00,23658.3,292.4,295.05,292.4,294.3,975,12.84,0.5087,0.000544,-6.82,22.6
2026-09-08 13:03:00,23654.15,294.85,294.95,291.5,291.5,585,12.81,0.5064,0.000545,-6.8,22.6
2026-09-08 13:04:00,23650.45,291.5,291.5,289.6,290.0,520,12.82,0.5044,0.000545,-6.81,22.59
2026-09-08 13:05:00,23650.2,289.3,290.35,289.3,290.25,520,12.84,0.5043,0.000544,-6.82,22.59
2026-09-08 13:06:00,23652.65,289.85,290.25,289.75,290.25,195,12.79,0.5056,0.000546,-6.79,22.59
2026-09-08 13:07:00,23654.2,291.2,292.0,291.2,291.8,520,12.82,0.5065,0.000545,-6.81,22.6
2026-09-08 13:08:00,23653.2,292.15,292.25,292.15,292.25,260,12.86,0.5059,0.000543,-6.83,22.59
2026-09-08 13:09:00,23653.6,291.2,292.15,291.2,292.15,585,12.85,0.5061,0.000544,-6.83,22.59
2026-09-08 13:10:00,23655.25,292.15,292.15,292.15,292.15,0,15.0,0.5077,0.000466,-7.97,22.59
2026-09-08 13:11:00,23654.55,292.0,293.8,291.8,291.8,975,12.81,0.5067,0.000545,-6.81,22.59
2026-09-08 13:12:00,23652.85,292.15,292.15,291.0,291.0,325,12.82,0.5057,0.000545,-6.81,22.59
2026-09-08 13:13:00,23655.85,290.25,291.75,290.25,291.75,780,12.78,0.5074,0.000547,-6.79,22.59
2026-09-08 13:14:00,23661.3,292.1,293.25,292.1,293.25,325,12.73,0.5103,0.000549,-6.76,22.59
2026-09-08 13:15:00,23658.1,293.15,293.4,293.1,293.1,195,12.79,0.5086,0.000546,-6.8,22.59
2026-09-08 13:16:00,23658.95,293.1,293.1,293.1,293.1,0,15.0,0.5094,0.000466,-7.97,22.59
2026-09-08 13:17:00,23657.3,293.1,293.1,291.7,291.7,195,12.75,0.5081,0.000548,-6.77,22.59
2026-09-08 13:18:00,23654.55,292.3,292.3,292.3,292.3,325,12.84,0.5067,0.000544,-6.82,22.59
2026-09-08 13:19:00,23655.6,292.3,292.3,292.3,292.3,0,15.0,0.5078,0.000466,-7.97,22.59
2026-09-08 13:20:00,23655.0,292.3,292.3,292.3,292.3,0,15.0,0.5075,0.000466,-7.97,22.59
2026-09-08 13:21:00,23655.9,292.6,292.7,292.45,292.45,520,12.81,0.5074,0.000545,-6.81,22.59
2026-09-08 13:22:00,23653.9,293.1,293.1,291.75,291.75,325,12.83,0.5063,0.000545,-6.82,22.59
2026-09-08 13:23:00,23652.85,291.75,291.75,291.75,291.75,390,12.85,0.5057,0.000544,-6.83,22.59
2026-09-08 13:24:00,23652.75,291.75,291.8,291.5,291.8,390,12.86,0.5057,0.000544,-6.83,22.59
2026-09-08 13:25:00,23650.25,291.8,291.8,289.9,289.9,975,12.83,0.5043,0.000545,-6.82,22.59
2026-09-08 13:26:00,23649.5,290.3,290.3,290.3,290.3,650,12.86,0.5039,0.000543,-6.84,22.59
2026-09-08 13:27:00,23649.25,289.2,290.35,288.0,289.95,2470,12.85,0.5038,0.000544,-6.83,22.59
2026-09-08 13:28:00,23648.7,290.7,290.7,290.7,290.7,130,12.9,0.5035,0.000542,-6.85,22.59
2026-09-08 13:29:00,23647.05,290.6,290.6,289.95,289.95,195,12.9,0.5026,0.000542,-6.86,22.58
2026-09-08 13:30:00,23649.35,287.45,289.75,287.45,288.35,520,12.78,0.5038,0.000547,-6.79,22.58
2026-09-08 13:31:00,23648.65,289.3,290.25,289.0,289.0,195,12.83,0.5034,0.000545,-6.82,22.58
2026-09-08 13:32:00,23644.5,287.0,287.0,285.0,285.05,1495,12.74,0.5011,0.000549,-6.77,22.58
2026-09-08 13:33:00,23641.3,285.0,285.35,282.0,284.9,2665,12.81,0.4994,0.000546,-6.81,22.58
2026-09-08 13:34:00,23642.65,284.95,286.35,284.95,285.95,1040,12.82,0.5002,0.000545,-6.81,22.58
2026-09-08 13:35:00,23648.8,287.1,289.75,286.95,289.75,1105,12.86,0.5035,0.000544,-6.83,22.58
2026-09-08 13:36:00,23650.8,289.7,289.7,288.0,289.0,845,12.78,0.5046,0.000547,-6.79,22.58
2026-09-08 13:37:00,23649.95,289.0,289.0,289.0,289.0,0,15.0,0.5052,0.000466,-7.97,22.58
2026-09-08 13:38:00,23644.5,289.0,289.0,287.65,287.85,260,12.87,0.5012,0.000543,-6.84,22.58
2026-09-08 13:39:00,23644.85,285.55,285.65,285.55,285.65,260,12.76,0.5013,0.000548,-6.78,22.58
2026-09-08 13:40:00,23646.0,286.2,286.2,285.0,286.2,3315,12.76,0.502,0.000548,-6.78,22.58
2026-09-08 13:41:00,23641.95,284.45,285.7,284.45,285.2,1105,12.81,0.4998,0.000546,-6.81,22.58
2026-09-08 13:42:00,23642.8,284.05,285.0,284.05,285.0,390,12.78,0.5002,0.000547,-6.79,22.58
2026-09-08 13:43:00,23644.5,285.0,285.0,285.0,285.0,0,15.0,0.5027,0.000466,-7.97,22.58
2026-09-08 13:44:00,23638.55,285.0,285.0,283.35,283.35,520,12.8,0.4979,0.000547,-6.8,22.57
2026-09-08 13:45:00,23640.3,283.0,283.0,280.5,282.6,1365,12.73,0.4988,0.00055,-6.77,22.57
2026-09-08 13:46:00,23641.65,283.75,283.75,283.75,283.75,65,12.75,0.4996,0.000549,-6.78,22.57
2026-09-08 13:47:00,23643.4,284.75,284.95,283.75,283.75,1430,12.71,0.5005,0.00055,-6.76,22.57
2026-09-08 13:48:00,23642.05,284.95,285.15,284.95,285.15,195,12.8,0.4998,0.000546,-6.81,22.57
2026-09-08 13:49:00,23639.75,284.0,284.7,283.55,283.55,845,12.79,0.4986,0.000547,-6.8,22.57
2026-09-08 13:50:00,23637.15,283.55,283.55,281.95,281.95,650,12.77,0.4971,0.000548,-6.79,22.57
2026-09-08 13:51:00,23624.45,281.3,281.3,274.7,276.2,4160,12.79,0.4902,0.000547,-6.8,22.55
2026-09-08 13:52:00,23627.35,276.0,277.7,275.15,277.7,1820,12.8,0.4918,0.000547,-6.8,22.56
2026-09-08 13:53:00,23631.85,278.0,279.6,278.0,279.6,390,12.78,0.4942,0.000547,-6.79,22.56
2026-09-08 13:54:00,23631.7,279.6,279.8,278.65,279.45,910,12.78,0.4941,0.000548,-6.79,22.56
2026-09-08 13:55:00,23632.7,278.75,279.4,278.75,279.4,585,12.76,0.4947,0.000549,-6.78,22.56
2026-09-08 13:56:00,23634.9,281.1,281.1,281.1,281.1,65,12.78,0.4959,0.000547,-6.79,22.56
2026-09-08 13:57:00,23636.35,281.15,281.45,280.8,280.8,390,12.74,0.4966,0.000549,-6.77,22.56
2026-09-08 13:58:00,23634.9,280.35,280.35,280.35,280.35,65,12.75,0.4959,0.000549,-6.78,22.56
2026-09-08 13:59:00,23633.75,281.35,281.35,280.35,280.35,1105,12.78,0.4953,0.000548,-6.79,22.56
2026-09-08 14:00:00,23635.95,280.0,281.7,280.0,281.7,1300,12.79,0.4965,0.000547,-6.8,22.56
2026-09-08 14:01:00,23638.6,281.0,282.2,281.0,282.2,715,12.75,0.4979,0.000549,-6.78,22.57
2026-09-08 14:02:00,23634.4,281.65,281.65,280.0,280.0,455,12.75,0.4956,0.000549,-6.78,22.56
2026-09-08 14:03:00,23643.45,280.0,283.9,280.0,283.0,7085,12.68,0.5005,0.000552,-6.74,22.57
2026-09-08 14:04:00,23644.85,283.0,284.8,283.0,284.8,13000,12.73,0.5013,0.00055,-6.77,22.57
2026-09-08 14:05:00,23655.25,285.6,286.0,285.25,286.0,2080,12.55,0.507,0.000557,-6.67,22.57
2026-09-08 14:06:00,23649.25,286.0,286.0,283.95,285.45,1950,12.66,0.5037,0.000552,-6.73,22.57
2026-09-08 14:07:00,23644.4,285.2,285.2,283.8,283.8,845,12.7,0.501,0.000551,-6.75,22.57
2026-09-08 14:08:00,23646.5,284.0,284.4,284.0,284.4,325,12.68,0.5022,0.000552,-6.74,22.57
2026-09-08 14:09:00,23648.15,284.15,286.0,284.15,286.0,1040,12.71,0.5031,0.00055,-6.76,22.57
2026-09-08 14:10:00,23649.5,285.95,286.45,285.1,286.45,715,12.7,0.5038,0.000551,-6.75,22.57
2026-09-08 14:11:00,23650.55,286.8,289.35,286.45,288.9,3055,12.79,0.5045,0.000547,-6.8,22.57
2026-09-08 14:12:00,23652.4,288.75,288.85,288.75,288.85,975,12.74,0.5055,0.000549,-6.78,22.57
2026-09-08 14:13:00,23653.65,288.6,290.0,288.1,289.1,1170,12.73,0.5061,0.00055,-6.77,22.57
2026-09-08 14:14:00,23649.1,287.0,287.25,286.0,286.0,7930,12.69,0.5036,0.000551,-6.75,22.57
2026-09-08 14:15:00,23650.9,286.05,287.55,285.4,287.55,585,12.72,0.5046,0.00055,-6.77,22.57
2026-09-08 14:16:00,23654.75,289.9,291.1,289.9,291.1,130,12.79,0.5068,0.000547,-6.8,22.57
2026-09-08 14:17:00,23657.2,291.05,291.65,290.35,290.35,1885,12.7,0.5081,0.00055,-6.76,22.57
2026-09-08 14:18:00,23653.35,290.35,290.35,287.95,287.95,1040,12.68,0.506,0.000551,-6.75,22.57
2026-09-08 14:19:00,23653.2,287.7,287.95,287.7,287.95,585,12.69,0.5059,0.000551,-6.75,22.57
2026-09-08 14:20:00,23653.15,287.95,290.45,287.95,288.8,845,12.73,0.5059,0.00055,-6.77,22.57
2026-09-08 14:21:00,23652.45,287.8,288.0,287.0,287.0,1560,12.66,0.5055,0.000552,-6.74,22.57
2026-09-08 14:22:00,23652.8,287.0,287.0,287.0,287.0,65,12.65,0.5056,0.000553,-6.73,22.57
2026-09-08 14:23:00,23649.7,287.75,287.75,285.0,285.0,845,12.64,0.5039,0.000554,-6.72,22.57
2026-09-08 14:24:00,23650.6,285.0,285.0,284.45,284.45,1365,12.59,0.5044,0.000556,-6.7,22.57
2026-09-08 14:25:00,23644.15,285.85,285.85,281.35,283.0,3185,12.67,0.5009,0.000552,-6.74,22.56
2026-09-08 14:26:00,23647.55,283.0,283.0,282.3,282.75,3510,12.58,0.5027,0.000556,-6.69,22.56
2026-09-08 14:27:00,23650.5,282.85,285.6,282.85,285.6,1365,12.65,0.5044,0.000553,-6.73,22.56
2026-09-08 14:28:00,23652.7,285.5,286.85,285.25,286.85,585,12.65,0.5056,0.000553,-6.73,22.56
2026-09-08 14:29:00,23654.0,287.1,287.95,287.1,287.2,715,12.64,0.5063,0.000554,-6.72,22.56
2026-09-08 14:30:00,23650.3,287.95,287.95,285.5,285.5,845,12.65,0.5043,0.000553,-6.73,22.56
2026-09-08 14:31:00,23652.3,286.3,288.0,286.3,287.5,2080,12.69,0.5054,0.000551,-6.75,22.56
2026-09-08 14:32:00,23653.95,287.5,289.1,287.5,288.7,910,12.71,0.5063,0.000551,-6.76,22.56
2026-09-08 14:33:00,23654.7,288.7,290.05,288.4,288.9,2015,12.7,0.5067,0.000551,-6.76,22.56
2026-09-08 14:34:00,23656.65,289.3,290.15,289.3,290.15,455,12.71,0.5078,0.00055,-6.76,22.56
2026-09-08 14:35:00,23655.75,289.55,290.75,289.55,290.75,585,12.76,0.5073,0.000548,-6.79,22.56
2026-09-08 14:36:00,23655.15,290.5,290.5,290.0,290.0,325,12.74,0.507,0.000549,-6.78,22.56
2026-09-08 14:37:00,23652.2,289.55,290.0,287.2,287.7,1040,12.7,0.5053,0.000551,-6.76,22.56
2026-09-08 14:38:00,23646.8,289.0,289.0,287.2,287.2,390,12.8,0.5024,0.000547,-6.81,22.56
2026-09-08 14:39:00,23649.0,286.8,286.8,286.8,286.8,585,12.73,0.5036,0.00055,-6.78,22.56
2026-09-08 14:40:00,23647.05,286.75,286.75,284.05,284.25,910,12.67,0.5025,0.000553,-6.74,22.56
2026-09-08 14:41:00,23651.5,287.0,288.0,287.0,287.9,455,12.73,0.505,0.00055,-6.77,22.56
2026-09-08 14:42:00,23649.5,288.05,290.15,288.05,290.0,1690,12.87,0.5039,0.000544,-6.85,22.56
2026-09-08 14:43:00,23649.05,288.5,288.75,288.5,288.75,195,12.82,0.5037,0.000546,-6.82,22.56
2026-09-08 14:44:00,23648.15,289.2,292.0,289.2,292.0,1625,12.98,0.5033,0.000539,-6.91,22.56
2026-09-08 14:45:00,23647.85,290.3,290.8,289.8,289.8,780,12.89,0.503,0.000543,-6.86,22.56
2026-09-08 14:46:00,23644.7,289.2,289.2,289.2,289.2,65,12.94,0.5014,0.000541,-6.88,22.55
2026-09-08 14:47:00,23645.75,286.8,286.85,286.05,286.75,325,12.81,0.5018,0.000547,-6.81,22.55
2026-09-08 14:48:00,23645.1,286.75,287.2,286.75,287.2,1105,12.84,0.5015,0.000545,-6.83,22.55
2026-09-08 14:49:00,23641.3,288.0,288.0,285.4,285.65,780,12.86,0.4995,0.000545,-6.84,22.55
2026-09-08 14:50:00,23641.35,286.6,286.6,285.6,285.6,455,12.85,0.4995,0.000545,-6.84,22.55
2026-09-08 14:51:00,23643.85,286.6,286.6,286.35,286.35,260,12.83,0.5008,0.000546,-6.83,22.55
2026-09-08 14:52:00,23639.75,285.5,285.85,283.85,284.95,975,12.86,0.4986,0.000545,-6.84,22.55
2026-09-08 14:53:00,23638.55,284.8,284.8,283.7,284.45,455,12.86,0.498,0.000544,-6.84,22.55
2026-09-08 14:54:00,23647.85,286.4,287.8,286.4,287.8,455,12.81,0.503,0.000547,-6.82,22.55
2026-09-08 14:55:00,23642.65,287.95,287.95,285.65,285.65,520,12.83,0.5002,0.000546,-6.83,22.55
2026-09-08 14:56:00,23639.7,286.65,286.65,284.45,284.45,1430,12.84,0.4986,0.000546,-6.83,22.55
2026-09-08 14:57:00,23644.7,283.35,285.35,283.35,285.35,325,12.77,0.5012,0.000548,-6.8,22.55
2026-09-08 14:58:00,23646.05,285.9,287.9,285.9,286.5,260,12.79,0.502,0.000547,-6.81,22.55
2026-09-08 14:59:00,23644.55,285.05,285.45,284.85,284.85,1040,12.75,0.5011,0.000549,-6.79,22.55
2026-09-08 15:00:00,23643.3,283.35,285.25,283.35,285.0,325,12.79,0.5005,0.000548,-6.8,22.55
2026-09-08 15:01:00,23647.8,284.45,288.0,284.45,288.0,2210,12.82,0.503,0.000546,-6.82,22.55
2026-09-08 15:02:00,23643.1,287.95,289.4,286.05,286.05,2925,12.84,0.5004,0.000546,-6.83,22.55
2026-09-08 15:03:00,23641.4,285.6,286.65,285.6,285.7,975,12.86,0.4995,0.000545,-6.84,22.54
2026-09-08 15:04:00,23642.25,286.95,287.0,285.85,286.75,585,12.89,0.5,0.000544,-6.86,22.55
2026-09-08 15:05:00,23640.0,286.25,286.25,285.4,285.9,650,12.9,0.4988,0.000543,-6.87,22.54
2026-09-08 15:06:00,23640.85,287.15,287.55,286.25,286.25,650,12.9,0.4992,0.000543,-6.86,22.54
2026-09-08 15:07:00,23641.35,286.2,286.5,286.2,286.5,715,12.9,0.4995,0.000543,-6.86,22.54
2026-09-08 15:08:00,23639.6,284.65,284.65,284.65,284.65,650,12.85,0.4985,0.000545,-6.84,22.54
2026-09-08 15:09:00,23647.3,287.95,288.0,287.95,288.0,195,12.83,0.5027,0.000546,-6.83,22.55
2026-09-08 15:10:00,23656.9,287.25,293.45,286.4,292.8,13780,12.83,0.5079,0.000546,-6.83,22.55
2026-09-08 15:11:00,23654.55,290.25,294.4,289.8,292.25,5460,12.86,0.5067,0.000544,-6.85,22.55
2026-09-08 15:12:00,23654.2,292.6,293.0,290.35,291.85,4030,12.85,0.5065,0.000545,-6.84,22.55
2026-09-08 15:13:00,23643.9,290.0,290.0,283.55,284.1,12805,12.74,0.5008,0.00055,-6.78,22.54
2026-09-08 15:14:00,23641.1,284.6,285.75,280.9,282.7,9880,12.74,0.4992,0.00055,-6.78,22.54
2026-09-08 15:15:00,23640.05,284.7,284.7,279.05,279.45,3120,12.61,0.4985,0.000555,-6.71,22.54
2026-09-08 15:16:00,23640.05,280.0,282.85,279.15,282.3,3185,12.74,0.4987,0.00055,-6.78,22.54
2026-09-08 15:17:00,23640.05,284.0,285.55,281.45,281.45,6565,12.7,0.4986,0.000552,-6.76,22.54
2026-09-08 15:18:00,23640.05,283.0,283.2,281.2,282.0,1365,12.73,0.4987,0.00055,-6.78,22.54
2026-09-08 15:19:00,23640.05,281.05,282.0,280.4,280.5,2080,12.66,0.4986,0.000553,-6.74,22.54
2026-09-08 15:20:00,23640.05,281.0,281.75,274.3,275.65,11895,12.45,0.4984,0.000563,-6.63,22.54
2026-09-08 15:21:00,23640.05,276.75,277.7,275.85,276.9,6695,12.5,0.4984,0.00056,-6.66,22.54
2026-09-08 15:22:00,23640.05,276.9,278.2,276.45,277.3,1690,12.52,0.4985,0.00056,-6.67,22.54
2026-09-08 15:23:00,23640.05,277.3,277.3,276.9,277.0,585,12.51,0.4984,0.00056,-6.66,22.54
2026-09-08 15:24:00,23640.05,278.2,278.6,276.25,277.9,5525,12.55,0.4985,0.000558,-6.68,22.54
2026-09-08 15:25:00,23640.05,278.6,279.5,277.35,279.5,585,12.62,0.4986,0.000555,-6.72,22.54
2026-09-08 15:26:00,23640.05,282.45,283.0,281.15,281.2,715,12.69,0.4986,0.000552,-6.76,22.54
2026-09-08 15:27:00,23640.05,281.95,281.95,280.55,281.75,715,12.72,0.4986,0.000551,-6.77,22.53
2026-09-08 15:28:00,23640.05,280.85,282.0,280.85,281.9,520,12.73,0.4986,0.000551,-6.78,22.53
2026-09-08 15:29:00,23635.1,281.75,281.75,277.9,277.9,4485,12.66,0.4958,0.000554,-6.74,22.53
