datetime,spot_price,opt_open,opt_high,opt_low,opt_close,volume,iv_pct,delta,gamma,theta,vega
18-08-2026 10:40,77422.9,490,490,490,490,20,8.97,-0.3301,0.000163,-10.65,89.16
18-08-2026 10:41,77422.2,490,490,490,490,0,15,-0.3893,0.000103,-18.82,94.32
18-08-2026 10:42,77403.43,490,490,490,490,0,15,-0.3912,0.000103,-18.84,94.42
18-08-2026 10:43,77402.82,490,490,490,490,0,15,-0.3913,0.000103,-18.84,94.43
18-08-2026 10:44,77400.14,490,490,490,490,0,15,-0.3916,0.000103,-18.85,94.44
18-08-2026 10:45,77390.09,490,490,490,490,0,15,-0.3926,0.000103,-18.86,94.5
18-08-2026 10:46,77367.22,490,490,490,490,0,15,-0.395,0.000103,-18.88,94.62
18-08-2026 10:47,77360.42,490,490,490,490,0,15,-0.3957,0.000103,-18.89,94.66
18-08-2026 10:48,77360.17,490,490,490,490,0,15,-0.3957,0.000103,-18.89,94.66
18-08-2026 10:49,77364.51,490,490,490,490,0,15,-0.3952,0.000103,-18.88,94.63
18-08-2026 10:50,77373.2,490,490,490,490,0,15,-0.3943,0.000103,-18.87,94.58
18-08-2026 10:51,77352.03,490,490,490,490,0,15,-0.3965,0.000104,-18.9,94.7
18-08-2026 10:52,77345.07,490,490,490,490,0,15,-0.3972,0.000104,-18.9,94.73
18-08-2026 10:53,77335.87,490,490,490,490,0,15,-0.3982,0.000104,-18.91,94.78
18-08-2026 10:54,77338.78,490,490,490,490,0,15,-0.3979,0.000104,-18.91,94.76
18-08-2026 10:55,77326.89,490,490,490,490,0,15,-0.3991,0.000104,-18.92,94.82
18-08-2026 10:56,77332.37,490,490,490,490,0,15,-0.3986,0.000104,-18.92,94.8
18-08-2026 10:57,77334.18,490,490,490,490,0,15,-0.3984,0.000104,-18.92,94.78
18-08-2026 10:58,77344.07,490,490,490,490,0,15,-0.3973,0.000104,-18.91,94.73
18-08-2026 10:59,77359.69,490,490,490,490,0,15,-0.3957,0.000103,-18.89,94.65
18-08-2026 11:00,77355.52,490,490,490,490,0,15,-0.3962,0.000104,-18.89,94.67
18-08-2026 11:01,77348.47,490,490,490,490,0,15,-0.3969,0.000104,-18.9,94.71
18-08-2026 11:02,77352.75,490,490,490,490,0,15,-0.3964,0.000104,-18.9,94.68
18-08-2026 11:03,77358.3,490,490,490,490,0,15,-0.3959,0.000104,-18.89,94.65
18-08-2026 11:04,77368.93,490,490,490,490,0,15,-0.3948,0.000103,-18.88,94.59
18-08-2026 11:05,77364.02,490,490,490,490,0,15,-0.3953,0.000103,-18.89,94.62
18-08-2026 11:06,77375.83,490,490,490,490,0,15,-0.3941,0.000103,-18.87,94.55
18-08-2026 11:07,77386.13,490,490,490,490,0,15,-0.393,0.000103,-18.86,94.5
18-08-2026 11:08,77388.7,490,490,490,490,0,15,-0.3927,0.000103,-18.86,94.48
18-08-2026 11:09,77390.64,490,490,490,490,0,15,-0.3925,0.000103,-18.86,94.47
18-08-2026 11:10,77370.8,490,490,490,490,0,15,-0.3946,0.000103,-18.88,94.58
18-08-2026 11:11,77374.32,490,490,490,490,0,15,-0.3942,0.000103,-18.88,94.56
18-08-2026 11:12,77368.93,490,490,490,490,0,15,-0.3948,0.000103,-18.88,94.59
18-08-2026 11:13,77361.96,490,490,490,490,0,15,-0.3955,0.000103,-18.89,94.62
18-08-2026 11:14,77371.05,490,490,490,490,0,15,-0.3945,0.000103,-18.88,94.57
18-08-2026 11:15,77384.44,490,490,490,490,0,15,-0.3932,0.000103,-18.87,94.5
18-08-2026 11:16,77367.35,490,490,490,490,0,15,-0.3949,0.000103,-18.89,94.59
18-08-2026 11:17,77356.9,490,490,490,490,0,15,-0.396,0.000104,-18.9,94.65
18-08-2026 11:18,77350.34,490,490,490,490,0,15,-0.3967,0.000104,-18.9,94.68
18-08-2026 11:19,77347.16,490,490,490,490,0,15,-0.397,0.000104,-18.91,94.7
18-08-2026 11:20,77343.53,490,490,490,490,0,15,-0.3974,0.000104,-18.91,94.71
18-08-2026 11:21,77334.73,490,490,490,490,0,15,-0.3983,0.000104,-18.92,94.76
18-08-2026 11:22,77330.75,490,490,490,490,0,15,-0.3987,0.000104,-18.92,94.78
18-08-2026 11:23,77328.8,490,490,490,490,0,15,-0.3989,0.000104,-18.92,94.79
18-08-2026 11:24,77337.89,490,490,490,490,0,15,-0.398,0.000104,-18.92,94.74
18-08-2026 11:25,77340.22,490,490,490,490,0,15,-0.3977,0.000104,-18.91,94.73
18-08-2026 11:26,77328.74,490,490,490,490,0,15,-0.3989,0.000104,-18.93,94.79
18-08-2026 11:27,77311.02,490,490,490,490,0,15,-0.4008,0.000104,-18.94,94.88
18-08-2026 11:28,77318.76,490,490,490,490,0,15,-0.4,0.000104,-18.94,94.84
18-08-2026 11:29,77307.92,490,490,490,490,0,15,-0.4011,0.000104,-18.95,94.89
18-08-2026 11:30,77286.93,490,490,490,490,0,15,-0.4033,0.000104,-18.97,94.99
18-08-2026 11:31,77282.55,490,490,490,490,0,15,-0.4037,0.000104,-18.97,95.01
18-08-2026 11:32,77310.78,490,490,490,490,0,15,-0.4008,0.000104,-18.94,94.87
18-08-2026 11:33,77292.9,490,490,490,490,0,15,-0.4026,0.000104,-18.96,94.96
18-08-2026 11:34,77322.83,490,490,490,490,0,15,-0.3995,0.000104,-18.93,94.81
18-08-2026 11:35,77335.01,490,490,490,490,0,15,-0.3983,0.000104,-18.92,94.75
18-08-2026 11:36,77331.05,490,490,490,490,0,15,-0.3987,0.000104,-18.92,94.77
18-08-2026 11:37,77335.1,490,490,490,490,0,15,-0.3982,0.000104,-18.92,94.74
18-08-2026 11:38,77356.91,490,490,490,490,0,15,-0.396,0.000104,-18.9,94.63
18-08-2026 11:39,77348.9,490,490,490,490,0,15,-0.3968,0.000104,-18.91,94.67
18-08-2026 11:40,77349.58,490,490,490,490,0,15,-0.3967,0.000104,-18.91,94.66
18-08-2026 11:41,77353.39,490,490,490,490,0,15,-0.3963,0.000104,-18.9,94.64
18-08-2026 11:42,77358.74,490,490,490,490,0,15,-0.3958,0.000104,-18.9,94.61
18-08-2026 11:43,77358.95,490,490,490,490,0,15,-0.3958,0.000104,-18.9,94.61
18-08-2026 11:44,77353.54,490,490,490,490,0,15,-0.3963,0.000104,-18.9,94.64
18-08-2026 11:45,77357.86,490,490,490,490,0,15,-0.3959,0.000104,-18.9,94.62
18-08-2026 11:46,77364.04,490,490,490,490,0,15,-0.3952,0.000103,-18.89,94.58
18-08-2026 11:47,77361.8,490,490,490,490,0,15,-0.3955,0.000104,-18.9,94.59
18-08-2026 11:48,77356.38,490,490,490,490,0,15,-0.396,0.000104,-18.9,94.62
18-08-2026 11:49,77366.15,490,490,490,490,0,15,-0.395,0.000103,-18.89,94.57
18-08-2026 11:50,77397.86,490,490,490,490,0,15,-0.3917,0.000103,-18.86,94.39
18-08-2026 11:51,77383.82,490,490,490,490,0,15,-0.3932,0.000103,-18.87,94.47
18-08-2026 11:52,77386.23,490,490,490,490,0,15,-0.3929,0.000103,-18.87,94.46
18-08-2026 11:53,77383.23,490,490,490,490,0,15,-0.3933,0.000103,-18.88,94.47
18-08-2026 11:54,77364.2,490,490,490,490,0,15,-0.3952,0.000103,-18.9,94.57
18-08-2026 11:55,77358.39,490,490,490,490,0,15,-0.3958,0.000104,-18.9,94.6
18-08-2026 11:56,77361.62,490,490,490,490,0,15,-0.3955,0.000104,-18.9,94.59
18-08-2026 11:57,77372.97,490,490,490,490,0,15,-0.3943,0.000103,-18.89,94.52
18-08-2026 11:58,77383.35,490,490,490,490,0,15,-0.3932,0.000103,-18.88,94.47
18-08-2026 11:59,77383.53,490,490,490,490,0,15,-0.3932,0.000103,-18.88,94.46
18-08-2026 12:00,77391.58,490,490,490,490,0,15,-0.3924,0.000103,-18.87,94.42
18-08-2026 12:01,77382.16,490,490,490,490,0,15,-0.3934,0.000103,-18.88,94.47
18-08-2026 12:02,77391.35,490,490,490,490,0,15,-0.3924,0.000103,-18.87,94.42
18-08-2026 12:03,77394.94,490,490,490,490,0,15,-0.392,0.000103,-18.86,94.4
18-08-2026 12:04,77410.04,490,490,490,490,0,15,-0.3905,0.000103,-18.85,94.31
18-08-2026 12:05,77420.51,490,490,490,490,0,15,-0.3894,0.000103,-18.84,94.25
18-08-2026 12:06,77417.84,490,490,490,490,0,15,-0.3897,0.000103,-18.84,94.26
18-08-2026 12:07,77427.4,490,490,490,490,0,15,-0.3887,0.000103,-18.83,94.21
18-08-2026 12:08,77418.71,490,490,490,490,0,15,-0.3896,0.000103,-18.84,94.26
18-08-2026 12:09,77424.91,490,490,490,490,0,15,-0.3889,0.000103,-18.83,94.22
18-08-2026 12:10,77417.73,490,490,490,490,0,15,-0.3897,0.000103,-18.84,94.26
18-08-2026 12:11,77418.81,490,490,490,490,0,15,-0.3896,0.000103,-18.84,94.25
18-08-2026 12:12,77413.51,490,490,490,490,0,15,-0.3901,0.000103,-18.85,94.28
18-08-2026 12:13,77398.54,490,490,490,490,0,15,-0.3917,0.000103,-18.86,94.37
18-08-2026 12:14,77402.35,490,490,490,490,0,15,-0.3913,0.000103,-18.86,94.35
18-08-2026 12:15,77400.49,490,490,490,490,0,15,-0.3915,0.000103,-18.86,94.35
18-08-2026 12:16,77381.66,490,490,490,490,0,15,-0.3934,0.000103,-18.88,94.46
18-08-2026 12:17,77395.94,490,490,490,490,0,15,-0.3919,0.000103,-18.87,94.38
18-08-2026 12:18,77393.88,490,490,490,490,0,15,-0.3921,0.000103,-18.87,94.39
18-08-2026 12:19,77386.36,490,490,490,490,0,15,-0.3929,0.000103,-18.88,94.43
18-08-2026 12:20,77382.46,490,490,490,490,0,15,-0.3933,0.000103,-18.88,94.45
18-08-2026 12:21,77370.45,490,490,490,490,0,15,-0.3946,0.000103,-18.89,94.52
18-08-2026 12:22,77393.34,490,490,490,490,0,15,-0.3922,0.000103,-18.87,94.39
18-08-2026 12:23,77386.43,490,490,490,490,0,15,-0.3929,0.000103,-18.88,94.43
18-08-2026 12:24,77372.6,490,490,490,490,0,15,-0.3943,0.000103,-18.89,94.5
18-08-2026 12:25,77388.59,490,490,490,490,0,15,-0.3927,0.000103,-18.88,94.41
18-08-2026 12:26,77384.53,490,490,490,490,0,15,-0.3931,0.000103,-18.88,94.43
18-08-2026 12:27,77386.72,490,490,490,490,0,15,-0.3929,0.000103,-18.88,94.42
18-08-2026 12:28,77397.19,490,490,490,490,0,15,-0.3918,0.000103,-18.87,94.36
18-08-2026 12:29,77390.48,490,490,490,490,0,15,-0.3925,0.000103,-18.87,94.4
18-08-2026 12:30,77395.42,490,490,490,490,0,15,-0.392,0.000103,-18.87,94.37
18-08-2026 12:31,77411.57,490,490,490,490,0,15,-0.3903,0.000103,-18.85,94.28
18-08-2026 12:32,77400.7,490,490,490,490,0,15,-0.3914,0.000103,-18.86,94.34
18-08-2026 12:33,77400.02,490,490,490,490,0,15,-0.3915,0.000103,-18.86,94.34
18-08-2026 12:34,77401.03,490,490,490,490,0,15,-0.3914,0.000103,-18.86,94.33
18-08-2026 12:35,77408.38,490,490,490,490,0,15,-0.3906,0.000103,-18.86,94.29
18-08-2026 12:36,77405.86,490,490,490,490,0,15,-0.3909,0.000103,-18.86,94.3
18-08-2026 12:37,77383.64,490,490,490,490,0,15,-0.3932,0.000103,-18.88,94.43
18-08-2026 12:38,77377.16,490,490,490,490,0,15,-0.3938,0.000103,-18.89,94.46
18-08-2026 12:39,77376.04,490,490,490,490,0,15,-0.394,0.000103,-18.89,94.47
18-08-2026 12:40,77374.85,490,490,490,490,0,15,-0.3941,0.000103,-18.89,94.47
18-08-2026 12:41,77359.88,490,490,490,490,0,15,-0.3956,0.000104,-18.91,94.55
18-08-2026 12:42,77358.7,490,490,490,490,0,15,-0.3958,0.000104,-18.91,94.56
18-08-2026 12:43,77353.13,490,490,490,490,0,15,-0.3963,0.000104,-18.91,94.59
18-08-2026 12:44,77336.3,490,490,490,490,0,15,-0.3981,0.000104,-18.93,94.68
18-08-2026 12:45,77350.66,490,490,490,490,0,15,-0.3966,0.000104,-18.92,94.6
18-08-2026 12:46,77340.83,490,490,490,490,0,15,-0.3976,0.000104,-18.93,94.65
18-08-2026 12:47,77348.08,490,490,490,490,0,15,-0.3969,0.000104,-18.92,94.61
18-08-2026 12:48,77355.26,490,490,490,490,0,15,-0.3961,0.000104,-18.91,94.57
18-08-2026 12:49,77365.91,490,490,490,490,0,15,-0.395,0.000104,-18.9,94.51
18-08-2026 12:50,77373.84,490,490,490,490,0,15,-0.3942,0.000103,-18.9,94.47
18-08-2026 12:51,77377.46,490,490,490,490,0,15,-0.3938,0.000103,-18.89,94.45
18-08-2026 12:52,77373.07,490,490,490,490,0,15,-0.3943,0.000103,-18.9,94.47
18-08-2026 12:53,77375.57,490,490,490,490,0,15,-0.394,0.000103,-18.89,94.46
18-08-2026 12:54,77366.39,490,490,490,490,0,15,-0.395,0.000104,-18.9,94.51
18-08-2026 12:55,77375.35,490,490,490,490,0,15,-0.394,0.000103,-18.89,94.46
18-08-2026 12:56,77371,490,490,490,490,0,15,-0.3945,0.000103,-18.9,94.48
18-08-2026 12:57,77363.55,490,490,490,490,0,15,-0.3952,0.000104,-18.91,94.52
18-08-2026 12:58,77364.55,490,490,490,490,0,15,-0.3951,0.000104,-18.91,94.51
18-08-2026 12:59,77359.31,490,490,490,490,0,15,-0.3957,0.000104,-18.91,94.54
18-08-2026 13:00,77335.43,490,490,490,490,0,15,-0.3982,0.000104,-18.94,94.67
18-08-2026 13:01,77327.61,490,490,490,490,0,15,-0.399,0.000104,-18.94,94.7
18-08-2026 13:02,77341.76,490,490,490,490,0,15,-0.3975,0.000104,-18.93,94.63
18-08-2026 13:03,77336.35,490,490,490,490,0,15,-0.3981,0.000104,-18.93,94.66
18-08-2026 13:04,77336.34,490,490,490,490,0,15,-0.3981,0.000104,-18.94,94.66
18-08-2026 13:05,77334.76,490,490,490,490,0,15,-0.3982,0.000104,-18.94,94.66
18-08-2026 13:06,77322.45,490,490,490,490,0,15,-0.3995,0.000104,-18.95,94.73
18-08-2026 13:07,77334.01,490,490,490,490,0,15,-0.3983,0.000104,-18.94,94.67
18-08-2026 13:08,77344.67,490,490,490,490,0,15,-0.3972,0.000104,-18.93,94.61
18-08-2026 13:09,77359.02,490,490,490,490,0,15,-0.3957,0.000104,-18.91,94.53
18-08-2026 13:10,77361.87,490,490,490,490,0,15,-0.3954,0.000104,-18.91,94.52
18-08-2026 13:11,77349.23,490,490,490,490,0,15,-0.3967,0.000104,-18.92,94.58
18-08-2026 13:12,77362.54,490,490,490,490,0,15,-0.3953,0.000104,-18.91,94.51
18-08-2026 13:13,77369.49,490,490,490,490,0,15,-0.3946,0.000104,-18.9,94.47
18-08-2026 13:14,77361.95,490,490,490,490,0,15,-0.3954,0.000104,-18.91,94.51
18-08-2026 13:15,77376.48,490,490,490,490,0,15,-0.3939,0.000103,-18.9,94.43
18-08-2026 13:16,77382.03,490,490,490,490,0,15,-0.3933,0.000103,-18.89,94.4
18-08-2026 13:17,77383.27,490,490,490,490,0,15,-0.3932,0.000103,-18.89,94.39
18-08-2026 13:18,77391.39,490,490,490,490,0,15,-0.3923,0.000103,-18.88,94.35
18-08-2026 13:19,77384.38,490,490,490,490,0,15,-0.3931,0.000103,-18.89,94.39
18-08-2026 13:20,77370.89,490,490,490,490,0,15,-0.3945,0.000104,-18.9,94.46
18-08-2026 13:21,77387.34,490,490,490,490,0,15,-0.3928,0.000103,-18.89,94.37
18-08-2026 13:22,77384.77,490,490,490,490,0,15,-0.393,0.000103,-18.89,94.38
18-08-2026 13:23,77386.03,490,490,490,490,0,15,-0.3929,0.000103,-18.89,94.37
18-08-2026 13:24,77391.19,490,490,490,490,0,15,-0.3924,0.000103,-18.88,94.34
18-08-2026 13:25,77377.85,490,490,490,490,0,15,-0.3937,0.000103,-18.9,94.42
18-08-2026 13:26,77374.94,490,490,490,490,0,15,-0.394,0.000103,-18.9,94.43
18-08-2026 13:27,77374.36,490,490,490,490,0,15,-0.3941,0.000103,-18.9,94.43
18-08-2026 13:28,77384.24,490,490,490,490,0,15,-0.3931,0.000103,-18.89,94.38
18-08-2026 13:29,77384.46,490,490,490,490,0,15,-0.3931,0.000103,-18.89,94.38
18-08-2026 13:30,77382.27,490,490,490,490,0,15,-0.3933,0.000103,-18.89,94.39
18-08-2026 13:31,77389.06,490,490,490,490,0,15,-0.3926,0.000103,-18.89,94.35
18-08-2026 13:32,77384.11,490,490,490,490,0,15,-0.3931,0.000103,-18.89,94.37
18-08-2026 13:33,77383.41,490,490,490,490,0,15,-0.3932,0.000103,-18.89,94.38
18-08-2026 13:34,77379.25,490,490,490,490,0,15,-0.3936,0.000103,-18.9,94.4
18-08-2026 13:35,77373.2,490,490,490,490,0,15,-0.3942,0.000104,-18.9,94.43
18-08-2026 13:36,77355.61,490,490,490,490,0,15,-0.396,0.000104,-18.92,94.53
18-08-2026 13:37,77340.97,490,490,490,490,0,15,-0.3976,0.000104,-18.94,94.6
18-08-2026 13:38,77340.61,490,490,490,490,0,15,-0.3976,0.000104,-18.94,94.6
18-08-2026 13:39,77344.18,490,490,490,490,0,15,-0.3972,0.000104,-18.93,94.58
18-08-2026 13:40,77353,490,490,490,490,0,15,-0.3963,0.000104,-18.92,94.54
18-08-2026 13:41,77353.09,490,490,490,490,0,15,-0.3963,0.000104,-18.92,94.53
18-08-2026 13:42,77360.5,490,490,490,490,0,15,-0.3955,0.000104,-18.92,94.49
18-08-2026 13:43,77353.62,490,490,490,490,0,15,-0.3962,0.000104,-18.92,94.53
18-08-2026 13:44,77376.13,490,490,490,490,0,15,-0.3939,0.000103,-18.9,94.41
18-08-2026 13:45,77376.7,490,490,490,490,0,15,-0.3938,0.000103,-18.9,94.4
18-08-2026 13:46,77379.22,490,490,490,490,0,15,-0.3936,0.000103,-18.9,94.39
18-08-2026 13:47,77381.9,490,490,490,490,0,15,-0.3933,0.000103,-18.9,94.37
18-08-2026 13:48,77375.7,490,490,490,490,0,15,-0.394,0.000104,-18.9,94.41
18-08-2026 13:49,77380.51,490,490,490,490,0,15,-0.3935,0.000103,-18.9,94.38
18-08-2026 13:50,77376.88,490,490,490,490,0,15,-0.3938,0.000103,-18.9,94.4
18-08-2026 13:51,77377.2,490,490,490,490,0,15,-0.3938,0.000103,-18.9,94.4
18-08-2026 13:52,77352.94,490,490,490,490,0,15,-0.3963,0.000104,-18.93,94.53
18-08-2026 13:53,77359.13,490,490,490,490,0,15,-0.3957,0.000104,-18.92,94.49
18-08-2026 13:54,77366.11,490,490,490,490,0,15,-0.3949,0.000104,-18.91,94.45
18-08-2026 13:55,77364.21,490,490,490,490,0,15,-0.3951,0.000104,-18.92,94.46
18-08-2026 13:56,77350.09,490,490,490,490,0,15,-0.3966,0.000104,-18.93,94.54
18-08-2026 13:57,77333.18,490,490,490,490,0,15,-0.3984,0.000104,-18.95,94.62
18-08-2026 13:58,77338.69,490,490,490,490,0,15,-0.3978,0.000104,-18.94,94.59
18-08-2026 13:59,77347.94,490,490,490,490,0,15,-0.3968,0.000104,-18.93,94.55
18-08-2026 14:00,77350.74,490,490,490,490,0,15,-0.3965,0.000104,-18.93,94.53
18-08-2026 14:01,77344.61,490,490,490,490,0,15,-0.3972,0.000104,-18.94,94.56
18-08-2026 14:02,77366.05,490,490,490,490,0,15,-0.3949,0.000104,-18.92,94.45
18-08-2026 14:03,77365.52,490,490,490,490,0,15,-0.395,0.000104,-18.92,94.45
18-08-2026 14:04,77389.06,490,490,490,490,0,15,-0.3926,0.000103,-18.89,94.32
18-08-2026 14:05,77367.17,490,490,490,490,0,15,-0.3948,0.000104,-18.91,94.44
18-08-2026 14:06,77379.46,490,490,490,490,0,15,-0.3935,0.000103,-18.9,94.37
18-08-2026 14:07,77376.42,490,490,490,490,0,15,-0.3939,0.000104,-18.91,94.38
18-08-2026 14:08,77365.6,490,490,490,490,0,15,-0.395,0.000104,-18.92,94.44
18-08-2026 14:09,77354.81,490,490,490,490,0,15,-0.3961,0.000104,-18.93,94.5
18-08-2026 14:10,77354.18,490,490,490,490,0,15,-0.3962,0.000104,-18.93,94.5
18-08-2026 14:11,77334.68,490,490,490,490,0,15,-0.3982,0.000104,-18.95,94.6
18-08-2026 14:12,77344.23,490,490,490,490,0,15,-0.3972,0.000104,-18.94,94.55
18-08-2026 14:13,77352.56,490,490,490,490,0,15,-0.3963,0.000104,-18.93,94.51
18-08-2026 14:14,77355.46,490,490,490,490,0,15,-0.396,0.000104,-18.93,94.49
18-08-2026 14:15,77354.46,490,490,490,490,0,15,-0.3961,0.000104,-18.93,94.5
18-08-2026 14:16,77349.56,490,490,490,490,0,15,-0.3966,0.000104,-18.93,94.52
18-08-2026 14:17,77355.67,490,490,490,490,0,15,-0.396,0.000104,-18.93,94.49
18-08-2026 14:18,77362.48,490,490,490,490,0,15,-0.3953,0.000104,-18.92,94.45
18-08-2026 14:19,77337.88,490,490,490,490,0,15,-0.3978,0.000104,-18.95,94.58
18-08-2026 14:20,77355.15,490,490,490,490,0,15,-0.3961,0.000104,-18.93,94.49
18-08-2026 14:21,77346.22,490,490,490,490,0,15,-0.397,0.000104,-18.94,94.53
18-08-2026 14:22,77340.35,490,490,490,490,0,15,-0.3976,0.000104,-18.94,94.56
18-08-2026 14:23,77325.64,490,490,490,490,0,15,-0.3991,0.000104,-18.96,94.64
18-08-2026 14:24,77351.54,490,490,490,490,0,15,-0.3964,0.000104,-18.93,94.5
18-08-2026 14:25,77362.12,490,490,490,490,0,15,-0.3953,0.000104,-18.92,94.45
18-08-2026 14:26,77356.34,490,490,490,490,0,15,-0.3959,0.000104,-18.93,94.48
18-08-2026 14:27,77335.54,490,490,490,490,0,15,-0.3981,0.000104,-18.95,94.58
18-08-2026 14:28,77355.21,490,490,490,490,0,15,-0.396,0.000104,-18.93,94.48
18-08-2026 14:29,77365.07,490,490,490,490,0,15,-0.395,0.000104,-18.92,94.43
18-08-2026 14:30,77384.65,490,490,490,490,0,15,-0.393,0.000103,-18.9,94.32
18-08-2026 14:31,77361.49,490,490,490,490,0,15,-0.3954,0.000104,-18.93,94.44
18-08-2026 14:32,77362.48,490,490,490,490,0,15,-0.3953,0.000104,-18.92,94.44
18-08-2026 14:33,77363.56,490,490,490,490,0,15,-0.3952,0.000104,-18.92,94.43
18-08-2026 14:34,77371.53,490,490,490,490,0,15,-0.3943,0.000104,-18.92,94.39
18-08-2026 14:35,77357.44,490,490,490,490,0,15,-0.3958,0.000104,-18.93,94.46
18-08-2026 14:36,77361.05,490,490,490,490,0,15,-0.3954,0.000104,-18.93,94.44
18-08-2026 14:37,77365.9,490,490,490,490,0,15,-0.3949,0.000104,-18.92,94.41
18-08-2026 14:38,77383.27,490,490,490,490,0,15,-0.3931,0.000103,-18.9,94.32
18-08-2026 14:39,77386.37,490,490,490,490,0,15,-0.3928,0.000103,-18.9,94.3
18-08-2026 14:40,77390.24,490,490,490,490,0,15,-0.3924,0.000103,-18.9,94.28
18-08-2026 14:41,77387.19,490,490,490,490,0,15,-0.3927,0.000103,-18.9,94.29
18-08-2026 14:42,77385.8,490,490,490,490,0,15,-0.3929,0.000103,-18.9,94.3
18-08-2026 14:43,77376.73,490,490,490,490,0,15,-0.3938,0.000104,-18.91,94.35
18-08-2026 14:44,77397.03,490,490,490,490,0,15,-0.3917,0.000103,-18.89,94.24
18-08-2026 14:45,77388.32,490,490,490,490,0,15,-0.3926,0.000103,-18.9,94.28
18-08-2026 14:46,77393.42,490,490,490,490,0,15,-0.3921,0.000103,-18.89,94.25
18-08-2026 14:47,77399.14,490,490,490,490,0,15,-0.3915,0.000103,-18.89,94.22
18-08-2026 14:48,77398.05,490,490,490,490,0,15,-0.3916,0.000103,-18.89,94.23
18-08-2026 14:49,77400.02,490,490,490,490,0,15,-0.3914,0.000103,-18.89,94.22
18-08-2026 14:50,77416.64,490,490,490,490,0,15,-0.3897,0.000103,-18.87,94.12
18-08-2026 14:51,77428.51,490,490,490,490,0,15,-0.3884,0.000103,-18.86,94.05
18-08-2026 14:52,77410.08,490,490,476.95,476.95,20,8.79,-0.329,0.000166,-10.46,88.82
18-08-2026 14:53,77405.49,476.95,476.95,444.6,444.6,20,8.41,-0.3231,0.000173,-9.93,88.17
18-08-2026 14:54,77399.31,444.6,444.6,444.6,444.6,0,15,-0.3915,0.000103,-18.89,94.21
18-08-2026 14:55,77417.06,444.6,444.6,444.6,444.6,0,15,-0.3896,0.000103,-18.87,94.11
18-08-2026 14:56,77423.76,444.6,444.6,444.6,444.6,0,15,-0.3889,0.000103,-18.86,94.07
18-08-2026 14:57,77439.35,444.6,444.6,444.6,444.6,0,15,-0.3873,0.000103,-18.85,93.98
18-08-2026 14:58,77431.52,444.6,444.6,444.6,444.6,0,15,-0.3881,0.000103,-18.86,94.03
18-08-2026 14:59,77425.33,444.6,444.6,444.6,444.6,0,15,-0.3888,0.000103,-18.86,94.06
18-08-2026 15:00,77470.2,444.6,444.6,444.6,444.6,0,15,-0.3842,0.000103,-18.81,93.79
18-08-2026 15:01,77454.76,444.6,444.6,444.6,444.6,0,15,-0.3857,0.000103,-18.83,93.89
18-08-2026 15:02,77446.04,444.6,444.6,444.6,444.6,0,15,-0.3866,0.000103,-18.84,93.94
18-08-2026 15:03,77419.3,444.6,444.6,444.6,444.6,0,15,-0.3894,0.000103,-18.87,94.09
18-08-2026 15:04,77401.3,444.6,444.6,444.6,444.6,0,15,-0.3912,0.000103,-18.89,94.19
18-08-2026 15:05,77409.8,444.6,444.6,444.6,444.6,0,15,-0.3904,0.000103,-18.88,94.14
18-08-2026 15:06,77384.88,444.6,444.6,444.6,444.6,0,15,-0.3929,0.000103,-18.91,94.28
18-08-2026 15:07,77367.27,444.6,444.6,444.6,444.6,0,15,-0.3948,0.000104,-18.93,94.38
18-08-2026 15:08,77377.86,444.6,444.6,444.6,444.6,0,15,-0.3937,0.000104,-18.91,94.32
18-08-2026 15:09,77365.43,444.6,444.6,444.6,444.6,0,15,-0.395,0.000104,-18.93,94.39
18-08-2026 15:10,77382.17,444.6,444.6,444.6,444.6,0,15,-0.3932,0.000104,-18.91,94.3
18-08-2026 15:11,77402.68,444.6,444.6,444.6,444.6,0,15,-0.3911,0.000103,-18.89,94.18
18-08-2026 15:12,77366.4,444.6,444.6,444.6,444.6,0,15,-0.3949,0.000104,-18.93,94.38
18-08-2026 15:13,77339.09,444.6,444.6,444.6,444.6,0,15,-0.3977,0.000104,-18.96,94.52
18-08-2026 15:14,77313.02,444.6,444.6,444.6,444.6,0,15,-0.4004,0.000104,-18.98,94.66
18-08-2026 15:15,77325.87,444.6,444.6,444.6,444.6,0,15,-0.3991,0.000104,-18.97,94.59
18-08-2026 15:16,77325.87,444.6,444.6,444.6,444.6,0,15,-0.3991,0.000104,-18.97,94.59
18-08-2026 15:17,77325.87,444.6,444.6,444.6,444.6,0,15,-0.3991,0.000104,-18.97,94.59
18-08-2026 15:18,77325.87,444.6,444.6,444.6,444.6,0,15,-0.3991,0.000104,-18.97,94.59
18-08-2026 15:19,77325.87,444.6,444.6,444.6,444.6,0,15,-0.3991,0.000104,-18.97,94.59
18-08-2026 15:20,77325.87,444.6,444.6,444.6,444.6,0,15,-0.3991,0.000104,-18.97,94.59
18-08-2026 15:21,77325.87,444.6,444.6,444.6,444.6,0,15,-0.3991,0.000104,-18.97,94.59
18-08-2026 15:22,77325.87,444.6,444.6,444.6,444.6,0,15,-0.3991,0.000104,-18.97,94.58
18-08-2026 15:23,77325.87,444.6,444.6,444.6,444.6,0,15,-0.3991,0.000104,-18.97,94.58
18-08-2026 15:24,77325.87,444.6,444.6,444.6,444.6,0,15,-0.3991,0.000104,-18.97,94.58
18-08-2026 15:25,77325.87,444.6,444.6,444.6,444.6,0,15,-0.3991,0.000104,-18.97,94.58
18-08-2026 15:26,77325.87,444.6,444.6,444.6,444.6,0,15,-0.3991,0.000104,-18.97,94.58
18-08-2026 15:27,77325.87,444.6,444.6,444.6,444.6,0,15,-0.3991,0.000104,-18.97,94.58
18-08-2026 15:28,77235.46,444.6,444.6,444.6,444.6,0,15,-0.4085,0.000105,-19.05,95.02
18-08-2026 15:29,77235.46,444.6,444.6,444.6,444.6,0,15,-0.4085,0.000105,-19.05,95.02
19-08-2026 09:18,77135.81,529.1,534.2,529.1,534.2,80,8.45,-0.3705,0.000183,-10.56,91.42
19-08-2026 09:19,77135.17,534.2,534.2,531.05,531.05,20,8.42,-0.3701,0.000184,-10.51,91.39
19-08-2026 09:20,77124.32,531.05,531.05,531.05,531.05,0,15,-0.4197,0.000107,-19.34,94.5
19-08-2026 09:21,77146.86,531.05,531.05,531.05,531.05,0,15,-0.4173,0.000106,-19.32,94.41
19-08-2026 09:22,77128.23,531.05,531.05,531.05,531.05,0,15,-0.4192,0.000107,-19.33,94.48
19-08-2026 09:23,77112.01,531.05,531.05,531.05,531.05,0,15,-0.421,0.000107,-19.34,94.54
19-08-2026 09:24,77092.95,531.05,531.05,531.05,531.05,0,15,-0.423,0.000107,-19.36,94.61
19-08-2026 09:25,77071.9,531.05,531.05,531.05,531.05,0,15,-0.4252,0.000107,-19.37,94.69
19-08-2026 09:26,77078.24,531.05,531.05,531.05,531.05,0,15,-0.4246,0.000107,-19.37,94.66
19-08-2026 09:27,77086.77,531.05,540.7,531.05,540.7,20,8.33,-0.3779,0.000187,-10.46,91.92
19-08-2026 09:28,77079.88,540.7,547.2,540.7,547.2,40,8.37,-0.3797,0.000186,-10.52,92.04
19-08-2026 09:29,77067.55,547.2,547.2,547.2,547.2,0,15,-0.4257,0.000107,-19.38,94.7
19-08-2026 09:30,77049.26,547.2,547.2,547.2,547.2,0,15,-0.4277,0.000107,-19.39,94.76
19-08-2026 09:31,77016.57,547.2,547.2,547.2,547.2,0,15,-0.4312,0.000107,-19.41,94.86
19-08-2026 09:32,77010.39,547.2,547.2,547.2,547.2,0,15,-0.4318,0.000107,-19.41,94.88
19-08-2026 09:33,77015.29,547.2,547.2,547.2,547.2,0,15,-0.4313,0.000107,-19.41,94.87
19-08-2026 09:34,76994.24,547.2,547.2,547.2,547.2,0,15,-0.4336,0.000107,-19.42,94.93
19-08-2026 09:35,76988.1,547.2,547.2,547.2,547.2,0,15,-0.4342,0.000108,-19.42,94.95
19-08-2026 09:36,76991.42,547.2,547.2,547.2,547.2,0,15,-0.4339,0.000108,-19.42,94.94
19-08-2026 09:37,76983.99,547.2,547.2,547.2,547.2,0,15,-0.4347,0.000108,-19.42,94.96
19-08-2026 09:38,76977.87,547.2,547.2,547.2,547.2,0,15,-0.4353,0.000108,-19.43,94.97
19-08-2026 09:39,77018.68,547.2,547.2,547.2,547.2,0,15,-0.4309,0.000107,-19.41,94.85
19-08-2026 09:40,76994.16,547.2,547.2,547.2,547.2,0,15,-0.4336,0.000108,-19.42,94.92
19-08-2026 09:41,77013.17,547.2,547.2,547.2,547.2,0,15,-0.4315,0.000107,-19.41,94.87
19-08-2026 09:42,77021.95,547.2,547.2,547.2,547.2,0,15,-0.4306,0.000107,-19.41,94.84
19-08-2026 09:43,77042.64,547.2,547.2,547.2,547.2,0,15,-0.4284,0.000107,-19.39,94.77
19-08-2026 09:44,77035.67,547.2,547.2,547.2,547.2,0,15,-0.4291,0.000107,-19.4,94.79
19-08-2026 09:45,77029.39,547.2,547.2,547.2,547.2,0,15,-0.4298,0.000107,-19.4,94.81
19-08-2026 09:46,77018.63,547.2,547.2,547.2,547.2,0,15,-0.431,0.000107,-19.41,94.84
19-08-2026 09:47,77030.39,547.2,547.2,547.2,547.2,0,15,-0.4297,0.000107,-19.4,94.81
19-08-2026 09:48,77033.51,547.2,547.2,547.2,547.2,0,15,-0.4294,0.000107,-19.4,94.8
19-08-2026 09:49,77061.38,547.2,547.2,547.2,547.2,0,15,-0.4264,0.000107,-19.38,94.7
19-08-2026 09:50,77089.55,547.2,547.2,547.2,547.2,0,15,-0.4234,0.000107,-19.37,94.6
19-08-2026 09:51,77092.58,547.2,547.2,547.2,547.2,0,15,-0.423,0.000107,-19.36,94.59
19-08-2026 09:52,77059.92,547.2,547.2,547.2,547.2,0,15,-0.4265,0.000107,-19.38,94.7
19-08-2026 09:53,77088.76,547.2,547.2,547.2,547.2,0,15,-0.4234,0.000107,-19.37,94.6
19-08-2026 09:54,77070.11,547.2,547.2,547.2,547.2,0,15,-0.4254,0.000107,-19.38,94.67
19-08-2026 09:55,77063.08,547.2,547.2,547.2,547.2,0,15,-0.4262,0.000107,-19.38,94.69
19-08-2026 09:56,77057.17,547.2,547.2,547.2,547.2,0,15,-0.4268,0.000107,-19.39,94.71
19-08-2026 09:57,77056.19,547.2,547.2,547.2,547.2,0,15,-0.4269,0.000107,-19.39,94.71
19-08-2026 09:58,77047.65,547.2,547.2,547.2,547.2,0,15,-0.4278,0.000107,-19.39,94.74
19-08-2026 09:59,77043.37,547.2,547.2,547.2,547.2,0,15,-0.4283,0.000107,-19.4,94.75
19-08-2026 10:00,77050.93,547.2,547.2,547.2,547.2,0,15,-0.4275,0.000107,-19.39,94.73
19-08-2026 10:01,77046.84,547.2,547.2,547.2,547.2,0,15,-0.4279,0.000107,-19.39,94.74
19-08-2026 10:02,77059.56,547.2,547.2,547.2,547.2,0,15,-0.4266,0.000107,-19.39,94.7
19-08-2026 10:03,77064.43,547.2,547.2,547.2,547.2,0,15,-0.426,0.000107,-19.38,94.68
19-08-2026 10:04,77054.28,547.2,547.2,547.2,547.2,0,15,-0.4271,0.000107,-19.39,94.71
19-08-2026 10:05,77045.25,547.2,547.2,547.2,547.2,0,15,-0.4281,0.000107,-19.4,94.74
19-08-2026 10:06,77056.67,547.2,547.2,547.2,547.2,0,15,-0.4269,0.000107,-19.39,94.7
19-08-2026 10:07,77053.26,547.2,547.2,547.2,547.2,0,15,-0.4272,0.000107,-19.39,94.71
19-08-2026 10:08,77048.55,547.2,547.2,547.2,547.2,0,15,-0.4277,0.000107,-19.39,94.73
19-08-2026 10:09,77045.84,547.2,547.2,547.2,547.2,0,15,-0.428,0.000107,-19.4,94.74
19-08-2026 10:10,77042.65,547.2,547.2,547.2,547.2,0,15,-0.4284,0.000107,-19.4,94.75
19-08-2026 10:11,77041.68,547.2,547.2,547.2,547.2,0,15,-0.4285,0.000107,-19.4,94.75
19-08-2026 10:12,77026.41,547.2,547.2,547.2,547.2,0,15,-0.4301,0.000107,-19.41,94.8
19-08-2026 10:13,77009.95,547.2,547.2,547.2,547.2,0,15,-0.4319,0.000107,-19.42,94.85
19-08-2026 10:14,77025.73,547.2,547.2,547.2,547.2,0,15,-0.4302,0.000107,-19.41,94.8
19-08-2026 10:15,77009.66,547.2,549,547.2,549,20,8.1,-0.3898,0.000194,-10.25,92.61
19-08-2026 10:16,77003.85,549,549,548,548,20,8.06,-0.3905,0.000195,-10.21,92.65
19-08-2026 10:17,76999.42,548,548,548,548,0,15,-0.433,0.000108,-19.42,94.87
19-08-2026 10:18,76972.11,548,548,548,548,0,15,-0.4359,0.000108,-19.44,94.95
19-08-2026 10:19,76969.9,548,548,548,548,0,15,-0.4362,0.000108,-19.44,94.96
19-08-2026 10:20,76951.74,548,548,548,548,0,15,-0.4381,0.000108,-19.45,95.01
19-08-2026 10:21,76936.79,548,548,548,548,0,15,-0.4397,0.000108,-19.46,95.04
19-08-2026 10:22,76938.15,548,548,548,548,0,15,-0.4396,0.000108,-19.46,95.04
19-08-2026 10:23,76933.5,548,548,548,548,0,15,-0.4401,0.000108,-19.46,95.05
19-08-2026 10:24,76932.73,548,548,548,548,0,15,-0.4402,0.000108,-19.46,95.05
19-08-2026 10:25,76937.68,548,548,548,548,0,15,-0.4396,0.000108,-19.46,95.04
19-08-2026 10:26,76938.06,548,548,548,548,0,15,-0.4396,0.000108,-19.46,95.04
19-08-2026 10:27,76943.41,548,548,548,548,0,15,-0.439,0.000108,-19.45,95.02
19-08-2026 10:28,76945.98,548,548,548,548,0,15,-0.4388,0.000108,-19.45,95.01
19-08-2026 10:29,76935.8,548,548,548,548,0,15,-0.4399,0.000108,-19.46,95.04
19-08-2026 10:30,76934.26,548,548,548,548,0,15,-0.44,0.000108,-19.46,95.04
19-08-2026 10:31,76920.37,548,548,548,548,0,15,-0.4415,0.000108,-19.46,95.07
19-08-2026 10:32,76928.84,548,548,548,548,0,15,-0.4406,0.000108,-19.46,95.05
19-08-2026 10:33,76934.95,548,548,548,548,0,15,-0.4399,0.000108,-19.46,95.04
19-08-2026 10:34,76914.98,548,548,548,548,0,15,-0.4421,0.000108,-19.47,95.08
19-08-2026 10:35,76919.53,548,548,548,548,0,15,-0.4416,0.000108,-19.47,95.07
19-08-2026 10:36,76922.31,548,548,548,548,0,15,-0.4413,0.000108,-19.47,95.07
19-08-2026 10:37,76918.03,548,548,548,548,0,15,-0.4418,0.000108,-19.47,95.07
19-08-2026 10:38,76900.58,548,548,548,548,0,15,-0.4437,0.000108,-19.47,95.11
19-08-2026 10:39,76903.08,548,548,548,548,0,15,-0.4434,0.000108,-19.47,95.11
19-08-2026 10:40,76908.31,548,548,548,548,0,15,-0.4428,0.000108,-19.47,95.09
19-08-2026 10:41,76894.92,548,579,548,579,20,7.93,-0.4107,0.000201,-10.16,93.7
19-08-2026 10:42,76908.09,579,579,579,579,0,15,-0.4428,0.000108,-19.47,95.09
19-08-2026 10:43,76930.55,579,579,579,579,0,15,-0.4404,0.000108,-19.46,95.04
19-08-2026 10:44,76932.28,579,579,579,579,0,15,-0.4402,0.000108,-19.46,95.03
19-08-2026 10:45,76913.01,579,579,579,579,0,15,-0.4423,0.000108,-19.47,95.08
19-08-2026 10:46,76905.43,579,579,579,579,0,15,-0.4431,0.000108,-19.47,95.1
19-08-2026 10:47,76905.46,579,579,579,579,0,15,-0.4431,0.000108,-19.47,95.1
19-08-2026 10:48,76912.28,579,579,579,579,0,15,-0.4424,0.000108,-19.47,95.08
19-08-2026 10:49,76919.54,579,579,579,579,0,15,-0.4416,0.000108,-19.47,95.06
19-08-2026 10:50,76914.43,579,579,579,579,0,15,-0.4422,0.000108,-19.47,95.07
19-08-2026 10:51,76912.2,579,579,579,579,0,15,-0.4424,0.000108,-19.47,95.08
19-08-2026 10:52,76913.55,579,579,579,579,0,15,-0.4422,0.000108,-19.47,95.07
19-08-2026 10:53,76928.03,579,579,579,579,0,15,-0.4407,0.000108,-19.47,95.04
19-08-2026 10:54,76939.71,579,579,579,579,0,15,-0.4394,0.000108,-19.46,95.01
19-08-2026 10:55,76943.41,579,579,561,561,40,7.95,-0.4011,0.0002,-10.13,93.21
19-08-2026 10:56,76950.09,561,561,561,561,0,15,-0.4383,0.000108,-19.46,94.98
19-08-2026 10:57,76947.66,561,561,561,561,0,15,-0.4386,0.000108,-19.46,94.98
19-08-2026 10:58,76947.23,561,561,561,561,0,15,-0.4386,0.000108,-19.46,94.98
19-08-2026 10:59,76935.68,561,578,561,578,20,8.1,-0.4042,0.000196,-10.34,93.37
19-08-2026 11:00,76918.27,578,578,578,578,0,15,-0.4417,0.000108,-19.47,95.05
19-08-2026 11:01,76918.96,578,578,578,578,0,15,-0.4417,0.000108,-19.47,95.05
19-08-2026 11:02,76900.45,578,578,578,578,0,15,-0.4437,0.000108,-19.48,95.09
19-08-2026 11:03,76888.68,578,578,578,578,0,15,-0.4449,0.000108,-19.48,95.12
19-08-2026 11:04,76892.87,578,578,573.75,573.75,40,7.87,-0.4105,0.000203,-10.08,93.66
19-08-2026 11:05,76890.62,573.75,578.15,573.75,578.15,20,7.9,-0.4113,0.000202,-10.13,93.7
19-08-2026 11:06,76883.81,578.15,578.15,576.9,577.55,60,7.87,-0.4123,0.000203,-10.09,93.75
19-08-2026 11:07,76841.55,577.55,601.6,577.55,601.6,20,7.94,-0.4215,0.000203,-10.21,94.15
19-08-2026 11:08,76848.42,601.6,601.6,601.6,601.6,0,15,-0.4493,0.000108,-19.5,95.2
19-08-2026 11:09,76857.83,601.6,601.6,601.6,601.6,0,15,-0.4483,0.000108,-19.5,95.18
19-08-2026 11:10,76868.97,601.6,601.6,601.6,601.6,0,15,-0.4471,0.000108,-19.49,95.15
19-08-2026 11:11,76865.55,601.6,601.6,601.6,601.6,0,15,-0.4474,0.000108,-19.49,95.16
19-08-2026 11:12,76855.18,601.6,601.6,601.6,601.6,0,15,-0.4486,0.000108,-19.5,95.18
19-08-2026 11:13,76868.76,601.6,601.6,601.6,601.6,0,15,-0.4471,0.000108,-19.49,95.15
19-08-2026 11:14,76879.85,601.6,601.6,601.6,601.6,0,15,-0.4459,0.000108,-19.49,95.13
19-08-2026 11:15,76887.91,601.6,601.6,601.6,601.6,0,15,-0.445,0.000108,-19.49,95.11
19-08-2026 11:16,76884.42,601.6,601.6,601.6,601.6,0,15,-0.4454,0.000108,-19.49,95.12
19-08-2026 11:17,76872.24,601.6,601.6,601.6,601.6,0,15,-0.4467,0.000108,-19.49,95.14
19-08-2026 11:18,76870.68,601.6,601.6,601.6,601.6,0,15,-0.4469,0.000108,-19.49,95.14
19-08-2026 11:19,76887.91,601.6,601.6,601.6,601.6,0,15,-0.445,0.000108,-19.49,95.11
19-08-2026 11:20,76893.1,601.6,601.6,601.6,601.6,0,15,-0.4444,0.000108,-19.49,95.09
19-08-2026 11:21,76903.09,601.6,601.6,601.6,601.6,0,15,-0.4434,0.000108,-19.48,95.07
19-08-2026 11:22,76908.38,601.6,601.6,601.6,601.6,0,15,-0.4428,0.000108,-19.48,95.06
19-08-2026 11:23,76897.24,573.15,573.15,573.15,573.15,20,7.88,-0.4097,0.000203,-10.09,93.61
19-08-2026 11:24,76891.3,573.15,573.15,573.15,573.15,0,15,-0.4446,0.000108,-19.49,95.09
19-08-2026 11:25,76876.69,573.15,573.15,573.15,573.15,0,15,-0.4462,0.000108,-19.49,95.12
19-08-2026 11:26,76887.63,573.15,588.6,573.15,588.6,20,8,-0.4128,0.0002,-10.27,93.76
19-08-2026 11:27,76903.77,588.6,588.6,588.6,588.6,0,15,-0.4433,0.000108,-19.48,95.06
19-08-2026 11:28,76889.2,588.6,588.6,574.2,574.2,20,7.86,-0.4111,0.000204,-10.07,93.67
19-08-2026 11:29,76893,574.2,574.2,574.2,574.2,0,15,-0.4445,0.000108,-19.49,95.09
19-08-2026 11:30,76900.05,574.2,574.2,574.2,574.2,0,15,-0.4437,0.000108,-19.48,95.07
19-08-2026 11:31,76901.33,574.2,574.2,574.2,574.2,0,15,-0.4436,0.000108,-19.48,95.06
19-08-2026 11:32,76895.16,574.2,574.2,574.2,574.2,0,15,-0.4442,0.000108,-19.49,95.08
19-08-2026 11:33,76888.85,574.2,574.2,574.2,574.2,0,15,-0.4449,0.000108,-19.49,95.09
19-08-2026 11:34,76902.36,574.2,574.2,574.2,574.2,0,15,-0.4434,0.000108,-19.48,95.06
19-08-2026 11:35,76903.65,574.2,580.05,574.2,580.05,20,7.98,-0.4094,0.0002,-10.22,93.59
19-08-2026 11:36,76885.69,580.05,580.05,580.05,580.05,0,15,-0.4452,0.000108,-19.49,95.09
19-08-2026 11:37,76864.26,580.05,580.05,580.05,580.05,0,15,-0.4476,0.000108,-19.5,95.14
19-08-2026 11:38,76854.55,580.05,580.05,580.05,580.05,0,15,-0.4486,0.000108,-19.5,95.16
19-08-2026 11:39,76869.96,580.05,580.05,580.05,580.05,0,15,-0.4469,0.000108,-19.5,95.13
19-08-2026 11:40,76881.44,580.05,580.05,580.05,580.05,0,15,-0.4457,0.000108,-19.49,95.1
19-08-2026 11:41,76885.02,580.05,580.05,580.05,580.05,0,15,-0.4453,0.000108,-19.49,95.09
19-08-2026 11:42,76881.96,580.05,580.05,580.05,580.05,0,15,-0.4456,0.000108,-19.49,95.1
19-08-2026 11:43,76881.37,580.05,580.05,580.05,580.05,0,15,-0.4457,0.000108,-19.49,95.1
19-08-2026 11:44,76891.18,580.05,580.05,580.05,580.05,0,15,-0.4447,0.000108,-19.49,95.08
19-08-2026 11:45,76892.12,580.05,580.05,580.05,580.05,0,15,-0.4445,0.000108,-19.49,95.07
19-08-2026 11:46,76914.01,580.05,580.05,580.05,580.05,0,15,-0.4422,0.000108,-19.48,95.02
19-08-2026 11:47,76921.73,580.05,580.05,580.05,580.05,0,15,-0.4413,0.000108,-19.48,95
19-08-2026 11:48,76944.7,580.05,580.05,561.05,561.05,20,7.96,-0.401,0.0002,-10.15,93.15
19-08-2026 11:49,76963.21,550.7,550.7,550.7,550.7,20,7.93,-0.3969,0.0002,-10.09,92.93
19-08-2026 11:50,76972.93,550.7,550.7,550.7,550.7,0,15,-0.4358,0.000108,-19.46,94.87
19-08-2026 11:51,76975.17,550.7,550.7,550.7,550.7,0,15,-0.4356,0.000108,-19.45,94.86
19-08-2026 11:52,76973.06,550.7,550.7,550.7,550.7,0,15,-0.4358,0.000108,-19.46,94.86
19-08-2026 11:53,76982.14,550.7,550.7,550.7,550.7,0,15,-0.4348,0.000108,-19.45,94.84
19-08-2026 11:54,76988.12,550.7,550.7,550.7,550.7,0,15,-0.4342,0.000108,-19.45,94.82
19-08-2026 11:55,76981.6,550.7,550.7,548,548,20,7.98,-0.3938,0.000198,-10.13,92.75
19-08-2026 11:56,76976.78,548,548,548,548,0,15,-0.4354,0.000108,-19.46,94.85
19-08-2026 11:57,76985.96,548,548,548,548,0,15,-0.4344,0.000108,-19.45,94.82
19-08-2026 11:58,76979.28,548,548,548,548,0,15,-0.4351,0.000108,-19.45,94.84
19-08-2026 11:59,76990.88,548,548,548,548,0,15,-0.4339,0.000108,-19.45,94.81
19-08-2026 12:00,76962.44,548,548,548,548,0,15,-0.4369,0.000108,-19.46,94.89
19-08-2026 12:01,76943.32,548,553.95,548,553.95,40,7.88,-0.4004,0.000202,-10.04,93.1
19-08-2026 12:02,76963.47,553.95,553.95,553.95,553.95,0,15,-0.4368,0.000108,-19.46,94.88
19-08-2026 12:03,76932.66,553.95,553.95,553.95,553.95,0,15,-0.4402,0.000108,-19.48,94.96
19-08-2026 12:04,76909.04,553.95,553.95,553.95,553.95,0,15,-0.4427,0.000108,-19.49,95.02
19-08-2026 12:05,76917.65,553.95,553.95,553.95,553.95,0,15,-0.4418,0.000108,-19.48,95
19-08-2026 12:06,76925.25,553.95,553.95,553.95,553.95,0,15,-0.441,0.000108,-19.48,94.98
19-08-2026 12:07,76928.81,553.95,553.95,553.95,553.95,0,15,-0.4406,0.000108,-19.48,94.97
19-08-2026 12:08,76917.43,553.95,553.95,553.95,553.95,0,15,-0.4418,0.000108,-19.48,94.99
19-08-2026 12:09,76897.2,553.95,553.95,553.95,553.95,0,15,-0.444,0.000108,-19.49,95.04
19-08-2026 12:10,76903.28,553.95,553.95,553.95,553.95,0,15,-0.4433,0.000108,-19.49,95.02
19-08-2026 12:11,76900.42,553.95,553.95,553.95,553.95,0,15,-0.4436,0.000108,-19.49,95.03
19-08-2026 12:12,76892.56,553.95,553.95,553.95,553.95,0,15,-0.4445,0.000108,-19.5,95.05
19-08-2026 12:13,76890.73,553.95,553.95,553.95,553.95,0,15,-0.4447,0.000108,-19.5,95.05
19-08-2026 12:14,76892.33,553.95,553.95,553.95,553.95,0,15,-0.4445,0.000108,-19.5,95.05
19-08-2026 12:15,76898.04,553.95,553.95,553.95,553.95,0,15,-0.4439,0.000108,-19.49,95.03
19-08-2026 12:16,76897.06,553.95,553.95,553.95,553.95,0,15,-0.444,0.000108,-19.49,95.03
19-08-2026 12:17,76898.53,553.95,553.95,553.95,553.95,0,15,-0.4438,0.000108,-19.49,95.03
19-08-2026 12:18,76891.6,553.95,553.95,553.95,553.95,0,15,-0.4446,0.000108,-19.5,95.04
19-08-2026 12:19,76924.41,553.95,553.95,553.95,553.95,0,15,-0.441,0.000108,-19.48,94.97
19-08-2026 12:20,76926.03,553.95,553.95,553.95,553.95,0,15,-0.4409,0.000108,-19.48,94.96
19-08-2026 12:21,76924.22,553.95,553.95,553.95,553.95,0,15,-0.4411,0.000108,-19.48,94.96
19-08-2026 12:22,76908.72,553.95,553.95,553.95,553.95,0,15,-0.4427,0.000108,-19.49,95
19-08-2026 12:23,76912.84,553.95,553.95,553.95,553.95,0,15,-0.4423,0.000108,-19.49,94.99
19-08-2026 12:24,76934.36,553.95,553.95,553.95,553.95,0,15,-0.44,0.000108,-19.48,94.94
19-08-2026 12:25,76923.44,553.95,553.95,553.95,553.95,0,15,-0.4412,0.000108,-19.49,94.96
19-08-2026 12:26,76905.07,553.95,553.95,553.95,553.95,0,15,-0.4431,0.000108,-19.49,95.01
19-08-2026 12:27,76907.84,553.95,553.95,553.95,553.95,0,15,-0.4428,0.000108,-19.49,95
19-08-2026 12:28,76911.69,553.95,565.1,553.95,565.1,20,7.86,-0.4066,0.000203,-10.06,93.4
19-08-2026 12:29,76923.2,565.1,565.1,565.1,565.1,0,15,-0.4412,0.000108,-19.49,94.96
19-08-2026 12:30,76898.86,565.1,565.1,565.1,565.1,0,15,-0.4438,0.000108,-19.5,95.02
19-08-2026 12:31,76905.45,565.1,565.1,565.1,565.1,0,15,-0.4431,0.000108,-19.49,95
19-08-2026 12:32,76898.27,565.1,570.95,565.1,570.95,20,7.87,-0.4093,0.000203,-10.08,93.53
19-08-2026 12:33,76902.81,570.95,570.95,570.95,570.95,0,15,-0.4434,0.000108,-19.5,95
19-08-2026 12:34,76902.99,570.95,570.95,570.95,570.95,0,15,-0.4434,0.000108,-19.5,95
19-08-2026 12:35,76921.83,570.95,570.95,570.95,570.95,0,15,-0.4413,0.000108,-19.49,94.96
19-08-2026 12:36,76924.88,570.95,570.95,570.95,570.95,0,15,-0.441,0.000108,-19.49,94.95
19-08-2026 12:37,76919.01,570.95,571.1,570.95,571.1,20,7.96,-0.4061,0.0002,-10.18,93.37
19-08-2026 12:38,76897.09,571.1,571.1,571.1,571.1,0,15,-0.444,0.000108,-19.5,95.01
19-08-2026 12:39,76905.68,571.1,571.1,571.1,571.1,0,15,-0.4431,0.000108,-19.5,94.99
19-08-2026 12:40,76905.2,571.1,571.1,571.1,571.1,0,15,-0.4431,0.000108,-19.5,94.99
19-08-2026 12:41,76916.87,571.1,571.1,571.1,571.1,0,15,-0.4419,0.000108,-19.49,94.96
19-08-2026 12:42,76904.15,571.1,571.1,571.1,571.1,0,15,-0.4432,0.000108,-19.5,94.99
19-08-2026 12:43,76918.45,571.1,571.1,571.1,571.1,0,15,-0.4417,0.000108,-19.49,94.96
19-08-2026 12:44,76915,571.1,571.1,571.1,571.1,0,15,-0.4421,0.000108,-19.49,94.97
19-08-2026 12:45,76887.17,571.1,571.1,571.1,571.1,0,15,-0.4451,0.000108,-19.5,95.03
19-08-2026 12:46,76902.19,571.1,571.1,571.1,571.1,0,15,-0.4434,0.000108,-19.5,94.99
19-08-2026 12:47,76890.92,571.1,571.1,571.1,571.1,0,15,-0.4447,0.000108,-19.5,95.02
19-08-2026 12:48,76899.48,571.1,571.1,571.1,571.1,0,15,-0.4437,0.000108,-19.5,95
19-08-2026 12:49,76901.53,571.1,571.1,571.1,571.1,0,15,-0.4435,0.000108,-19.5,94.99
19-08-2026 12:50,76908.9,571.1,571.1,571.1,571.1,0,15,-0.4427,0.000108,-19.5,94.98
19-08-2026 12:51,76904.49,571.1,571.1,571.1,571.1,0,15,-0.4432,0.000108,-19.5,94.98
19-08-2026 12:52,76904.85,571.1,571.1,571.1,571.1,0,15,-0.4432,0.000108,-19.5,94.98
19-08-2026 12:53,76912.2,571.1,571.1,571.1,571.1,0,15,-0.4424,0.000108,-19.5,94.96
19-08-2026 12:54,76911.16,571.1,571.1,566.25,566.25,20,7.87,-0.4068,0.000203,-10.08,93.39
19-08-2026 12:55,76910.23,566.25,566.25,566.25,566.25,0,15,-0.4426,0.000108,-19.5,94.97
19-08-2026 12:56,76890.19,566.25,566.25,566.25,566.25,0,15,-0.4447,0.000108,-19.5,95.01
19-08-2026 12:57,76898.2,566.25,566.25,566.25,566.25,0,15,-0.4439,0.000108,-19.5,94.99
19-08-2026 12:58,76906.63,566.25,566.25,566.25,566.25,0,15,-0.443,0.000108,-19.5,94.97
19-08-2026 12:59,76908.52,566.25,566.25,566.25,566.25,0,15,-0.4428,0.000108,-19.5,94.97
19-08-2026 13:00,76908.87,566.25,566.25,566.25,566.25,0,15,-0.4427,0.000108,-19.5,94.97
19-08-2026 13:01,76919.18,566,566,566,566,20,7.91,-0.4055,0.000202,-10.11,93.32
19-08-2026 13:02,76919.2,566,566,566,566,0,15,-0.4416,0.000108,-19.49,94.94
19-08-2026 13:03,76921.86,566,566,566,566,0,15,-0.4413,0.000108,-19.49,94.93
19-08-2026 13:04,76925.09,566,566,566,566,0,15,-0.441,0.000108,-19.49,94.92
19-08-2026 13:05,76925.54,566,566,566,566,20,7.94,-0.4045,0.000201,-10.15,93.27
19-08-2026 13:06,76916.16,566,566,566,566,0,15,-0.4419,0.000108,-19.5,94.94
19-08-2026 13:07,76929.78,566,566,566,566,0,15,-0.4405,0.000108,-19.49,94.91
19-08-2026 13:08,76926.21,566,566,566,566,0,15,-0.4408,0.000108,-19.49,94.92
19-08-2026 13:09,76934.32,566,566,566,566,20,7.97,-0.4031,0.0002,-10.19,93.2
19-08-2026 13:10,76913.35,566,566,566,566,0,15,-0.4422,0.000108,-19.5,94.95
19-08-2026 13:11,76910.35,566,566,566,566,0,15,-0.4426,0.000108,-19.5,94.95
19-08-2026 13:12,76902.87,566,566,566,566,0,15,-0.4434,0.000108,-19.5,94.97
19-08-2026 13:13,76894.84,566,566,566,566,0,15,-0.4442,0.000108,-19.51,94.99
19-08-2026 13:14,76879.02,566,566,566,566,0,15,-0.4459,0.000108,-19.51,95.02
19-08-2026 13:15,76873.23,566,566,566,566,0,15,-0.4466,0.000108,-19.51,95.03
19-08-2026 13:16,76862.54,566,570.6,566,570.6,20,7.71,-0.4152,0.000208,-9.91,93.75
19-08-2026 13:17,76851.66,570.6,574.1,570.6,574.1,20,7.7,-0.4173,0.000209,-9.9,93.84
19-08-2026 13:18,76872.83,574.1,574.1,574.1,574.1,0,15,-0.4466,0.000108,-19.52,95.03
19-08-2026 13:19,76877.75,574.1,574.1,574.1,574.1,0,15,-0.4461,0.000108,-19.51,95.02
19-08-2026 13:20,76855.43,574.1,574.1,574.1,574.1,0,15,-0.4485,0.000109,-19.52,95.06
19-08-2026 13:21,76859.21,574.1,574.1,574.1,574.1,0,15,-0.4481,0.000108,-19.52,95.05
19-08-2026 13:22,76861.55,574.1,574.1,574.1,574.1,0,15,-0.4478,0.000108,-19.52,95.05
19-08-2026 13:23,76858.54,574.1,574.1,574.1,574.1,0,15,-0.4482,0.000108,-19.52,95.05
19-08-2026 13:24,76856.52,581.75,598,581.15,598,60,7.98,-0.4187,0.000202,-10.27,93.91
19-08-2026 13:25,76862.51,598,598,598,598,0,15,-0.4477,0.000108,-19.52,95.04
19-08-2026 13:26,76861.57,598,598,598,598,0,15,-0.4478,0.000108,-19.52,95.05
19-08-2026 13:27,76858.54,598,598,598,598,0,15,-0.4482,0.000109,-19.52,95.05
19-08-2026 13:28,76865,598,598,598,598,0,15,-0.4475,0.000108,-19.52,95.04
19-08-2026 13:29,76857.92,598,598,598,598,0,15,-0.4482,0.000109,-19.52,95.05
19-08-2026 13:30,76861.18,598,598,598,598,0,15,-0.4479,0.000108,-19.52,95.04
19-08-2026 13:31,76866.62,598,598,598,598,0,15,-0.4473,0.000108,-19.52,95.03
19-08-2026 13:32,76865.98,598,598,598,598,0,15,-0.4474,0.000108,-19.52,95.03
19-08-2026 13:33,76854.08,598,598,598,598,0,15,-0.4486,0.000109,-19.52,95.05
19-08-2026 13:34,76854.8,598,598,598,598,0,15,-0.4486,0.000109,-19.52,95.05
19-08-2026 13:35,76862.24,598,598,598,598,0,15,-0.4478,0.000108,-19.52,95.04
19-08-2026 13:36,76875.94,598,598,598,598,0,15,-0.4463,0.000108,-19.52,95.01
19-08-2026 13:37,76867.92,598,598,598,598,0,15,-0.4471,0.000108,-19.52,95.02
19-08-2026 13:38,76859.14,598,598,598,598,0,15,-0.4481,0.000109,-19.52,95.04
19-08-2026 13:39,76871.03,598,598,598,598,0,15,-0.4468,0.000108,-19.52,95.01
19-08-2026 13:40,76871.21,598,598,598,598,0,15,-0.4468,0.000108,-19.52,95.01
19-08-2026 13:41,76874.87,598,598,598,598,0,15,-0.4464,0.000108,-19.52,95
19-08-2026 13:42,76876.23,598,598,598,598,0,15,-0.4462,0.000108,-19.52,95
19-08-2026 13:43,76872.57,598,598,598,598,0,15,-0.4466,0.000108,-19.52,95.01
19-08-2026 13:44,76868.1,598,598,598,598,0,15,-0.4471,0.000108,-19.52,95.02
19-08-2026 13:45,76876.33,598,598,579,579,40,7.86,-0.4137,0.000204,-10.1,93.67
19-08-2026 13:46,76866.54,579,579,579,579,0,15,-0.4473,0.000108,-19.52,95.02
19-08-2026 13:47,76862.75,579,579,579,579,0,15,-0.4477,0.000109,-19.52,95.02
19-08-2026 13:48,76859.84,579,579,579,579,0,15,-0.448,0.000109,-19.53,95.03
19-08-2026 13:49,76866.77,579,579,579,579,0,15,-0.4473,0.000108,-19.52,95.01
19-08-2026 13:50,76855.11,579,579,577.6,577.6,20,7.75,-0.4171,0.000207,-9.98,93.81
19-08-2026 13:51,76846.97,577.6,577.6,577.6,577.6,0,15,-0.4494,0.000109,-19.53,95.05
19-08-2026 13:52,76857.19,577.6,577.6,577.6,577.6,0,15,-0.4483,0.000109,-19.53,95.03
19-08-2026 13:53,76863.64,577.6,577.6,577.6,577.6,0,15,-0.4476,0.000109,-19.53,95.02
19-08-2026 13:54,76854.02,577.6,577.6,577.6,577.6,0,15,-0.4486,0.000109,-19.53,95.03
19-08-2026 13:55,76866.64,577.6,577.6,577.6,577.6,0,15,-0.4473,0.000108,-19.52,95.01
19-08-2026 13:56,76870.78,577.6,577.6,577.6,577.6,0,15,-0.4468,0.000108,-19.52,95
19-08-2026 13:57,76880.16,577.6,577.6,577.6,577.6,0,15,-0.4458,0.000108,-19.52,94.98
19-08-2026 13:58,76882.55,577.6,577.6,577.6,577.6,0,15,-0.4456,0.000108,-19.52,94.97
19-08-2026 13:59,76874.85,577.6,577.6,577.6,577.6,0,15,-0.4464,0.000108,-19.52,94.99
19-08-2026 14:00,76881.37,577.6,577.6,577.6,577.6,0,15,-0.4457,0.000108,-19.52,94.97
19-08-2026 14:01,76904.29,577.6,577.6,577.6,577.6,0,15,-0.4432,0.000108,-19.51,94.92
19-08-2026 14:02,76914.07,577.6,577.6,577.6,577.6,0,15,-0.4421,0.000108,-19.51,94.9
19-08-2026 14:03,76917.95,577.6,577.6,562,562,20,7.86,-0.4053,0.000203,-10.06,93.25
19-08-2026 14:04,76925.43,562,562,555,555,20,7.82,-0.4033,0.000204,-10,93.15
19-08-2026 14:05,76903.68,555,555,555,555,0,15,-0.4433,0.000108,-19.51,94.92
19-08-2026 14:06,76914.16,555,555,555,555,0,15,-0.4421,0.000108,-19.51,94.89
19-08-2026 14:07,76910.88,555,555,555,555,0,15,-0.4425,0.000108,-19.51,94.9
19-08-2026 14:08,76931.74,555,555,555,555,0,15,-0.4402,0.000108,-19.5,94.85
19-08-2026 14:09,76919.94,555,555.55,555,555.25,40,7.8,-0.4042,0.000204,-9.98,93.19
19-08-2026 14:10,76912.41,555.25,555.25,555.25,555.25,0,15,-0.4423,0.000108,-19.51,94.89
19-08-2026 14:11,76937.03,555.25,555.25,555.25,555.25,0,15,-0.4396,0.000108,-19.5,94.83
19-08-2026 14:12,76931.52,555.25,555.25,555.25,555.25,0,15,-0.4402,0.000108,-19.5,94.85
19-08-2026 14:13,76920.22,555.25,555.25,555.25,555.25,0,15,-0.4415,0.000108,-19.51,94.87
19-08-2026 14:14,76901.2,555.25,562.1,555.25,562.1,40,7.79,-0.4079,0.000205,-9.99,93.37
19-08-2026 14:15,76888.29,562.1,562.1,562.1,562.1,0,15,-0.4449,0.000108,-19.52,94.94
19-08-2026 14:16,76881.22,562.1,562.1,562.1,562.1,0,15,-0.4457,0.000108,-19.52,94.96
19-08-2026 14:17,76875.09,562.1,562.1,562.1,562.1,0,15,-0.4464,0.000108,-19.53,94.97
19-08-2026 14:18,76873.84,562.1,562.1,562.1,562.1,0,15,-0.4465,0.000108,-19.53,94.97
19-08-2026 14:19,76866.13,562.1,562.1,562.1,562.1,0,15,-0.4473,0.000109,-19.53,94.99
19-08-2026 14:20,76859.17,562.1,562.1,562.1,562.1,0,15,-0.4481,0.000109,-19.53,95
19-08-2026 14:21,76856.01,562.1,562.1,562.1,562.1,0,15,-0.4484,0.000109,-19.53,95.01
19-08-2026 14:22,76839.75,562.1,586.6,562.1,581.05,60,7.72,-0.42,0.000208,-9.95,93.9
19-08-2026 14:23,76833.84,581.05,581.05,581.05,581.05,0,15,-0.4508,0.000109,-19.54,95.05
19-08-2026 14:24,76839.58,581.05,581.05,581.05,581.05,0,15,-0.4502,0.000109,-19.54,95.03
19-08-2026 14:25,76842.08,581.05,581.05,581.05,581.05,0,15,-0.4499,0.000109,-19.54,95.03
19-08-2026 14:26,76850.8,581.05,581.05,581.05,581.05,0,15,-0.449,0.000109,-19.54,95.01
19-08-2026 14:27,76845.66,581.05,581.05,581.05,581.05,0,15,-0.4495,0.000109,-19.54,95.02
19-08-2026 14:28,76840.66,581.05,581.05,581.05,581.05,0,15,-0.4501,0.000109,-19.54,95.03
19-08-2026 14:29,76858.82,581.05,581.05,581.05,581.05,0,15,-0.4481,0.000109,-19.53,94.99
19-08-2026 14:30,76874.83,581.05,581.05,581.05,581.05,0,15,-0.4464,0.000108,-19.53,94.96
19-08-2026 14:31,76886.09,581.05,581.05,581.05,581.05,0,15,-0.4452,0.000108,-19.52,94.93
19-08-2026 14:32,76886.14,581.05,581.05,556.25,556.25,20,7.67,-0.4098,0.000209,-9.83,93.43
19-08-2026 14:33,76897.32,556.25,556.25,556.25,556.25,0,15,-0.4439,0.000108,-19.52,94.91
19-08-2026 14:34,76903.66,556.25,556.25,556.25,556.25,0,15,-0.4433,0.000108,-19.52,94.89
19-08-2026 14:35,76991.99,556.25,556.25,545,545,20,8,-0.3919,0.000198,-10.17,92.5
19-08-2026 14:36,76971,545,545,545,545,0,15,-0.436,0.000108,-19.49,94.72
19-08-2026 14:37,76960.06,545,545,528.1,528.1,20,7.68,-0.3946,0.000206,-9.78,92.64
19-08-2026 14:38,76912.48,528.1,528.1,528.1,528.1,0,15,-0.4423,0.000108,-19.52,94.87
19-08-2026 14:39,76907.01,528.1,528.1,528.1,528.1,0,15,-0.4429,0.000108,-19.52,94.88
19-08-2026 14:40,76909.48,528.1,528.1,528.1,528.1,0,15,-0.4426,0.000108,-19.52,94.87
19-08-2026 14:41,76884.26,528.1,528.1,528.1,528.1,0,15,-0.4454,0.000108,-19.53,94.93
19-08-2026 14:42,76894.95,528.1,528.1,528.1,528.1,0,15,-0.4442,0.000108,-19.52,94.9
19-08-2026 14:43,76908.98,528.1,528.1,528.1,528.1,0,15,-0.4427,0.000108,-19.52,94.87
19-08-2026 14:44,76911.24,528.1,528.1,528.1,528.1,0,15,-0.4424,0.000108,-19.52,94.87
19-08-2026 14:45,76916.24,528.1,528.1,528.1,528.1,0,15,-0.4419,0.000108,-19.52,94.85
19-08-2026 14:46,76903.32,528.1,528.1,528.1,528.1,0,15,-0.4433,0.000108,-19.52,94.88
19-08-2026 14:47,76890.55,528.1,528.1,528.1,528.1,0,15,-0.4447,0.000108,-19.53,94.91
19-08-2026 14:48,76884.54,528.1,528.1,528.1,528.1,0,15,-0.4453,0.000108,-19.53,94.92
19-08-2026 14:49,76881.95,528.1,528.1,528.1,528.1,0,15,-0.4456,0.000108,-19.53,94.93
19-08-2026 14:50,76897.89,528.1,528.1,528.1,528.1,0,15,-0.4439,0.000108,-19.52,94.89
19-08-2026 14:51,76898.58,528.1,528.1,528.1,528.1,0,15,-0.4438,0.000108,-19.52,94.89
19-08-2026 14:52,76894.95,528.1,528.1,528.1,528.1,0,15,-0.4442,0.000108,-19.53,94.9
19-08-2026 14:53,76912.14,528.1,528.1,528.1,528.1,0,15,-0.4423,0.000108,-19.52,94.86
19-08-2026 14:54,76903.93,528.1,528.1,528.1,528.1,0,15,-0.4432,0.000108,-19.52,94.87
19-08-2026 14:55,76905,528.1,528.1,528.1,528.1,0,15,-0.4431,0.000108,-19.52,94.87
19-08-2026 14:56,76931.13,528.1,528.1,528.1,528.1,0,15,-0.4403,0.000108,-19.51,94.81
19-08-2026 14:57,76916.85,528.1,528.1,528.1,528.1,0,15,-0.4418,0.000108,-19.52,94.84
19-08-2026 14:58,76934.57,528.1,528.1,528.1,528.1,0,15,-0.4399,0.000108,-19.51,94.8
19-08-2026 14:59,76922.13,528.1,528.1,528.1,528.1,0,15,-0.4412,0.000108,-19.52,94.83
19-08-2026 15:00,76911.25,528.1,528.1,528.1,528.1,0,15,-0.4424,0.000108,-19.52,94.85
19-08-2026 15:01,76941.09,528.1,528.1,528.1,528.1,0,15,-0.4392,0.000108,-19.51,94.78
19-08-2026 15:02,76944.55,528.1,528.1,528.1,528.1,0,15,-0.4388,0.000108,-19.51,94.77
19-08-2026 15:03,76927.08,528.1,528.1,528.1,528.1,0,15,-0.4407,0.000108,-19.51,94.81
19-08-2026 15:04,76930.88,528.1,528.1,528.1,528.1,0,15,-0.4403,0.000108,-19.51,94.8
19-08-2026 15:05,76904.72,528.1,528.1,528.1,528.1,0,15,-0.4431,0.000108,-19.52,94.86
19-08-2026 15:06,76882.93,528.1,528.1,528.1,528.1,0,15,-0.4455,0.000108,-19.53,94.91
19-08-2026 15:07,76879.73,528.1,528.1,528.1,528.1,0,15,-0.4458,0.000108,-19.53,94.92
19-08-2026 15:08,76872.15,528.1,528.1,528.1,528.1,0,15,-0.4467,0.000109,-19.54,94.93
19-08-2026 15:09,76888.01,528.1,550.75,528.1,550.75,20,7.62,-0.4089,0.00021,-9.77,93.35
19-08-2026 15:10,76885.26,550.75,550.75,550.75,550.75,0,15,-0.4452,0.000108,-19.53,94.9
19-08-2026 15:11,76889.36,550.75,550.75,550.75,550.75,0,15,-0.4448,0.000108,-19.53,94.89
19-08-2026 15:12,76909.96,550.75,550.75,550.75,550.75,0,15,-0.4426,0.000108,-19.52,94.84
19-08-2026 15:13,76916.1,550.75,550.75,550.75,550.75,0,15,-0.4419,0.000108,-19.52,94.83
19-08-2026 15:14,76908.68,550.75,550.75,550.75,550.75,0,15,-0.4427,0.000108,-19.52,94.84
19-08-2026 15:15,76908.05,550.75,550.75,550.75,550.75,0,15,-0.4428,0.000108,-19.52,94.84
19-08-2026 15:16,76908.05,550.75,550.75,550.75,550.75,0,15,-0.4428,0.000108,-19.52,94.84
19-08-2026 15:17,76908.05,550.75,550.75,550.75,550.75,0,15,-0.4428,0.000108,-19.52,94.84
19-08-2026 15:18,76908.05,550.75,550.75,550.75,550.75,0,15,-0.4428,0.000108,-19.53,94.84
19-08-2026 15:19,76908.05,550.75,550.75,550.75,550.75,0,15,-0.4428,0.000108,-19.53,94.84
19-08-2026 15:20,76908.05,550.75,550.75,550.75,550.75,0,15,-0.4428,0.000108,-19.53,94.84
19-08-2026 15:21,76908.05,550.75,550.75,550.75,550.75,0,15,-0.4428,0.000108,-19.53,94.84
19-08-2026 15:22,76908.05,550.75,550.75,550.75,550.75,0,15,-0.4428,0.000108,-19.53,94.84
19-08-2026 15:23,76908.05,550.75,550.75,550.75,550.75,0,15,-0.4428,0.000108,-19.53,94.84
19-08-2026 15:24,76908.05,550.75,550.75,550.75,550.75,0,15,-0.4428,0.000108,-19.53,94.84
19-08-2026 15:25,76908.05,550.75,550.75,550.75,550.75,0,15,-0.4428,0.000108,-19.53,94.84
19-08-2026 15:26,76908.05,550.75,550.75,550.75,550.75,0,15,-0.4428,0.000108,-19.53,94.83
19-08-2026 15:27,76908.05,550.75,550.75,550.75,550.75,0,15,-0.4428,0.000108,-19.53,94.83
19-08-2026 15:28,76908.05,550.75,550.75,550.75,550.75,0,15,-0.4428,0.000108,-19.53,94.83
19-08-2026 15:29,76909.68,550.75,550.75,550.75,550.75,0,15,-0.4426,0.000108,-19.53,94.83
20-08-2026 10:12,77495.06,380,380,380,380,20,8.19,-0.2993,0.000176,-9.61,83.31
20-08-2026 10:13,77489.69,380,383,380,383,40,8.2,-0.3006,0.000176,-9.65,83.46
20-08-2026 10:14,77492.38,383,383,383,383,20,8.21,-0.3003,0.000175,-9.66,83.43
20-08-2026 10:15,77500.49,383,383,383,383,0,15,-0.3788,0.000105,-19.23,91.16
20-08-2026 10:16,77507.39,383,383,383,383,0,15,-0.3781,0.000105,-19.22,91.11
20-08-2026 10:17,77507.56,383,383,383,383,0,15,-0.378,0.000105,-19.22,91.11
20-08-2026 10:18,77506.6,383,383,383,383,0,15,-0.3781,0.000105,-19.22,91.12
20-08-2026 10:19,77492.81,383,383,383,383,0,15,-0.3796,0.000105,-19.24,91.2
20-08-2026 10:20,77476.83,383,383,383,383,0,15,-0.3813,0.000105,-19.26,91.31
20-08-2026 10:21,77488.11,383,383,383,383,0,15,-0.3801,0.000105,-19.25,91.23
20-08-2026 10:22,77498.76,383,383,383,383,0,15,-0.379,0.000105,-19.24,91.16
20-08-2026 10:23,77498.33,383,383,383,383,0,15,-0.379,0.000105,-19.24,91.17
20-08-2026 10:24,77493.01,383,383,383,383,0,15,-0.3796,0.000105,-19.24,91.2
20-08-2026 10:25,77466.9,383,383,383,383,0,15,-0.3823,0.000105,-19.28,91.36
20-08-2026 10:26,77458.37,383,383,383,383,0,15,-0.3832,0.000105,-19.29,91.41
20-08-2026 10:27,77454.03,383,383,383,383,0,15,-0.3837,0.000105,-19.29,91.44
20-08-2026 10:28,77469.89,383,383,383,383,0,15,-0.382,0.000105,-19.27,91.34
20-08-2026 10:29,77446.68,383,383,383,383,0,15,-0.3844,0.000105,-19.3,91.48
20-08-2026 10:30,77455.64,383,383,383,383,0,15,-0.3835,0.000105,-19.29,91.43
20-08-2026 10:31,77454.89,383,383,383,383,0,15,-0.3836,0.000105,-19.29,91.43
20-08-2026 10:32,77451.9,383,383,383,383,0,15,-0.3839,0.000105,-19.3,91.45
20-08-2026 10:33,77451.26,383,383,383,383,0,15,-0.3839,0.000105,-19.3,91.45
20-08-2026 10:34,77441.21,383,383,383,383,0,15,-0.385,0.000105,-19.31,91.51
20-08-2026 10:35,77449.18,383,383,383,383,0,15,-0.3842,0.000105,-19.3,91.46
20-08-2026 10:36,77424.36,383,383,383,383,0,15,-0.3868,0.000106,-19.33,91.61
20-08-2026 10:37,77414.08,383,383,383,383,0,15,-0.3879,0.000106,-19.34,91.67
20-08-2026 10:38,77413.58,383,383,383,383,0,15,-0.3879,0.000106,-19.34,91.67
20-08-2026 10:39,77421.87,380,380,380,380,80,7.93,-0.3069,0.000184,-9.4,84.15
20-08-2026 10:40,77423.15,380,380,380,380,0,15,-0.3869,0.000106,-19.33,91.61
20-08-2026 10:41,77424.36,380,380,380,380,0,15,-0.3868,0.000106,-19.33,91.61
20-08-2026 10:42,77419.58,380,380,380,380,0,15,-0.3873,0.000106,-19.34,91.63
20-08-2026 10:43,77426.26,380,380,380,380,0,15,-0.3866,0.000106,-19.33,91.59
20-08-2026 10:44,77439.99,380,380,380,380,0,15,-0.3851,0.000105,-19.31,91.51
20-08-2026 10:45,77437.32,380,380,380,380,0,15,-0.3854,0.000106,-19.32,91.53
20-08-2026 10:46,77414.89,380,380,380,380,0,15,-0.3878,0.000106,-19.34,91.66
20-08-2026 10:47,77414.71,380,380,380,380,0,15,-0.3878,0.000106,-19.34,91.66
20-08-2026 10:48,77423.79,380,380,380,380,0,15,-0.3868,0.000106,-19.33,91.6
20-08-2026 10:49,77435.99,380,380,380,380,0,15,-0.3855,0.000106,-19.32,91.53
20-08-2026 10:50,77436.6,380,380,380,380,0,15,-0.3855,0.000106,-19.32,91.52
20-08-2026 10:51,77442.09,380,380,380,380,0,15,-0.3849,0.000105,-19.31,91.49
20-08-2026 10:52,77424.47,380,380,380,380,0,15,-0.3868,0.000106,-19.33,91.6
20-08-2026 10:53,77434.82,380,380,380,380,0,15,-0.3857,0.000106,-19.32,91.53
20-08-2026 10:54,77421.69,380,380,380,380,0,15,-0.3871,0.000106,-19.34,91.61
20-08-2026 10:55,77434.48,380,380,380,380,0,15,-0.3857,0.000106,-19.32,91.53
20-08-2026 10:56,77432.61,380,380,380,380,0,15,-0.3859,0.000106,-19.32,91.54
20-08-2026 10:57,77435.48,380,380,380,380,0,15,-0.3856,0.000106,-19.32,91.52
20-08-2026 10:58,77448.89,380,380,380,380,0,15,-0.3842,0.000105,-19.3,91.44
20-08-2026 10:59,77448.52,380,380,380,380,0,15,-0.3842,0.000105,-19.31,91.44
20-08-2026 11:00,77476.41,380,380,380,380,0,15,-0.3813,0.000105,-19.27,91.27
20-08-2026 11:01,77461.21,380,380,380,380,0,15,-0.3829,0.000105,-19.29,91.36
20-08-2026 11:02,77455.74,380,380,380,380,0,15,-0.3835,0.000105,-19.3,91.4
20-08-2026 11:03,77441.32,380,380,380,380,0,15,-0.385,0.000105,-19.32,91.48
20-08-2026 11:04,77451.14,380,380,380,380,0,15,-0.3839,0.000105,-19.3,91.42
20-08-2026 11:05,77450.88,380,383.8,380,383.8,20,8.08,-0.3047,0.00018,-9.56,83.89
20-08-2026 11:06,77457.34,383.8,383.8,383.8,383.8,0,15,-0.3833,0.000105,-19.3,91.38
20-08-2026 11:07,77445.75,383.8,383.8,383.8,383.8,0,15,-0.3845,0.000105,-19.31,91.45
20-08-2026 11:08,77441.38,383.8,383.8,383.8,383.8,0,15,-0.385,0.000106,-19.32,91.48
20-08-2026 11:09,77446.82,383.8,383.8,383.8,383.8,0,15,-0.3844,0.000105,-19.31,91.44
20-08-2026 11:10,77437.67,383.8,383.8,383.8,383.8,0,15,-0.3853,0.000106,-19.32,91.5
20-08-2026 11:11,77432.33,383.8,383.8,383.8,383.8,0,15,-0.3859,0.000106,-19.33,91.53
20-08-2026 11:12,77427.75,383.8,383.8,383.8,383.8,0,15,-0.3864,0.000106,-19.33,91.56
20-08-2026 11:13,77420.75,383.8,383.8,383.8,383.8,0,15,-0.3871,0.000106,-19.34,91.6
20-08-2026 11:14,77424.68,383.8,383.8,383.8,383.8,0,15,-0.3867,0.000106,-19.34,91.57
20-08-2026 11:15,77413.07,383.8,383.8,383.8,383.8,0,15,-0.3879,0.000106,-19.35,91.64
20-08-2026 11:16,77428.42,383.8,383.8,383.8,383.8,0,15,-0.3863,0.000106,-19.33,91.55
20-08-2026 11:17,77418.13,383.8,383.8,383.8,383.8,0,15,-0.3874,0.000106,-19.35,91.61
20-08-2026 11:18,77400.96,383.8,383.8,383.8,383.8,0,15,-0.3892,0.000106,-19.37,91.71
20-08-2026 11:19,77404.32,383.8,383.8,383.8,383.8,0,15,-0.3889,0.000106,-19.36,91.69
20-08-2026 11:20,77392.8,383.8,383.8,383.8,383.8,0,15,-0.3901,0.000106,-19.38,91.75
20-08-2026 11:21,77389.45,383.8,383.8,383.8,383.8,0,15,-0.3904,0.000106,-19.38,91.77
20-08-2026 11:22,77381.59,383.8,383.8,383.8,383.8,0,15,-0.3913,0.000106,-19.39,91.82
20-08-2026 11:23,77395.17,383.8,383.8,383.8,383.8,0,15,-0.3898,0.000106,-19.37,91.74
20-08-2026 11:24,77382.09,383.8,383.8,383.8,383.8,0,15,-0.3912,0.000106,-19.39,91.81
20-08-2026 11:25,77390.66,383.8,383.8,383.8,383.8,0,15,-0.3903,0.000106,-19.38,91.76
20-08-2026 11:26,77377.41,383.8,383.8,383.8,383.8,0,15,-0.3917,0.000106,-19.39,91.84
20-08-2026 11:27,77391.42,383.8,383.8,383.8,383.8,0,15,-0.3902,0.000106,-19.38,91.76
20-08-2026 11:28,77393.18,383.8,383.8,383.8,383.8,0,15,-0.39,0.000106,-19.38,91.74
20-08-2026 11:29,77396.78,383.8,411.25,383.8,411.25,40,8.2,-0.317,0.00018,-9.87,85.25
20-08-2026 11:30,77416.35,411.25,411.25,411.25,411.25,0,15,-0.3876,0.000106,-19.35,91.61
20-08-2026 11:31,77415.06,411.25,411.25,411.25,411.25,0,15,-0.3877,0.000106,-19.35,91.61
20-08-2026 11:32,77447.48,411.25,411.25,395.65,395.65,20,8.21,-0.308,0.000178,-9.76,84.26
20-08-2026 11:33,77442.73,395.65,395.65,395.65,395.65,0,15,-0.3848,0.000106,-19.32,91.45
20-08-2026 11:34,77428.74,395.65,395.65,381.45,381.45,120,7.97,-0.3066,0.000183,-9.46,84.07
20-08-2026 11:35,77435.43,381.65,381.65,381.65,381.65,20,8,-0.3058,0.000182,-9.48,83.98
20-08-2026 11:36,77431.02,381.65,381.65,379.1,379.1,20,7.95,-0.3056,0.000183,-9.42,83.95
20-08-2026 11:37,77418.79,379.1,379.1,379.1,379.1,0,15,-0.3873,0.000106,-19.35,91.59
20-08-2026 11:38,77427.56,379.1,381.45,379.1,381.45,20,7.97,-0.3067,0.000183,-9.46,84.08
20-08-2026 11:39,77428.15,381.45,381.45,381.45,381.45,0,15,-0.3863,0.000106,-19.34,91.53
20-08-2026 11:40,77422.79,381.45,381.45,381.45,381.45,0,15,-0.3869,0.000106,-19.34,91.56
20-08-2026 11:41,77418.3,381.45,381.45,381.45,381.45,0,15,-0.3874,0.000106,-19.35,91.59
20-08-2026 11:42,77427.21,381.45,381.45,381.45,381.45,0,15,-0.3864,0.000106,-19.34,91.53
20-08-2026 11:43,77432.92,381.45,381.45,381.45,381.45,0,15,-0.3858,0.000106,-19.33,91.5
20-08-2026 11:44,77426.84,381.45,381.45,381.45,381.45,0,15,-0.3865,0.000106,-19.34,91.53
20-08-2026 11:45,77432.08,381.45,381.45,381.45,381.45,0,15,-0.3859,0.000106,-19.33,91.5
20-08-2026 11:46,77443.42,372.9,372.9,372.9,372.9,20,7.92,-0.3028,0.000183,-9.35,83.61
20-08-2026 11:47,77454.33,372.9,372.9,372.9,372.9,0,15,-0.3836,0.000105,-19.31,91.36
20-08-2026 11:48,77440.71,372.9,372.9,372.9,372.9,0,15,-0.385,0.000106,-19.32,91.44
20-08-2026 11:49,77433.2,372.9,372.9,372.9,372.9,0,15,-0.3858,0.000106,-19.33,91.49
20-08-2026 11:50,77440.09,372.9,372.9,372.9,372.9,0,15,-0.3851,0.000106,-19.33,91.45
20-08-2026 11:51,77437.98,372.9,372.9,372.9,372.9,0,15,-0.3853,0.000106,-19.33,91.46
20-08-2026 11:52,77427.89,372.9,372.9,372.9,372.9,0,15,-0.3863,0.000106,-19.34,91.52
20-08-2026 11:53,77435.88,372.9,372.9,372.9,372.9,0,15,-0.3855,0.000106,-19.33,91.47
20-08-2026 11:54,77443.51,372.9,372.9,372.9,372.9,0,15,-0.3847,0.000106,-19.32,91.42
20-08-2026 11:55,77443.37,372.9,372.9,372.9,372.9,0,15,-0.3847,0.000106,-19.32,91.42
20-08-2026 11:56,77450.59,372.9,372.9,372.9,372.9,0,15,-0.3839,0.000105,-19.31,91.38
20-08-2026 11:57,77444.7,372.9,372.9,372.9,372.9,0,15,-0.3846,0.000106,-19.32,91.41
20-08-2026 11:58,77438.43,372.9,372.9,372.9,372.9,0,15,-0.3852,0.000106,-19.33,91.45
20-08-2026 11:59,77449.84,372.9,372.9,372.9,372.9,0,15,-0.384,0.000105,-19.31,91.38
20-08-2026 12:00,77444.36,372.9,372.9,372.9,372.9,0,15,-0.3846,0.000106,-19.32,91.41
20-08-2026 12:01,77446.02,372.9,372.9,372.9,372.9,0,15,-0.3844,0.000106,-19.32,91.4
20-08-2026 12:02,77448.39,372.9,372.9,372.9,372.9,0,15,-0.3842,0.000105,-19.32,91.38
20-08-2026 12:03,77432.27,372.9,372.9,372.9,372.9,0,15,-0.3859,0.000106,-19.34,91.48
20-08-2026 12:04,77427.25,372.9,372.9,372.9,372.9,0,15,-0.3864,0.000106,-19.34,91.51
20-08-2026 12:05,77431.46,372.9,372.9,372.9,372.9,0,15,-0.386,0.000106,-19.34,91.48
20-08-2026 12:06,77441.4,372.9,372.9,372.9,372.9,0,15,-0.3849,0.000106,-19.33,91.42
20-08-2026 12:07,77442.65,372.9,372.9,372.9,372.9,0,15,-0.3848,0.000106,-19.33,91.41
20-08-2026 12:08,77436.7,372.9,372.9,372.9,372.9,0,15,-0.3854,0.000106,-19.33,91.45
20-08-2026 12:09,77440.72,372.9,372.9,372.9,372.9,0,15,-0.385,0.000106,-19.33,91.42
20-08-2026 12:10,77442.03,372.9,372.9,372.9,372.9,0,15,-0.3848,0.000106,-19.33,91.42
20-08-2026 12:11,77453.26,372.9,372.9,372.9,372.9,0,15,-0.3837,0.000105,-19.31,91.35
20-08-2026 12:12,77447.31,372.9,372.9,372.9,372.9,0,15,-0.3843,0.000106,-19.32,91.38
20-08-2026 12:13,77451.55,372.9,372.9,372.9,372.9,0,15,-0.3838,0.000105,-19.32,91.35
20-08-2026 12:14,77450.32,372.9,372.9,372.9,372.9,0,15,-0.384,0.000105,-19.32,91.36
20-08-2026 12:15,77451.05,372.9,372.9,372.9,372.9,0,15,-0.3839,0.000105,-19.32,91.36
20-08-2026 12:16,77452.34,372.9,372.9,372.9,372.9,0,15,-0.3837,0.000105,-19.31,91.35
20-08-2026 12:17,77449.43,372.9,372.9,370,370,20,7.91,-0.3014,0.000183,-9.33,83.42
20-08-2026 12:18,77454.53,370,370,370,370,0,15,-0.3835,0.000105,-19.31,91.33
20-08-2026 12:19,77448,370,370,370,370,0,15,-0.3842,0.000106,-19.32,91.37
20-08-2026 12:20,77441.18,370,370,370,370,0,15,-0.3849,0.000106,-19.33,91.41
20-08-2026 12:21,77431.75,370,370,370,370,0,15,-0.3859,0.000106,-19.34,91.47
20-08-2026 12:22,77441.98,370,370,370,370,0,15,-0.3848,0.000106,-19.33,91.4
20-08-2026 12:23,77434.52,370,370,370,370,0,15,-0.3856,0.000106,-19.34,91.45
20-08-2026 12:24,77443.74,370,370,370,370,0,15,-0.3846,0.000106,-19.33,91.39
20-08-2026 12:25,77439.64,370,370,370,370,0,15,-0.3851,0.000106,-19.33,91.42
20-08-2026 12:26,77427.11,370,370,370,370,0,15,-0.3864,0.000106,-19.35,91.49
20-08-2026 12:27,77438.38,370,370,370,370,0,15,-0.3852,0.000106,-19.33,91.42
20-08-2026 12:28,77435.4,370,370,370,370,0,15,-0.3855,0.000106,-19.34,91.44
20-08-2026 12:29,77433.01,370,370,370,370,0,15,-0.3858,0.000106,-19.34,91.45
20-08-2026 12:30,77434.67,370,370,370,370,0,15,-0.3856,0.000106,-19.34,91.44
20-08-2026 12:31,77431.14,370,370,370,370,0,15,-0.386,0.000106,-19.34,91.46
20-08-2026 12:32,77429.98,370,370,370,370,0,15,-0.3861,0.000106,-19.35,91.47
20-08-2026 12:33,77441.59,370,370,370,370,0,15,-0.3849,0.000106,-19.33,91.4
20-08-2026 12:34,77434.72,370,370,370,370,0,15,-0.3856,0.000106,-19.34,91.44
20-08-2026 12:35,77435.91,370,370,370,370,0,15,-0.3855,0.000106,-19.34,91.43
20-08-2026 12:36,77427.86,370,370,370,370,0,15,-0.3863,0.000106,-19.35,91.48
20-08-2026 12:37,77429.31,370,370,370,370,0,15,-0.3862,0.000106,-19.35,91.47
20-08-2026 12:38,77431.95,370,370,370,370,0,15,-0.3859,0.000106,-19.34,91.45
20-08-2026 12:39,77443.34,370,370,370,370,0,15,-0.3847,0.000106,-19.33,91.38
20-08-2026 12:40,77453.27,370,370,370,370,0,15,-0.3836,0.000105,-19.32,91.32
20-08-2026 12:41,77466.44,370,370,370,370,0,15,-0.3822,0.000105,-19.3,91.24
20-08-2026 12:42,77466.64,370,370,370,370,0,15,-0.3822,0.000105,-19.3,91.23
20-08-2026 12:43,77465.28,370,370,370,370,0,15,-0.3824,0.000105,-19.3,91.24
20-08-2026 12:44,77459.04,370,370,370,370,0,15,-0.383,0.000105,-19.31,91.28
20-08-2026 12:45,77466.97,370,370,370,370,0,15,-0.3822,0.000105,-19.3,91.23
20-08-2026 12:46,77485.76,370,370,370,370,0,15,-0.3802,0.000105,-19.28,91.11
20-08-2026 12:47,77506.08,370,370,370,370,0,15,-0.3781,0.000105,-19.25,90.98
20-08-2026 12:48,77547.1,370,370,345.45,345.45,60,7.97,-0.285,0.000177,-9.17,81.38
20-08-2026 12:49,77539.28,345.45,345.45,345.45,345.45,0,15,-0.3746,0.000105,-19.21,90.76
20-08-2026 12:50,77560.65,345.45,345.45,345.45,345.45,0,15,-0.3723,0.000104,-19.18,90.61
20-08-2026 12:51,77589.59,345.45,345.45,345.45,345.45,0,15,-0.3693,0.000104,-19.14,90.41
20-08-2026 12:52,77607.76,345.45,345.45,345.45,345.45,0,15,-0.3674,0.000104,-19.11,90.28
20-08-2026 12:53,77575.24,345.45,345.45,345.45,345.45,0,15,-0.3708,0.000104,-19.16,90.51
20-08-2026 12:54,77555.8,345.45,345.45,345.45,345.45,0,15,-0.3729,0.000104,-19.19,90.64
20-08-2026 12:55,77529.35,345.45,345.45,345.45,345.45,0,15,-0.3756,0.000105,-19.22,90.82
20-08-2026 12:56,77533.34,345.45,345.45,345.45,345.45,0,15,-0.3752,0.000105,-19.22,90.79
20-08-2026 12:57,77577.32,345.45,345.45,345.45,345.45,0,15,-0.3706,0.000104,-19.16,90.49
20-08-2026 12:58,77570.56,345.45,345.45,345.45,345.45,0,15,-0.3713,0.000104,-19.17,90.53
20-08-2026 12:59,77574.36,345.45,345.45,345.45,345.45,0,15,-0.3709,0.000104,-19.16,90.51
20-08-2026 13:00,77527.72,345.45,345.45,345.45,345.45,0,15,-0.3758,0.000105,-19.23,90.82
20-08-2026 13:01,77554.15,345.45,345.45,345.45,345.45,0,15,-0.373,0.000104,-19.19,90.64
20-08-2026 13:02,77560.78,345.45,345.45,345.45,345.45,0,15,-0.3723,0.000104,-19.18,90.6
20-08-2026 13:03,77563.51,345.45,345.45,345.45,345.45,0,15,-0.372,0.000104,-19.18,90.58
20-08-2026 13:04,77550.55,345.45,345.45,345.45,345.45,0,15,-0.3734,0.000105,-19.19,90.67
20-08-2026 13:05,77566.45,345.45,345.45,345.45,345.45,0,15,-0.3717,0.000104,-19.17,90.56
20-08-2026 13:06,77559.91,345.45,345.45,345.45,345.45,0,15,-0.3724,0.000104,-19.18,90.6
20-08-2026 13:07,77550.26,345.45,345.45,345.45,345.45,0,15,-0.3734,0.000105,-19.2,90.66
20-08-2026 13:08,77552.84,345.45,345.45,345.45,345.45,0,15,-0.3731,0.000104,-19.19,90.65
20-08-2026 13:09,77558.25,345.45,345.45,337.85,337.85,20,7.91,-0.2818,0.000177,-9.06,80.93
20-08-2026 13:10,77561.63,337.85,337.85,337.85,337.85,0,15,-0.3722,0.000104,-19.18,90.58
20-08-2026 13:11,77553.55,337.85,337.85,337.85,337.85,0,15,-0.3731,0.000104,-19.19,90.64
20-08-2026 13:12,77547.9,337.85,337.85,337.85,337.85,0,15,-0.3737,0.000105,-19.2,90.68
20-08-2026 13:13,77561.56,337.85,337.85,337.85,337.85,0,15,-0.3722,0.000104,-19.18,90.58
20-08-2026 13:14,77576.12,337.85,337.85,337.85,337.85,0,15,-0.3707,0.000104,-19.16,90.48
20-08-2026 13:15,77571.54,337.85,337.85,337.85,337.85,0,15,-0.3712,0.000104,-19.17,90.51
20-08-2026 13:16,77557.04,337.85,337.85,337.85,337.85,0,15,-0.3727,0.000104,-19.19,90.61
20-08-2026 13:17,77557.77,337.85,337.85,337.85,337.85,0,15,-0.3726,0.000104,-19.19,90.6
20-08-2026 13:18,77538.58,337.85,337.85,337.85,337.85,0,15,-0.3746,0.000105,-19.21,90.73
20-08-2026 13:19,77552.5,337.85,337.85,337.85,337.85,0,15,-0.3732,0.000105,-19.19,90.64
20-08-2026 13:20,77537.35,337.85,337.85,337.85,337.85,0,15,-0.3748,0.000105,-19.22,90.74
20-08-2026 13:21,77544.92,337.85,337.85,337.85,337.85,0,15,-0.374,0.000105,-19.21,90.69
20-08-2026 13:22,77544.02,337.85,337.85,337.85,337.85,0,15,-0.3741,0.000105,-19.21,90.69
20-08-2026 13:23,77566.57,337.85,337.85,337.85,337.85,0,15,-0.3717,0.000104,-19.18,90.54
20-08-2026 13:24,77593.33,337.85,337.85,337.85,337.85,0,15,-0.3689,0.000104,-19.14,90.35
20-08-2026 13:25,77592.96,337.85,337.85,337.85,337.85,0,15,-0.3689,0.000104,-19.14,90.35
20-08-2026 13:26,77556.8,337.85,337.85,337.85,337.85,0,15,-0.3727,0.000104,-19.19,90.6
20-08-2026 13:27,77567.38,337.85,337.85,337.85,337.85,0,15,-0.3716,0.000104,-19.18,90.53
20-08-2026 13:28,77547.11,337.85,337.85,337.85,337.85,0,15,-0.3737,0.000105,-19.2,90.67
20-08-2026 13:29,77556.68,337.85,337.85,337.85,337.85,0,15,-0.3727,0.000104,-19.19,90.6
20-08-2026 13:30,77591.97,337.85,337.85,337.85,337.85,0,15,-0.369,0.000104,-19.14,90.35
20-08-2026 13:31,77559.87,337.85,337.85,337.85,337.85,0,15,-0.3724,0.000104,-19.19,90.58
20-08-2026 13:32,77596.14,337.85,337.85,337.85,337.85,0,15,-0.3686,0.000104,-19.14,90.32
20-08-2026 13:33,77560.17,337.85,337.85,337.85,337.85,0,15,-0.3724,0.000104,-19.19,90.57
20-08-2026 13:34,77595.68,337.85,337.85,337.85,337.85,0,15,-0.3687,0.000104,-19.14,90.32
20-08-2026 13:35,77594.55,337.85,340.5,337.85,340.5,20,8.07,-0.2791,0.000172,-9.21,80.58
20-08-2026 13:36,77567.39,340.5,340.5,340.5,340.5,0,15,-0.3716,0.000104,-19.18,90.52
20-08-2026 13:37,77583.32,340.5,340.5,340.5,340.5,0,15,-0.3699,0.000104,-19.15,90.41
20-08-2026 13:38,77567.38,340.5,340.5,340.5,340.5,0,15,-0.3716,0.000104,-19.18,90.52
20-08-2026 13:39,77556.84,340.5,342.35,333.65,342.35,40,7.97,-0.2832,0.000176,-9.14,81.1
20-08-2026 13:40,77562.4,342.35,342.35,342.35,342.35,0,15,-0.3721,0.000104,-19.18,90.55
20-08-2026 13:41,77550.96,342.35,342.35,342.35,342.35,0,15,-0.3733,0.000105,-19.2,90.63
20-08-2026 13:42,77573.09,342.35,342.35,342.35,342.35,0,15,-0.371,0.000104,-19.17,90.47
20-08-2026 13:43,77593.94,342.35,342.35,342.35,342.35,0,15,-0.3688,0.000104,-19.14,90.33
20-08-2026 13:44,77563.7,342.35,342.35,342.35,342.35,0,15,-0.372,0.000104,-19.18,90.54
20-08-2026 13:45,77558.83,342.35,342.35,342.35,342.35,0,15,-0.3725,0.000104,-19.19,90.57
20-08-2026 13:46,77590.92,342.35,342.35,342.35,342.35,0,15,-0.3691,0.000104,-19.15,90.35
20-08-2026 13:47,77578.59,342.35,342.35,342.35,342.35,0,15,-0.3704,0.000104,-19.16,90.43
20-08-2026 13:48,77568.35,342.35,342.35,342.35,342.35,0,15,-0.3715,0.000104,-19.18,90.5
20-08-2026 13:49,77586.84,342.35,342.35,342.35,342.35,0,15,-0.3696,0.000104,-19.15,90.37
20-08-2026 13:50,77575.25,342.35,342.35,342.35,342.35,0,15,-0.3708,0.000104,-19.17,90.45
20-08-2026 13:51,77566.12,342.35,342.35,342.35,342.35,0,15,-0.3717,0.000104,-19.18,90.51
20-08-2026 13:52,77561.5,342.35,342.35,342.35,342.35,0,15,-0.3722,0.000104,-19.19,90.54
20-08-2026 13:53,77562.62,342.35,342.35,342.35,342.35,0,15,-0.3721,0.000104,-19.19,90.54
20-08-2026 13:54,77564.39,342.35,342.35,342.35,342.35,0,15,-0.3719,0.000104,-19.18,90.52
20-08-2026 13:55,77528.5,342.35,342.35,342.35,342.35,0,15,-0.3756,0.000105,-19.23,90.76
20-08-2026 13:56,77577.79,342.35,342.35,342.35,342.35,0,15,-0.3705,0.000104,-19.17,90.43
20-08-2026 13:57,77535.28,342.35,342.4,342.35,342.4,20,7.89,-0.2853,0.000178,-9.09,81.35
20-08-2026 13:58,77545.11,342.4,342.4,342.4,342.4,0,15,-0.3739,0.000105,-19.21,90.65
20-08-2026 13:59,77517.17,342.4,342.4,342.4,342.4,0,15,-0.3768,0.000105,-19.25,90.84
20-08-2026 14:00,77548.29,342.4,342.4,342.4,342.4,0,15,-0.3736,0.000105,-19.21,90.63
20-08-2026 14:01,77549.24,342.4,342.4,342.4,342.4,0,15,-0.3735,0.000105,-19.21,90.62
20-08-2026 14:02,77516.32,342.4,342.4,342.4,342.4,0,15,-0.3769,0.000105,-19.25,90.84
20-08-2026 14:03,77510.43,342.4,342.4,342.4,342.4,0,15,-0.3775,0.000105,-19.26,90.88
20-08-2026 14:04,77536.97,342.4,342.4,342.4,342.4,0,15,-0.3748,0.000105,-19.22,90.7
20-08-2026 14:05,77498.62,342.4,342.4,342.4,342.4,0,15,-0.3788,0.000105,-19.28,90.95
20-08-2026 14:06,77525.31,342.4,342.4,342.4,342.4,0,15,-0.376,0.000105,-19.24,90.78
20-08-2026 14:07,77533.29,342.4,342.4,342.4,342.4,0,15,-0.3751,0.000105,-19.23,90.72
20-08-2026 14:08,77514.65,342.4,342.4,342.4,342.4,0,15,-0.3771,0.000105,-19.26,90.84
20-08-2026 14:09,77549.38,342.4,342.4,342.4,342.4,0,15,-0.3735,0.000105,-19.21,90.61
20-08-2026 14:10,77534.93,342.4,342.4,342.4,342.4,0,15,-0.375,0.000105,-19.23,90.71
20-08-2026 14:11,77535.43,342.4,342.4,342.4,342.4,0,15,-0.3749,0.000105,-19.23,90.7
20-08-2026 14:12,77556.63,342.4,342.4,342.4,342.4,0,15,-0.3727,0.000105,-19.2,90.56
20-08-2026 14:13,77556.66,342.4,342.4,342.4,342.4,0,15,-0.3727,0.000105,-19.2,90.56
20-08-2026 14:14,77560.83,342.4,342.4,342.4,342.4,0,15,-0.3722,0.000104,-19.19,90.53
20-08-2026 14:15,77533.51,342.4,342.4,342.4,342.4,0,15,-0.3751,0.000105,-19.23,90.71
20-08-2026 14:16,77491.2,342.4,345,342.4,345,20,7.77,-0.2904,0.000183,-9.02,81.97
20-08-2026 14:17,77537.01,345,345,345,345,0,15,-0.3747,0.000105,-19.23,90.69
20-08-2026 14:18,77522.95,345,345,342.4,342.4,20,7.85,-0.2865,0.00018,-9.06,81.48
20-08-2026 14:19,77557.86,342.4,342.4,342.4,342.4,20,7.97,-0.2831,0.000176,-9.16,81.06
20-08-2026 14:20,77545.66,342.4,342.4,342.4,342.4,0,15,-0.3738,0.000105,-19.22,90.63
20-08-2026 14:21,77528.45,342.4,342.4,342.4,342.4,0,15,-0.3756,0.000105,-19.24,90.74
20-08-2026 14:22,77537.65,342.4,342.4,342.4,342.4,0,15,-0.3747,0.000105,-19.23,90.68
20-08-2026 14:23,77539.47,342.4,342.4,341.15,341.15,20,7.89,-0.2845,0.000178,-9.08,81.23
20-08-2026 14:24,77572.05,341.15,341.15,341.15,341.15,0,15,-0.3711,0.000104,-19.18,90.44
20-08-2026 14:25,77538.83,341.15,341.15,341.15,341.15,0,15,-0.3745,0.000105,-19.23,90.67
20-08-2026 14:26,77548.7,340,340,340,340,20,7.91,-0.2833,0.000177,-9.09,81.07
20-08-2026 14:27,77576.12,340,340,340,340,60,8.01,-0.2807,0.000175,-9.16,80.74
20-08-2026 14:28,77565.44,339,339,339,339,20,7.96,-0.2814,0.000176,-9.11,80.83
20-08-2026 14:29,77583.78,336,336,336,336,100,7.98,-0.2788,0.000174,-9.11,80.49
20-08-2026 14:30,77573.08,336,336,336,336,0,15,-0.371,0.000104,-19.18,90.43
20-08-2026 14:31,77584.88,336,336,336,336,0,15,-0.3697,0.000104,-19.16,90.35
20-08-2026 14:32,77582.22,336,340,336,340,240,8.03,-0.2801,0.000174,-9.18,80.66
20-08-2026 14:33,77585.82,340,340,340,340,0,15,-0.3696,0.000104,-19.16,90.34
20-08-2026 14:34,77596.2,340,340,340,340,0,15,-0.3685,0.000104,-19.15,90.26
20-08-2026 14:35,77573.6,340,340,340,340,0,15,-0.3709,0.000104,-19.18,90.42
20-08-2026 14:36,77565.27,340,340,340,340,0,15,-0.3718,0.000104,-19.19,90.48
20-08-2026 14:37,77572.32,340,340,340,340,0,15,-0.371,0.000104,-19.18,90.43
20-08-2026 14:38,77574.01,340,340,340,340,0,15,-0.3708,0.000104,-19.18,90.41
20-08-2026 14:39,77584.28,340,340,340,340,0,15,-0.3698,0.000104,-19.16,90.34
20-08-2026 14:40,77586.77,340,340,340,340,0,15,-0.3695,0.000104,-19.16,90.32
20-08-2026 14:41,77576.78,340,340,340,340,0,15,-0.3706,0.000104,-19.18,90.39
20-08-2026 14:42,77568.22,340,340,340,340,0,15,-0.3714,0.000104,-19.19,90.45
20-08-2026 14:43,77568.91,340,340,340,340,0,15,-0.3714,0.000104,-19.19,90.44
20-08-2026 14:44,77566.22,340,340,340,340,0,15,-0.3717,0.000104,-19.19,90.46
20-08-2026 14:45,77553.74,340,340,340,340,0,15,-0.373,0.000105,-19.21,90.55
20-08-2026 14:46,77566.38,340,340,340,340,0,15,-0.3716,0.000104,-19.19,90.46
20-08-2026 14:47,77564.65,340,340,340,340,0,15,-0.3718,0.000104,-19.19,90.47
20-08-2026 14:48,77553.91,340,340,340,340,20,7.93,-0.2828,0.000177,-9.11,80.99
20-08-2026 14:49,77556,340,340,340,340,0,15,-0.3727,0.000105,-19.21,90.53
20-08-2026 14:50,77564.98,340,340,340,340,0,15,-0.3718,0.000104,-19.19,90.47
20-08-2026 14:51,77564.05,340,340,340,340,0,15,-0.3719,0.000104,-19.2,90.47
20-08-2026 14:52,77563.79,340,340,340,340,0,15,-0.3719,0.000104,-19.2,90.47
20-08-2026 14:53,77550.46,340,340,340,340,0,15,-0.3733,0.000105,-19.21,90.56
20-08-2026 14:54,77565.92,340,340,338,338,140,7.95,-0.2811,0.000176,-9.1,80.76
20-08-2026 14:55,77540.5,340,340,340,340,20,7.89,-0.2841,0.000178,-9.07,81.15
20-08-2026 14:56,77545.53,340,340,340,340,0,15,-0.3738,0.000105,-19.22,90.59
20-08-2026 14:57,77543.96,340,340,340,340,0,15,-0.374,0.000105,-19.22,90.6
20-08-2026 14:58,77548.54,340,340,340,340,0,15,-0.3735,0.000105,-19.22,90.57
20-08-2026 14:59,77553.86,340,340,340,340,0,15,-0.3729,0.000105,-19.21,90.53
20-08-2026 15:00,77565.74,340,340,340,340,0,15,-0.3717,0.000104,-19.19,90.45
20-08-2026 15:01,77503.6,340,340,340,340,0,15,-0.3782,0.000105,-19.28,90.87
20-08-2026 15:02,77502.4,340,340,340,340,0,15,-0.3783,0.000105,-19.28,90.87
20-08-2026 15:03,77531.07,340,340,340,340,0,15,-0.3753,0.000105,-19.24,90.68
20-08-2026 15:04,77581,340,340,340,340,0,15,-0.3701,0.000104,-19.17,90.34
20-08-2026 15:05,77531.68,340,340,340,340,0,15,-0.3753,0.000105,-19.24,90.68
20-08-2026 15:06,77489.83,340,340,340,340,0,15,-0.3796,0.000105,-19.3,90.95
20-08-2026 15:07,77494.99,340,340,340,340,0,15,-0.3791,0.000105,-19.29,90.91
20-08-2026 15:08,77522.56,340,340,340,340,0,15,-0.3762,0.000105,-19.26,90.73
20-08-2026 15:09,77476.59,340,340,340,340,0,15,-0.381,0.000105,-19.32,91.03
20-08-2026 15:10,77486.23,340,340,340,340,0,15,-0.38,0.000105,-19.3,90.97
20-08-2026 15:11,77451.12,340,340,340,340,0,15,-0.3837,0.000106,-19.35,91.19
20-08-2026 15:12,77472.9,340,340,340,340,0,15,-0.3814,0.000105,-19.32,91.05
20-08-2026 15:13,77494.72,340,340,340,340,0,15,-0.3791,0.000105,-19.29,90.91
20-08-2026 15:14,77488.19,340,340,340,340,0,15,-0.3798,0.000105,-19.3,90.95
20-08-2026 15:15,77485.29,340,340,340,340,0,15,-0.3801,0.000105,-19.31,90.97
20-08-2026 15:16,77485.29,340,340,335,335,100,7.63,-0.2882,0.000186,-8.83,81.62
20-08-2026 15:17,77485.29,335,335,335,335,0,15,-0.3801,0.000105,-19.31,90.97
20-08-2026 15:18,77485.29,335,335,335,335,0,15,-0.3801,0.000105,-19.31,90.97
20-08-2026 15:19,77485.29,335,335,335,335,0,15,-0.3801,0.000105,-19.31,90.97
20-08-2026 15:20,77485.29,335,335,335,335,0,15,-0.3801,0.000105,-19.31,90.96
20-08-2026 15:21,77485.29,335,335,335,335,0,15,-0.3801,0.000105,-19.31,90.96
20-08-2026 15:22,77485.29,335,335,335,335,0,15,-0.3801,0.000105,-19.31,90.96
20-08-2026 15:23,77485.29,335,335,335,335,0,15,-0.3801,0.000105,-19.31,90.96
20-08-2026 15:24,77485.29,335,335,335,335,0,15,-0.3801,0.000105,-19.31,90.96
20-08-2026 15:25,77485.29,335,335,335,335,0,15,-0.3801,0.000105,-19.31,90.96
20-08-2026 15:26,77485.29,335,335,335,335,0,15,-0.3801,0.000105,-19.31,90.96
20-08-2026 15:27,77485.29,335,335,335,335,0,15,-0.3801,0.000105,-19.31,90.96
20-08-2026 15:28,77485.29,335,335,335,335,0,15,-0.3801,0.000105,-19.31,90.96
20-08-2026 15:29,77537.72,335,335,335,335,0,15,-0.3746,0.000105,-19.24,90.61
21-08-2026 09:24,77481.72,370,370,369,369,60,8.12,-0.2979,0.000179,-9.65,81.98
21-08-2026 09:25,77488.88,369,369,369,369,0,15,-0.3787,0.000106,-19.5,89.9
21-08-2026 09:26,77490.43,369,369,369,369,0,15,-0.3786,0.000106,-19.5,89.88
21-08-2026 09:27,77482.99,369,369,369,369,0,15,-0.3794,0.000106,-19.51,89.93
21-08-2026 09:28,77504.13,369,369,369,369,0,15,-0.3771,0.000106,-19.48,89.79
21-08-2026 09:29,77511.92,369,369,369,369,0,15,-0.3763,0.000106,-19.47,89.74
21-08-2026 09:30,77493.17,369,369,369,369,0,15,-0.3783,0.000106,-19.5,89.86
21-08-2026 09:31,77483,369,370,369,370,60,8.14,-0.298,0.000179,-9.67,81.99
21-08-2026 09:32,77485.22,370,370,370,370,0,15,-0.3791,0.000106,-19.51,89.91
21-08-2026 09:33,77482.92,370,370,370,370,0,15,-0.3794,0.000106,-19.51,89.93
21-08-2026 09:34,77451.78,370,370,370,370,0,15,-0.3827,0.000107,-19.56,90.12
21-08-2026 09:35,77465.62,370,370,370,370,0,15,-0.3812,0.000107,-19.54,90.03
21-08-2026 09:36,77481.3,370,370,370,370,0,15,-0.3795,0.000106,-19.52,89.93
21-08-2026 09:37,77486.77,370,370,370,370,0,15,-0.3789,0.000106,-19.51,89.9
21-08-2026 09:38,77475.9,370,370,370,370,0,15,-0.3801,0.000107,-19.52,89.97
21-08-2026 09:39,77490.64,372,372,369.4,369.4,60,8.16,-0.2971,0.000178,-9.68,81.88
21-08-2026 09:40,77520.47,369.4,369.4,369.4,369.4,0,15,-0.3754,0.000106,-19.46,89.67
21-08-2026 09:41,77549.51,369.4,369.4,369.4,369.4,0,15,-0.3723,0.000106,-19.42,89.47
21-08-2026 09:42,77572.6,369.4,369.4,369.4,369.4,0,15,-0.3699,0.000105,-19.39,89.31
21-08-2026 09:43,77577.24,369.4,369.4,369.4,369.4,0,15,-0.3694,0.000105,-19.38,89.28
21-08-2026 09:44,77579.13,369.4,369.4,366.9,366.9,20,8.45,-0.2878,0.000169,-9.89,80.77
21-08-2026 09:45,77597.04,366.9,366.9,366.9,366.9,0,15,-0.3673,0.000105,-19.35,89.14
21-08-2026 09:46,77588.94,366.9,366.9,366.9,366.9,0,15,-0.3681,0.000105,-19.37,89.19
21-08-2026 09:47,77582.69,366.9,366.9,366.9,366.9,0,15,-0.3688,0.000105,-19.38,89.24
21-08-2026 09:48,77576.59,366.9,366.9,366.9,366.9,0,15,-0.3694,0.000105,-19.38,89.28
21-08-2026 09:49,77590.65,366.9,366.9,366.9,366.9,0,15,-0.3679,0.000105,-19.36,89.18
21-08-2026 09:50,77590.36,366.9,366.9,366.9,366.9,0,15,-0.368,0.000105,-19.36,89.18
21-08-2026 09:51,77611,366.9,366.9,366.9,366.9,0,15,-0.3658,0.000105,-19.33,89.03
21-08-2026 09:52,77592.03,366.9,366.9,366.9,366.9,0,15,-0.3678,0.000105,-19.36,89.17
21-08-2026 09:53,77617.34,366.9,366.9,366.9,366.9,0,15,-0.3651,0.000105,-19.32,88.98
21-08-2026 09:54,77621.12,366.9,366.9,340,340,20,8.26,-0.2765,0.00017,-9.5,79.28
21-08-2026 09:55,77607.49,340,340,340,340,0,15,-0.3662,0.000105,-19.34,89.05
21-08-2026 09:56,77601.3,340,340,340,340,0,15,-0.3668,0.000105,-19.35,89.1
21-08-2026 09:57,77594.11,340,340,340,340,0,15,-0.3676,0.000105,-19.36,89.15
21-08-2026 09:58,77598.62,340,340,340,340,0,15,-0.3671,0.000105,-19.35,89.11
21-08-2026 09:59,77598.93,340,340,340,340,0,15,-0.3671,0.000105,-19.35,89.11
21-08-2026 10:00,77609.68,340,340,340,340,80,8.22,-0.2776,0.000171,-9.47,79.41
21-08-2026 10:01,77585.88,340,340,340,340,0,15,-0.3684,0.000105,-19.37,89.2
21-08-2026 10:02,77580.46,340,340,340,340,0,15,-0.369,0.000105,-19.38,89.24
21-08-2026 10:03,77572.51,340,340,340,340,0,15,-0.3698,0.000105,-19.39,89.29
21-08-2026 10:04,77567.69,340,340,340,340,0,15,-0.3703,0.000106,-19.4,89.33
21-08-2026 10:05,77556.09,340,340,340,340,0,15,-0.3716,0.000106,-19.42,89.41
21-08-2026 10:06,77562.51,340,340,340,340,0,15,-0.3709,0.000106,-19.41,89.36
21-08-2026 10:07,77545.29,340,340,340,340,0,15,-0.3727,0.000106,-19.43,89.48
21-08-2026 10:08,77534.35,340,340,340,340,0,15,-0.3739,0.000106,-19.45,89.55
21-08-2026 10:09,77533.8,340,340,340,340,0,15,-0.3739,0.000106,-19.45,89.55
21-08-2026 10:10,77549.15,340,340,340,340,0,15,-0.3723,0.000106,-19.43,89.45
21-08-2026 10:11,77554.71,340,340,340,340,0,15,-0.3717,0.000106,-19.42,89.41
21-08-2026 10:12,77555.56,340,340,340,340,0,15,-0.3716,0.000106,-19.42,89.4
21-08-2026 10:13,77558.38,340,340,340,340,0,15,-0.3713,0.000106,-19.42,89.38
21-08-2026 10:14,77563.47,340,340,340,340,0,15,-0.3708,0.000106,-19.41,89.35
21-08-2026 10:15,77546.13,340,340,340,340,0,15,-0.3726,0.000106,-19.43,89.46
21-08-2026 10:16,77556.28,340,340,340,340,0,15,-0.3715,0.000106,-19.42,89.39
21-08-2026 10:17,77557.73,340,340,340,340,0,15,-0.3714,0.000106,-19.42,89.38
21-08-2026 10:18,77555.28,340,340,340,340,0,15,-0.3716,0.000106,-19.42,89.4
21-08-2026 10:19,77546.83,340,340,340,340,0,15,-0.3725,0.000106,-19.43,89.46
21-08-2026 10:20,77542.93,340,340,340,340,0,15,-0.3729,0.000106,-19.44,89.48
21-08-2026 10:21,77542.95,340,340,340,340,0,15,-0.3729,0.000106,-19.44,89.48
21-08-2026 10:22,77562.3,340,340,340,340,0,15,-0.3709,0.000106,-19.41,89.35
21-08-2026 10:23,77588.65,340,340,340,340,0,15,-0.3681,0.000105,-19.37,89.16
21-08-2026 10:24,77594.25,340,340,340,340,0,15,-0.3675,0.000105,-19.37,89.12
21-08-2026 10:25,77592.48,340,340,340,340,0,15,-0.3677,0.000105,-19.37,89.13
21-08-2026 10:26,77600.06,340,340,340,340,0,15,-0.3669,0.000105,-19.36,89.08
21-08-2026 10:27,77588.8,340,340,340,340,0,15,-0.3681,0.000105,-19.37,89.15
21-08-2026 10:28,77602.52,340.7,340.7,340.7,340.7,60,8.21,-0.2784,0.000172,-9.47,79.5
21-08-2026 10:29,77627.16,340.7,340.7,340.7,340.7,0,15,-0.3641,0.000105,-19.32,88.88
21-08-2026 10:30,77622,340.7,340.7,340.7,340.7,0,15,-0.3646,0.000105,-19.32,88.91
21-08-2026 10:31,77632.07,340.7,340.7,340.7,340.7,0,15,-0.3635,0.000105,-19.31,88.84
21-08-2026 10:32,77623.21,340.7,340.7,340.7,340.7,0,15,-0.3645,0.000105,-19.32,88.9
21-08-2026 10:33,77612.23,340.7,340.7,340.7,340.7,0,15,-0.3656,0.000105,-19.34,88.98
21-08-2026 10:34,77615.13,340.7,340.7,340.7,340.7,0,15,-0.3653,0.000105,-19.34,88.96
21-08-2026 10:35,77610.26,340.7,340.7,340.7,340.7,0,15,-0.3658,0.000105,-19.34,88.99
21-08-2026 10:36,77607.67,340.7,340.7,340.7,340.7,0,15,-0.3661,0.000105,-19.35,89.01
21-08-2026 10:37,77618.23,340.7,340.7,340.7,340.7,0,15,-0.365,0.000105,-19.33,88.93
21-08-2026 10:38,77617.2,340.7,340.7,340.7,340.7,0,15,-0.3651,0.000105,-19.33,88.94
21-08-2026 10:39,77617.07,340.7,340.7,340.7,340.7,0,15,-0.3651,0.000105,-19.33,88.94
21-08-2026 10:40,77614.58,340.7,340.7,340.7,340.7,0,15,-0.3654,0.000105,-19.34,88.96
21-08-2026 10:41,77619.85,340.7,340.7,340.7,340.7,0,15,-0.3648,0.000105,-19.33,88.92
21-08-2026 10:42,77627.81,340.7,340.7,340.7,340.7,0,15,-0.364,0.000105,-19.32,88.86
21-08-2026 10:43,77632.35,340.7,340.7,340,340,20,8.3,-0.2755,0.000169,-9.54,79.11
21-08-2026 10:44,77627.06,340,340,340,340,0,15,-0.3641,0.000105,-19.32,88.86
21-08-2026 10:45,77627.4,340,340,340,340,0,15,-0.364,0.000105,-19.32,88.86
21-08-2026 10:46,77633.9,340,340,340,340,0,15,-0.3633,0.000105,-19.31,88.81
21-08-2026 10:47,77613.04,340,340.7,332,340.7,60,8.24,-0.2775,0.000171,-9.5,79.36
21-08-2026 10:48,77612.33,340.7,340.7,340.7,340.7,0,15,-0.3656,0.000105,-19.34,88.96
21-08-2026 10:49,77617.47,340.7,340.7,340.7,340.7,0,15,-0.3651,0.000105,-19.33,88.93
21-08-2026 10:50,77622.14,340.7,340.7,340.7,340.7,0,15,-0.3646,0.000105,-19.33,88.89
21-08-2026 10:51,77620.8,340.7,340.7,340.7,340.7,0,15,-0.3647,0.000105,-19.33,88.9
21-08-2026 10:52,77641.79,340.7,340.7,340.7,340.7,0,15,-0.3625,0.000105,-19.3,88.74
21-08-2026 10:53,77650.33,340.7,340.7,340.7,340.7,0,15,-0.3616,0.000105,-19.28,88.68
21-08-2026 10:54,77661.86,340.7,340.7,340.7,340.7,0,15,-0.3604,0.000105,-19.27,88.59
21-08-2026 10:55,77650.42,340.7,340.7,340.7,340.7,0,15,-0.3616,0.000105,-19.28,88.68
21-08-2026 10:56,77650.75,340.7,340.7,340.7,340.7,0,15,-0.3616,0.000105,-19.28,88.67
21-08-2026 10:57,77633.29,340.7,340.7,340.7,340.7,0,15,-0.3634,0.000105,-19.31,88.8
21-08-2026 10:58,77627.23,340.7,340.7,340.7,340.7,0,15,-0.364,0.000105,-19.32,88.85
21-08-2026 10:59,77642.8,340.7,340.7,340.7,340.7,0,15,-0.3624,0.000105,-19.3,88.73
21-08-2026 11:00,77654.28,340.7,340.7,330.4,330.4,20,8.26,-0.2708,0.000168,-9.41,78.45
21-08-2026 11:01,77649.69,330.4,338.65,330.2,330.2,40,8.24,-0.2711,0.000169,-9.4,78.49
21-08-2026 11:02,77647.7,330.2,330.2,330.2,330.2,0,15,-0.3619,0.000105,-19.29,88.69
21-08-2026 11:03,77650.8,330.2,330.2,330.2,330.2,0,15,-0.3615,0.000105,-19.29,88.67
21-08-2026 11:04,77657.44,330.2,330.2,330.2,330.2,0,15,-0.3609,0.000105,-19.27,88.61
21-08-2026 11:05,77659.69,330.2,340,330.2,340,20,8.4,-0.2731,0.000166,-9.61,78.78
21-08-2026 11:06,77660.79,340,340,340,340,0,15,-0.3605,0.000105,-19.27,88.59
21-08-2026 11:07,77653.58,340,340,340,340,0,15,-0.3613,0.000105,-19.28,88.64
21-08-2026 11:08,77654.01,340,340,340,340,0,15,-0.3612,0.000105,-19.28,88.64
21-08-2026 11:09,77643.69,340,340,340,340,0,15,-0.3623,0.000105,-19.3,88.71
21-08-2026 11:10,77642.84,340,340,340,340,0,15,-0.3624,0.000105,-19.3,88.72
21-08-2026 11:11,77638.94,340,340,340,340,0,15,-0.3628,0.000105,-19.31,88.75
21-08-2026 11:12,77646.39,340,340,340,340,0,15,-0.362,0.000105,-19.29,88.69
21-08-2026 11:13,77652.83,340,340,340,340,0,15,-0.3613,0.000105,-19.28,88.64
21-08-2026 11:14,77654.38,340,340,340,340,0,15,-0.3612,0.000105,-19.28,88.63
21-08-2026 11:15,77654.12,340,340,340,340,0,15,-0.3612,0.000105,-19.28,88.63
21-08-2026 11:16,77652.95,340,340,340,340,0,15,-0.3613,0.000105,-19.28,88.64
21-08-2026 11:17,77644.04,340,340,340,340,0,15,-0.3622,0.000105,-19.3,88.7
21-08-2026 11:18,77623.25,340,340,340,340,0,15,-0.3644,0.000105,-19.33,88.86
21-08-2026 11:19,77627.66,340,340,340,340,0,15,-0.364,0.000105,-19.32,88.82
21-08-2026 11:20,77625.89,340,340,340,340,0,15,-0.3641,0.000105,-19.33,88.83
21-08-2026 11:21,77626.96,340,340,340,340,0,15,-0.364,0.000105,-19.33,88.83
21-08-2026 11:22,77611.88,340,340,340,340,0,15,-0.3656,0.000105,-19.35,88.93
21-08-2026 11:23,77614.72,340,340,340,340,0,15,-0.3653,0.000105,-19.35,88.91
21-08-2026 11:24,77624.94,340,340,340,340,0,15,-0.3642,0.000105,-19.33,88.84
21-08-2026 11:25,77628.53,340,340,340,340,0,15,-0.3639,0.000105,-19.32,88.81
21-08-2026 11:26,77633.13,340,340,340,340,0,15,-0.3634,0.000105,-19.32,88.77
21-08-2026 11:27,77628.27,340,340,340,340,0,15,-0.3639,0.000105,-19.32,88.81
21-08-2026 11:28,77626.26,340,340,340,340,0,15,-0.3641,0.000105,-19.33,88.82
21-08-2026 11:29,77623.96,340,340,340,340,0,15,-0.3643,0.000105,-19.33,88.84
21-08-2026 11:30,77648.38,340,340,340,340,0,15,-0.3618,0.000105,-19.29,88.66
21-08-2026 11:31,77628.11,340,340,340,340,0,15,-0.3639,0.000105,-19.33,88.81
21-08-2026 11:32,77636.21,340,340,340,340,0,15,-0.363,0.000105,-19.31,88.75
21-08-2026 11:33,77635.09,340,340,340,340,0,15,-0.3632,0.000105,-19.32,88.75
21-08-2026 11:34,77633.63,340,340,340,340,0,15,-0.3633,0.000105,-19.32,88.76
21-08-2026 11:35,77635.25,340,340,340,340,0,15,-0.3631,0.000105,-19.32,88.75
21-08-2026 11:36,77632.92,340,340,340,340,0,15,-0.3634,0.000105,-19.32,88.77
21-08-2026 11:37,77621.2,340,340,340,340,0,15,-0.3646,0.000105,-19.34,88.85
21-08-2026 11:38,77630.47,340,340,340,340,0,15,-0.3636,0.000105,-19.32,88.78
21-08-2026 11:39,77629.27,340,340,340,340,0,15,-0.3638,0.000105,-19.33,88.79
21-08-2026 11:40,77615.23,340,340,340,340,0,15,-0.3652,0.000105,-19.35,88.89
21-08-2026 11:41,77619.7,340,340,340,340,0,15,-0.3648,0.000105,-19.34,88.86
21-08-2026 11:42,77604.08,340,340,340,340,0,15,-0.3664,0.000105,-19.36,88.97
21-08-2026 11:43,77608.26,340,340,340,340,0,15,-0.366,0.000105,-19.36,88.94
21-08-2026 11:44,77610.96,340,340,340,340,0,15,-0.3657,0.000105,-19.35,88.92
21-08-2026 11:45,77615.45,340,340,340,340,0,15,-0.3652,0.000105,-19.35,88.89
21-08-2026 11:46,77601.62,340,340,340,340,0,15,-0.3667,0.000105,-19.37,88.99
21-08-2026 11:47,77625.46,340,340,340,340,0,15,-0.3642,0.000105,-19.33,88.81
21-08-2026 11:48,77620.51,340,340,340,340,0,15,-0.3647,0.000105,-19.34,88.85
21-08-2026 11:49,77622.1,340,340,340,340,0,15,-0.3645,0.000105,-19.34,88.83
21-08-2026 11:50,77643.34,340,340,340,340,0,15,-0.3623,0.000105,-19.31,88.68
21-08-2026 11:51,77636.3,340,340,340,340,0,15,-0.363,0.000105,-19.32,88.73
21-08-2026 11:52,77617.55,340,340,340,340,0,15,-0.365,0.000105,-19.35,88.86
21-08-2026 11:53,77630.92,340,340,340,340,0,15,-0.3636,0.000105,-19.33,88.76
21-08-2026 11:54,77608.2,340,340,340,340,0,15,-0.366,0.000105,-19.36,88.93
21-08-2026 11:55,77591.14,340,340,340,340,0,15,-0.3678,0.000105,-19.39,89.05
21-08-2026 11:56,77592.63,340,340,340,340,0,15,-0.3676,0.000105,-19.38,89.04
21-08-2026 11:57,77589,340,340,340,340,0,15,-0.368,0.000105,-19.39,89.07
21-08-2026 11:58,77582.37,340,340,340,340,0,15,-0.3687,0.000106,-19.4,89.11
21-08-2026 11:59,77584.71,340,340,340,340,0,15,-0.3684,0.000105,-19.4,89.09
21-08-2026 12:00,77583.12,340,340,340,340,0,15,-0.3686,0.000105,-19.4,89.1
21-08-2026 12:01,77593.81,340,340,340,340,0,15,-0.3675,0.000105,-19.38,89.03
21-08-2026 12:02,77586.69,340,340,340,340,0,15,-0.3682,0.000105,-19.39,89.08
21-08-2026 12:03,77583.36,340,340,340,340,0,15,-0.3686,0.000105,-19.4,89.1
21-08-2026 12:04,77583.91,340,340,340,340,0,15,-0.3685,0.000105,-19.4,89.09
21-08-2026 12:05,77589.61,340,340,340,340,0,15,-0.3679,0.000105,-19.39,89.05
21-08-2026 12:06,77583.44,340,340,340,340,0,15,-0.3686,0.000105,-19.4,89.1
21-08-2026 12:07,77572.98,340,340,340,340,0,15,-0.3697,0.000106,-19.42,89.17
21-08-2026 12:08,77577.27,340,340,340,340,0,15,-0.3692,0.000106,-19.41,89.14
21-08-2026 12:09,77573.17,340,340,340,340,0,15,-0.3696,0.000106,-19.42,89.17
21-08-2026 12:10,77585.53,340,340,340,340,0,15,-0.3683,0.000105,-19.4,89.08
21-08-2026 12:11,77571.28,340,340,340,340,0,15,-0.3698,0.000106,-19.42,89.18
21-08-2026 12:12,77566.84,340,340,340,340,0,15,-0.3703,0.000106,-19.43,89.21
21-08-2026 12:13,77568.23,340,340,340,340,0,15,-0.3702,0.000106,-19.42,89.2
21-08-2026 12:14,77557.8,340,340,340,340,0,15,-0.3713,0.000106,-19.44,89.27
21-08-2026 12:15,77558.23,340,340,340,340,0,15,-0.3712,0.000106,-19.44,89.26
21-08-2026 12:16,77541.06,340,340,340,340,0,15,-0.373,0.000106,-19.46,89.38
21-08-2026 12:17,77542.42,340,340,340,340,0,15,-0.3729,0.000106,-19.46,89.37
21-08-2026 12:18,77571.91,340,340,340,340,0,15,-0.3698,0.000106,-19.42,89.17
21-08-2026 12:19,77566.05,340,340,340,340,0,15,-0.3704,0.000106,-19.43,89.21
21-08-2026 12:20,77573.27,340,340,340,340,0,15,-0.3696,0.000106,-19.42,89.15
21-08-2026 12:21,77577.79,340,340,340,340,0,15,-0.3691,0.000106,-19.41,89.12
21-08-2026 12:22,77574.11,340,340,340,340,0,15,-0.3695,0.000106,-19.42,89.15
21-08-2026 12:23,77580.14,340,340,340,340,0,15,-0.3689,0.000106,-19.41,89.1
21-08-2026 12:24,77581.98,340,340,340,340,0,15,-0.3687,0.000106,-19.41,89.09
21-08-2026 12:25,77580.34,340,340,340,340,0,15,-0.3689,0.000106,-19.41,89.1
21-08-2026 12:26,77585.52,340,340,340,340,0,15,-0.3683,0.000105,-19.4,89.06
21-08-2026 12:27,77582.06,340,340,340,340,0,15,-0.3687,0.000106,-19.41,89.09
21-08-2026 12:28,77569.28,340,340,340,340,0,15,-0.37,0.000106,-19.43,89.17
21-08-2026 12:29,77575.45,340,340,340,340,0,15,-0.3694,0.000106,-19.42,89.13
21-08-2026 12:30,77589.79,340,340,340,340,0,15,-0.3679,0.000105,-19.4,89.03
21-08-2026 12:31,77588.07,340,340,340,340,0,15,-0.368,0.000105,-19.4,89.04
21-08-2026 12:32,77591.09,340,340,340,340,0,15,-0.3677,0.000105,-19.39,89.02
21-08-2026 12:33,77591.84,340,340,340,340,0,15,-0.3676,0.000105,-19.39,89.01
21-08-2026 12:34,77581.35,340,340,340,340,0,15,-0.3688,0.000106,-19.41,89.08
21-08-2026 12:35,77592,340,340,340,340,0,15,-0.3676,0.000105,-19.39,89.01
21-08-2026 12:36,77591.88,340,340,340,340,0,15,-0.3676,0.000105,-19.39,89.01
21-08-2026 12:37,77592.92,340,340,340,340,0,15,-0.3675,0.000105,-19.39,89
21-08-2026 12:38,77571.91,340,340,340,340,0,15,-0.3697,0.000106,-19.42,89.15
21-08-2026 12:39,77561.11,340,340,340,340,0,15,-0.3709,0.000106,-19.44,89.22
21-08-2026 12:40,77566.04,340,340,340,340,0,15,-0.3704,0.000106,-19.43,89.19
21-08-2026 12:41,77554.68,340,340,340,340,0,15,-0.3716,0.000106,-19.45,89.26
21-08-2026 12:42,77541.52,340,340,340,340,0,15,-0.373,0.000106,-19.47,89.35
21-08-2026 12:43,77542.92,340,340,340,340,0,15,-0.3728,0.000106,-19.47,89.34
21-08-2026 12:44,77539.45,340,340,340,340,0,15,-0.3732,0.000106,-19.47,89.37
21-08-2026 12:45,77557.75,340,340,340,340,0,15,-0.3712,0.000106,-19.45,89.24
21-08-2026 12:46,77549.3,340,340,340,340,0,15,-0.3721,0.000106,-19.46,89.3
21-08-2026 12:47,77549.86,340,340,340,340,0,15,-0.3721,0.000106,-19.46,89.29
21-08-2026 12:48,77539.61,340,340,340,340,0,15,-0.3732,0.000106,-19.47,89.36
21-08-2026 12:49,77539.68,340,340,340,340,0,15,-0.3731,0.000106,-19.47,89.36
21-08-2026 12:50,77550.96,340,340,340,340,0,15,-0.3719,0.000106,-19.46,89.28
21-08-2026 12:51,77543.66,340,340,340,340,0,15,-0.3727,0.000106,-19.47,89.33
21-08-2026 12:52,77545.06,340,340,340,340,0,15,-0.3726,0.000106,-19.47,89.32
21-08-2026 12:53,77548.61,340,340,340,340,0,15,-0.3722,0.000106,-19.46,89.29
21-08-2026 12:54,77545.85,340,340,340,340,0,15,-0.3725,0.000106,-19.46,89.31
21-08-2026 12:55,77548.99,340,340,340,340,0,15,-0.3722,0.000106,-19.46,89.29
21-08-2026 12:56,77548.89,340,340,340,340,0,15,-0.3722,0.000106,-19.46,89.29
21-08-2026 12:57,77534.64,340,340,340,340,0,15,-0.3737,0.000106,-19.48,89.39
21-08-2026 12:58,77539.8,340,340,340,340,0,15,-0.3731,0.000106,-19.47,89.35
21-08-2026 12:59,77541.52,340,340,340,340,0,15,-0.3729,0.000106,-19.47,89.34
21-08-2026 13:00,77543.22,340,340,340,340,0,15,-0.3728,0.000106,-19.47,89.32
21-08-2026 13:01,77562.76,340,340,340,340,0,15,-0.3707,0.000106,-19.44,89.19
21-08-2026 13:02,77559.56,340,340,340,340,0,15,-0.371,0.000106,-19.45,89.21
21-08-2026 13:03,77563.51,340,340,340,340,0,15,-0.3706,0.000106,-19.44,89.18
21-08-2026 13:04,77568.02,340,340,340,340,0,15,-0.3701,0.000106,-19.43,89.15
21-08-2026 13:05,77582.4,340,340,340,340,0,15,-0.3686,0.000106,-19.41,89.05
21-08-2026 13:06,77585.82,340,340,340,340,0,15,-0.3682,0.000106,-19.41,89.02
21-08-2026 13:07,77584.45,340,340,340,340,20,8.15,-0.2799,0.000174,-9.44,79.56
21-08-2026 13:08,77596.51,340,340,340,340,0,15,-0.3671,0.000105,-19.39,88.94
21-08-2026 13:09,77598.76,340,340,340,340,0,15,-0.3669,0.000105,-19.39,88.92
21-08-2026 13:10,77586.83,340,340,340,340,0,15,-0.3681,0.000106,-19.41,89.01
21-08-2026 13:11,77590.42,340,340,340,340,0,15,-0.3678,0.000105,-19.4,88.98
21-08-2026 13:12,77596.41,340,340,340,340,0,15,-0.3671,0.000105,-19.39,88.94
21-08-2026 13:13,77582.4,340,340,340,340,0,15,-0.3686,0.000106,-19.41,89.04
21-08-2026 13:14,77579.58,340,340,340,340,0,15,-0.3689,0.000106,-19.42,89.06
21-08-2026 13:15,77562.96,340,340,340,340,0,15,-0.3707,0.000106,-19.44,89.17
21-08-2026 13:16,77559.21,340,340,340,340,0,15,-0.371,0.000106,-19.45,89.2
21-08-2026 13:17,77567.37,340,340,340,340,0,15,-0.3702,0.000106,-19.44,89.14
21-08-2026 13:18,77587.8,340,340,340,340,0,15,-0.368,0.000106,-19.41,88.99
21-08-2026 13:19,77584,340,340,340,340,0,15,-0.3684,0.000106,-19.41,89.02
21-08-2026 13:20,77572.75,340,340,340,340,0,15,-0.3696,0.000106,-19.43,89.1
21-08-2026 13:21,77563.78,340,340,340,340,0,15,-0.3706,0.000106,-19.44,89.16
21-08-2026 13:22,77549.71,340,340,340,340,0,15,-0.372,0.000106,-19.46,89.26
21-08-2026 13:23,77542.23,340,340,340,340,0,15,-0.3728,0.000106,-19.48,89.31
21-08-2026 13:24,77556.03,340,340,340,340,0,15,-0.3714,0.000106,-19.46,89.21
21-08-2026 13:25,77552.11,340,340,340,340,0,15,-0.3718,0.000106,-19.46,89.24
21-08-2026 13:26,77554.37,340,340,340,340,0,15,-0.3716,0.000106,-19.46,89.22
21-08-2026 13:27,77558.7,340,340,340,340,0,15,-0.3711,0.000106,-19.45,89.19
21-08-2026 13:28,77552.63,340,340,340,340,0,15,-0.3717,0.000106,-19.46,89.23
21-08-2026 13:29,77574.8,340,340,340,340,0,15,-0.3694,0.000106,-19.43,89.08
21-08-2026 13:30,77564.84,340,340,340,340,0,15,-0.3704,0.000106,-19.44,89.14
21-08-2026 13:31,77574.39,340,340,340,340,0,15,-0.3694,0.000106,-19.43,89.08
21-08-2026 13:32,77559.6,340,340,340,340,0,15,-0.371,0.000106,-19.45,89.18
21-08-2026 13:33,77552.04,340,340,340,340,0,15,-0.3718,0.000106,-19.46,89.23
21-08-2026 13:34,77558.35,340,340,340,340,0,15,-0.3711,0.000106,-19.45,89.19
21-08-2026 13:35,77556.38,340,340,340,340,0,15,-0.3713,0.000106,-19.46,89.2
21-08-2026 13:36,77527.56,340,352,340,352,40,8.1,-0.2887,0.000178,-9.52,80.66
21-08-2026 13:37,77540.34,352,352,352,352,0,15,-0.373,0.000106,-19.48,89.31
21-08-2026 13:38,77545.42,352,352,352,352,0,15,-0.3725,0.000106,-19.47,89.27
21-08-2026 13:39,77538.91,352,352,352,352,0,15,-0.3732,0.000106,-19.48,89.32
21-08-2026 13:40,77541.22,352,352,352,352,0,15,-0.3729,0.000106,-19.48,89.3
21-08-2026 13:41,77529.46,352,352,352,352,0,15,-0.3742,0.000106,-19.5,89.38
21-08-2026 13:42,77535.93,352,352,352,352,0,15,-0.3735,0.000106,-19.49,89.33
21-08-2026 13:43,77544.13,352,360.5,352,360.5,20,8.26,-0.2894,0.000174,-9.72,80.76
21-08-2026 13:44,77546,360.5,360.5,360.5,360.5,0,15,-0.3724,0.000106,-19.47,89.26
21-08-2026 13:45,77542.89,360.5,360.5,360.5,360.5,0,15,-0.3727,0.000106,-19.48,89.28
21-08-2026 13:46,77540.55,360.5,360.5,360.5,360.5,0,15,-0.373,0.000106,-19.48,89.3
21-08-2026 13:47,77545.78,360.5,360.5,360.5,360.5,0,15,-0.3724,0.000106,-19.47,89.26
21-08-2026 13:48,77538.73,360.5,360.5,360.5,360.5,0,15,-0.3732,0.000106,-19.48,89.31
21-08-2026 13:49,77530.9,360.5,360.5,360.5,360.5,0,15,-0.374,0.000106,-19.5,89.36
21-08-2026 13:50,77526.23,360.5,360.5,360.5,360.5,0,15,-0.3745,0.000106,-19.5,89.39
21-08-2026 13:51,77523.31,360.5,360.5,360.5,360.5,0,15,-0.3748,0.000106,-19.51,89.41
21-08-2026 13:52,77531.43,360.5,360.5,360.5,360.5,0,15,-0.374,0.000106,-19.5,89.35
21-08-2026 13:53,77546.4,360.5,360.5,360.5,360.5,0,15,-0.3724,0.000106,-19.47,89.25
21-08-2026 13:54,77542.72,360.5,360.5,360.5,360.5,0,15,-0.3728,0.000106,-19.48,89.27
21-08-2026 13:55,77544.81,360.5,360.5,360.5,360.5,0,15,-0.3725,0.000106,-19.48,89.26
21-08-2026 13:56,77548.03,360.5,360.5,360.5,360.5,0,15,-0.3722,0.000106,-19.47,89.24
21-08-2026 13:57,77564.79,360.5,360.5,360.5,360.5,0,15,-0.3704,0.000106,-19.45,89.12
21-08-2026 13:58,77559.42,360.5,360.5,360.5,360.5,0,15,-0.371,0.000106,-19.46,89.16
21-08-2026 13:59,77548.44,360.5,360.5,360.5,360.5,0,15,-0.3721,0.000106,-19.47,89.23
21-08-2026 14:00,77544.95,360.5,360.5,360.5,360.5,0,15,-0.3725,0.000106,-19.48,89.25
21-08-2026 14:01,77540.9,360.5,360.5,360.5,360.5,0,15,-0.3729,0.000106,-19.48,89.28
21-08-2026 14:02,77538.83,360.5,360.5,360.5,360.5,0,15,-0.3732,0.000106,-19.49,89.29
21-08-2026 14:03,77531.51,360.5,360.5,360.5,360.5,0,15,-0.3739,0.000106,-19.5,89.34
21-08-2026 14:04,77530.47,360.5,360.5,360.5,360.5,0,15,-0.374,0.000106,-19.5,89.35
21-08-2026 14:05,77532.32,360.5,360.5,360.5,360.5,0,15,-0.3738,0.000106,-19.5,89.33
21-08-2026 14:06,77519.35,360.5,360.5,360.5,360.5,0,15,-0.3752,0.000106,-19.52,89.42
21-08-2026 14:07,77522.27,360.5,360.5,360.5,360.5,0,15,-0.3749,0.000106,-19.51,89.4
21-08-2026 14:08,77513.1,360.5,360.5,360.5,360.5,0,15,-0.3759,0.000106,-19.52,89.46
21-08-2026 14:09,77506.99,360.5,360.5,360.5,360.5,0,15,-0.3765,0.000106,-19.53,89.5
21-08-2026 14:10,77510.37,360.5,360.5,360.5,360.5,0,15,-0.3762,0.000106,-19.53,89.48
21-08-2026 14:11,77514.27,360.5,360.5,360.5,360.5,0,15,-0.3758,0.000106,-19.52,89.45
21-08-2026 14:12,77521.72,360.5,360.5,360.5,360.5,0,15,-0.375,0.000106,-19.51,89.4
21-08-2026 14:13,77515.22,360.5,360.5,360.5,360.5,0,15,-0.3757,0.000106,-19.52,89.44
21-08-2026 14:14,77529.84,360.5,360.5,360.5,360.5,0,15,-0.3741,0.000106,-19.5,89.34
21-08-2026 14:15,77530.16,360.5,360.5,360.5,360.5,0,15,-0.3741,0.000106,-19.5,89.34
21-08-2026 14:16,77535.15,360.5,360.5,360.5,360.5,0,15,-0.3735,0.000106,-19.5,89.3
21-08-2026 14:17,77547.14,360.5,360.5,346.3,346.3,120,8.1,-0.2853,0.000176,-9.47,80.18
21-08-2026 14:18,77547.3,346.3,346.3,346.3,346.3,0,15,-0.3722,0.000106,-19.48,89.22
21-08-2026 14:19,77544.65,346.3,346.3,346.3,346.3,80,8.09,-0.2855,0.000177,-9.46,80.21
21-08-2026 14:20,77537.03,346.3,346.3,346.3,346.3,60,8.06,-0.2862,0.000178,-9.44,80.3
21-08-2026 14:21,77549.76,346.3,346.3,346.3,346.3,0,15,-0.372,0.000106,-19.48,89.2
21-08-2026 14:22,77559.78,346.3,346.3,346.3,346.3,0,15,-0.3709,0.000106,-19.46,89.13
21-08-2026 14:23,77555.28,346.3,346.3,346.3,346.3,0,15,-0.3714,0.000106,-19.47,89.16
21-08-2026 14:24,77559.97,346.3,346.3,346.3,346.3,0,15,-0.3709,0.000106,-19.46,89.13
21-08-2026 14:25,77546.49,346.3,346.3,346.3,346.3,0,15,-0.3723,0.000106,-19.48,89.22
21-08-2026 14:26,77547.1,346.3,346.3,346.3,346.3,0,15,-0.3723,0.000106,-19.48,89.21
21-08-2026 14:27,77552.32,346.3,346.3,346.3,346.3,0,15,-0.3717,0.000106,-19.47,89.18
21-08-2026 14:28,77544.04,346.3,346.3,346.3,346.3,0,15,-0.3726,0.000106,-19.48,89.23
21-08-2026 14:29,77560.29,346.3,346.3,346.3,346.3,0,15,-0.3709,0.000106,-19.46,89.12
21-08-2026 14:30,77570.2,346.3,346.3,346.3,346.3,0,15,-0.3698,0.000106,-19.45,89.05
21-08-2026 14:31,77564.54,346.3,346.3,346.3,346.3,0,15,-0.3704,0.000106,-19.46,89.09
21-08-2026 14:32,77550.59,346.3,346.3,346.3,346.3,0,15,-0.3719,0.000106,-19.48,89.18
21-08-2026 14:33,77553.9,346.3,346.3,346.3,346.3,0,15,-0.3715,0.000106,-19.47,89.16
21-08-2026 14:34,77548.25,346.3,346.3,346.3,346.3,0,15,-0.3721,0.000106,-19.48,89.2
21-08-2026 14:35,77543.85,346.3,346.3,346.3,346.3,0,15,-0.3726,0.000106,-19.49,89.23
21-08-2026 14:36,77542.6,346.3,346.3,346.3,346.3,0,15,-0.3727,0.000106,-19.49,89.23
21-08-2026 14:37,77540.71,346.3,346.3,346.3,346.3,0,15,-0.3729,0.000106,-19.49,89.25
21-08-2026 14:38,77540.66,346.3,346.3,346.3,346.3,0,15,-0.3729,0.000106,-19.49,89.25
21-08-2026 14:39,77538.24,346.3,346.3,346.3,346.3,0,15,-0.3732,0.000106,-19.5,89.26
21-08-2026 14:40,77534.69,346.3,346.3,346.3,346.3,0,15,-0.3736,0.000106,-19.5,89.28
21-08-2026 14:41,77533.6,346.3,346.3,346.3,346.3,0,15,-0.3737,0.000106,-19.5,89.29
21-08-2026 14:42,77536.8,346.3,346.3,346.3,346.3,0,15,-0.3733,0.000106,-19.5,89.27
21-08-2026 14:43,77532.92,346.3,346.3,346.3,346.3,0,15,-0.3737,0.000106,-19.5,89.29
21-08-2026 14:44,77536.92,346.3,346.3,346.3,346.3,0,15,-0.3733,0.000106,-19.5,89.27
21-08-2026 14:45,77549.81,346.3,346.3,346.3,346.3,0,15,-0.372,0.000106,-19.48,89.18
21-08-2026 14:46,77547.96,346.3,346.3,346.3,346.3,0,15,-0.3721,0.000106,-19.48,89.19
21-08-2026 14:47,77548.51,346.3,346.3,346.3,346.3,0,15,-0.3721,0.000106,-19.48,89.18
21-08-2026 14:48,77556.42,346.3,346.3,346.3,346.3,0,15,-0.3713,0.000106,-19.47,89.13
21-08-2026 14:49,77549.49,346.3,346.3,346.3,346.3,0,15,-0.372,0.000106,-19.48,89.17
21-08-2026 14:50,77554.15,346.3,346.3,346.3,346.3,0,15,-0.3715,0.000106,-19.47,89.14
21-08-2026 14:51,77553.44,346.3,346.3,346.3,346.3,0,15,-0.3716,0.000106,-19.48,89.14
21-08-2026 14:52,77546.91,346.3,346.3,346.3,346.3,0,15,-0.3723,0.000106,-19.49,89.19
21-08-2026 14:53,77546.51,346.3,346.3,346.3,346.3,0,15,-0.3723,0.000106,-19.49,89.19
21-08-2026 14:54,77548.85,346.3,346.3,346.3,346.3,0,15,-0.372,0.000106,-19.48,89.17
21-08-2026 14:55,77547.17,346.3,346.3,346.3,346.3,0,15,-0.3722,0.000106,-19.49,89.18
21-08-2026 14:56,77537.93,346.3,346.3,346.3,346.3,0,15,-0.3732,0.000106,-19.5,89.25
21-08-2026 14:57,77531.88,346.3,346.3,346.3,346.3,0,15,-0.3738,0.000106,-19.51,89.29
21-08-2026 14:58,77535.2,346.3,346.3,346.3,346.3,0,15,-0.3735,0.000106,-19.5,89.26
21-08-2026 14:59,77534.16,346.3,346.3,346.3,346.3,0,15,-0.3736,0.000106,-19.5,89.27
21-08-2026 15:00,77539.25,347.25,347.25,347.25,347.25,20,8.09,-0.2863,0.000177,-9.48,80.28
21-08-2026 15:01,77544.55,347.25,347.25,347.25,347.25,0,15,-0.3725,0.000106,-19.49,89.2
21-08-2026 15:02,77551.04,347.25,347.25,347.25,347.25,0,15,-0.3718,0.000106,-19.48,89.15
21-08-2026 15:03,77537.68,347.25,347.25,347.25,347.25,0,15,-0.3732,0.000106,-19.5,89.24
21-08-2026 15:04,77538.88,347.25,347.25,347.25,347.25,0,15,-0.3731,0.000106,-19.5,89.23
21-08-2026 15:05,77529.28,347.25,347.25,347.25,347.25,0,15,-0.3741,0.000106,-19.51,89.3
21-08-2026 15:06,77545.08,347.25,347.25,347.25,347.25,0,15,-0.3724,0.000106,-19.49,89.19
21-08-2026 15:07,77546.52,347.25,347.25,347.25,347.25,0,15,-0.3723,0.000106,-19.49,89.18
21-08-2026 15:08,77539.37,347.25,347.25,344.05,344.05,20,8.05,-0.2854,0.000178,-9.42,80.15
21-08-2026 15:09,77527.92,344.05,344.05,344.05,344.05,0,15,-0.3743,0.000106,-19.52,89.3
21-08-2026 15:10,77513.11,344.05,344.05,344.05,344.05,0,15,-0.3758,0.000106,-19.54,89.4
21-08-2026 15:11,77517.07,344.05,344.05,344.05,344.05,0,15,-0.3754,0.000106,-19.53,89.37
21-08-2026 15:12,77489.06,344.05,344.05,344.05,344.05,0,15,-0.3784,0.000107,-19.57,89.56
21-08-2026 15:13,77508.21,344.05,344.05,344.05,344.05,0,15,-0.3763,0.000107,-19.54,89.43
21-08-2026 15:14,77518.89,344.05,344.05,344.05,344.05,0,15,-0.3752,0.000106,-19.53,89.36
21-08-2026 15:15,77522.47,344.05,344.05,344.05,344.05,0,15,-0.3748,0.000106,-19.52,89.33
21-08-2026 15:16,77522.47,345,345,345,345,20,8,-0.2873,0.000179,-9.39,80.38
21-08-2026 15:17,77522.47,345,345,345,345,0,15,-0.3748,0.000106,-19.52,89.33
21-08-2026 15:18,77522.47,345,345,345,345,0,15,-0.3748,0.000106,-19.52,89.33
21-08-2026 15:19,77522.47,345,345,345,345,0,15,-0.3748,0.000106,-19.53,89.33
21-08-2026 15:20,77522.47,345,345,345,345,0,15,-0.3748,0.000106,-19.53,89.33
21-08-2026 15:21,77522.47,345,345,345,345,0,15,-0.3748,0.000106,-19.53,89.33
21-08-2026 15:22,77522.47,345,345,345,345,0,15,-0.3748,0.000106,-19.53,89.33
21-08-2026 15:23,77522.47,345,345,345,345,0,15,-0.3748,0.000106,-19.53,89.32
21-08-2026 15:24,77522.47,345,345,345,345,0,15,-0.3748,0.000106,-19.53,89.32
21-08-2026 15:25,77522.47,345,345,345,345,0,15,-0.3748,0.000106,-19.53,89.32
21-08-2026 15:26,77522.47,345,345,345,345,0,15,-0.3748,0.000106,-19.53,89.32
21-08-2026 15:27,77522.47,345,345,345,345,0,15,-0.3748,0.000106,-19.53,89.32
21-08-2026 15:28,77522.47,345,345,345,345,0,15,-0.3748,0.000106,-19.53,89.32
21-08-2026 15:29,77540.83,345,345,345,345,0,15,-0.3729,0.000106,-19.5,89.19
24-08-2026 09:16,77749.07,299,319.45,299,319.45,40,8.82,-0.2595,0.000161,-10.32,73.53
24-08-2026 09:17,77774.62,319.45,319.45,284.5,284.5,20,8.43,-0.2462,0.000164,-9.6,71.54
24-08-2026 09:18,77767.93,284.5,284.5,284.5,284.5,0,15,-0.3439,0.000107,-19.87,83.45
24-08-2026 09:19,77745.36,284.5,284.5,284.5,284.5,0,15,-0.3463,0.000108,-19.92,83.64
24-08-2026 09:20,77765.21,284.5,284.5,284.5,284.5,0,15,-0.3442,0.000107,-19.88,83.47
24-08-2026 09:21,77744.47,284.5,288,284.5,288,40,8.38,-0.2498,0.000166,-9.61,72.07
24-08-2026 09:22,77746.98,291.75,291.75,291.75,291.75,40,8.44,-0.2509,0.000165,-9.7,72.24
24-08-2026 09:23,77760.69,291.75,291.75,291.75,291.75,0,15,-0.3447,0.000108,-19.89,83.5
24-08-2026 09:24,77740.26,291.75,291.75,291.75,291.75,0,15,-0.3469,0.000108,-19.93,83.68
24-08-2026 09:25,77747.79,291.75,291.75,287,287,20,8.38,-0.2492,0.000166,-9.59,71.98
24-08-2026 09:26,77738.26,287,287,287,287,0,15,-0.3471,0.000108,-19.93,83.69
24-08-2026 09:27,77742.11,287,287,287,287,0,15,-0.3467,0.000108,-19.93,83.66
24-08-2026 09:28,77700.58,287,287,287,287,0,15,-0.3512,0.000108,-20.01,84
24-08-2026 09:29,77701.6,287,287,287,287,0,15,-0.351,0.000108,-20,83.99
24-08-2026 09:30,77694.99,287,287,287,287,0,15,-0.3518,0.000108,-20.02,84.05
24-08-2026 09:31,77671.61,287,287,287,287,0,15,-0.3543,0.000109,-20.06,84.23
24-08-2026 09:32,77666.71,287,287,287,287,0,15,-0.3548,0.000109,-20.07,84.27
24-08-2026 09:33,77656.33,287,287,287,287,0,15,-0.356,0.000109,-20.09,84.35
24-08-2026 09:34,77649.64,287,287,287,287,0,15,-0.3567,0.000109,-20.1,84.41
24-08-2026 09:35,77659.11,287,287,287,287,0,15,-0.3556,0.000109,-20.09,84.33
24-08-2026 09:36,77657.27,287,287,287,287,0,15,-0.3558,0.000109,-20.09,84.34
24-08-2026 09:37,77682.97,287,287,287,287,0,15,-0.353,0.000109,-20.04,84.14
24-08-2026 09:38,77683.66,287,287,287,287,0,15,-0.353,0.000109,-20.04,84.13
24-08-2026 09:39,77684.09,287,302.6,287,302.6,40,8.37,-0.2597,0.00017,-9.78,73.47
24-08-2026 09:40,77670.33,302.6,302.6,302.6,302.6,0,15,-0.3544,0.000109,-20.07,84.24
24-08-2026 09:41,77662.81,302.6,302.6,302.6,302.6,0,15,-0.3552,0.000109,-20.08,84.29
24-08-2026 09:42,77651.19,302.6,302.6,302.6,302.6,0,15,-0.3565,0.000109,-20.1,84.39
24-08-2026 09:43,77668.25,302.6,302.6,302.6,302.6,0,15,-0.3546,0.000109,-20.07,84.25
24-08-2026 09:44,77676.77,302.6,302.6,302.6,302.6,0,15,-0.3537,0.000109,-20.05,84.18
24-08-2026 09:45,77679.49,302.6,302.6,302.6,302.6,0,15,-0.3534,0.000109,-20.05,84.16
24-08-2026 09:46,77662.9,302.6,302.6,302.6,302.6,0,15,-0.3552,0.000109,-20.08,84.29
24-08-2026 09:47,77662.43,302.6,302.6,302.6,302.6,0,15,-0.3553,0.000109,-20.08,84.29
24-08-2026 09:48,77660.46,302.6,302.6,302.6,302.6,0,15,-0.3555,0.000109,-20.09,84.31
24-08-2026 09:49,77646.27,302.6,302.6,302.6,302.6,0,15,-0.357,0.000109,-20.11,84.42
24-08-2026 09:50,77651.53,302.6,302.6,302.6,302.6,0,15,-0.3565,0.000109,-20.1,84.37
24-08-2026 09:51,77652.01,302.6,302.6,302.6,302.6,0,15,-0.3564,0.000109,-20.1,84.37
24-08-2026 09:52,77650.7,302.6,302.6,302.6,302.6,0,15,-0.3565,0.000109,-20.1,84.38
24-08-2026 09:53,77635.87,302.6,302.6,302.6,302.6,0,15,-0.3582,0.000109,-20.13,84.49
24-08-2026 09:54,77628.09,302.6,302.6,302.6,302.6,0,15,-0.359,0.000109,-20.15,84.55
24-08-2026 09:55,77635.87,311,311,311,311,20,8.31,-0.2666,0.000174,-9.84,74.4
24-08-2026 09:56,77634.71,311,311,311,311,0,15,-0.3583,0.000109,-20.13,84.5
24-08-2026 09:57,77639.13,311,311,311,311,0,15,-0.3578,0.000109,-20.13,84.46
24-08-2026 09:58,77608.06,311,311,311,311,0,15,-0.3612,0.00011,-20.18,84.7
24-08-2026 09:59,77609.19,311,311,311,311,0,15,-0.3611,0.00011,-20.18,84.69
24-08-2026 10:00,77618.79,311,311,311,311,0,15,-0.36,0.000109,-20.16,84.62
24-08-2026 10:01,77617.29,311,311,311,311,0,15,-0.3602,0.000109,-20.17,84.63
24-08-2026 10:02,77631.7,311,311,311,311,0,15,-0.3586,0.000109,-20.14,84.52
24-08-2026 10:03,77621.94,311,311,311,311,0,15,-0.3597,0.000109,-20.16,84.59
24-08-2026 10:04,77622.01,311,311,311,311,0,15,-0.3597,0.000109,-20.16,84.59
24-08-2026 10:05,77618.53,311,311,311,311,0,15,-0.36,0.000109,-20.17,84.62
24-08-2026 10:06,77615.28,311,311,311,311,0,15,-0.3604,0.000109,-20.17,84.64
24-08-2026 10:07,77608.47,311,311,311,311,0,15,-0.3611,0.00011,-20.18,84.69
24-08-2026 10:08,77609.07,311,311,311,311,0,15,-0.3611,0.00011,-20.18,84.69
24-08-2026 10:09,77617.26,311,311,311,311,0,15,-0.3602,0.000109,-20.17,84.62
24-08-2026 10:10,77623.08,311,311,311,311,0,15,-0.3595,0.000109,-20.16,84.58
24-08-2026 10:11,77615.65,311,311,311,311,0,15,-0.3603,0.000109,-20.17,84.63
24-08-2026 10:12,77613.94,311,311,311,311,0,15,-0.3605,0.00011,-20.17,84.64
24-08-2026 10:13,77623.44,311,311,311,311,0,15,-0.3595,0.000109,-20.16,84.57
24-08-2026 10:14,77631.25,311,311,311,311,0,15,-0.3586,0.000109,-20.14,84.51
24-08-2026 10:15,77619.86,311,311,311,311,0,15,-0.3599,0.000109,-20.16,84.6
24-08-2026 10:16,77634.05,311,311,311,311,0,15,-0.3583,0.000109,-20.14,84.48
24-08-2026 10:17,77624.51,311,311,311,311,0,15,-0.3594,0.000109,-20.16,84.56
24-08-2026 10:18,77634.63,311,311,311,311,0,15,-0.3583,0.000109,-20.14,84.48
24-08-2026 10:19,77629.23,311,311,311,311,0,15,-0.3589,0.000109,-20.15,84.52
24-08-2026 10:20,77631.82,311,311,311,311,0,15,-0.3586,0.000109,-20.14,84.5
24-08-2026 10:21,77649.67,311,311,311,311,0,15,-0.3566,0.000109,-20.11,84.36
24-08-2026 10:22,77637.58,311,311,311,311,0,15,-0.3579,0.000109,-20.13,84.45
24-08-2026 10:23,77634.32,311,311,311,311,0,15,-0.3583,0.000109,-20.14,84.48
24-08-2026 10:24,77633.58,311,311,311,311,0,15,-0.3584,0.000109,-20.14,84.48
24-08-2026 10:25,77631.21,320,320,320,320,100,8.42,-0.2698,0.000172,-10.03,74.82
24-08-2026 10:26,77629.38,320,320,320,320,0,15,-0.3588,0.000109,-20.15,84.51
24-08-2026 10:27,77633.6,320,320,320,320,0,15,-0.3584,0.000109,-20.14,84.48
24-08-2026 10:28,77624.59,320,320,320,320,0,15,-0.3593,0.000109,-20.16,84.55
24-08-2026 10:29,77629.32,320,320,320,320,0,15,-0.3588,0.000109,-20.15,84.51
24-08-2026 10:30,77633.51,320,320,320,320,0,15,-0.3584,0.000109,-20.14,84.47
24-08-2026 10:31,77636.13,320,320,320,320,0,15,-0.3581,0.000109,-20.14,84.45
24-08-2026 10:32,77620.44,320,320,320,320,0,15,-0.3598,0.000109,-20.17,84.57
24-08-2026 10:33,77635.77,320,320,320,320,0,15,-0.3581,0.000109,-20.14,84.45
24-08-2026 10:34,77636.55,320,320,320,320,0,15,-0.358,0.000109,-20.14,84.45
24-08-2026 10:35,77642.75,320,320,315,320,300,8.46,-0.2688,0.000171,-10.06,74.68
24-08-2026 10:36,77638.52,320,320,320,320,0,15,-0.3578,0.000109,-20.14,84.43
24-08-2026 10:37,77653.45,320,320,320,320,0,15,-0.3562,0.000109,-20.11,84.31
24-08-2026 10:38,77657.9,320,320,320,320,0,15,-0.3557,0.000109,-20.1,84.27
24-08-2026 10:39,77646.61,320,320,307,307,20,8.3,-0.2644,0.000173,-9.79,74.06
24-08-2026 10:40,77637.55,307,307,307,307,0,15,-0.3579,0.000109,-20.14,84.43
24-08-2026 10:41,77633.92,307,317.1,307,317.1,20,8.39,-0.2687,0.000173,-9.98,74.65
24-08-2026 10:42,77628.4,317.1,317.1,317.1,317.1,0,15,-0.3589,0.000109,-20.16,84.5
24-08-2026 10:43,77627.59,317.1,317.1,317.1,317.1,0,15,-0.359,0.000109,-20.16,84.51
24-08-2026 10:44,77640.59,317.1,317.1,309.3,309.3,20,8.31,-0.2656,0.000173,-9.83,74.23
24-08-2026 10:45,77636.22,309.3,309.3,309.3,309.3,0,15,-0.3581,0.000109,-20.14,84.44
24-08-2026 10:46,77627.45,309.3,309.3,309.3,309.3,0,15,-0.359,0.000109,-20.16,84.5
24-08-2026 10:47,77622.47,309.3,309.3,309.3,309.3,0,15,-0.3596,0.000109,-20.17,84.54
24-08-2026 10:48,77617.26,309.3,309.3,309.3,309.3,0,15,-0.3601,0.00011,-20.18,84.58
24-08-2026 10:49,77601.13,309.3,309.3,309.3,309.3,0,15,-0.3619,0.00011,-20.2,84.7
24-08-2026 10:50,77603.35,309.3,309.3,309.3,309.3,0,15,-0.3616,0.00011,-20.2,84.69
24-08-2026 10:51,77593.73,309.3,309.3,309.3,309.3,0,15,-0.3627,0.00011,-20.22,84.76
24-08-2026 10:52,77583.06,309.3,309.3,309.3,309.3,0,15,-0.3639,0.00011,-20.24,84.84
24-08-2026 10:53,77584.14,309.3,309.3,309.3,309.3,0,15,-0.3638,0.00011,-20.24,84.83
24-08-2026 10:54,77602.38,309.3,309.3,309.3,309.3,0,15,-0.3617,0.00011,-20.2,84.69
24-08-2026 10:55,77603.21,309.3,309.3,309.3,309.3,0,15,-0.3617,0.00011,-20.2,84.68
24-08-2026 10:56,77596.13,309.3,309.3,309.3,309.3,0,15,-0.3624,0.00011,-20.22,84.73
24-08-2026 10:57,77591.46,309.3,309.3,309.3,309.3,0,15,-0.3629,0.00011,-20.22,84.77
24-08-2026 10:58,77576.07,309.3,309.3,309.3,309.3,0,15,-0.3646,0.00011,-20.25,84.88
24-08-2026 10:59,77527.09,309.3,357.55,309.3,357.55,320,8.53,-0.2904,0.000177,-10.52,77.39
24-08-2026 11:00,77533.06,357.55,357.55,357.55,357.55,0,15,-0.3694,0.000111,-20.32,85.19
24-08-2026 11:01,77536.05,357.55,357.55,345.65,345.65,40,8.41,-0.2863,0.000178,-10.3,76.87
24-08-2026 11:02,77531.54,345.65,345.65,345.65,345.65,0,15,-0.3695,0.000111,-20.33,85.2
24-08-2026 11:03,77479.62,345.65,356,345.65,356,20,8.33,-0.2948,0.000182,-10.34,77.87
24-08-2026 11:04,77472.6,356,367.7,356,367.7,20,8.46,-0.2986,0.000181,-10.55,78.32
24-08-2026 11:05,77453.28,367.7,367.7,367.7,367.7,0,15,-0.3782,0.000112,-20.45,85.73
24-08-2026 11:06,77465.94,367.7,379.9,367.7,379.9,20,8.59,-0.3024,0.000179,-10.77,78.76
24-08-2026 11:07,77456.84,379.9,379.9,379.9,379.9,0,15,-0.3778,0.000111,-20.44,85.71
24-08-2026 11:08,77460.8,379.9,379.9,379.9,379.9,0,15,-0.3774,0.000111,-20.44,85.68
24-08-2026 11:09,77438.76,379.9,379.9,379.9,379.9,0,15,-0.3798,0.000112,-20.47,85.82
24-08-2026 11:10,77447.94,379.9,379.9,379.9,379.9,0,15,-0.3788,0.000112,-20.46,85.76
24-08-2026 11:11,77449.97,379.9,379.9,379.9,379.9,0,15,-0.3786,0.000112,-20.46,85.75
24-08-2026 11:12,77425.32,379.9,379.9,379.9,379.9,0,15,-0.3813,0.000112,-20.49,85.91
24-08-2026 11:13,77426.81,379.9,379.9,379.9,379.9,0,15,-0.3812,0.000112,-20.49,85.9
24-08-2026 11:14,77410.01,379.9,379.9,379.9,379.9,0,15,-0.3831,0.000112,-20.52,86
24-08-2026 11:15,77410.87,379.9,379.9,379.9,379.9,0,15,-0.383,0.000112,-20.51,86
24-08-2026 11:16,77431.05,379.9,379.9,379.9,379.9,0,15,-0.3807,0.000112,-20.49,85.87
24-08-2026 11:17,77420.46,379.9,379.9,379.9,379.9,0,15,-0.3819,0.000112,-20.5,85.93
24-08-2026 11:18,77429.55,379.9,379.9,379.9,379.9,0,15,-0.3809,0.000112,-20.49,85.87
24-08-2026 11:19,77436.83,379.9,379.9,379.9,379.9,0,15,-0.3801,0.000112,-20.48,85.83
24-08-2026 11:20,77438.8,379.9,379.9,379.9,379.9,0,15,-0.3798,0.000112,-20.47,85.81
24-08-2026 11:21,77424.92,379.9,381,379.9,381,20,8.44,-0.3069,0.000183,-10.66,79.22
24-08-2026 11:22,77409.11,381,381,381,381,0,15,-0.3832,0.000112,-20.52,86
24-08-2026 11:23,77393.92,381,400.25,381,400.25,20,8.57,-0.315,0.000183,-10.93,80.08
24-08-2026 11:24,77398.44,400.25,400.25,390,390,20,8.46,-0.3121,0.000184,-10.75,79.76
24-08-2026 11:25,77387.52,390,390,390,390,0,15,-0.3856,0.000112,-20.55,86.13
24-08-2026 11:26,77367.42,390,390,390,390,0,15,-0.3878,0.000112,-20.58,86.25
24-08-2026 11:27,77389.69,390,390,390,390,0,15,-0.3853,0.000112,-20.55,86.11
24-08-2026 11:28,77385.45,390,390,390,390,0,15,-0.3858,0.000112,-20.55,86.14
24-08-2026 11:29,77399.9,390,390,390,390,0,15,-0.3842,0.000112,-20.53,86.05
24-08-2026 11:30,77378.75,390,390,390,390,0,15,-0.3865,0.000112,-20.56,86.18
24-08-2026 11:31,77329.23,390,390,390,390,0,15,-0.3921,0.000113,-20.63,86.47
24-08-2026 11:32,77326.45,390,390,390,390,0,15,-0.3924,0.000113,-20.63,86.48
24-08-2026 11:33,77318.53,390,390,390,390,0,15,-0.3933,0.000113,-20.64,86.53
24-08-2026 11:34,77320.87,390,390,390,390,0,15,-0.3931,0.000113,-20.64,86.51
24-08-2026 11:35,77320.75,390,390,390,390,0,15,-0.3931,0.000113,-20.64,86.51
24-08-2026 11:36,77313.65,390,412.75,390,412.75,20,8.4,-0.3269,0.000189,-10.87,81.22
24-08-2026 11:37,77312.15,412.75,412.75,412.75,412.75,0,15,-0.3941,0.000113,-20.65,86.56
24-08-2026 11:38,77324.53,412.75,412.75,412.75,412.75,0,15,-0.3927,0.000113,-20.64,86.49
24-08-2026 11:39,77330.78,412.75,412.75,411.4,411.4,20,8.45,-0.3246,0.000188,-10.91,81
24-08-2026 11:40,77328.98,411.4,411.4,411.4,411.4,0,15,-0.3921,0.000113,-20.63,86.46
24-08-2026 11:41,77329.29,411.4,411.4,410.9,410.9,40,8.44,-0.3246,0.000188,-10.89,81
24-08-2026 11:42,77355.28,410.9,410.9,410.9,410.9,0,15,-0.3892,0.000113,-20.6,86.31
24-08-2026 11:43,77349.23,410.9,410.9,410.9,410.9,0,15,-0.3899,0.000113,-20.61,86.34
24-08-2026 11:44,77337.47,410.9,410.9,410.9,410.9,0,15,-0.3912,0.000113,-20.62,86.41
24-08-2026 11:45,77356.12,410.9,410.9,405,405,120,8.47,-0.3202,0.000186,-10.88,80.57
24-08-2026 11:46,77360.1,405,405,405,405,0,15,-0.3886,0.000113,-20.59,86.27
24-08-2026 11:47,77363.22,405,405,405,405,0,15,-0.3883,0.000113,-20.59,86.25
24-08-2026 11:48,77357.86,405,405,405,405,0,15,-0.3889,0.000113,-20.6,86.29
24-08-2026 11:49,77358.53,405,405,405,405,0,15,-0.3888,0.000113,-20.6,86.28
24-08-2026 11:50,77364.03,405,405,405,405,0,15,-0.3882,0.000113,-20.59,86.25
24-08-2026 11:51,77352.34,405,405,405,405,0,15,-0.3895,0.000113,-20.6,86.31
24-08-2026 11:52,77352.95,405,405,405,405,0,15,-0.3894,0.000113,-20.6,86.31
24-08-2026 11:53,77347.8,405,405,405,405,0,15,-0.39,0.000113,-20.61,86.34
24-08-2026 11:54,77345.25,405,405,405,405,0,15,-0.3903,0.000113,-20.61,86.35
24-08-2026 11:55,77355.72,405,405,405,405,0,15,-0.3891,0.000113,-20.6,86.29
24-08-2026 11:56,77351.12,405,405,405,405,0,15,-0.3896,0.000113,-20.61,86.32
24-08-2026 11:57,77337.08,405,405,405,405,0,15,-0.3912,0.000113,-20.63,86.4
24-08-2026 11:58,77327.7,405,405,405,405,0,15,-0.3923,0.000113,-20.64,86.45
24-08-2026 11:59,77317.41,405,405,405,405,0,15,-0.3934,0.000113,-20.65,86.51
24-08-2026 12:00,77322.76,405,405,405,405,0,15,-0.3928,0.000113,-20.64,86.48
24-08-2026 12:01,77323.69,405,405,405,405,0,15,-0.3927,0.000113,-20.64,86.47
24-08-2026 12:02,77324.51,405,405,405,405,0,15,-0.3926,0.000113,-20.64,86.46
24-08-2026 12:03,77335.85,405,405,405,405,0,15,-0.3914,0.000113,-20.63,86.4
24-08-2026 12:04,77336.92,405,405,405,405,0,15,-0.3912,0.000113,-20.63,86.39
24-08-2026 12:05,77330.96,405,405,405,405,0,15,-0.3919,0.000113,-20.64,86.42
24-08-2026 12:06,77324.56,405,410,405,410,20,8.41,-0.325,0.000189,-10.87,81.01
24-08-2026 12:07,77339.2,410,410,410,410,0,15,-0.391,0.000113,-20.63,86.38
24-08-2026 12:08,77340.82,410,410,410,410,60,8.48,-0.3231,0.000187,-10.93,80.84
24-08-2026 12:09,77349.96,410,410,410,410,0,15,-0.3898,0.000113,-20.61,86.31
24-08-2026 12:10,77361.09,410,410,410,410,0,15,-0.3885,0.000113,-20.6,86.24
24-08-2026 12:11,77354.71,410,410,403,403,20,8.45,-0.3199,0.000187,-10.84,80.52
24-08-2026 12:12,77351.91,403,403,403,403,0,15,-0.3895,0.000113,-20.61,86.3
24-08-2026 12:13,77348.8,403,403,403,403,0,15,-0.3899,0.000113,-20.61,86.31
24-08-2026 12:14,77352.5,403,403,403,403,0,15,-0.3895,0.000113,-20.61,86.29
24-08-2026 12:15,77355.67,403,403,403,403,0,15,-0.3891,0.000113,-20.6,86.27
24-08-2026 12:16,77342.59,403,403,403,403,0,15,-0.3906,0.000113,-20.62,86.35
24-08-2026 12:17,77339.1,403,403,403,403,0,15,-0.391,0.000113,-20.63,86.37
24-08-2026 12:18,77341.61,403,403,403,403,0,15,-0.3907,0.000113,-20.62,86.35
24-08-2026 12:19,77341.11,403,403,403,403,0,15,-0.3907,0.000113,-20.63,86.35
24-08-2026 12:20,77343.86,403,403,403,403,0,15,-0.3904,0.000113,-20.62,86.34
24-08-2026 12:21,77345.49,403,408.1,403,408.1,40,8.47,-0.3221,0.000187,-10.91,80.73
24-08-2026 12:22,77347.14,408.1,408.1,408.1,408.1,0,15,-0.3901,0.000113,-20.62,86.31
24-08-2026 12:23,77354.47,408.1,408.1,408.1,408.1,0,15,-0.3892,0.000113,-20.61,86.27
24-08-2026 12:24,77352.19,408.1,408.1,408.1,408.1,0,15,-0.3895,0.000113,-20.61,86.28
24-08-2026 12:25,77349.31,408.1,408.1,408.1,408.1,0,15,-0.3898,0.000113,-20.62,86.3
24-08-2026 12:26,77355.63,408.1,408.1,408.1,408.1,0,15,-0.3891,0.000113,-20.61,86.26
24-08-2026 12:27,77347,408.1,408.1,408.1,408.1,0,15,-0.3901,0.000113,-20.62,86.31
24-08-2026 12:28,77344.68,408.1,408.1,408.1,408.1,0,15,-0.3903,0.000113,-20.62,86.32
24-08-2026 12:29,77318.17,408.1,408.1,408.1,408.1,0,15,-0.3933,0.000113,-20.66,86.47
24-08-2026 12:30,77327.03,408.1,408.1,408.1,408.1,0,15,-0.3923,0.000113,-20.65,86.42
24-08-2026 12:31,77321.27,408.1,408.1,408.1,408.1,0,15,-0.393,0.000113,-20.65,86.45
24-08-2026 12:32,77317.8,408.1,408.1,408.1,408.1,0,15,-0.3934,0.000113,-20.66,86.47
24-08-2026 12:33,77310.77,408.1,412,408.1,412,20,8.38,-0.327,0.00019,-10.86,81.18
24-08-2026 12:34,77312.02,412,412,412,412,0,15,-0.394,0.000113,-20.67,86.5
24-08-2026 12:35,77317.41,412,412,412,412,0,15,-0.3934,0.000113,-20.66,86.47
24-08-2026 12:36,77319.38,412,412,412,412,0,15,-0.3932,0.000113,-20.66,86.46
24-08-2026 12:37,77321.19,412,412.95,412,412.95,20,8.44,-0.326,0.000189,-10.92,81.09
24-08-2026 12:38,77302.99,412.95,413,412.95,413,40,8.37,-0.3282,0.000191,-10.85,81.28
24-08-2026 12:39,77294.26,413,413,412.95,412.95,20,8.33,-0.3292,0.000192,-10.81,81.37
24-08-2026 12:40,77286.26,412.95,412.95,412.95,412.95,0,15,-0.3969,0.000113,-20.7,86.64
24-08-2026 12:41,77293.09,412.95,412.95,412.95,412.95,0,15,-0.3962,0.000113,-20.69,86.6
24-08-2026 12:42,77285.5,412.95,412.95,412.95,412.95,0,15,-0.397,0.000113,-20.7,86.64
24-08-2026 12:43,77281.26,412.95,412.95,412.95,412.95,0,15,-0.3975,0.000113,-20.71,86.66
24-08-2026 12:44,77287.93,412.95,412.95,412.95,412.95,0,15,-0.3967,0.000113,-20.7,86.63
24-08-2026 12:45,77291.63,412.95,412.95,412.95,412.95,0,15,-0.3963,0.000113,-20.69,86.6
24-08-2026 12:46,77297.13,412.95,412.95,412.95,412.95,0,15,-0.3957,0.000113,-20.69,86.57
24-08-2026 12:47,77294.83,412.95,412.95,412.95,412.95,0,15,-0.396,0.000113,-20.69,86.58
24-08-2026 12:48,77295.04,412.95,412.95,412.95,412.95,0,15,-0.3959,0.000113,-20.69,86.58
24-08-2026 12:49,77305.36,412.95,412.95,412.95,412.95,0,15,-0.3948,0.000113,-20.68,86.52
24-08-2026 12:50,77293.52,412.95,412.95,412.95,412.95,0,15,-0.3961,0.000113,-20.69,86.59
24-08-2026 12:51,77300.75,412.95,412.95,412.95,412.95,0,15,-0.3953,0.000113,-20.68,86.55
24-08-2026 12:52,77300.8,412.95,418,412.95,418,40,8.42,-0.3295,0.00019,-10.94,81.4
24-08-2026 12:53,77288.04,418,418,418,418,0,15,-0.3967,0.000113,-20.7,86.62
24-08-2026 12:54,77299.57,418,420,418,420,40,8.44,-0.3301,0.00019,-10.97,81.45
24-08-2026 12:55,77316.98,420,420,420,420,0,15,-0.3934,0.000113,-20.66,86.45
24-08-2026 12:56,77307.48,420,420,420,420,0,15,-0.3945,0.000113,-20.68,86.51
24-08-2026 12:57,77305.4,420,420,420,420,0,15,-0.3947,0.000113,-20.68,86.52
24-08-2026 12:58,77302.58,420,420,420,420,0,15,-0.3951,0.000113,-20.68,86.53
24-08-2026 12:59,77299.66,420,420,420,420,0,15,-0.3954,0.000113,-20.69,86.55
24-08-2026 13:00,77294.68,420,420,420,420,40,8.42,-0.3307,0.00019,-10.95,81.5
24-08-2026 13:01,77286.24,420,420,420,420,0,15,-0.3969,0.000113,-20.7,86.62
24-08-2026 13:02,77274.42,420,425,420,425,40,8.4,-0.3342,0.000191,-10.97,81.82
24-08-2026 13:03,77256.07,425,430,425,430,40,8.39,-0.3375,0.000193,-10.99,82.1
24-08-2026 13:04,77254.02,430,430,430,430,0,15,-0.4006,0.000114,-20.74,86.79
24-08-2026 13:05,77231,430,430,430,430,0,15,-0.4032,0.000114,-20.77,86.9
24-08-2026 13:06,77218.24,430,430,430,430,0,15,-0.4046,0.000114,-20.79,86.96
24-08-2026 13:07,77214.2,430,430,430,430,0,15,-0.4051,0.000114,-20.79,86.98
24-08-2026 13:08,77225.47,430,430,430,430,0,15,-0.4038,0.000114,-20.78,86.93
24-08-2026 13:09,77230.8,430,430,430,430,0,15,-0.4032,0.000114,-20.77,86.9
24-08-2026 13:10,77222,430,430,430,430,0,15,-0.4042,0.000114,-20.78,86.94
24-08-2026 13:11,77225.4,430,431.45,430,431.45,20,8.28,-0.3416,0.000196,-10.89,82.44
24-08-2026 13:12,77241.74,431.45,431.45,431.45,431.45,0,15,-0.402,0.000114,-20.76,86.84
24-08-2026 13:13,77244.16,431.45,431.45,430,430,560,8.34,-0.339,0.000194,-10.94,82.22
24-08-2026 13:14,77252.38,430,430,430,430,0,15,-0.4007,0.000114,-20.75,86.78
24-08-2026 13:15,77243.53,430,430,430,430,0,15,-0.4018,0.000114,-20.76,86.83
24-08-2026 13:16,77245.66,430,430,430,430,0,15,-0.4015,0.000114,-20.76,86.82
24-08-2026 13:17,77248.31,430,430,430,430,0,15,-0.4012,0.000114,-20.75,86.8
24-08-2026 13:18,77259.32,430,430,430,430,0,15,-0.4,0.000114,-20.74,86.74
24-08-2026 13:19,77270.45,430,430,430,430,0,15,-0.3987,0.000114,-20.73,86.68
24-08-2026 13:20,77275.1,430,430,430,430,0,15,-0.3982,0.000114,-20.72,86.66
24-08-2026 13:21,77282.59,430,430,430,430,0,15,-0.3973,0.000114,-20.71,86.62
24-08-2026 13:22,77281.86,430,430,430,430,0,15,-0.3974,0.000114,-20.71,86.62
24-08-2026 13:23,77284.45,430,430,430,430,0,15,-0.3971,0.000113,-20.71,86.61
24-08-2026 13:24,77288.05,430,430,430,430,0,15,-0.3967,0.000113,-20.71,86.58
24-08-2026 13:25,77283.04,430,430,430,430,0,15,-0.3973,0.000114,-20.71,86.61
24-08-2026 13:26,77295.64,430,430,430,430,0,15,-0.3958,0.000113,-20.7,86.54
24-08-2026 13:27,77297.9,430,430,430,430,0,15,-0.3956,0.000113,-20.7,86.53
24-08-2026 13:28,77308.33,430,430,430,430,0,15,-0.3944,0.000113,-20.68,86.47
24-08-2026 13:29,77303.31,430,430,430,430,0,15,-0.395,0.000113,-20.69,86.5
24-08-2026 13:30,77303.2,430,430,430,430,0,15,-0.395,0.000113,-20.69,86.5
24-08-2026 13:31,77292.16,430,430,430,430,0,15,-0.3962,0.000113,-20.7,86.56
24-08-2026 13:32,77282.33,430,430,430,430,0,15,-0.3973,0.000114,-20.72,86.61
24-08-2026 13:33,77258.54,430,430,430,430,0,15,-0.4,0.000114,-20.75,86.73
24-08-2026 13:34,77261.27,430,430,430,430,0,15,-0.3997,0.000114,-20.74,86.72
24-08-2026 13:35,77270.07,430,430,430,430,0,15,-0.3987,0.000114,-20.73,86.67
24-08-2026 13:36,77263.24,430,430,430,430,0,15,-0.3995,0.000114,-20.74,86.71
24-08-2026 13:37,77279.21,430,430,430,430,0,15,-0.3977,0.000114,-20.72,86.62
24-08-2026 13:38,77284.25,430,430,430,430,0,15,-0.3971,0.000114,-20.72,86.59
24-08-2026 13:39,77279.62,430,430,430,430,0,15,-0.3976,0.000114,-20.72,86.62
24-08-2026 13:40,77273.66,430,430,430,430,0,15,-0.3983,0.000114,-20.73,86.65
24-08-2026 13:41,77277.62,430,430,430,430,0,15,-0.3979,0.000114,-20.72,86.62
24-08-2026 13:42,77266.3,430,430,423.65,423.65,40,8.35,-0.3349,0.000193,-10.92,81.84
24-08-2026 13:43,77266.87,423.65,423.65,423.65,423.65,0,15,-0.3991,0.000114,-20.74,86.68
24-08-2026 13:44,77265.78,423.65,423.65,423.65,423.65,0,15,-0.3992,0.000114,-20.74,86.68
24-08-2026 13:45,77271.59,423.65,423.65,423.65,423.65,0,15,-0.3985,0.000114,-20.73,86.65
24-08-2026 13:46,77273.72,423.65,423.65,423.65,423.65,0,15,-0.3983,0.000114,-20.73,86.64
24-08-2026 13:47,77268.45,423.65,423.65,423.65,423.65,0,15,-0.3989,0.000114,-20.74,86.67
24-08-2026 13:48,77261.93,423.65,423.65,423.65,423.65,0,15,-0.3996,0.000114,-20.74,86.7
24-08-2026 13:49,77266.2,423.65,423.65,423.65,423.65,0,15,-0.3991,0.000114,-20.74,86.68
24-08-2026 13:50,77281.3,423.65,423.65,423.65,423.65,0,15,-0.3974,0.000114,-20.72,86.59
24-08-2026 13:51,77269.52,423.65,423.65,423.65,423.65,0,15,-0.3988,0.000114,-20.74,86.66
24-08-2026 13:52,77264.45,423.65,423.65,423.65,423.65,0,15,-0.3993,0.000114,-20.74,86.68
24-08-2026 13:53,77255.02,423.65,423.65,423.65,423.65,0,15,-0.4004,0.000114,-20.75,86.73
24-08-2026 13:54,77243.59,423.65,423.65,423.65,423.65,0,15,-0.4017,0.000114,-20.77,86.79
24-08-2026 13:55,77238.12,423.65,423.65,423.65,423.65,0,15,-0.4023,0.000114,-20.77,86.82
24-08-2026 13:56,77236.95,423.65,423.65,423.65,423.65,0,15,-0.4025,0.000114,-20.78,86.82
24-08-2026 13:57,77249.52,423.65,423.65,423.65,423.65,0,15,-0.401,0.000114,-20.76,86.76
24-08-2026 13:58,77249.76,423.65,423.65,423.65,423.65,0,15,-0.401,0.000114,-20.76,86.75
24-08-2026 13:59,77250.71,423.65,423.65,423.65,423.65,0,15,-0.4009,0.000114,-20.76,86.75
24-08-2026 14:00,77248.71,423.65,423.65,423.65,423.65,0,15,-0.4011,0.000114,-20.76,86.76
24-08-2026 14:01,77267.78,423.65,423.65,423.65,423.65,0,15,-0.399,0.000114,-20.74,86.66
24-08-2026 14:02,77265.29,423.65,423.65,423.65,423.65,0,15,-0.3992,0.000114,-20.74,86.67
24-08-2026 14:03,77257.21,423.65,423.65,423.65,423.65,0,15,-0.4002,0.000114,-20.75,86.71
24-08-2026 14:04,77263.44,423.65,423.65,423.65,423.65,0,15,-0.3994,0.000114,-20.75,86.68
24-08-2026 14:05,77267.95,423.65,423.65,423.65,423.65,0,15,-0.3989,0.000114,-20.74,86.65
24-08-2026 14:06,77250.89,423.65,423.65,423.65,423.65,0,15,-0.4009,0.000114,-20.76,86.74
24-08-2026 14:07,77258.89,423.65,423.65,423.65,423.65,0,15,-0.4,0.000114,-20.75,86.7
24-08-2026 14:08,77260.37,423.65,423.65,423.65,423.65,0,15,-0.3998,0.000114,-20.75,86.69
24-08-2026 14:09,77257.4,423.65,423.65,423.65,423.65,0,15,-0.4001,0.000114,-20.76,86.7
24-08-2026 14:10,77246.59,423.65,423.65,423.65,423.65,40,8.27,-0.3373,0.000195,-10.85,82.02
24-08-2026 14:11,77238.81,423.65,423.65,423.65,423.65,0,15,-0.4022,0.000114,-20.78,86.8
24-08-2026 14:12,77230.55,423.65,423.65,423.65,423.65,0,15,-0.4032,0.000114,-20.79,86.84
24-08-2026 14:13,77228.38,423.65,423.65,423.65,423.65,0,15,-0.4034,0.000114,-20.79,86.85
24-08-2026 14:14,77220.91,423.65,423.65,423.65,423.65,0,15,-0.4043,0.000114,-20.8,86.88
24-08-2026 14:15,77214.36,423.65,423.65,423.65,423.65,0,15,-0.405,0.000114,-20.81,86.91
24-08-2026 14:16,77222.74,423.65,423.65,423.65,423.65,0,15,-0.4041,0.000114,-20.8,86.87
24-08-2026 14:17,77212.47,423.65,423.65,423.65,423.65,0,15,-0.4052,0.000114,-20.81,86.92
24-08-2026 14:18,77226.53,423.65,430,423.65,430,20,8.27,-0.3412,0.000196,-10.89,82.35
24-08-2026 14:19,77221.94,430,430,430,430,0,15,-0.4042,0.000114,-20.8,86.87
24-08-2026 14:20,77232,430,430,430,430,0,15,-0.403,0.000114,-20.79,86.82
24-08-2026 14:21,77233.13,430,430,430,430,0,15,-0.4029,0.000114,-20.79,86.81
24-08-2026 14:22,77237.2,430,430,430,430,0,15,-0.4024,0.000114,-20.78,86.79
24-08-2026 14:23,77227.73,430,430,430,430,0,15,-0.4035,0.000114,-20.79,86.84
24-08-2026 14:24,77215.39,430,430,430,430,0,15,-0.4049,0.000114,-20.81,86.9
24-08-2026 14:25,77223.8,430,430,430,430,0,15,-0.4039,0.000114,-20.8,86.86
24-08-2026 14:26,77236.26,430,430,430,430,0,15,-0.4025,0.000114,-20.78,86.79
24-08-2026 14:27,77253.44,430,430,430,430,0,15,-0.4006,0.000114,-20.76,86.7
24-08-2026 14:28,77249.11,430,430,430,430,0,15,-0.4011,0.000114,-20.77,86.73
24-08-2026 14:29,77240.9,430,430,430,430,0,15,-0.402,0.000114,-20.78,86.77
24-08-2026 14:30,77272.94,430,430,430,430,0,15,-0.3983,0.000114,-20.74,86.6
24-08-2026 14:31,77276.04,430,430,430,430,0,15,-0.398,0.000114,-20.74,86.58
24-08-2026 14:32,77288.2,430,430,430,430,0,15,-0.3966,0.000114,-20.72,86.52
24-08-2026 14:33,77280.31,430,430,430,430,0,15,-0.3975,0.000114,-20.73,86.56
24-08-2026 14:34,77290.45,430,430,430,430,0,15,-0.3964,0.000114,-20.72,86.5
24-08-2026 14:35,77284.05,430,430,430,430,0,15,-0.3971,0.000114,-20.73,86.53
24-08-2026 14:36,77292.76,430,430,430,430,0,15,-0.3961,0.000113,-20.72,86.49
24-08-2026 14:37,77289.02,430,430,430,430,0,15,-0.3965,0.000114,-20.72,86.51
24-08-2026 14:38,77283.23,430,430,430,430,0,15,-0.3972,0.000114,-20.73,86.54
24-08-2026 14:39,77275.48,430,430,430,430,0,15,-0.3981,0.000114,-20.74,86.58
24-08-2026 14:40,77262.89,430,430,430,430,0,15,-0.3995,0.000114,-20.76,86.64
24-08-2026 14:41,77270.33,430,430,430,430,0,15,-0.3986,0.000114,-20.75,86.6
24-08-2026 14:42,77248.57,430,430,430,430,0,15,-0.4011,0.000114,-20.77,86.71
24-08-2026 14:43,77257.84,430,430,430,430,0,15,-0.4001,0.000114,-20.76,86.67
24-08-2026 14:44,77269.91,430,430,430,430,0,15,-0.3987,0.000114,-20.75,86.6
24-08-2026 14:45,77256.73,430,430,430,430,0,15,-0.4002,0.000114,-20.76,86.67
24-08-2026 14:46,77247.04,430,430,430,430,0,15,-0.4013,0.000114,-20.78,86.72
24-08-2026 14:47,77251.51,430,430,430,430,0,15,-0.4008,0.000114,-20.77,86.69
24-08-2026 14:48,77263.95,430,430,404.6,404.6,20,8.12,-0.3311,0.000198,-10.57,81.41
24-08-2026 14:49,77247.68,404.6,404.6,404.6,404.6,0,15,-0.4012,0.000114,-20.78,86.71
24-08-2026 14:50,77250.77,404.6,404.6,404.6,404.6,0,15,-0.4009,0.000114,-20.77,86.7
24-08-2026 14:51,77261.61,404.6,404.6,404.6,404.6,0,15,-0.3996,0.000114,-20.76,86.64
24-08-2026 14:52,77265.81,404.6,404.6,404.6,404.6,0,15,-0.3991,0.000114,-20.75,86.62
24-08-2026 14:53,77275.18,404.6,404.6,404.6,404.6,0,15,-0.3981,0.000114,-20.74,86.56
24-08-2026 14:54,77282.49,404.6,404.6,404.6,404.6,0,15,-0.3972,0.000114,-20.73,86.52
24-08-2026 14:55,77288.25,404.6,404.6,404.6,404.6,0,15,-0.3966,0.000114,-20.73,86.49
24-08-2026 14:56,77285.84,404.6,404.6,404.6,404.6,0,15,-0.3969,0.000114,-20.73,86.5
24-08-2026 14:57,77289.08,404.6,404.6,404.6,404.6,0,15,-0.3965,0.000114,-20.73,86.49
24-08-2026 14:58,77284.76,404.6,404.6,404.6,404.6,0,15,-0.397,0.000114,-20.73,86.51
24-08-2026 14:59,77289.29,404.6,404.6,404.6,404.6,0,15,-0.3965,0.000114,-20.73,86.48
24-08-2026 15:00,77294.01,404.6,404.6,404.6,404.6,0,15,-0.3959,0.000114,-20.72,86.46
24-08-2026 15:01,77294.58,404.6,404.6,404.6,404.6,0,15,-0.3959,0.000114,-20.72,86.45
24-08-2026 15:02,77310.38,404.6,404.6,404.6,404.6,0,15,-0.3941,0.000113,-20.7,86.36
24-08-2026 15:03,77311.51,404.6,404.6,404.6,404.6,0,15,-0.3939,0.000113,-20.7,86.36
24-08-2026 15:04,77305.52,404.6,404.6,404.6,404.6,0,15,-0.3946,0.000113,-20.71,86.39
24-08-2026 15:05,77276.98,404.6,404.6,404.6,404.6,0,15,-0.3979,0.000114,-20.74,86.54
24-08-2026 15:06,77269.13,404.6,404.6,404.6,404.6,0,15,-0.3988,0.000114,-20.75,86.58
24-08-2026 15:07,77284.09,404.6,404.6,404.6,404.6,0,15,-0.397,0.000114,-20.74,86.5
24-08-2026 15:08,77302.35,404.6,404.6,404.6,404.6,0,15,-0.395,0.000113,-20.71,86.4
24-08-2026 15:09,77316.84,404.6,404.6,395.45,395.45,20,8.22,-0.3226,0.000193,-10.6,80.59
24-08-2026 15:10,77304.73,395.45,395.45,395.45,395.45,0,15,-0.3947,0.000113,-20.71,86.39
24-08-2026 15:11,77297.43,395.45,395.45,395.45,395.45,0,15,-0.3955,0.000113,-20.72,86.43
24-08-2026 15:12,77294.28,395.45,395.45,395.45,395.45,0,15,-0.3959,0.000114,-20.72,86.44
24-08-2026 15:13,77304.16,395.45,395.45,395.45,395.45,0,15,-0.3948,0.000113,-20.71,86.39
24-08-2026 15:14,77328.1,395.45,395.45,395.45,395.45,0,15,-0.3921,0.000113,-20.68,86.25
24-08-2026 15:15,77328.1,395.45,395.45,395.45,395.45,0,15,-0.3921,0.000113,-20.68,86.25
24-08-2026 15:16,77328.1,395.45,395.45,395.45,395.45,0,15,-0.392,0.000113,-20.68,86.25
24-08-2026 15:17,77328.1,395.45,395.45,395.45,395.45,0,15,-0.392,0.000113,-20.68,86.25
24-08-2026 15:18,77328.1,395.45,395.45,395.45,395.45,0,15,-0.392,0.000113,-20.68,86.25
24-08-2026 15:19,77328.1,395.45,395.45,395.45,395.45,0,15,-0.392,0.000113,-20.68,86.25
24-08-2026 15:20,77328.1,395.45,395.45,395.45,395.45,0,15,-0.392,0.000113,-20.68,86.24
24-08-2026 15:21,77328.1,395.45,395.45,395.45,395.45,0,15,-0.392,0.000113,-20.68,86.24
24-08-2026 15:22,77328.1,395.45,395.45,395.45,395.45,0,15,-0.392,0.000113,-20.68,86.24
24-08-2026 15:23,77328.1,395.45,395.45,395.45,395.45,0,15,-0.392,0.000113,-20.68,86.24
24-08-2026 15:24,77328.1,395.45,395.45,395.45,395.45,0,15,-0.392,0.000113,-20.68,86.24
24-08-2026 15:25,77328.1,395.45,395.45,395.45,395.45,0,15,-0.392,0.000113,-20.68,86.24
24-08-2026 15:26,77328.1,395.45,395.45,395.45,395.45,0,15,-0.392,0.000113,-20.68,86.24
24-08-2026 15:27,77328.1,395.45,395.45,395.45,395.45,0,15,-0.392,0.000113,-20.68,86.24
24-08-2026 15:28,77370.13,395.45,398,395.45,398,20,8.46,-0.317,0.000186,-10.85,80.05
24-08-2026 15:29,77370.13,398,398,397,397,20,8.45,-0.3168,0.000186,-10.83,80.03
25-08-2026 09:19,77325.46,404,404,400,400,100,8.41,-0.3226,0.000191,-10.99,79.63
25-08-2026 09:20,77346.91,400,400,400,400,0,15,-0.3889,0.000114,-20.9,85.03
25-08-2026 09:21,77364.18,400,400,400,400,0,15,-0.3869,0.000114,-20.88,84.93
25-08-2026 09:22,77332.24,400,400,400,400,0,15,-0.3906,0.000114,-20.92,85.12
25-08-2026 09:23,77334.01,400,400,400,400,0,15,-0.3904,0.000114,-20.92,85.11
25-08-2026 09:24,77311.69,400,400,400,400,0,15,-0.3929,0.000115,-20.95,85.23
25-08-2026 09:25,77313.38,400,400,395,395,20,8.3,-0.3229,0.000194,-10.85,79.64
25-08-2026 09:26,77333.39,395,395,395,395,0,15,-0.3904,0.000114,-20.92,85.11
25-08-2026 09:27,77349.35,395,395,395,395,0,15,-0.3886,0.000114,-20.9,85.01
25-08-2026 09:28,77336.19,395,395,391.05,391.05,20,8.34,-0.3193,0.000192,-10.86,79.29
25-08-2026 09:29,77338.61,391.05,391.05,391.05,391.05,0,15,-0.3898,0.000114,-20.92,85.07
25-08-2026 09:30,77348.85,391.05,391.05,391.05,391.05,0,15,-0.3887,0.000114,-20.9,85.01
25-08-2026 09:31,77361.23,391.05,391.05,386.6,386.6,20,8.39,-0.3154,0.00019,-10.87,78.91
25-08-2026 09:32,77362.53,386.6,386.6,386.6,386.6,0,15,-0.3871,0.000114,-20.88,84.93
25-08-2026 09:33,77362.52,386.6,386.6,381.05,381.05,20,8.33,-0.3139,0.000191,-10.77,78.75
25-08-2026 09:34,77371.36,381.05,381.05,381.05,381.05,0,15,-0.3861,0.000114,-20.87,84.87
25-08-2026 09:35,77370.48,381.05,381.05,381.05,381.05,0,15,-0.3862,0.000114,-20.87,84.87
25-08-2026 09:36,77348.38,381.05,381.05,381.05,381.05,0,15,-0.3887,0.000114,-20.91,85.01
25-08-2026 09:37,77325.13,381.05,381.05,381.05,381.05,20,8.17,-0.3182,0.000195,-10.62,79.15
25-08-2026 09:38,77316.12,381.05,389.25,381.05,389.25,20,8.24,-0.3212,0.000195,-10.75,79.46
25-08-2026 09:39,77310.83,389.25,395.1,389.25,395.1,100,8.29,-0.3232,0.000194,-10.85,79.65
25-08-2026 09:40,77288.34,395.1,395.1,390.05,390.05,40,8.14,-0.3248,0.000198,-10.66,79.78
25-08-2026 09:41,77270.5,390.05,390.05,390.05,390.05,0,15,-0.3976,0.000115,-21.01,85.44
25-08-2026 09:42,77262.88,390.05,390.05,390.05,390.05,0,15,-0.3985,0.000115,-21.02,85.48
25-08-2026 09:43,77259.46,390.05,390.05,390.05,390.05,0,15,-0.3989,0.000115,-21.02,85.5
25-08-2026 09:44,77245.92,390.05,400,390.05,400,20,8.09,-0.3323,0.000201,-10.69,80.47
25-08-2026 09:45,77225.69,400,400,398.45,398.45,100,7.99,-0.3346,0.000204,-10.58,80.66
25-08-2026 09:46,77235.86,398.45,398.45,398.45,398.45,0,15,-0.4016,0.000115,-21.05,85.62
25-08-2026 09:47,77267.13,398.45,398.45,398.45,398.45,0,15,-0.398,0.000115,-21.02,85.46
25-08-2026 09:48,77245.14,398.45,398.45,398.45,398.45,0,15,-0.4006,0.000115,-21.04,85.57
25-08-2026 09:49,77233.47,398.45,398.45,398.45,398.45,0,15,-0.4019,0.000116,-21.06,85.63
25-08-2026 09:50,77236.55,398.45,398.45,398.45,398.45,0,15,-0.4015,0.000115,-21.05,85.61
25-08-2026 09:51,77225.94,398.45,398.45,398.45,398.45,0,15,-0.4028,0.000116,-21.07,85.67
25-08-2026 09:52,77193.88,398.45,398.45,398.45,398.45,0,15,-0.4065,0.000116,-21.1,85.82
25-08-2026 09:53,77175.23,398.45,398.45,398.45,398.45,0,15,-0.4086,0.000116,-21.13,85.91
25-08-2026 09:54,77185.13,398.45,414,398.45,414,20,8.01,-0.3433,0.000206,-10.71,81.41
25-08-2026 09:55,77177.41,412.2,412.2,412.2,412.2,20,7.96,-0.3439,0.000208,-10.64,81.46
25-08-2026 09:56,77190.09,412.2,412.2,412.2,412.2,0,15,-0.4069,0.000116,-21.11,85.84
25-08-2026 09:57,77211.29,412.2,412.2,412.2,412.2,0,15,-0.4045,0.000116,-21.09,85.73
25-08-2026 09:58,77201.42,412.2,412.2,412.2,412.2,0,15,-0.4056,0.000116,-21.1,85.78
25-08-2026 09:59,77193.17,412.2,412.2,412.2,412.2,0,15,-0.4066,0.000116,-21.11,85.82
25-08-2026 10:00,77191.55,412.2,412.2,412.2,412.2,0,15,-0.4067,0.000116,-21.11,85.83
25-08-2026 10:01,77182.14,412.2,412.2,412.2,412.2,0,15,-0.4078,0.000116,-21.12,85.87
25-08-2026 10:02,77175.47,412.2,412.2,412.2,412.2,0,15,-0.4086,0.000116,-21.13,85.9
25-08-2026 10:03,77186.7,412.2,412.2,412.2,412.2,0,15,-0.4073,0.000116,-21.12,85.85
25-08-2026 10:04,77207.81,412.2,412.2,412.2,412.2,0,15,-0.4049,0.000116,-21.09,85.74
25-08-2026 10:05,77222.43,412.2,412.2,412.2,412.2,0,15,-0.4032,0.000116,-21.07,85.67
25-08-2026 10:06,77216.31,412.2,412.2,410,410,20,8.09,-0.3383,0.000203,-10.76,80.98
25-08-2026 10:07,77194.48,410,410,410,410,0,15,-0.4064,0.000116,-21.11,85.81
25-08-2026 10:08,77196.96,415.35,415.35,403.8,403.8,40,7.93,-0.3395,0.000207,-10.57,81.07
25-08-2026 10:09,77183.14,403.8,403.8,403.8,403.8,0,15,-0.4077,0.000116,-21.12,85.86
25-08-2026 10:10,77193.09,403.8,403.8,403.8,403.8,0,15,-0.4066,0.000116,-21.11,85.81
25-08-2026 10:11,77208.92,403.8,403.8,403.8,403.8,0,15,-0.4047,0.000116,-21.09,85.73
25-08-2026 10:12,77190.63,403.8,403.8,403.8,403.8,0,15,-0.4068,0.000116,-21.11,85.82
25-08-2026 10:13,77192.14,403.8,404.4,403.8,404.4,20,7.92,-0.3403,0.000208,-10.56,81.13
25-08-2026 10:14,77203.4,404.4,404.4,404.4,404.4,0,15,-0.4054,0.000116,-21.1,85.76
25-08-2026 10:15,77197.96,404.4,404.4,404.4,404.4,0,15,-0.406,0.000116,-21.11,85.78
25-08-2026 10:16,77192.51,404.4,404.4,404.4,404.4,0,15,-0.4066,0.000116,-21.11,85.81
25-08-2026 10:17,77177.91,404.4,404.4,403.9,403.9,40,7.86,-0.3421,0.00021,-10.49,81.27
25-08-2026 10:18,77175.72,403.9,403.9,403.9,403.9,0,15,-0.4086,0.000116,-21.13,85.88
25-08-2026 10:19,77168.94,403.9,415,403.9,415,40,7.96,-0.3457,0.000208,-10.66,81.58
25-08-2026 10:20,77168.87,415,415,415,415,0,15,-0.4094,0.000116,-21.14,85.91
25-08-2026 10:21,77165.16,415,415,415,415,0,15,-0.4098,0.000116,-21.14,85.93
25-08-2026 10:22,77157.65,415,415,415,415,0,15,-0.4107,0.000116,-21.15,85.96
25-08-2026 10:23,77136.7,415,420,415,420,20,7.88,-0.3511,0.000211,-10.62,82.01
25-08-2026 10:24,77138.85,420,420,420,420,0,15,-0.4129,0.000116,-21.17,86.05
25-08-2026 10:25,77140.39,420,420,420,420,0,15,-0.4127,0.000116,-21.17,86.04
25-08-2026 10:26,77135.88,420,420,420,420,40,7.88,-0.3513,0.000211,-10.61,82.01
25-08-2026 10:27,77136.02,420,420,420,420,0,15,-0.4132,0.000116,-21.17,86.06
25-08-2026 10:28,77152.62,420,420,420,420,0,15,-0.4112,0.000116,-21.16,85.98
25-08-2026 10:29,77149.71,420,420,420,420,0,15,-0.4116,0.000116,-21.16,85.99
25-08-2026 10:30,77154.76,420,420,420,420,0,15,-0.411,0.000116,-21.16,85.97
25-08-2026 10:31,77166.72,420,420,420,420,0,15,-0.4096,0.000116,-21.14,85.91
25-08-2026 10:32,77159.76,420,420,420,420,0,15,-0.4104,0.000116,-21.15,85.94
25-08-2026 10:33,77171.35,420,420,420,420,0,15,-0.4091,0.000116,-21.14,85.89
25-08-2026 10:34,77178.16,420,420,420,420,0,15,-0.4083,0.000116,-21.13,85.86
25-08-2026 10:35,77173.01,420,420,420,420,0,15,-0.4089,0.000116,-21.14,85.88
25-08-2026 10:36,77157.44,420,420,420,420,0,15,-0.4107,0.000116,-21.15,85.95
25-08-2026 10:37,77168.58,420,420,420,420,0,15,-0.4094,0.000116,-21.14,85.9
25-08-2026 10:38,77162.23,420,420,420,420,0,15,-0.4101,0.000116,-21.15,85.93
25-08-2026 10:39,77181.32,420,420,420,420,0,15,-0.4079,0.000116,-21.13,85.84
25-08-2026 10:40,77171.17,420,420,420,420,0,15,-0.4091,0.000116,-21.14,85.88
25-08-2026 10:41,77171.84,420,420,420,420,0,15,-0.409,0.000116,-21.14,85.88
25-08-2026 10:42,77174.61,420,420,420,420,0,15,-0.4087,0.000116,-21.14,85.87
25-08-2026 10:43,77189.36,420,420,420,420,0,15,-0.407,0.000116,-21.12,85.79
25-08-2026 10:44,77198.47,420,420,411.95,411.95,20,8.05,-0.3411,0.000205,-10.74,81.18
25-08-2026 10:45,77201.07,411.95,411.95,411.95,411.95,0,15,-0.4056,0.000116,-21.11,85.74
25-08-2026 10:46,77209.88,411.95,411.95,411.95,411.95,0,15,-0.4046,0.000116,-21.1,85.69
25-08-2026 10:47,77233.3,411.95,411.95,411.95,411.95,0,15,-0.4019,0.000116,-21.07,85.57
25-08-2026 10:48,77254.25,411.95,411.95,411.95,411.95,0,15,-0.3995,0.000115,-21.05,85.46
25-08-2026 10:49,77259.8,411.95,411.95,411.95,411.95,0,15,-0.3988,0.000115,-21.04,85.43
25-08-2026 10:50,77272.68,411.95,411.95,390,390,20,8.08,-0.3267,0.0002,-10.62,79.89
25-08-2026 10:51,77286.63,390,390,390,390,0,15,-0.3957,0.000115,-21.01,85.28
25-08-2026 10:52,77282.36,390,390,380,380,200,7.99,-0.3231,0.000201,-10.46,79.54
25-08-2026 10:53,77269.67,380,380,380,380,0,15,-0.3977,0.000115,-21.03,85.37
25-08-2026 10:54,77252.89,380,380,380,380,0,15,-0.3996,0.000115,-21.05,85.46
25-08-2026 10:55,77257.71,380,380,380,380,0,15,-0.399,0.000115,-21.04,85.44
25-08-2026 10:56,77241.86,380,395,380,395,20,8.02,-0.3317,0.000203,-10.59,80.34
25-08-2026 10:57,77237.96,395,395,395,395,0,15,-0.4013,0.000116,-21.07,85.54
25-08-2026 10:58,77221.25,395,395,395,395,0,15,-0.4033,0.000116,-21.09,85.62
25-08-2026 10:59,77218.13,395,395,395,395,0,15,-0.4036,0.000116,-21.09,85.64
25-08-2026 11:00,77222.2,395,395,395,395,0,15,-0.4031,0.000116,-21.09,85.62
25-08-2026 11:01,77213.34,395,395,395,395,0,15,-0.4042,0.000116,-21.1,85.66
25-08-2026 11:02,77197.93,395,395,395,395,0,15,-0.406,0.000116,-21.12,85.73
25-08-2026 11:03,77200.37,395,398,395,398,20,7.88,-0.3378,0.000208,-10.48,80.86
25-08-2026 11:04,77193.47,398,398,398,398,0,15,-0.4065,0.000116,-21.12,85.75
25-08-2026 11:05,77198.19,398,398,398,398,0,15,-0.4059,0.000116,-21.12,85.73
25-08-2026 11:06,77202.2,398,398,398,398,0,15,-0.4055,0.000116,-21.11,85.71
25-08-2026 11:07,77215.44,398,398,398,398,0,15,-0.4039,0.000116,-21.1,85.64
25-08-2026 11:08,77204.39,398,400,398,400,20,7.92,-0.3377,0.000207,-10.54,80.85
25-08-2026 11:09,77198.6,400,400,400,400,0,15,-0.4059,0.000116,-21.12,85.72
25-08-2026 11:10,77199.88,400,400,394,394,20,7.83,-0.3369,0.000209,-10.41,80.78
25-08-2026 11:11,77184.59,394,394,394,394,0,15,-0.4075,0.000116,-21.13,85.79
25-08-2026 11:12,77178.06,394,394,394,394,0,15,-0.4083,0.000116,-21.14,85.82
25-08-2026 11:13,77180.96,394,394,394,394,0,15,-0.4079,0.000116,-21.14,85.8
25-08-2026 11:14,77202.96,394,394,394,394,0,15,-0.4054,0.000116,-21.11,85.7
25-08-2026 11:15,77214.45,394,394,394,394,0,15,-0.404,0.000116,-21.1,85.64
25-08-2026 11:16,77219.06,394,394,394,394,0,15,-0.4035,0.000116,-21.1,85.61
25-08-2026 11:17,77208.6,394,394,394,394,0,15,-0.4047,0.000116,-21.11,85.67
25-08-2026 11:18,77225.19,394,394,394,394,0,15,-0.4028,0.000116,-21.09,85.58
25-08-2026 11:19,77212.34,394,394,394,394,0,15,-0.4043,0.000116,-21.1,85.65
25-08-2026 11:20,77221.73,394,394,394,394,0,15,-0.4032,0.000116,-21.09,85.6
25-08-2026 11:21,77233.95,394,394,394,394,0,15,-0.4018,0.000116,-21.08,85.53
25-08-2026 11:22,77250.02,394,394,394,394,0,15,-0.3999,0.000115,-21.06,85.45
25-08-2026 11:23,77233.42,394,394,394,394,0,15,-0.4018,0.000116,-21.08,85.53
25-08-2026 11:24,77238.2,394,394,394,394,0,15,-0.4013,0.000116,-21.07,85.51
25-08-2026 11:25,77240.66,394,394,394,394,0,15,-0.401,0.000116,-21.07,85.5
25-08-2026 11:26,77244.81,394,394,394,394,0,15,-0.4005,0.000116,-21.07,85.47
25-08-2026 11:27,77234.01,394,394,394,394,0,15,-0.4018,0.000116,-21.08,85.53
25-08-2026 11:28,77233.37,394,394,394,394,0,15,-0.4018,0.000116,-21.08,85.53
25-08-2026 11:29,77228.05,394,394,394,394,0,15,-0.4024,0.000116,-21.09,85.56
25-08-2026 11:30,77230.32,394,394,394,394,0,15,-0.4022,0.000116,-21.09,85.54
25-08-2026 11:31,77244.35,394,394,394,394,0,15,-0.4006,0.000116,-21.07,85.47
25-08-2026 11:32,77242.06,394,394,394,394,0,15,-0.4008,0.000116,-21.07,85.48
25-08-2026 11:33,77245.01,394,394,394,394,0,15,-0.4005,0.000116,-21.07,85.46
25-08-2026 11:34,77238.29,394,394,394,394,0,15,-0.4013,0.000116,-21.08,85.5
25-08-2026 11:35,77218.02,394,394,394,394,0,15,-0.4036,0.000116,-21.1,85.6
25-08-2026 11:36,77220.67,394,394,394,394,0,15,-0.4033,0.000116,-21.1,85.59
25-08-2026 11:37,77206.98,394,394,394,394,0,15,-0.4049,0.000116,-21.11,85.65
25-08-2026 11:38,77220.03,394,394,394,394,0,15,-0.4034,0.000116,-21.1,85.59
25-08-2026 11:39,77233.6,394,394,394,394,0,15,-0.4018,0.000116,-21.08,85.52
25-08-2026 11:40,77234.89,394,394,394,394,0,15,-0.4016,0.000116,-21.08,85.51
25-08-2026 11:41,77237.59,394,394,394,394,0,15,-0.4013,0.000116,-21.08,85.49
25-08-2026 11:42,77238.17,394,394,394,394,0,15,-0.4013,0.000116,-21.08,85.49
25-08-2026 11:43,77238.34,394,394,394,394,0,15,-0.4012,0.000116,-21.08,85.49
25-08-2026 11:44,77238.58,394,394,394,394,0,15,-0.4012,0.000116,-21.08,85.49
25-08-2026 11:45,77234.05,394,394,394,394,0,15,-0.4017,0.000116,-21.08,85.51
25-08-2026 11:46,77203.22,394,394,394,394,0,15,-0.4053,0.000116,-21.12,85.66
25-08-2026 11:47,77204.88,394,394,394,394,0,15,-0.4051,0.000116,-21.12,85.65
25-08-2026 11:48,77197.44,394,394,394,394,0,15,-0.406,0.000116,-21.13,85.69
25-08-2026 11:49,77211.33,394,394,394,394,0,15,-0.4044,0.000116,-21.11,85.62
25-08-2026 11:50,77203.31,394,394,394,394,0,15,-0.4053,0.000116,-21.12,85.66
25-08-2026 11:51,77210.98,394,394,394,394,0,15,-0.4044,0.000116,-21.11,85.62
25-08-2026 11:52,77230.03,394,394,394,394,0,15,-0.4022,0.000116,-21.09,85.52
25-08-2026 11:53,77247.43,394,394,394,394,0,15,-0.4002,0.000116,-21.07,85.43
25-08-2026 11:54,77267.9,394,394,394,394,0,15,-0.3978,0.000115,-21.05,85.32
25-08-2026 11:55,77335.08,394,394,355,355,20,7.9,-0.3104,0.0002,-10.18,78.22
25-08-2026 11:56,77326.94,355,355,355,355,0,15,-0.391,0.000115,-20.97,84.99
25-08-2026 11:57,77321.93,355,355,355,355,0,15,-0.3916,0.000115,-20.97,85.02
25-08-2026 11:58,77344.36,355,355,355,355,0,15,-0.389,0.000115,-20.94,84.89
25-08-2026 11:59,77337.57,355,355,355,355,0,15,-0.3898,0.000115,-20.95,84.92
25-08-2026 12:00,77310.73,355,355,355,355,0,15,-0.3929,0.000115,-20.99,85.08
25-08-2026 12:01,77292.22,355,355,355,355,0,15,-0.395,0.000115,-21.02,85.18
25-08-2026 12:02,77313.45,355,355,355,355,0,15,-0.3926,0.000115,-20.99,85.06
25-08-2026 12:03,77338.79,355,355,355,355,0,15,-0.3897,0.000115,-20.95,84.91
25-08-2026 12:04,77343.34,355,355,355,355,0,15,-0.3891,0.000115,-20.95,84.88
25-08-2026 12:05,77318.99,355,355,355,355,0,15,-0.3919,0.000115,-20.98,85.03
25-08-2026 12:06,77326.46,355,355,355,355,0,15,-0.3911,0.000115,-20.97,84.98
25-08-2026 12:07,77333.02,355,355,355,355,0,15,-0.3903,0.000115,-20.96,84.94
25-08-2026 12:08,77330.18,355,355,355,355,0,15,-0.3906,0.000115,-20.97,84.96
25-08-2026 12:09,77309.1,355,355,355,355,0,15,-0.3931,0.000115,-21,85.08
25-08-2026 12:10,77301.57,355,355,355,355,0,15,-0.3939,0.000115,-21.01,85.12
25-08-2026 12:11,77305.58,355,355,355,355,0,15,-0.3935,0.000115,-21,85.1
25-08-2026 12:12,77315.92,355,368,355,368,100,7.98,-0.316,0.0002,-10.37,78.78
25-08-2026 12:13,77320.04,368,368,368,368,0,15,-0.3918,0.000115,-20.98,85.01
25-08-2026 12:14,77317.05,368,368,368,368,0,15,-0.3921,0.000115,-20.99,85.03
25-08-2026 12:15,77333.97,368,368,368,368,0,15,-0.3902,0.000115,-20.96,84.93
25-08-2026 12:16,77331.51,368,368,368,368,0,15,-0.3905,0.000115,-20.97,84.94
25-08-2026 12:17,77331.15,368,368,368,368,0,15,-0.3905,0.000115,-20.97,84.94
25-08-2026 12:18,77325.69,368,368,368,368,0,15,-0.3911,0.000115,-20.97,84.97
25-08-2026 12:19,77332.75,368,368,368,368,0,15,-0.3903,0.000115,-20.97,84.93
25-08-2026 12:20,77330.9,368,368,368,368,0,15,-0.3905,0.000115,-20.97,84.94
25-08-2026 12:21,77323.01,368,368,368,368,0,15,-0.3915,0.000115,-20.98,84.99
25-08-2026 12:22,77301.98,368,368,368,368,0,15,-0.3939,0.000115,-21.01,85.11
25-08-2026 12:23,77313.96,368,368,368,368,0,15,-0.3925,0.000115,-20.99,85.04
25-08-2026 12:24,77304.62,368,368,368,368,0,15,-0.3936,0.000115,-21,85.09
25-08-2026 12:25,77322.01,368,368,368,368,0,15,-0.3916,0.000115,-20.98,84.99
25-08-2026 12:26,77315.24,368,368,368,368,0,15,-0.3923,0.000115,-20.99,85.03
25-08-2026 12:27,77309.04,368,368,368,368,0,15,-0.3931,0.000115,-21,85.06
25-08-2026 12:28,77317.65,368,368,368,368,0,15,-0.3921,0.000115,-20.99,85.01
25-08-2026 12:29,77308.84,368,368,368,368,0,15,-0.3931,0.000115,-21,85.06
25-08-2026 12:30,77283.21,368,368,368,368,0,15,-0.396,0.000115,-21.03,85.2
25-08-2026 12:31,77299.13,368,368,368,368,0,15,-0.3942,0.000115,-21.01,85.11
25-08-2026 12:32,77302.84,368,368,368,368,0,15,-0.3938,0.000115,-21.01,85.09
25-08-2026 12:33,77298.67,368,368,368,368,0,15,-0.3942,0.000115,-21.01,85.11
25-08-2026 12:34,77307.69,368,368,368,368,0,15,-0.3932,0.000115,-21,85.06
25-08-2026 12:35,77296.04,368,368,368,368,0,15,-0.3945,0.000115,-21.02,85.13
25-08-2026 12:36,77297.82,368,368,368,368,0,15,-0.3943,0.000115,-21.02,85.11
25-08-2026 12:37,77286.42,368,368,368,368,0,15,-0.3956,0.000115,-21.03,85.18
25-08-2026 12:38,77264.48,368,368,368,368,0,15,-0.3982,0.000115,-21.06,85.3
25-08-2026 12:39,77278.15,368,368,368,368,0,15,-0.3966,0.000115,-21.04,85.22
25-08-2026 12:40,77264.83,368,368,368,368,0,15,-0.3981,0.000115,-21.06,85.29
25-08-2026 12:41,77271.38,368,368,368,368,0,15,-0.3974,0.000115,-21.05,85.25
25-08-2026 12:42,77270.63,368,368,368,368,0,15,-0.3975,0.000115,-21.05,85.26
25-08-2026 12:43,77256.36,368,375.95,368,375.95,20,7.85,-0.3254,0.000206,-10.31,79.64
25-08-2026 12:44,77267.45,375.95,375.95,375.95,375.95,0,15,-0.3978,0.000115,-21.06,85.27
25-08-2026 12:45,77276.96,375.95,375.95,375.95,375.95,0,15,-0.3967,0.000115,-21.05,85.22
25-08-2026 12:46,77260.6,375.95,375.95,375.95,375.95,0,15,-0.3986,0.000115,-21.07,85.31
25-08-2026 12:47,77245.39,375.95,375.95,374.4,374.4,20,7.78,-0.3264,0.000208,-10.23,79.73
25-08-2026 12:48,77259.15,374.4,374.4,374.4,374.4,0,15,-0.3988,0.000115,-21.07,85.31
25-08-2026 12:49,77267.21,374.4,374.4,374.4,374.4,0,15,-0.3979,0.000115,-21.06,85.27
25-08-2026 12:50,77261.37,374.4,374.4,374.4,374.4,0,15,-0.3985,0.000115,-21.07,85.3
25-08-2026 12:51,77258.1,374.4,374.4,374.4,374.4,0,15,-0.3989,0.000116,-21.07,85.32
25-08-2026 12:52,77271.38,374.4,374.4,374.4,374.4,0,15,-0.3974,0.000115,-21.05,85.24
25-08-2026 12:53,77274.56,374.4,374.4,374.4,374.4,0,15,-0.397,0.000115,-21.05,85.23
25-08-2026 12:54,77262.45,374.4,374.4,374.4,374.4,0,15,-0.3984,0.000115,-21.07,85.29
25-08-2026 12:55,77259.54,374.4,374.4,374.4,374.4,0,15,-0.3987,0.000116,-21.07,85.3
25-08-2026 12:56,77255.33,374.4,374.4,374.4,374.4,0,15,-0.3992,0.000116,-21.08,85.33
25-08-2026 12:57,77275.43,374.4,374.4,374.4,374.4,0,15,-0.3969,0.000115,-21.05,85.22
25-08-2026 12:58,77262.46,374.4,374.4,374.4,374.4,0,15,-0.3984,0.000115,-21.07,85.29
25-08-2026 12:59,77267.4,374.4,374.4,374.4,374.4,0,15,-0.3978,0.000115,-21.06,85.26
25-08-2026 13:00,77261.94,374.4,374.4,374.4,374.4,0,15,-0.3984,0.000115,-21.07,85.29
25-08-2026 13:01,77216.58,374.4,374.4,374.4,374.4,0,15,-0.4037,0.000116,-21.12,85.52
25-08-2026 13:02,77219.81,374.4,374.4,374.4,374.4,0,15,-0.4033,0.000116,-21.12,85.5
25-08-2026 13:03,77215.51,374.4,374.4,374.4,374.4,0,15,-0.4038,0.000116,-21.13,85.52
25-08-2026 13:04,77216.08,374.4,374.4,374.4,374.4,0,15,-0.4038,0.000116,-21.13,85.52
25-08-2026 13:05,77213.34,374.4,374.4,374.4,374.4,0,15,-0.4041,0.000116,-21.13,85.53
25-08-2026 13:06,77208.89,374.4,374.4,374.4,374.4,0,15,-0.4046,0.000116,-21.13,85.55
25-08-2026 13:07,77206.41,374.4,374.4,374.4,374.4,0,15,-0.4049,0.000116,-21.14,85.56
25-08-2026 13:08,77217.3,374.4,374.4,374.4,374.4,0,15,-0.4036,0.000116,-21.12,85.51
25-08-2026 13:09,77203.53,374.4,374.4,374.4,374.4,0,15,-0.4052,0.000116,-21.14,85.58
25-08-2026 13:10,77211.35,374.4,374.4,374.4,374.4,0,15,-0.4043,0.000116,-21.13,85.54
25-08-2026 13:11,77217.61,374.4,374.4,374.4,374.4,0,15,-0.4036,0.000116,-21.13,85.5
25-08-2026 13:12,77207.02,374.4,374.4,374.4,374.4,0,15,-0.4048,0.000116,-21.14,85.56
25-08-2026 13:13,77188.34,374.4,374.4,374.4,374.4,0,15,-0.407,0.000116,-21.16,85.65
25-08-2026 13:14,77171.78,374.4,400,374.4,400,20,7.8,-0.3421,0.000212,-10.43,81.1
25-08-2026 13:15,77174.21,400,400,400,400,0,15,-0.4086,0.000116,-21.18,85.71
25-08-2026 13:16,77166.91,400,400,400,400,0,15,-0.4095,0.000116,-21.18,85.74
25-08-2026 13:17,77178.67,400,400,400,400,0,15,-0.4081,0.000116,-21.17,85.69
25-08-2026 13:18,77175.82,400,400,400,400,0,15,-0.4084,0.000116,-21.17,85.7
25-08-2026 13:19,77165.85,400,400,400,400,0,15,-0.4096,0.000116,-21.19,85.75
25-08-2026 13:20,77163.89,400,400,400,400,0,15,-0.4098,0.000116,-21.19,85.75
25-08-2026 13:21,77163.25,400,400,400,400,0,15,-0.4099,0.000116,-21.19,85.76
25-08-2026 13:22,77156.61,400,400,400,400,0,15,-0.4107,0.000117,-21.2,85.79
25-08-2026 13:23,77160.4,400,400,400,400,0,15,-0.4102,0.000117,-21.19,85.77
25-08-2026 13:24,77142.68,400,400,400,400,0,15,-0.4123,0.000117,-21.21,85.85
25-08-2026 13:25,77143.03,400,400,400,400,0,15,-0.4122,0.000117,-21.21,85.84
25-08-2026 13:26,77139.04,400,400,400,400,0,15,-0.4127,0.000117,-21.22,85.86
25-08-2026 13:27,77165.17,400,400,400,400,0,15,-0.4097,0.000116,-21.19,85.74
25-08-2026 13:28,77160.23,400,400,400,400,0,15,-0.4102,0.000117,-21.19,85.76
25-08-2026 13:29,77163.05,400,400,400,400,0,15,-0.4099,0.000116,-21.19,85.75
25-08-2026 13:30,77164.25,400,400,400,400,0,15,-0.4098,0.000116,-21.19,85.74
25-08-2026 13:31,77167.42,400,400,400,400,0,15,-0.4094,0.000116,-21.19,85.73
25-08-2026 13:32,77168.91,400,400,400,400,20,7.79,-0.3425,0.000212,-10.43,81.12
25-08-2026 13:33,77170.11,400,400,400,400,0,15,-0.4091,0.000116,-21.18,85.71
25-08-2026 13:34,77168.73,400,400,400,400,0,15,-0.4092,0.000116,-21.19,85.72
25-08-2026 13:35,77159.34,400,400,400,400,0,15,-0.4103,0.000117,-21.2,85.76
25-08-2026 13:36,77176.99,400,400,400,400,0,15,-0.4083,0.000116,-21.18,85.68
25-08-2026 13:37,77175.14,400,400,400,400,0,15,-0.4085,0.000116,-21.18,85.68
25-08-2026 13:38,77176.74,400,400,400,400,0,15,-0.4083,0.000116,-21.18,85.68
25-08-2026 13:39,77186.47,400,400,400,400,0,15,-0.4072,0.000116,-21.17,85.63
25-08-2026 13:40,77187.12,400,400,400,400,0,15,-0.4071,0.000116,-21.17,85.62
25-08-2026 13:41,77196.19,400,400,400,400,0,15,-0.406,0.000116,-21.16,85.58
25-08-2026 13:42,77207.48,400,400,400,400,0,15,-0.4047,0.000116,-21.14,85.52
25-08-2026 13:43,77199.03,400,400,400,400,0,15,-0.4057,0.000116,-21.15,85.56
25-08-2026 13:44,77193.71,400,400,400,400,0,15,-0.4063,0.000116,-21.16,85.59
25-08-2026 13:45,77191.84,400,400,400,400,0,15,-0.4065,0.000116,-21.16,85.6
25-08-2026 13:46,77183.14,400,400,400,400,0,15,-0.4075,0.000116,-21.17,85.64
25-08-2026 13:47,77180.85,400,400,400,400,0,15,-0.4078,0.000116,-21.18,85.65
25-08-2026 13:48,77190.35,400,400,400,400,0,15,-0.4067,0.000116,-21.17,85.6
25-08-2026 13:49,77178.05,400,400,400,400,0,15,-0.4081,0.000116,-21.18,85.66
25-08-2026 13:50,77172.65,400,400,400,400,0,15,-0.4088,0.000116,-21.19,85.68
25-08-2026 13:51,77194.66,400,400,400,400,0,15,-0.4062,0.000116,-21.16,85.58
25-08-2026 13:52,77207.49,400,400,400,400,0,15,-0.4047,0.000116,-21.15,85.51
25-08-2026 13:53,77255.01,400,400,369.2,369.2,20,7.76,-0.3239,0.000208,-10.19,79.43
25-08-2026 13:54,77301.97,369.2,369.2,350,350,40,7.71,-0.313,0.000206,-9.98,78.35
25-08-2026 13:55,77288.33,350,350,350,350,0,15,-0.3954,0.000115,-21.05,85.09
25-08-2026 13:56,77269.75,350,350,350,350,0,15,-0.3975,0.000115,-21.07,85.19
25-08-2026 13:57,77267.29,350,350,350,350,0,15,-0.3978,0.000116,-21.08,85.2
25-08-2026 13:58,77244.58,350,382.25,350,382.25,220,7.89,-0.3284,0.000206,-10.4,79.86
25-08-2026 13:59,77248.17,382.25,382.25,368.95,368.95,20,7.73,-0.3247,0.000209,-10.16,79.5
25-08-2026 14:00,77242.9,368.95,368.95,368.95,368.95,0,15,-0.4006,0.000116,-21.11,85.33
25-08-2026 14:01,77209.5,368.95,368.95,368.95,368.95,0,15,-0.4045,0.000116,-21.15,85.49
25-08-2026 14:02,77232.16,368.95,368.95,368.95,368.95,0,15,-0.4018,0.000116,-21.12,85.38
25-08-2026 14:03,77199.29,368.95,368.95,368.95,368.95,0,15,-0.4057,0.000116,-21.16,85.54
25-08-2026 14:04,77245.77,368.95,379.8,368.95,379.8,20,7.86,-0.3276,0.000207,-10.36,79.78
25-08-2026 14:05,77257.74,379.8,379.8,379.8,379.8,0,15,-0.3989,0.000116,-21.09,85.24
25-08-2026 14:06,77248.4,379.8,379.8,379.8,379.8,0,15,-0.4,0.000116,-21.1,85.29
25-08-2026 14:07,77260.83,379.8,379.8,379.8,379.8,0,15,-0.3985,0.000116,-21.09,85.22
25-08-2026 14:08,77242.99,379.8,379.8,379.8,379.8,0,15,-0.4006,0.000116,-21.11,85.32
25-08-2026 14:09,77241.48,379.8,379.8,379.8,379.8,0,15,-0.4008,0.000116,-21.11,85.32
25-08-2026 14:10,77251.98,379.8,379.8,379.8,379.8,0,15,-0.3995,0.000116,-21.1,85.27
25-08-2026 14:11,77260.41,379.8,379.8,379.8,379.8,0,15,-0.3986,0.000116,-21.09,85.22
25-08-2026 14:12,77257.36,379.8,379.8,379.8,379.8,0,15,-0.3989,0.000116,-21.09,85.24
25-08-2026 14:13,77254.12,379.8,379.8,379.8,379.8,0,15,-0.3993,0.000116,-21.1,85.25
25-08-2026 14:14,77248.23,379.8,379.8,379.8,379.8,0,15,-0.4,0.000116,-21.1,85.28
25-08-2026 14:15,77252.72,379.8,379.8,379.8,379.8,0,15,-0.3995,0.000116,-21.1,85.26
25-08-2026 14:16,77247.61,379.8,379.8,379.8,379.8,0,15,-0.4,0.000116,-21.1,85.28
25-08-2026 14:17,77241.48,379.8,379.8,379.8,379.8,0,15,-0.4007,0.000116,-21.11,85.32
25-08-2026 14:18,77250.43,379.8,379.8,379.8,379.8,0,15,-0.3997,0.000116,-21.1,85.27
25-08-2026 14:19,77255.23,379.8,379.8,379.8,379.8,0,15,-0.3992,0.000116,-21.1,85.24
25-08-2026 14:20,77272.6,379.8,379.8,379.8,379.8,0,15,-0.3971,0.000115,-21.07,85.15
25-08-2026 14:21,77253.68,379.8,379.8,379.8,379.8,0,15,-0.3993,0.000116,-21.1,85.25
25-08-2026 14:22,77256.82,379.8,379.8,379.8,379.8,0,15,-0.399,0.000116,-21.09,85.23
25-08-2026 14:23,77284.32,379.8,379.8,379.8,379.8,0,15,-0.3958,0.000115,-21.06,85.08
25-08-2026 14:24,77257.55,379.8,379.8,379.8,379.8,0,15,-0.3989,0.000116,-21.09,85.22
25-08-2026 14:25,77273.23,379.8,379.8,379.8,379.8,0,15,-0.3971,0.000115,-21.07,85.14
25-08-2026 14:26,77279.01,379.8,379.8,379.8,379.8,0,15,-0.3964,0.000115,-21.07,85.11
25-08-2026 14:27,77297.3,379.8,379.8,379.8,379.8,0,15,-0.3943,0.000115,-21.04,85
25-08-2026 14:28,77321.05,379.8,379.8,379.8,379.8,0,15,-0.3916,0.000115,-21.01,84.87
25-08-2026 14:29,77327.33,379.8,379.8,338.45,338.45,20,7.67,-0.3069,0.000206,-9.85,77.68
25-08-2026 14:30,77317.55,338.45,338.45,338.45,338.45,0,15,-0.392,0.000115,-21.02,84.89
25-08-2026 14:31,77402.64,338.45,338.45,320.5,320.5,80,7.73,-0.2929,0.0002,-9.73,76.13
25-08-2026 14:32,77412.5,320.5,324.2,307.5,307.5,100,7.59,-0.2878,0.000202,-9.49,75.52
25-08-2026 14:33,77409.03,307.5,307.5,307.5,307.5,0,15,-0.3815,0.000114,-20.89,84.33
25-08-2026 14:34,77381.56,307.5,307.5,307.5,307.5,0,15,-0.3846,0.000114,-20.93,84.5
25-08-2026 14:35,77408.06,307.5,307.5,307.5,307.5,0,15,-0.3816,0.000114,-20.89,84.33
25-08-2026 14:36,77378.41,307.5,307.5,307.5,307.5,0,15,-0.385,0.000114,-20.93,84.52
25-08-2026 14:37,77358.8,307.5,307.5,307.5,307.5,0,15,-0.3872,0.000115,-20.96,84.63
25-08-2026 14:38,77368.56,307.5,307.5,307.5,307.5,0,15,-0.3861,0.000114,-20.95,84.57
25-08-2026 14:39,77377.09,307.5,307.5,307.5,307.5,0,15,-0.3851,0.000114,-20.93,84.52
25-08-2026 14:40,77382.31,307.5,313,307.5,313,100,7.55,-0.2929,0.000205,-9.51,76.11
25-08-2026 14:41,77412.34,313,313,307.5,307.5,280,7.59,-0.2878,0.000202,-9.49,75.52
25-08-2026 14:42,77406.56,307.5,307.5,307.5,307.5,0,15,-0.3818,0.000114,-20.89,84.33
25-08-2026 14:43,77396.37,307.5,307.5,307.5,307.5,0,15,-0.3829,0.000114,-20.91,84.4
25-08-2026 14:44,77399.46,307.5,307.5,307.5,307.5,0,15,-0.3826,0.000114,-20.9,84.38
25-08-2026 14:45,77417.92,307.5,308.05,307,308.05,100,7.62,-0.2873,0.000201,-9.52,75.46
25-08-2026 14:46,77408.8,308.05,308.05,308.05,308.05,0,15,-0.3815,0.000114,-20.89,84.31
25-08-2026 14:47,77410.78,308.05,308.05,308.05,308.05,0,15,-0.3813,0.000114,-20.89,84.3
25-08-2026 14:48,77434.36,308.05,308.05,308.05,308.05,0,15,-0.3786,0.000114,-20.85,84.15
25-08-2026 14:49,77456.43,308.05,308.05,308.05,308.05,0,15,-0.3761,0.000113,-20.81,84
25-08-2026 14:50,77446.14,308.05,308.05,294.9,294.9,20,7.55,-0.28,0.0002,-9.32,74.56
25-08-2026 14:51,77466.56,294.9,294.95,294.9,294.95,20,7.63,-0.2779,0.000197,-9.39,74.3
25-08-2026 14:52,77518.09,294.95,294.95,294.95,294.95,0,15,-0.3691,0.000113,-20.71,83.57
25-08-2026 14:53,77511.46,294.95,294.95,294.95,294.95,0,15,-0.3698,0.000113,-20.72,83.61
25-08-2026 14:54,77501.57,294.95,294.95,294.95,294.95,0,15,-0.371,0.000113,-20.74,83.68
25-08-2026 14:55,77509.7,294.95,294.95,294.95,294.95,0,15,-0.37,0.000113,-20.73,83.62
25-08-2026 14:56,77520.38,294.95,294.95,292,292,60,7.79,-0.2714,0.000191,-9.48,73.49
25-08-2026 14:57,77511.15,292,292,290,290,20,7.73,-0.2716,0.000192,-9.41,73.52
25-08-2026 14:58,77521.19,290,290,290,290,20,7.77,-0.2706,0.000191,-9.44,73.39
25-08-2026 14:59,77539.74,290,290,287.8,287.8,20,7.81,-0.268,0.000189,-9.44,73.06
25-08-2026 15:00,77529.21,287.8,288,287.8,288,20,7.77,-0.2691,0.000191,-9.42,73.2
25-08-2026 15:01,77500.62,288,288,288,288,0,15,-0.3711,0.000113,-20.74,83.68
25-08-2026 15:02,77534.94,288,288,288,288,0,15,-0.3672,0.000112,-20.69,83.43
25-08-2026 15:03,77510.26,288,290.6,284.15,290.6,40,7.74,-0.2719,0.000192,-9.42,73.55
25-08-2026 15:04,77545.11,290.6,290.6,290.6,290.6,0,15,-0.366,0.000112,-20.67,83.36
25-08-2026 15:05,77526.89,290.6,290.6,290.6,290.6,0,15,-0.3681,0.000113,-20.7,83.49
25-08-2026 15:06,77517.36,290.6,290.6,290.6,290.6,0,15,-0.3692,0.000113,-20.72,83.56
25-08-2026 15:07,77511.58,290.6,290.6,290.6,290.6,0,15,-0.3698,0.000113,-20.73,83.6
25-08-2026 15:08,77504.79,290.6,290.6,290.6,290.6,0,15,-0.3706,0.000113,-20.74,83.64
25-08-2026 15:09,77517.67,290.6,290.6,290.6,290.6,0,15,-0.3691,0.000113,-20.72,83.55
25-08-2026 15:10,77538.75,290.6,290.6,290.6,290.6,0,15,-0.3667,0.000112,-20.68,83.4
25-08-2026 15:11,77562.06,290.6,290.6,290.6,290.6,0,15,-0.3641,0.000112,-20.64,83.22
25-08-2026 15:12,77559.71,290.6,290.6,290.6,290.6,0,15,-0.3644,0.000112,-20.64,83.24
25-08-2026 15:13,77546.76,290.6,290.6,290.6,290.6,0,15,-0.3658,0.000112,-20.67,83.34
25-08-2026 15:14,77526.75,290.6,290.6,290.6,290.6,0,15,-0.3681,0.000113,-20.7,83.48
25-08-2026 15:15,77529.94,290.6,290.6,290.6,290.6,0,15,-0.3677,0.000113,-20.7,83.46
25-08-2026 15:16,77529.94,290.6,290.6,290,290,20,7.8,-0.2698,0.00019,-9.47,73.27
25-08-2026 15:17,77529.94,290,290,290,290,0,15,-0.3677,0.000113,-20.7,83.45
25-08-2026 15:18,77529.94,290,290,289.4,289.4,20,7.79,-0.2695,0.00019,-9.46,73.24
25-08-2026 15:19,77529.94,289.4,289.4,271.4,271.4,20,7.55,-0.2632,0.000194,-9.05,72.37
25-08-2026 15:20,77529.94,271.4,271.4,271.4,271.4,0,15,-0.3677,0.000113,-20.7,83.45
25-08-2026 15:21,77529.94,271.4,271.4,271.4,271.4,0,15,-0.3677,0.000113,-20.7,83.45
25-08-2026 15:22,77529.94,271.4,271.4,271.4,271.4,0,15,-0.3677,0.000113,-20.7,83.45
25-08-2026 15:23,77529.94,271.4,280,271.4,280,100,7.66,-0.2663,0.000192,-9.25,72.79
25-08-2026 15:24,77529.94,280,280,280,280,0,15,-0.3677,0.000113,-20.7,83.45
25-08-2026 15:25,77529.94,280,280,280,280,0,15,-0.3677,0.000113,-20.7,83.45
25-08-2026 15:26,77529.94,280,280,272,272,40,7.55,-0.2635,0.000194,-9.06,72.39
25-08-2026 15:27,77529.94,272,279.25,272,279.25,20,7.65,-0.266,0.000192,-9.23,72.75
25-08-2026 15:28,77529.94,279.25,279.25,279.25,279.25,0,15,-0.3677,0.000113,-20.7,83.44
25-08-2026 15:29,77656.09,279.25,279.25,270,270,20,7.98,-0.2511,0.000179,-9.36,70.72
26-08-2026 09:19,77827.42,239.55,239.6,239.55,239.6,40,8.23,-0.2255,0.000165,-9.24,66.02
26-08-2026 09:20,77870.64,239.6,239.6,239.6,239.6,0,15,-0.3284,0.000109,-20.23,79.43
26-08-2026 09:21,77910.45,239.6,239.6,220,220,40,8.21,-0.2115,0.000159,-8.9,63.7
26-08-2026 09:22,77903.87,220,220,214.9,214.9,180,8.11,-0.2098,0.000161,-8.75,63.38
26-08-2026 09:23,77904.64,214.9,217.35,212.6,217.35,80,8.15,-0.2108,0.00016,-8.82,63.56
26-08-2026 09:24,77934.7,216.1,216.1,216.1,216.1,20,8.23,-0.2081,0.000158,-8.84,63.12
26-08-2026 09:25,77916.39,216.1,216.1,213,213,60,8.12,-0.208,0.00016,-8.72,63.08
26-08-2026 09:26,77929.64,213,213,203.75,206,100,8.05,-0.204,0.000159,-8.55,62.36
26-08-2026 09:27,77920.97,206,211.15,206,209.15,80,8.08,-0.206,0.00016,-8.62,62.72
26-08-2026 09:28,77914.88,209.15,209.15,209.15,209.15,0,15,-0.3236,0.000108,-20.12,78.99
26-08-2026 09:29,77906.72,209.15,215,209.15,215,180,8.12,-0.2096,0.00016,-8.76,63.35
26-08-2026 09:30,77891.88,215,215,213,213,40,8.04,-0.2098,0.000162,-8.67,63.36
26-08-2026 09:31,77888.42,213,213,213,213,0,15,-0.3265,0.000109,-20.19,79.25
26-08-2026 09:32,77903.69,213,213,213,213,0,15,-0.3248,0.000108,-20.15,79.1
26-08-2026 09:33,77899.55,213,213,213,213,0,15,-0.3252,0.000108,-20.16,79.14
26-08-2026 09:34,77895.65,213,213,213,213,0,15,-0.3257,0.000109,-20.17,79.17
26-08-2026 09:35,77899.72,213,213,213,213,0,15,-0.3252,0.000108,-20.16,79.13
26-08-2026 09:36,77878.93,213,213,213,213,0,15,-0.3275,0.000109,-20.21,79.33
26-08-2026 09:37,77889.83,213,213,213,213,0,15,-0.3263,0.000109,-20.18,79.23
26-08-2026 09:38,77910.43,213,214.3,213,214.3,40,8.13,-0.209,0.00016,-8.75,63.24
26-08-2026 09:39,77910.31,214.3,214.3,214.3,214.3,0,15,-0.3241,0.000108,-20.13,79.03
26-08-2026 09:40,77934.36,213,213,213,213,20,8.18,-0.2068,0.000158,-8.76,62.86
26-08-2026 09:41,77953.11,213,213,213,213,0,15,-0.3194,0.000108,-20.03,78.6
26-08-2026 09:42,77950.03,213,213,213,213,0,15,-0.3198,0.000108,-20.04,78.63
26-08-2026 09:43,77957.41,213,213,213,213,0,15,-0.319,0.000108,-20.02,78.55
26-08-2026 09:44,77960.57,213,213,206.7,207.15,40,8.17,-0.2025,0.000156,-8.64,62.1
26-08-2026 09:45,77969,207.15,207.15,207,207,40,8.2,-0.2018,0.000155,-8.65,61.99
26-08-2026 09:46,77975.75,207,207,207,207,0,15,-0.317,0.000107,-19.97,78.37
26-08-2026 09:47,77978.47,207,207,207,207,0,15,-0.3167,0.000107,-19.97,78.34
26-08-2026 09:48,77976.85,207,207,207,207,0,15,-0.3169,0.000107,-19.97,78.35
26-08-2026 09:49,77961.97,207,208,202.6,202.6,40,8.11,-0.2003,0.000156,-8.52,61.7
26-08-2026 09:50,77949.42,202.6,202.6,202.6,202.6,0,15,-0.3198,0.000108,-20.04,78.63
26-08-2026 09:51,77953.1,202.6,202.6,202.6,202.6,0,15,-0.3194,0.000108,-20.03,78.59
26-08-2026 09:52,77937.6,202.6,210,202.6,210,80,8.15,-0.2053,0.000158,-8.68,62.58
26-08-2026 09:53,77933.24,210,210,206.45,206.45,40,8.08,-0.204,0.000159,-8.57,62.34
26-08-2026 09:54,77934.63,206.45,206.45,206.45,206.45,0,15,-0.3214,0.000108,-20.08,78.77
26-08-2026 09:55,77951.82,206.45,206.45,206.45,206.45,0,15,-0.3196,0.000108,-20.03,78.6
26-08-2026 09:56,77966.4,206.45,206.45,206.45,206.45,0,15,-0.318,0.000107,-20,78.45
26-08-2026 09:57,77967.89,206.45,206.45,206.45,206.45,0,15,-0.3178,0.000107,-19.99,78.43
26-08-2026 09:58,77956.11,210,210,210,210,100,8.21,-0.204,0.000156,-8.72,62.37
26-08-2026 09:59,77955.12,210,210,210,210,0,15,-0.3192,0.000108,-20.03,78.56
26-08-2026 10:00,77948.6,210,210,210,210,0,15,-0.3199,0.000108,-20.04,78.62
26-08-2026 10:01,77933.64,210,210,210,210,0,15,-0.3215,0.000108,-20.08,78.77
26-08-2026 10:02,77911.59,210,213.75,210,213.75,80,8.12,-0.2087,0.00016,-8.74,63.17
26-08-2026 10:03,77927.18,213.75,213.75,213.75,213.75,0,15,-0.3222,0.000108,-20.1,78.83
26-08-2026 10:04,77921.89,213.75,213.75,213.75,213.75,0,15,-0.3228,0.000108,-20.11,78.88
26-08-2026 10:05,77912.41,213.75,213.75,213.75,213.75,0,15,-0.3238,0.000108,-20.13,78.98
26-08-2026 10:06,77908.27,213.75,213.75,213.75,213.75,0,15,-0.3242,0.000108,-20.14,79.02
26-08-2026 10:07,77882.42,213.75,213.75,213.75,213.75,0,15,-0.327,0.000109,-20.21,79.26
26-08-2026 10:08,77875.85,213.75,213.75,213.75,213.75,0,15,-0.3278,0.000109,-20.22,79.33
26-08-2026 10:09,77877.01,213.75,223.75,213.75,223.75,60,8.16,-0.2153,0.000162,-8.94,64.3
26-08-2026 10:10,77873.85,223.75,223.75,223.75,223.75,0,15,-0.328,0.000109,-20.23,79.34
26-08-2026 10:11,77836.74,223.75,232.25,223.75,232.25,20,8.16,-0.2218,0.000165,-9.08,65.37
26-08-2026 10:12,77850.31,232.25,232.25,232.25,232.25,0,15,-0.3305,0.000109,-20.29,79.56
26-08-2026 10:13,77855.98,232.25,232.25,232.25,232.25,0,15,-0.3299,0.000109,-20.27,79.51
26-08-2026 10:14,77859.61,232.25,232.25,232.25,232.25,0,15,-0.3295,0.000109,-20.26,79.47
26-08-2026 10:15,77866.46,232.25,232.25,232.25,232.25,0,15,-0.3288,0.000109,-20.25,79.41
26-08-2026 10:16,77845.36,232.25,232.25,232.25,232.25,0,15,-0.3311,0.000109,-20.3,79.61
26-08-2026 10:17,77798.15,232.25,236.1,232.25,236.1,60,8.09,-0.2263,0.000169,-9.1,66.08
26-08-2026 10:18,77785.92,236.1,240.85,236.1,240.85,20,8.12,-0.2292,0.000169,-9.2,66.53
26-08-2026 10:19,77779.79,240.85,240.85,240.85,240.85,0,15,-0.3383,0.00011,-20.45,80.21
26-08-2026 10:20,77758.87,240.85,240.85,240.85,240.85,0,15,-0.3406,0.000111,-20.5,80.39
26-08-2026 10:21,77737.05,240.85,240.85,240.85,240.85,0,15,-0.343,0.000111,-20.54,80.58
26-08-2026 10:22,77752.78,240.85,240.85,240.85,240.85,0,15,-0.3413,0.000111,-20.51,80.44
26-08-2026 10:23,77719,240.85,240.85,240.85,240.85,0,15,-0.345,0.000111,-20.58,80.74
26-08-2026 10:24,77729.5,240.85,240.85,240.85,240.85,0,15,-0.3438,0.000111,-20.56,80.64
26-08-2026 10:25,77728.4,240.85,240.85,240.85,240.85,0,15,-0.344,0.000111,-20.56,80.65
26-08-2026 10:26,77705.78,240.85,240.85,240.85,240.85,0,15,-0.3465,0.000112,-20.61,80.85
26-08-2026 10:27,77716.65,240.85,240.85,240.85,240.85,0,15,-0.3453,0.000111,-20.59,80.75
26-08-2026 10:28,77728.03,240.85,240.85,240.85,240.85,0,15,-0.344,0.000111,-20.56,80.65
26-08-2026 10:29,77730.39,240.85,246.4,240.85,246.4,20,8.01,-0.2358,0.000174,-9.21,67.54
26-08-2026 10:30,77745.35,246.4,246.4,246.4,246.4,0,15,-0.3421,0.000111,-20.53,80.5
26-08-2026 10:31,77770.03,246.4,246.4,246.4,246.4,0,15,-0.3393,0.000111,-20.47,80.28
26-08-2026 10:32,77780.31,246.4,246.4,240.85,240.85,20,8.1,-0.2296,0.00017,-9.19,66.59
26-08-2026 10:33,77790,240.85,240.85,240.85,240.85,0,15,-0.3371,0.00011,-20.43,80.1
26-08-2026 10:34,77786.4,240.85,240.85,240.85,240.85,0,15,-0.3375,0.00011,-20.44,80.13
26-08-2026 10:35,77794.09,240.85,240.85,240.85,240.85,0,15,-0.3367,0.00011,-20.42,80.06
26-08-2026 10:36,77793.03,240.85,240.85,231.4,231.4,40,8,-0.2248,0.00017,-8.97,65.81
26-08-2026 10:37,77780.75,231.4,231.4,231.4,231.4,0,15,-0.3381,0.00011,-20.45,80.18
26-08-2026 10:38,77785.42,231.4,231.4,231.4,231.4,0,15,-0.3376,0.00011,-20.44,80.13
26-08-2026 10:39,77790.21,231.4,231.4,231.4,231.4,0,15,-0.3371,0.00011,-20.43,80.09
26-08-2026 10:40,77788.4,231.4,237.25,231.4,237.15,40,8.07,-0.2275,0.00017,-9.11,66.24
26-08-2026 10:41,77786.9,237.15,237.15,237.15,237.15,0,15,-0.3375,0.00011,-20.44,80.12
26-08-2026 10:42,77801.73,237.15,237.15,237.15,237.15,0,15,-0.3358,0.00011,-20.4,79.98
26-08-2026 10:43,77814.11,237.15,237.15,237.15,237.15,0,15,-0.3345,0.00011,-20.38,79.87
26-08-2026 10:44,77810.61,237.15,237.15,237.15,237.15,0,15,-0.3348,0.00011,-20.38,79.9
26-08-2026 10:45,77774.51,237.15,237.15,237.15,237.15,0,15,-0.3388,0.000111,-20.47,80.22
26-08-2026 10:46,77772.28,237.15,237.15,237.15,237.15,0,15,-0.3391,0.000111,-20.47,80.24
26-08-2026 10:47,77775.67,237.15,237.15,237.15,237.15,0,15,-0.3387,0.000111,-20.46,80.21
26-08-2026 10:48,77775.71,237.15,237.15,237.15,237.15,0,15,-0.3387,0.000111,-20.46,80.21
26-08-2026 10:49,77784,237.15,237.15,237.15,237.15,0,15,-0.3378,0.00011,-20.45,80.14
26-08-2026 10:50,77782.13,237.15,237.15,237.15,237.15,0,15,-0.338,0.00011,-20.45,80.15
26-08-2026 10:51,77768.66,237.15,237.15,237.15,237.15,0,15,-0.3395,0.000111,-20.48,80.27
26-08-2026 10:52,77787.25,237.15,237.15,237.15,237.15,0,15,-0.3374,0.00011,-20.44,80.1
26-08-2026 10:53,77778.13,237.15,237.15,237.15,237.15,0,15,-0.3384,0.00011,-20.46,80.18
26-08-2026 10:54,77787.71,237.15,237.15,237.15,237.15,0,15,-0.3373,0.00011,-20.44,80.1
26-08-2026 10:55,77779.37,237.15,250.6,237.15,250.6,300,8.24,-0.2335,0.000168,-9.44,67.2
26-08-2026 10:56,77787.79,250.6,250.6,250.6,250.6,0,15,-0.3373,0.00011,-20.44,80.09
26-08-2026 10:57,77811.35,250.6,250.6,235.95,235.95,20,8.13,-0.2253,0.000167,-9.13,65.88
26-08-2026 10:58,77804.71,235.95,235.95,235.95,235.95,0,15,-0.3355,0.00011,-20.4,79.94
26-08-2026 10:59,77787.42,235.95,235.95,235.95,235.95,0,15,-0.3374,0.00011,-20.44,80.09
26-08-2026 11:00,77785.24,235.95,235.95,235.95,235.95,0,15,-0.3376,0.00011,-20.45,80.11
26-08-2026 11:01,77767.9,235.95,235.95,235.95,235.95,0,15,-0.3395,0.000111,-20.48,80.27
26-08-2026 11:02,77781.87,235.95,235.95,235.95,235.95,0,15,-0.338,0.00011,-20.45,80.14
26-08-2026 11:03,77773.63,235.95,235.95,235.95,235.95,0,15,-0.3389,0.000111,-20.47,80.21
26-08-2026 11:04,77760.74,235.95,235.95,235.95,235.95,0,15,-0.3403,0.000111,-20.5,80.33
26-08-2026 11:05,77770.45,235.95,235.95,235.95,235.95,0,15,-0.3392,0.000111,-20.48,80.24
26-08-2026 11:06,77745.31,235.95,235.95,235.95,235.95,0,15,-0.342,0.000111,-20.54,80.46
26-08-2026 11:07,77750.75,235.95,245.95,235.95,245.9,80,8.07,-0.234,0.000172,-9.26,67.23
26-08-2026 11:08,77770.22,245.9,245.9,245.9,245.9,0,15,-0.3393,0.000111,-20.48,80.24
26-08-2026 11:09,77776.6,245.9,245.9,245.9,245.9,0,15,-0.3386,0.000111,-20.47,80.18
26-08-2026 11:10,77796.93,245.9,245.9,245.9,245.9,0,15,-0.3363,0.00011,-20.42,80
26-08-2026 11:11,77787.91,245.9,245.9,245.9,245.9,0,15,-0.3373,0.00011,-20.44,80.08
26-08-2026 11:12,77810.5,245.9,245.9,245.9,245.9,0,15,-0.3348,0.00011,-20.39,79.87
26-08-2026 11:13,77802.04,245.9,245.9,245.9,245.9,0,15,-0.3357,0.00011,-20.41,79.95
26-08-2026 11:14,77812.58,245.9,245.9,245.9,245.9,0,15,-0.3346,0.00011,-20.39,79.85
26-08-2026 11:15,77814.73,245.9,245.9,245.9,245.9,0,15,-0.3343,0.00011,-20.38,79.83
26-08-2026 11:16,77795.24,245.9,245.9,245.9,245.9,0,15,-0.3365,0.00011,-20.43,80
26-08-2026 11:17,77774.33,245.9,245.9,245.9,245.9,0,15,-0.3388,0.000111,-20.47,80.19
26-08-2026 11:18,77738.51,245.9,245.9,245.9,245.9,0,15,-0.3428,0.000111,-20.55,80.51
26-08-2026 11:19,77755.16,245.9,245.9,245.9,245.9,0,15,-0.3409,0.000111,-20.52,80.36
26-08-2026 11:20,77746.19,245.9,245.9,245.9,245.9,0,15,-0.3419,0.000111,-20.54,80.44
26-08-2026 11:21,77753.1,245.9,245.9,245.9,245.9,0,15,-0.3411,0.000111,-20.52,80.38
26-08-2026 11:22,77717.93,245.9,253.25,245.9,253.25,40,8.07,-0.2395,0.000175,-9.37,68.06
26-08-2026 11:23,77715.47,253.25,253.25,253.25,253.25,0,15,-0.3453,0.000111,-20.6,80.7
26-08-2026 11:24,77720.05,253.25,253.25,253.25,253.25,0,15,-0.3448,0.000111,-20.59,80.66
26-08-2026 11:25,77727.81,253.25,253.25,253.25,253.25,0,15,-0.3439,0.000111,-20.58,80.59
26-08-2026 11:26,77740.24,253.25,253.25,250,250,60,8.1,-0.2364,0.000173,-9.34,67.6
26-08-2026 11:27,77730.39,250,250,250,250,0,15,-0.3436,0.000111,-20.57,80.57
26-08-2026 11:28,77747.19,250,250,247.15,247.15,20,8.08,-0.2347,0.000172,-9.28,67.34
26-08-2026 11:29,77737.2,247.15,247.15,246.05,246.05,20,8.03,-0.2351,0.000174,-9.23,67.39
26-08-2026 11:30,77738.32,246.05,246.05,246.05,246.05,0,15,-0.3428,0.000111,-20.56,80.5
26-08-2026 11:31,77713.88,246.05,246.05,246.05,246.05,0,15,-0.3455,0.000111,-20.61,80.71
26-08-2026 11:32,77717.63,246.05,255.9,246.05,255.9,140,8.11,-0.2405,0.000174,-9.43,68.21
26-08-2026 11:33,77714.23,255.9,255.9,255.65,255.65,20,8.09,-0.2407,0.000175,-9.42,68.24
26-08-2026 11:34,77717.57,255.65,255.65,255.65,255.65,0,15,-0.3451,0.000111,-20.6,80.67
26-08-2026 11:35,77744.09,255.65,255.65,255.65,255.65,0,15,-0.3421,0.000111,-20.54,80.44
26-08-2026 11:36,77742.37,255.65,255.65,255.65,255.65,0,15,-0.3423,0.000111,-20.55,80.45
26-08-2026 11:37,77763.9,255.65,255.65,255.65,255.65,0,15,-0.3399,0.000111,-20.5,80.26
26-08-2026 11:38,77758.51,255.65,255.65,255.65,255.65,0,15,-0.3405,0.000111,-20.51,80.31
26-08-2026 11:39,77750.39,255.65,255.65,242,242,20,8.02,-0.2325,0.000173,-9.16,66.97
26-08-2026 11:40,77750.52,242,242,242,242,0,15,-0.3414,0.000111,-20.53,80.38
26-08-2026 11:41,77747.12,242,242,242,242,0,15,-0.3418,0.000111,-20.54,80.41
26-08-2026 11:42,77750.32,242,242,242,242,0,15,-0.3414,0.000111,-20.53,80.38
26-08-2026 11:43,77754.57,242,242,242,242,0,15,-0.3409,0.000111,-20.52,80.34
26-08-2026 11:44,77750.2,242,242,242,242,0,15,-0.3414,0.000111,-20.53,80.38
26-08-2026 11:45,77754.02,242,242,242,242,60,8.03,-0.2322,0.000173,-9.17,66.92
26-08-2026 11:46,77744.86,242,242,242,242,0,15,-0.342,0.000111,-20.55,80.42
26-08-2026 11:47,77743.42,242,242,242,242,0,15,-0.3422,0.000111,-20.55,80.43
26-08-2026 11:48,77726.3,242,242,242,242,0,15,-0.3441,0.000111,-20.59,80.58
26-08-2026 11:49,77724.25,242,242,242,242,0,15,-0.3443,0.000111,-20.59,80.6
26-08-2026 11:50,77720.54,242,242,242,242,0,15,-0.3447,0.000111,-20.6,80.63
26-08-2026 11:51,77715.42,242,242,242,242,0,15,-0.3453,0.000111,-20.61,80.67
26-08-2026 11:52,77714.56,242,250,242,250,20,8.01,-0.2385,0.000176,-9.28,67.88
26-08-2026 11:53,77695.27,250,250,250,250,0,15,-0.3475,0.000112,-20.65,80.84
26-08-2026 11:54,77678.87,250,250,250,250,0,15,-0.3494,0.000112,-20.69,80.98
26-08-2026 11:55,77691.16,250,250,250,250,0,15,-0.348,0.000112,-20.66,80.87
26-08-2026 11:56,77706.45,250,250,250,250,0,15,-0.3463,0.000112,-20.63,80.74
26-08-2026 11:57,77705.57,250,250,250,250,0,15,-0.3464,0.000112,-20.63,80.75
26-08-2026 11:58,77700.64,250,250,250,250,0,15,-0.3469,0.000112,-20.64,80.79
26-08-2026 11:59,77691.36,250,250,250,250,0,15,-0.348,0.000112,-20.66,80.87
26-08-2026 12:00,77668.04,250,250,250,250,0,15,-0.3506,0.000112,-20.71,81.06
26-08-2026 12:01,77670.33,250,250,250,250,0,15,-0.3503,0.000112,-20.71,81.04
26-08-2026 12:02,77655.81,250,250,250,250,0,15,-0.3519,0.000112,-20.74,81.16
26-08-2026 12:03,77641.75,250,250,250,250,0,15,-0.3535,0.000113,-20.77,81.27
26-08-2026 12:04,77650.07,250,250,250,250,0,15,-0.3526,0.000112,-20.75,81.2
26-08-2026 12:05,77661.87,250,250,250,250,0,15,-0.3513,0.000112,-20.73,81.11
26-08-2026 12:06,77663.94,250,250,250,250,0,15,-0.351,0.000112,-20.72,81.09
26-08-2026 12:07,77648.09,250,250,250,250,0,15,-0.3528,0.000112,-20.75,81.22
26-08-2026 12:08,77650.45,250,250,250,250,0,15,-0.3525,0.000112,-20.75,81.2
26-08-2026 12:09,77638.41,250,250,250,250,0,15,-0.3539,0.000113,-20.77,81.29
26-08-2026 12:10,77634.03,250,250,250,250,0,15,-0.3544,0.000113,-20.78,81.33
26-08-2026 12:11,77631.27,250,250,250,250,0,15,-0.3547,0.000113,-20.79,81.35
26-08-2026 12:12,77628.69,250,250,250,250,0,15,-0.355,0.000113,-20.79,81.37
26-08-2026 12:13,77644.07,250,250,250,250,0,15,-0.3532,0.000113,-20.76,81.24
26-08-2026 12:14,77671.32,250,250,250,250,0,15,-0.3502,0.000112,-20.71,81.02
26-08-2026 12:15,77660.23,250,250,250,250,0,15,-0.3514,0.000112,-20.73,81.11
26-08-2026 12:16,77674.53,250,250,250,250,0,15,-0.3498,0.000112,-20.7,80.99
26-08-2026 12:17,77681.01,250,261.4,250,261.4,20,8.06,-0.2457,0.000177,-9.49,68.93
26-08-2026 12:18,77688.2,261.4,261.4,254.65,254.65,20,7.99,-0.2425,0.000178,-9.34,68.45
26-08-2026 12:19,77692.11,254.65,254.65,254.65,254.65,0,15,-0.3478,0.000112,-20.67,80.84
26-08-2026 12:20,77688.68,254.65,254.65,254.65,254.65,0,15,-0.3482,0.000112,-20.67,80.87
26-08-2026 12:21,77677.17,254.65,254.65,254.65,254.65,0,15,-0.3495,0.000112,-20.7,80.96
26-08-2026 12:22,77682.02,254.65,254.65,253,253,20,7.95,-0.2424,0.000179,-9.28,68.43
26-08-2026 12:23,77680.43,253,253,253,253,0,15,-0.3491,0.000112,-20.69,80.93
26-08-2026 12:24,77705.53,253,253,253,253,0,15,-0.3463,0.000112,-20.64,80.72
26-08-2026 12:25,77694.67,253,253,253,253,0,15,-0.3475,0.000112,-20.66,80.81
26-08-2026 12:26,77684.24,253,253,253,253,0,15,-0.3487,0.000112,-20.68,80.9
26-08-2026 12:27,77667.72,253,253,253,253,0,15,-0.3506,0.000112,-20.72,81.03
26-08-2026 12:28,77661.47,253,253,253,253,0,15,-0.3513,0.000112,-20.73,81.09
26-08-2026 12:29,77679.02,253,253,253,253,0,15,-0.3493,0.000112,-20.7,80.94
26-08-2026 12:30,77659.38,253,253,253,253,0,15,-0.3515,0.000112,-20.74,81.1
26-08-2026 12:31,77653.26,253,253,253,253,0,15,-0.3522,0.000112,-20.75,81.15
26-08-2026 12:32,77649.6,253,253,253,253,0,15,-0.3526,0.000112,-20.76,81.18
26-08-2026 12:33,77651.65,253,253,253,253,0,15,-0.3524,0.000112,-20.75,81.16
26-08-2026 12:34,77675.41,253,253,253,253,0,15,-0.3497,0.000112,-20.7,80.96
26-08-2026 12:35,77680.06,253,262.7,253,262.7,100,8.08,-0.2463,0.000177,-9.52,69
26-08-2026 12:36,77687.14,256.2,256.2,256.2,256.2,40,8.01,-0.2432,0.000178,-9.38,68.54
26-08-2026 12:37,77689.18,256.2,257.15,256.2,257.15,40,8.03,-0.2434,0.000177,-9.41,68.57
26-08-2026 12:38,77681.42,257.15,257.15,257.15,257.15,0,15,-0.349,0.000112,-20.69,80.91
26-08-2026 12:39,77674.9,257.2,257.2,257.2,257.2,100,7.98,-0.2446,0.000179,-9.38,68.74
26-08-2026 12:40,77662.84,257.2,257.2,257.2,257.2,0,15,-0.3511,0.000112,-20.73,81.06
26-08-2026 12:41,77653.25,257.2,257.2,257.2,257.2,0,15,-0.3522,0.000112,-20.75,81.14
26-08-2026 12:42,77667.05,257.2,257.2,257.2,257.2,0,15,-0.3506,0.000112,-20.72,81.02
26-08-2026 12:43,77684.74,257.2,257.2,257.2,257.2,0,15,-0.3486,0.000112,-20.69,80.88
26-08-2026 12:44,77679.43,257.2,257.2,257.2,257.2,0,15,-0.3492,0.000112,-20.7,80.92
26-08-2026 12:45,77672.93,257.2,257.2,257.2,257.2,0,15,-0.35,0.000112,-20.71,80.97
26-08-2026 12:46,77684.37,257.2,257.2,257.2,257.2,0,15,-0.3487,0.000112,-20.69,80.88
26-08-2026 12:47,77660.46,257.2,257.2,257.2,257.2,0,15,-0.3513,0.000112,-20.74,81.07
26-08-2026 12:48,77674.38,257.2,257.2,257.2,257.2,0,15,-0.3498,0.000112,-20.71,80.96
26-08-2026 12:49,77669.81,257.2,257.2,257.2,257.2,0,15,-0.3503,0.000112,-20.72,80.99
26-08-2026 12:50,77655.51,257.2,257.2,257.2,257.2,0,15,-0.3519,0.000112,-20.75,81.11
26-08-2026 12:51,77651.27,257.2,257.2,257.2,257.2,0,15,-0.3524,0.000112,-20.76,81.14
26-08-2026 12:52,77653.98,257.2,257.2,257.2,257.2,0,15,-0.3521,0.000112,-20.75,81.12
26-08-2026 12:53,77643.06,257.2,257.2,257.2,257.2,0,15,-0.3533,0.000113,-20.77,81.21
26-08-2026 12:54,77649.61,257.2,257.2,257.2,257.2,0,15,-0.3526,0.000113,-20.76,81.15
26-08-2026 12:55,77661.96,257.2,257.2,257.2,257.2,0,15,-0.3512,0.000112,-20.74,81.05
26-08-2026 12:56,77669.28,257.2,257.2,257.2,257.2,0,15,-0.3503,0.000112,-20.72,80.99
26-08-2026 12:57,77665.5,257.2,257.2,257.2,257.2,0,15,-0.3508,0.000112,-20.73,81.02
26-08-2026 12:58,77672.45,257.2,257.2,257.2,257.2,0,15,-0.35,0.000112,-20.72,80.96
26-08-2026 12:59,77669.16,257.2,257.2,257.2,257.2,0,15,-0.3504,0.000112,-20.72,80.99
26-08-2026 13:00,77666.32,257.2,257.2,257.2,257.2,0,15,-0.3507,0.000112,-20.73,81.01
26-08-2026 13:01,77641.64,257.2,266.55,257.2,266.55,60,8,-0.2511,0.000181,-9.53,69.65
26-08-2026 13:02,77625.58,266.55,266.55,266.55,266.55,0,15,-0.3553,0.000113,-20.81,81.34
26-08-2026 13:03,77640.53,266.55,266.55,266.55,266.55,0,15,-0.3536,0.000113,-20.78,81.22
26-08-2026 13:04,77649.87,266.55,266.55,262,262,20,7.97,-0.2487,0.000181,-9.44,69.3
26-08-2026 13:05,77663.04,262,262,262,262,0,15,-0.351,0.000112,-20.74,81.03
26-08-2026 13:06,77664.88,262,262,262,262,0,15,-0.3508,0.000112,-20.73,81.02
26-08-2026 13:07,77661.98,262,262,262,262,0,15,-0.3511,0.000112,-20.74,81.04
26-08-2026 13:08,77656.2,262,262,262,262,0,15,-0.3518,0.000112,-20.75,81.09
26-08-2026 13:09,77642.51,262,262,262,262,0,15,-0.3533,0.000113,-20.78,81.2
26-08-2026 13:10,77627.03,262,262,262,262,0,15,-0.3551,0.000113,-20.81,81.32
26-08-2026 13:11,77637.33,262,262,262,262,0,15,-0.3539,0.000113,-20.79,81.24
26-08-2026 13:12,77638.78,262,262,262,262,0,15,-0.3538,0.000113,-20.79,81.22
26-08-2026 13:13,77636.25,262,262,262,262,0,15,-0.354,0.000113,-20.79,81.24
26-08-2026 13:14,77626.14,262,262,262,262,0,15,-0.3552,0.000113,-20.81,81.32
26-08-2026 13:15,77619.98,262,262,262,262,0,15,-0.3559,0.000113,-20.83,81.37
26-08-2026 13:16,77604.96,262,262,262,262,0,15,-0.3576,0.000113,-20.86,81.49
26-08-2026 13:17,77587.17,262,262,262,262,0,15,-0.3596,0.000113,-20.89,81.63
26-08-2026 13:18,77608.18,262,262,262,262,0,15,-0.3572,0.000113,-20.85,81.46
26-08-2026 13:19,77604.98,262,262,262,262,0,15,-0.3576,0.000113,-20.86,81.49
26-08-2026 13:20,77578.75,262,262,262,262,0,15,-0.3605,0.000114,-20.91,81.69
26-08-2026 13:21,77587.6,262,262,262,262,0,15,-0.3595,0.000113,-20.89,81.62
26-08-2026 13:22,77596.92,262,262,262,262,0,15,-0.3585,0.000113,-20.87,81.55
26-08-2026 13:23,77585.33,262,262,262,262,0,15,-0.3598,0.000113,-20.9,81.63
26-08-2026 13:24,77583.99,262,262,262,262,0,15,-0.3599,0.000113,-20.9,81.64
26-08-2026 13:25,77596.93,262,262,262,262,0,15,-0.3585,0.000113,-20.87,81.54
26-08-2026 13:26,77580.59,262,262,262,262,0,15,-0.3603,0.000114,-20.91,81.67
26-08-2026 13:27,77581.31,262,262,262,262,0,15,-0.3602,0.000114,-20.9,81.66
26-08-2026 13:28,77603.67,262,262,262,262,0,15,-0.3577,0.000113,-20.86,81.49
26-08-2026 13:29,77587.18,262,262,262,262,0,15,-0.3596,0.000113,-20.89,81.61
26-08-2026 13:30,77601.18,262,262,262,262,0,15,-0.358,0.000113,-20.87,81.5
26-08-2026 13:31,77589.86,262,262,262,262,0,15,-0.3593,0.000113,-20.89,81.59
26-08-2026 13:32,77582.69,262,262,262,262,0,15,-0.3601,0.000113,-20.9,81.65
26-08-2026 13:33,77581.64,262,262,262,262,0,15,-0.3602,0.000114,-20.91,81.65
26-08-2026 13:34,77590.28,262,262,262,262,0,15,-0.3592,0.000113,-20.89,81.58
26-08-2026 13:35,77590.36,262,262,262,262,0,15,-0.3592,0.000113,-20.89,81.58
26-08-2026 13:36,77586.31,262,262,262,262,0,15,-0.3597,0.000113,-20.9,81.61
26-08-2026 13:37,77591.27,262,262,262,262,0,15,-0.3591,0.000113,-20.89,81.57
26-08-2026 13:38,77596.86,262,262,262,262,0,15,-0.3585,0.000113,-20.88,81.53
26-08-2026 13:39,77603.92,262,262,262,262,0,15,-0.3577,0.000113,-20.86,81.47
26-08-2026 13:40,77587.26,262,262,262,262,0,15,-0.3595,0.000113,-20.9,81.6
26-08-2026 13:41,77605.84,268.1,268.1,268.1,268.1,20,7.9,-0.2548,0.000185,-9.47,70.13
26-08-2026 13:42,77577.99,268.1,268.1,268.1,268.1,0,15,-0.3606,0.000114,-20.91,81.67
26-08-2026 13:43,77591.82,268.1,268.1,268.1,268.1,0,15,-0.359,0.000113,-20.89,81.56
26-08-2026 13:44,77584.72,268.1,268.1,268.1,268.1,0,15,-0.3598,0.000113,-20.9,81.62
26-08-2026 13:45,77579.2,268.1,268.1,268.1,268.1,0,15,-0.3604,0.000114,-20.91,81.66
26-08-2026 13:46,77579.81,268.1,277.75,268.1,277.75,20,7.94,-0.2607,0.000186,-9.63,70.93
26-08-2026 13:47,77576.68,277.75,277.75,277.75,277.75,0,15,-0.3607,0.000114,-20.92,81.68
26-08-2026 13:48,77578.94,277.75,277.75,277.75,277.75,0,15,-0.3605,0.000114,-20.91,81.66
26-08-2026 13:49,77575.89,277.75,277.75,277.75,277.75,0,15,-0.3608,0.000114,-20.92,81.68
26-08-2026 13:50,77584.22,277.75,277.75,277.75,277.75,0,15,-0.3599,0.000113,-20.9,81.61
26-08-2026 13:51,77571.1,277.75,277.75,277.75,277.75,0,15,-0.3614,0.000114,-20.93,81.71
26-08-2026 13:52,77605.8,275.3,275.3,272.9,272.9,60,7.96,-0.2566,0.000184,-9.59,70.37
26-08-2026 13:53,77582.16,272.9,272.9,272.9,272.9,0,15,-0.3601,0.000114,-20.91,81.63
26-08-2026 13:54,77585.49,272.9,272.9,272.9,272.9,0,15,-0.3597,0.000113,-20.9,81.6
26-08-2026 13:55,77594.71,272.9,272.9,272.9,272.9,0,15,-0.3587,0.000113,-20.88,81.53
26-08-2026 13:56,77584.09,272.9,272.9,272.9,272.9,0,15,-0.3599,0.000114,-20.91,81.61
26-08-2026 13:57,77572.65,272.9,272.9,272.9,272.9,0,15,-0.3612,0.000114,-20.93,81.7
26-08-2026 13:58,77591.7,272.9,272.9,272.9,272.9,0,15,-0.359,0.000113,-20.89,81.55
26-08-2026 13:59,77594.28,272.9,272.9,272.9,272.9,0,15,-0.3587,0.000113,-20.89,81.53
26-08-2026 14:00,77593.11,272.9,274.7,272.9,274.7,20,7.95,-0.2584,0.000185,-9.6,70.61
26-08-2026 14:01,77601.99,274.7,274.7,274.7,274.7,0,15,-0.3578,0.000113,-20.87,81.46
26-08-2026 14:02,77586.87,274.7,274.7,274.7,274.7,0,15,-0.3596,0.000113,-20.9,81.58
26-08-2026 14:03,77620.14,274.7,274.7,274.7,274.7,0,15,-0.3558,0.000113,-20.84,81.32
26-08-2026 14:04,77612.73,274.7,274.7,274.7,274.7,0,15,-0.3566,0.000113,-20.85,81.38
26-08-2026 14:05,77598.03,274.7,274.7,274.7,274.7,0,15,-0.3583,0.000113,-20.88,81.49
26-08-2026 14:06,77603.65,274.7,274.7,274.7,274.7,0,15,-0.3576,0.000113,-20.87,81.45
26-08-2026 14:07,77573.24,274.7,274.7,274.7,274.7,0,15,-0.3611,0.000114,-20.93,81.68
26-08-2026 14:08,77580.91,274.7,274.7,274.7,274.7,0,15,-0.3602,0.000114,-20.91,81.62
26-08-2026 14:09,77609.76,274.7,274.7,274.7,274.7,0,15,-0.357,0.000113,-20.86,81.39
26-08-2026 14:10,77606.32,274.7,274.7,274.7,274.7,0,15,-0.3573,0.000113,-20.87,81.42
26-08-2026 14:11,77600.42,274.7,274.7,274.7,274.7,0,15,-0.358,0.000113,-20.88,81.47
26-08-2026 14:12,77650.65,274.7,274.7,274.7,274.7,0,15,-0.3523,0.000113,-20.78,81.06
26-08-2026 14:13,77626.99,274.7,274.7,254.3,254.3,80,7.78,-0.2478,0.000185,-9.2,69.09
26-08-2026 14:14,77614.25,254.3,257.95,254.3,257.95,20,7.79,-0.2504,0.000186,-9.26,69.46
26-08-2026 14:15,77622.91,257.95,257.95,257.95,257.95,0,15,-0.3555,0.000113,-20.83,81.28
26-08-2026 14:16,77626.84,257.95,257.95,253.25,253.25,40,7.76,-0.2474,0.000185,-9.18,69.03
26-08-2026 14:17,77628.05,253.25,253.25,253.25,253.25,0,15,-0.3549,0.000113,-20.82,81.24
26-08-2026 14:18,77635.89,253.25,253.25,252.85,252.85,20,7.79,-0.2464,0.000184,-9.19,68.89
26-08-2026 14:19,77633.51,254.15,254.15,254.15,254.15,20,7.8,-0.2471,0.000184,-9.22,69
26-08-2026 14:20,77630.98,254.15,254.15,254.15,254.15,0,15,-0.3545,0.000113,-20.82,81.21
26-08-2026 14:21,77633.96,250,250,250,250,40,7.74,-0.2455,0.000185,-9.12,68.75
26-08-2026 14:22,77634.63,250,250,250,250,0,15,-0.3541,0.000113,-20.81,81.18
26-08-2026 14:23,77630.9,250,250,250,250,0,15,-0.3545,0.000113,-20.82,81.21
26-08-2026 14:24,77615.08,250,250,250,250,0,15,-0.3563,0.000113,-20.85,81.34
26-08-2026 14:25,77613.57,258.15,259.95,258.15,259.95,40,7.82,-0.2512,0.000186,-9.31,69.57
26-08-2026 14:26,77617.37,259.95,259.95,259.95,259.95,0,15,-0.3561,0.000113,-20.85,81.32
26-08-2026 14:27,77608.51,259.95,259.95,259.95,259.95,0,15,-0.3571,0.000113,-20.87,81.38
26-08-2026 14:28,77592.59,259.95,259.95,259.95,259.95,0,15,-0.3589,0.000113,-20.9,81.51
26-08-2026 14:29,77605.27,259.95,259.95,259.95,259.95,0,15,-0.3574,0.000113,-20.87,81.41
26-08-2026 14:30,77600.33,259.95,259.95,259.95,259.95,0,15,-0.358,0.000113,-20.88,81.45
26-08-2026 14:31,77623,259.95,259.95,259.95,259.95,0,15,-0.3554,0.000113,-20.84,81.27
26-08-2026 14:32,77607.31,259.95,259.95,259.95,259.95,0,15,-0.3572,0.000113,-20.87,81.39
26-08-2026 14:33,77611.58,259.95,259.95,259.95,259.95,0,15,-0.3567,0.000113,-20.86,81.35
26-08-2026 14:34,77637.06,259.95,259.95,259.95,259.95,0,15,-0.3538,0.000113,-20.81,81.15
26-08-2026 14:35,77626.46,259.95,259.95,259.95,259.95,0,15,-0.355,0.000113,-20.83,81.23
26-08-2026 14:36,77625.51,259.95,259.95,259.95,259.95,0,15,-0.3551,0.000113,-20.83,81.24
26-08-2026 14:37,77628.66,259.95,259.95,259.95,259.95,0,15,-0.3548,0.000113,-20.83,81.21
26-08-2026 14:38,77625.07,259.95,259.95,259.95,259.95,0,15,-0.3552,0.000113,-20.83,81.24
26-08-2026 14:39,77628.69,259.95,259.95,259.95,259.95,0,15,-0.3548,0.000113,-20.83,81.21
26-08-2026 14:40,77629.68,259.95,259.95,259.95,259.95,0,15,-0.3547,0.000113,-20.83,81.2
26-08-2026 14:41,77634.32,259.95,259.95,259.95,259.95,0,15,-0.3541,0.000113,-20.82,81.16
26-08-2026 14:42,77630.96,259.95,259.95,259.95,259.95,0,15,-0.3545,0.000113,-20.82,81.19
26-08-2026 14:43,77637.09,259.95,259.95,245.2,245.2,20,7.68,-0.2433,0.000186,-9.01,68.4
26-08-2026 14:44,77626.18,245.2,245.2,245.2,245.2,0,15,-0.355,0.000113,-20.83,81.23
26-08-2026 14:45,77635.71,245.2,245.2,245.2,245.2,0,15,-0.354,0.000113,-20.81,81.15
26-08-2026 14:46,77641.99,245.2,245.2,245.2,245.2,0,15,-0.3533,0.000113,-20.8,81.1
26-08-2026 14:47,77669.27,245.2,245.2,245.2,245.2,0,15,-0.3502,0.000112,-20.75,80.87
26-08-2026 14:48,77644.83,245.2,245.2,245.2,245.2,0,15,-0.3529,0.000113,-20.8,81.07
26-08-2026 14:49,77666.87,245.2,245.2,245.2,245.2,0,15,-0.3505,0.000112,-20.75,80.89
26-08-2026 14:50,77664.34,245.2,245.2,245.2,245.2,0,15,-0.3507,0.000112,-20.76,80.91
26-08-2026 14:51,77668.15,245.2,245.2,245.2,245.2,0,15,-0.3503,0.000112,-20.75,80.88
26-08-2026 14:52,77657.85,245.2,245.2,245.2,245.2,0,15,-0.3515,0.000113,-20.77,80.96
26-08-2026 14:53,77670.84,245.2,245.2,233.5,233.5,20,7.63,-0.2356,0.000184,-8.8,67.24
26-08-2026 14:54,77668.85,233.5,233.5,233.5,233.5,0,15,-0.3502,0.000112,-20.75,80.87
26-08-2026 14:55,77647.89,233.5,233.5,233.5,233.5,0,15,-0.3526,0.000113,-20.79,81.04
26-08-2026 14:56,77655.79,233.5,233.5,233.5,233.5,0,15,-0.3517,0.000113,-20.78,80.97
26-08-2026 14:57,77682.92,233.5,233.5,233.5,233.5,0,15,-0.3486,0.000112,-20.72,80.75
26-08-2026 14:58,77666.38,233.5,233.5,233.5,233.5,0,15,-0.3505,0.000112,-20.75,80.88
26-08-2026 14:59,77656.56,233.5,233.5,233.5,233.5,0,15,-0.3516,0.000113,-20.78,80.96
26-08-2026 15:00,77614.03,233.5,245.2,233.5,245.2,60,7.61,-0.2454,0.000189,-8.95,68.69
26-08-2026 15:01,77638.76,245.2,245.2,245.2,245.2,0,15,-0.3536,0.000113,-20.81,81.11
26-08-2026 15:02,77637.49,245.2,245.2,245.2,245.2,0,15,-0.3537,0.000113,-20.82,81.12
26-08-2026 15:03,77639.21,245.2,245.2,245.2,245.2,0,15,-0.3535,0.000113,-20.81,81.1
26-08-2026 15:04,77652.77,245.2,245.2,245.2,245.2,0,15,-0.352,0.000113,-20.78,80.99
26-08-2026 15:05,77622.76,245.2,245.2,245.2,245.2,0,15,-0.3554,0.000113,-20.85,81.23
26-08-2026 15:06,77590.53,245.2,245.2,245.2,245.2,0,15,-0.3591,0.000114,-20.91,81.48
26-08-2026 15:07,77604.92,245.2,245.2,245.2,245.2,0,15,-0.3574,0.000113,-20.88,81.37
26-08-2026 15:08,77607.03,245.2,245.2,245.2,245.2,0,15,-0.3572,0.000113,-20.88,81.35
26-08-2026 15:09,77611.36,245.2,245.2,245.2,245.2,0,15,-0.3567,0.000113,-20.87,81.32
26-08-2026 15:10,77620.74,245.2,245.2,245.2,245.2,0,15,-0.3556,0.000113,-20.85,81.24
26-08-2026 15:11,77617.06,245.2,245.2,245.2,245.2,0,15,-0.356,0.000113,-20.86,81.27
26-08-2026 15:12,77614.11,245.2,245.2,245.2,245.2,0,15,-0.3564,0.000113,-20.86,81.29
26-08-2026 15:13,77641.94,245.2,245.2,245.2,245.2,0,15,-0.3532,0.000113,-20.81,81.07
26-08-2026 15:14,77604.38,245.2,245.2,245.2,245.2,0,15,-0.3575,0.000113,-20.88,81.37
26-08-2026 15:15,77614.31,245.2,245.2,245,245,20,7.6,-0.2453,0.000189,-8.95,68.66
26-08-2026 15:16,77614.31,245,245,245,245,0,15,-0.3563,0.000113,-20.86,81.29
26-08-2026 15:17,77614.31,245,245,245,245,0,15,-0.3563,0.000113,-20.86,81.29
26-08-2026 15:18,77614.31,245,245,245,245,0,15,-0.3563,0.000113,-20.87,81.28
26-08-2026 15:19,77614.31,245,245,245,245,0,15,-0.3563,0.000113,-20.87,81.28
26-08-2026 15:20,77614.31,245,245,245,245,0,15,-0.3563,0.000113,-20.87,81.28
26-08-2026 15:21,77614.31,245,245,245,245,0,15,-0.3563,0.000113,-20.87,81.28
26-08-2026 15:22,77614.31,245,245,245,245,0,15,-0.3563,0.000113,-20.87,81.28
26-08-2026 15:23,77614.31,245,257,245,257,40,7.78,-0.25,0.000186,-9.25,69.35
26-08-2026 15:24,77614.31,257,257,257,257,0,15,-0.3563,0.000113,-20.87,81.28
26-08-2026 15:25,77614.31,257,257,257,257,0,15,-0.3563,0.000113,-20.87,81.28
26-08-2026 15:26,77614.31,257,257,257,257,0,15,-0.3563,0.000113,-20.87,81.28
26-08-2026 15:27,77614.31,257,260,257,260,80,7.82,-0.2511,0.000186,-9.33,69.51
26-08-2026 15:28,77472.94,260,260,260,260,0,15,-0.3725,0.000115,-21.13,82.33
26-08-2026 15:29,77472.94,260,260,260,260,0,15,-0.3725,0.000115,-21.13,82.33
27-08-2026 09:23,77477.79,275,275,275,275,20,7.63,-0.2699,0.0002,-9.55,71.07
27-08-2026 09:24,77483.71,275,275,275,275,0,15,-0.3699,0.000116,-21.37,81.1
27-08-2026 09:25,77460.52,275,275,275,275,0,15,-0.3726,0.000117,-21.41,81.26
27-08-2026 09:26,77495.79,275,278.55,275,276.15,40,7.71,-0.2684,0.000198,-9.63,70.9
27-08-2026 09:27,77467.65,276.15,290,276.15,290,40,7.8,-0.2762,0.000198,-9.87,71.87
27-08-2026 09:28,77428.73,290,295.1,290,290.85,40,7.66,-0.2806,0.000204,-9.76,72.39
27-08-2026 09:29,77392.34,290.85,296,290.85,296,20,7.59,-0.2864,0.000208,-9.76,73.06
27-08-2026 09:30,77395.1,296,296,296,296,0,15,-0.3802,0.000117,-21.53,81.7
27-08-2026 09:31,77354.02,296,300,296,300,20,7.5,-0.2921,0.000212,-9.72,73.71
27-08-2026 09:32,77373.15,300,301.2,300,301.15,60,7.59,-0.2902,0.000209,-9.82,73.51
27-08-2026 09:33,77385.92,301.15,308.6,301.15,308.6,20,7.74,-0.2912,0.000205,-10.03,73.62
27-08-2026 09:34,77421.64,308.6,308.6,308.6,308.6,0,15,-0.3771,0.000117,-21.48,81.52
27-08-2026 09:35,77427.12,308.6,308.6,308.6,308.6,0,15,-0.3765,0.000117,-21.47,81.48
27-08-2026 09:36,77414.72,308.6,308.6,308.6,308.6,0,15,-0.3779,0.000117,-21.5,81.56
27-08-2026 09:37,77401.14,308.6,308.6,308.6,308.6,0,15,-0.3795,0.000117,-21.52,81.65
27-08-2026 09:38,77391.6,308.6,308.6,308.6,308.6,0,15,-0.3806,0.000118,-21.54,81.71
27-08-2026 09:39,77389.84,308.6,308.6,308.6,308.6,0,15,-0.3808,0.000118,-21.54,81.72
27-08-2026 09:40,77409.94,308.6,308.6,308.6,308.6,0,15,-0.3785,0.000117,-21.51,81.59
27-08-2026 09:41,77395.73,308.6,308.6,308.6,308.6,0,15,-0.3802,0.000117,-21.53,81.68
27-08-2026 09:42,77416.23,308.6,308.6,308.6,308.6,0,15,-0.3777,0.000117,-21.5,81.55
27-08-2026 09:43,77427.64,308.6,308.6,308.6,308.6,0,15,-0.3764,0.000117,-21.48,81.47
27-08-2026 09:44,77446.09,308.6,308.6,308.6,308.6,0,15,-0.3742,0.000117,-21.44,81.34
27-08-2026 09:45,77464.14,308.6,308.6,308.6,308.6,0,15,-0.3721,0.000117,-21.41,81.22
27-08-2026 09:46,77466.59,308.6,308.6,308.6,308.6,0,15,-0.3719,0.000117,-21.41,81.2
27-08-2026 09:47,77491.41,308.6,308.6,308.6,308.6,0,15,-0.369,0.000116,-21.36,81.02
27-08-2026 09:48,77498.8,308.6,308.6,308.6,308.6,0,15,-0.3681,0.000116,-21.35,80.97
27-08-2026 09:49,77506.41,308.6,308.6,308.6,308.6,0,15,-0.3672,0.000116,-21.34,80.91
27-08-2026 09:50,77462.63,308.6,308.6,308.6,308.6,0,15,-0.3723,0.000117,-21.42,81.22
27-08-2026 09:51,77459.32,308.6,308.6,308.6,308.6,0,15,-0.3727,0.000117,-21.42,81.24
27-08-2026 09:52,77454.66,308.6,308.6,285.65,285.65,20,7.69,-0.276,0.000201,-9.73,71.82
27-08-2026 09:53,77478.31,285.65,285.65,285.65,285.65,0,15,-0.3705,0.000116,-21.39,81.11
27-08-2026 09:54,77459.35,285.65,285.65,285.65,285.65,0,15,-0.3727,0.000117,-21.42,81.24
27-08-2026 09:55,77447.8,285.65,285.65,285.65,285.65,0,15,-0.374,0.000117,-21.44,81.32
27-08-2026 09:56,77421.07,285.65,285.65,285.65,285.65,0,15,-0.3772,0.000117,-21.49,81.5
27-08-2026 09:57,77437.11,285.65,285.65,285.65,285.65,0,15,-0.3753,0.000117,-21.46,81.39
27-08-2026 09:58,77376.97,285.65,285.65,285.65,285.65,0,15,-0.3823,0.000118,-21.56,81.79
27-08-2026 09:59,77411.45,285.65,285.65,285.65,285.65,0,15,-0.3783,0.000117,-21.51,81.56
27-08-2026 10:00,77384.88,285.65,285.65,285.65,285.65,0,15,-0.3814,0.000118,-21.55,81.73
27-08-2026 10:01,77342.16,285.65,285.65,285.65,285.65,0,15,-0.3864,0.000118,-21.62,82
27-08-2026 10:02,77394.63,285.65,285.65,285.65,285.65,0,15,-0.3803,0.000118,-21.54,81.67
27-08-2026 10:03,77358.56,285.65,285.65,285.65,285.65,0,15,-0.3845,0.000118,-21.6,81.9
27-08-2026 10:04,77389.69,285.65,285.65,285.65,285.65,0,15,-0.3808,0.000118,-21.55,81.7
27-08-2026 10:05,77369.38,285.65,285.65,285.65,285.65,0,15,-0.3832,0.000118,-21.58,81.83
27-08-2026 10:06,77370.12,285.65,285.65,285.65,285.65,0,15,-0.3831,0.000118,-21.58,81.82
27-08-2026 10:07,77383.06,285.65,285.65,285.65,285.65,0,15,-0.3816,0.000118,-21.56,81.74
27-08-2026 10:08,77380.19,285.65,305,285.65,305,40,7.67,-0.2907,0.000207,-9.94,73.53
27-08-2026 10:09,77395.9,305,305,305,305,0,15,-0.3801,0.000118,-21.54,81.65
27-08-2026 10:10,77394.18,305,305,305,305,0,15,-0.3803,0.000118,-21.54,81.66
27-08-2026 10:11,77377.4,305,305,305,305,0,15,-0.3823,0.000118,-21.57,81.77
27-08-2026 10:12,77378.82,305,305,305,305,0,15,-0.3821,0.000118,-21.57,81.76
27-08-2026 10:13,77368.48,305,305,305,305,0,15,-0.3833,0.000118,-21.58,81.83
27-08-2026 10:14,77360.58,305,314.95,305,314.95,20,7.73,-0.296,0.000207,-10.09,74.13
27-08-2026 10:15,77381.22,315,315,315,315,20,7.81,-0.2937,0.000204,-10.17,73.88
27-08-2026 10:16,77361.61,315,315,315,315,0,15,-0.3841,0.000118,-21.59,81.87
27-08-2026 10:17,77359.25,315,315,315,315,0,15,-0.3844,0.000118,-21.6,81.88
27-08-2026 10:18,77364.55,315,315,315,315,0,15,-0.3838,0.000118,-21.59,81.84
27-08-2026 10:19,77366.94,315,315,315,315,0,15,-0.3835,0.000118,-21.59,81.83
27-08-2026 10:20,77358.09,315,315,315,315,0,15,-0.3845,0.000118,-21.6,81.88
27-08-2026 10:21,77352.03,315,315,315,315,0,15,-0.3853,0.000118,-21.61,81.92
27-08-2026 10:22,77355.23,315,315,315,315,0,15,-0.3849,0.000118,-21.61,81.9
27-08-2026 10:23,77357.51,315,315,315,315,0,15,-0.3846,0.000118,-21.6,81.88
27-08-2026 10:24,77332.4,315,315,315,315,20,7.62,-0.2994,0.000212,-9.99,74.47
27-08-2026 10:25,77336.18,315,315,315,315,0,15,-0.3871,0.000118,-21.64,82.01
27-08-2026 10:26,77348.25,315,315,315,315,0,15,-0.3857,0.000118,-21.62,81.94
27-08-2026 10:27,77340.65,315,315,315,315,0,15,-0.3866,0.000118,-21.63,81.98
27-08-2026 10:28,77355.24,315,315,315,315,0,15,-0.3849,0.000118,-21.61,81.89
27-08-2026 10:29,77335.89,315,315,309.5,309.5,40,7.56,-0.2973,0.000213,-9.89,74.23
27-08-2026 10:30,77318.47,309.5,311.85,309.5,311.8,40,7.52,-0.3001,0.000215,-9.87,74.53
27-08-2026 10:31,77358.75,311.8,311.85,311.8,311.85,20,7.68,-0.2953,0.000208,-10.02,74.03
27-08-2026 10:32,77346.41,311.85,311.85,309.5,309.5,120,7.6,-0.296,0.000211,-9.92,74.1
27-08-2026 10:33,77350.48,309.5,309.5,309.5,309.5,0,15,-0.3854,0.000118,-21.62,81.92
27-08-2026 10:34,77364.16,309.5,309.5,309.5,309.5,0,15,-0.3838,0.000118,-21.59,81.83
27-08-2026 10:35,77361.78,309.5,309.5,309.5,309.5,0,15,-0.3841,0.000118,-21.6,81.84
27-08-2026 10:36,77365.43,309.5,309.5,304.2,304.2,20,7.6,-0.2921,0.000209,-9.87,73.66
27-08-2026 10:37,77349.7,304.2,304.2,304.2,304.2,0,15,-0.3855,0.000118,-21.62,81.92
27-08-2026 10:38,77350.45,304.2,304.2,304.2,304.2,0,15,-0.3854,0.000118,-21.62,81.91
27-08-2026 10:39,77334.94,304.2,304.2,304.2,304.2,0,15,-0.3873,0.000118,-21.64,82.01
27-08-2026 10:40,77338.49,304.2,310.15,304.2,310.15,20,7.58,-0.2972,0.000212,-9.91,74.21
27-08-2026 10:41,77338.79,310.15,310.15,310.15,310.15,0,15,-0.3868,0.000118,-21.64,81.98
27-08-2026 10:42,77350.16,310.15,310.15,310.15,310.15,0,15,-0.3855,0.000118,-21.62,81.91
27-08-2026 10:43,77339.79,310.15,310.15,310.15,310.15,0,15,-0.3867,0.000118,-21.64,81.97
27-08-2026 10:44,77304.67,310.15,310.15,310.15,310.15,40,7.44,-0.3012,0.000217,-9.79,74.63
27-08-2026 10:45,77294.74,310.15,310.15,310.15,310.15,0,15,-0.392,0.000119,-21.7,82.24
27-08-2026 10:46,77315.49,310.15,310.15,310.15,310.15,0,15,-0.3896,0.000119,-21.67,82.12
27-08-2026 10:47,77329.96,310.15,310.15,310.15,310.15,0,15,-0.3878,0.000118,-21.65,82.03
27-08-2026 10:48,77318.47,310.15,310.15,310.15,310.15,0,15,-0.3892,0.000119,-21.67,82.1
27-08-2026 10:49,77321.24,310.15,310.15,310.15,310.15,0,15,-0.3889,0.000118,-21.67,82.08
27-08-2026 10:50,77301.69,310.15,320,310.15,320,120,7.56,-0.3046,0.000215,-10,74.99
27-08-2026 10:51,77275.97,320,320,320,320,0,15,-0.3942,0.000119,-21.73,82.34
27-08-2026 10:52,77283.32,327.35,327.35,327.35,327.35,20,7.59,-0.3092,0.000216,-10.09,75.46
27-08-2026 10:53,77272.98,327.35,327.35,327.35,327.35,0,15,-0.3946,0.000119,-21.74,82.35
27-08-2026 10:54,77285.89,327.35,327.35,327.35,327.35,0,15,-0.3931,0.000119,-21.72,82.28
27-08-2026 10:55,77275.91,327.35,327.35,327.35,327.35,0,15,-0.3942,0.000119,-21.73,82.34
27-08-2026 10:56,77277.71,327.35,330,327.35,330,20,7.6,-0.3106,0.000216,-10.13,75.61
27-08-2026 10:57,77278.69,330,330,330,330,0,15,-0.3939,0.000119,-21.73,82.32
27-08-2026 10:58,77266.61,330,330,330,330,40,7.55,-0.3121,0.000217,-10.09,75.75
27-08-2026 10:59,77272.87,330,330,330,330,0,15,-0.3946,0.000119,-21.74,82.35
27-08-2026 11:00,77269.72,330,330,330,330,0,15,-0.395,0.000119,-21.74,82.37
27-08-2026 11:01,77246.57,330,330,330,330,0,15,-0.3977,0.000119,-21.78,82.49
27-08-2026 11:02,77273.52,330,330,330,330,0,15,-0.3945,0.000119,-21.74,82.34
27-08-2026 11:03,77279.23,319.45,319.45,319.45,319.45,20,7.47,-0.3074,0.000219,-9.91,75.26
27-08-2026 11:04,77287.52,319.45,319.45,319.45,319.45,0,15,-0.3929,0.000119,-21.72,82.26
27-08-2026 11:05,77285.7,319.45,319.45,314.25,314.25,20,7.42,-0.305,0.000219,-9.82,75.01
27-08-2026 11:06,77279.35,314.25,314.25,314.25,314.25,0,15,-0.3938,0.000119,-21.73,82.3
27-08-2026 11:07,77284.02,314.25,322.1,314.25,322.1,20,7.52,-0.3075,0.000217,-9.99,75.28
27-08-2026 11:08,77277.79,322.1,322.1,322.1,322.1,0,15,-0.394,0.000119,-21.73,82.31
27-08-2026 11:09,77277.96,322.1,322.1,322.1,322.1,0,15,-0.394,0.000119,-21.73,82.31
27-08-2026 11:10,77269.95,322.1,322.1,322.1,322.1,0,15,-0.3949,0.000119,-21.75,82.35
27-08-2026 11:11,77267.19,322.1,322.1,322.1,322.1,0,15,-0.3953,0.000119,-21.75,82.37
27-08-2026 11:12,77259.24,322.1,322.1,322.1,322.1,0,15,-0.3962,0.000119,-21.76,82.41
27-08-2026 11:13,77257.19,322.1,322.1,322.1,322.1,0,15,-0.3965,0.000119,-21.77,82.42
27-08-2026 11:14,77257.72,323.3,323.3,323.3,323.3,20,7.43,-0.3113,0.000221,-9.91,75.64
27-08-2026 11:15,77247.63,323.3,323.3,323.3,323.3,0,15,-0.3976,0.000119,-21.78,82.47
27-08-2026 11:16,77242.27,323.3,323.3,323.3,323.3,0,15,-0.3982,0.000119,-21.79,82.5
27-08-2026 11:17,77242.14,323.3,323.3,323.3,323.3,0,15,-0.3982,0.000119,-21.79,82.5
27-08-2026 11:18,77223.84,323.3,335,323.3,335,20,7.44,-0.319,0.000223,-10.03,76.39
27-08-2026 11:19,77215.42,335,350,335,350,60,7.6,-0.3242,0.00022,-10.31,76.9
27-08-2026 11:20,77206.94,350,350,350,350,0,15,-0.4025,0.00012,-21.83,82.68
27-08-2026 11:21,77213.75,350,350,350,350,0,15,-0.4016,0.00012,-21.83,82.65
27-08-2026 11:22,77213.91,350,350,350,350,0,15,-0.4016,0.00012,-21.83,82.64
27-08-2026 11:23,77199.87,350,350,350,350,0,15,-0.4033,0.00012,-21.84,82.71
27-08-2026 11:24,77193.58,357,360,357,360,100,7.64,-0.3297,0.00022,-10.43,77.4
27-08-2026 11:25,77194.2,360,360,360,360,0,15,-0.404,0.00012,-21.85,82.74
27-08-2026 11:26,77213.91,360,360,346.2,346.2,100,7.55,-0.3234,0.000221,-10.22,76.81
27-08-2026 11:27,77199.3,346.2,346.2,346.2,346.2,0,15,-0.4034,0.00012,-21.85,82.71
27-08-2026 11:28,77203.8,346.2,346.2,346.2,346.2,100,7.5,-0.3248,0.000223,-10.18,76.93
27-08-2026 11:29,77204.99,346.2,346.2,346.2,346.2,0,15,-0.4027,0.00012,-21.84,82.68
27-08-2026 11:30,77189.97,346.2,346.2,346.2,346.2,0,15,-0.4045,0.00012,-21.86,82.76
27-08-2026 11:31,77218.85,346.2,346.2,344.35,344.35,20,7.54,-0.3222,0.000221,-10.21,76.7
27-08-2026 11:32,77217.95,344.35,344.35,344.35,344.35,0,15,-0.4011,0.00012,-21.82,82.61
27-08-2026 11:33,77231.31,344.35,344.35,335.75,335.75,20,7.48,-0.3182,0.000222,-10.08,76.31
27-08-2026 11:34,77257.53,335.75,335.75,335.75,335.75,0,15,-0.3964,0.000119,-21.77,82.4
27-08-2026 11:35,77266.58,335.75,335.75,335.75,335.75,0,15,-0.3953,0.000119,-21.76,82.35
27-08-2026 11:36,77254.91,335.75,335.75,335.75,335.75,0,15,-0.3967,0.000119,-21.77,82.41
27-08-2026 11:37,77237.53,335.75,335.75,335.75,335.75,0,15,-0.3988,0.000119,-21.8,82.5
27-08-2026 11:38,77239.42,335.75,335.75,335.75,335.75,0,15,-0.3986,0.000119,-21.8,82.49
27-08-2026 11:39,77251.57,335.75,335.75,335.75,335.75,0,15,-0.3971,0.000119,-21.78,82.42
27-08-2026 11:40,77270.8,335.75,335.75,335.75,335.75,0,15,-0.3948,0.000119,-21.75,82.32
27-08-2026 11:41,77251.71,335.75,335.75,335.75,335.75,0,15,-0.3971,0.000119,-21.78,82.42
27-08-2026 11:42,77233.29,335.75,335.75,335.75,335.75,0,15,-0.3993,0.00012,-21.81,82.52
27-08-2026 11:43,77230.19,335.75,335.75,335.75,335.75,0,15,-0.3997,0.00012,-21.81,82.54
27-08-2026 11:44,77231.85,335.75,335.75,335.75,335.75,0,15,-0.3995,0.00012,-21.81,82.53
27-08-2026 11:45,77239.62,335.75,335.75,335.75,335.75,0,15,-0.3985,0.000119,-21.8,82.48
27-08-2026 11:46,77212.06,335.75,335.75,335.75,335.75,0,15,-0.4018,0.00012,-21.83,82.63
27-08-2026 11:47,77235.82,335.75,335.75,335.75,335.75,0,15,-0.399,0.00012,-21.8,82.5
27-08-2026 11:48,77234.66,335.75,335.75,335.75,335.75,0,15,-0.3991,0.00012,-21.81,82.51
27-08-2026 11:49,77218.96,335.75,335.75,335.75,335.75,0,15,-0.401,0.00012,-21.83,82.59
27-08-2026 11:50,77210.77,335.75,335.75,335.75,335.75,0,15,-0.402,0.00012,-21.84,82.63
27-08-2026 11:51,77221.84,335.75,335.75,335.75,335.75,0,15,-0.4006,0.00012,-21.82,82.57
27-08-2026 11:52,77235.61,335.75,335.75,335.75,335.75,0,15,-0.399,0.00012,-21.81,82.5
27-08-2026 11:53,77245.9,335.75,335.75,335.75,335.75,0,15,-0.3978,0.000119,-21.79,82.44
27-08-2026 11:54,77240.23,335.75,335.75,335.75,335.75,0,15,-0.3984,0.000119,-21.8,82.47
27-08-2026 11:55,77260.69,335.75,335.75,335.75,335.75,0,15,-0.396,0.000119,-21.77,82.36
27-08-2026 11:56,77250.06,335.75,335.75,335.75,335.75,0,15,-0.3973,0.000119,-21.79,82.41
27-08-2026 11:57,77250.82,335.75,335.75,335.75,335.75,0,15,-0.3972,0.000119,-21.79,82.41
27-08-2026 11:58,77262.18,335.75,335.75,335.75,335.75,0,15,-0.3958,0.000119,-21.77,82.35
27-08-2026 11:59,77258.84,335.75,335.75,335.75,335.75,0,15,-0.3962,0.000119,-21.77,82.36
27-08-2026 12:00,77233.01,335.75,335.75,335.75,335.75,0,15,-0.3993,0.00012,-21.81,82.5
27-08-2026 12:01,77231.47,335.75,335.75,335.75,335.75,0,15,-0.3995,0.00012,-21.81,82.51
27-08-2026 12:02,77216.97,335.75,335.75,335.75,335.75,0,15,-0.4012,0.00012,-21.83,82.58
27-08-2026 12:03,77223.67,335.75,335.75,335.75,335.75,0,15,-0.4004,0.00012,-21.82,82.55
27-08-2026 12:04,77229.67,335.75,335.75,335.75,335.75,0,15,-0.3997,0.00012,-21.82,82.52
27-08-2026 12:05,77217.47,335.75,335.75,335.75,335.75,0,15,-0.4012,0.00012,-21.83,82.58
27-08-2026 12:06,77217.45,335.75,335.75,335.75,335.75,0,15,-0.4012,0.00012,-21.83,82.58
27-08-2026 12:07,77192.2,335.75,335.75,335.75,335.75,0,15,-0.4042,0.00012,-21.87,82.71
27-08-2026 12:08,77192.36,335.75,335.75,335.75,335.75,0,15,-0.4042,0.00012,-21.87,82.7
27-08-2026 12:09,77208.58,335.75,335.75,335.75,335.75,0,15,-0.4022,0.00012,-21.85,82.62
27-08-2026 12:10,77222.63,335.75,335.75,335.75,335.75,0,15,-0.4005,0.00012,-21.83,82.55
27-08-2026 12:11,77208.38,335.75,335.75,335.75,335.75,0,15,-0.4022,0.00012,-21.85,82.62
27-08-2026 12:12,77207.59,335.75,335.75,335.75,335.75,0,15,-0.4023,0.00012,-21.85,82.62
27-08-2026 12:13,77225.41,335.75,335.75,335.75,335.75,0,15,-0.4002,0.00012,-21.82,82.53
27-08-2026 12:14,77256.52,335.75,335.75,335.75,335.75,0,15,-0.3965,0.000119,-21.78,82.36
27-08-2026 12:15,77235.6,335.75,335.75,335.75,335.75,0,15,-0.399,0.00012,-21.81,82.47
27-08-2026 12:16,77242.07,335.75,335.75,335.75,335.75,0,15,-0.3982,0.00012,-21.8,82.44
27-08-2026 12:17,77266.63,335.75,335.75,335.75,335.75,0,15,-0.3953,0.000119,-21.77,82.3
27-08-2026 12:18,77240.57,335.75,335.75,335.75,335.75,0,15,-0.3984,0.00012,-21.81,82.44
27-08-2026 12:19,77222.69,335.75,335.75,335.75,335.75,0,15,-0.4005,0.00012,-21.83,82.54
27-08-2026 12:20,77203.39,335.75,335.75,335.75,335.75,0,15,-0.4028,0.00012,-21.86,82.64
27-08-2026 12:21,77219.42,335.75,335.75,335.75,335.75,0,15,-0.4009,0.00012,-21.83,82.55
27-08-2026 12:22,77211.65,335.75,335.75,335.75,335.75,0,15,-0.4018,0.00012,-21.84,82.59
27-08-2026 12:23,77206.73,335.75,335.75,335.75,335.75,0,15,-0.4024,0.00012,-21.85,82.62
27-08-2026 12:24,77203.98,335.75,335.75,335.75,335.75,0,15,-0.4028,0.00012,-21.86,82.63
27-08-2026 12:25,77228.69,335.75,335.75,335.75,335.75,0,15,-0.3998,0.00012,-21.82,82.5
27-08-2026 12:26,77241.75,335.75,335.75,335.75,335.75,0,15,-0.3982,0.00012,-21.81,82.43
27-08-2026 12:27,77270.66,335.75,335.75,323.3,323.3,20,7.49,-0.3096,0.000219,-9.98,75.41
27-08-2026 12:28,77254.83,323.3,323.3,323.3,323.3,0,15,-0.3967,0.000119,-21.79,82.35
27-08-2026 12:29,77252.95,323.3,323.3,323.3,323.3,0,15,-0.3969,0.000119,-21.79,82.36
27-08-2026 12:30,77242.77,323.3,323.3,323.3,323.3,0,15,-0.3981,0.00012,-21.81,82.42
27-08-2026 12:31,77244.83,323.3,323.3,323.3,323.3,0,15,-0.3979,0.000119,-21.8,82.41
27-08-2026 12:32,77235.61,323.3,323.3,323.3,323.3,0,15,-0.399,0.00012,-21.82,82.45
27-08-2026 12:33,77228.17,323.3,323.3,323.3,323.3,0,15,-0.3998,0.00012,-21.83,82.49
27-08-2026 12:34,77250.8,323.3,323.3,323.3,323.3,0,15,-0.3971,0.000119,-21.8,82.37
27-08-2026 12:35,77247.45,323.3,323.3,323.3,323.3,0,15,-0.3975,0.000119,-21.8,82.39
27-08-2026 12:36,77255.43,323.3,323.3,323.3,323.3,0,15,-0.3966,0.000119,-21.79,82.34
27-08-2026 12:37,77283.63,323.3,323.3,323.3,323.3,0,15,-0.3932,0.000119,-21.75,82.18
27-08-2026 12:38,77304.9,323.3,323.3,323.3,323.3,0,15,-0.3907,0.000119,-21.72,82.06
27-08-2026 12:39,77310.62,323.3,323.3,323.3,323.3,0,15,-0.39,0.000119,-21.71,82.02
27-08-2026 12:40,77309.19,323.3,323.3,323.3,323.3,0,15,-0.3902,0.000119,-21.71,82.03
27-08-2026 12:41,77315.23,323.3,323.3,323.3,323.3,0,15,-0.3895,0.000119,-21.7,81.99
27-08-2026 12:42,77306.55,323.3,323.3,323.3,323.3,0,15,-0.3905,0.000119,-21.72,82.04
27-08-2026 12:43,77288.55,323.3,323.3,323.3,323.3,0,15,-0.3926,0.000119,-21.74,82.15
27-08-2026 12:44,77304.22,323.3,323.3,323.3,323.3,0,15,-0.3908,0.000119,-21.72,82.06
27-08-2026 12:45,77310.12,323.3,323.3,300.9,300.9,40,7.35,-0.2977,0.000219,-9.63,74.13
27-08-2026 12:46,77304.27,300.9,300.9,300.9,300.9,0,15,-0.3908,0.000119,-21.72,82.05
27-08-2026 12:47,77293.26,300.9,300.9,300.9,300.9,0,15,-0.3921,0.000119,-21.74,82.12
27-08-2026 12:48,77287.66,300.9,300.9,300.9,300.9,0,15,-0.3927,0.000119,-21.75,82.15
27-08-2026 12:49,77316.99,300.9,300.9,300.9,300.9,0,15,-0.3892,0.000119,-21.7,81.98
27-08-2026 12:50,77308.83,300.9,300.9,300.9,300.9,0,15,-0.3902,0.000119,-21.72,82.02
27-08-2026 12:51,77326.69,300.9,300.9,298.4,298.4,40,7.38,-0.2949,0.000217,-9.64,73.82
27-08-2026 12:52,77331.69,298.4,298.4,298.4,298.4,0,15,-0.3875,0.000119,-21.68,81.88
27-08-2026 12:53,77361.12,298.4,298.4,298.4,298.4,0,15,-0.384,0.000118,-21.63,81.7
27-08-2026 12:54,77361.65,298.4,298.4,298.4,298.4,0,15,-0.384,0.000118,-21.63,81.7
27-08-2026 12:55,77353.56,298.4,298.4,286.15,286.15,40,7.32,-0.2876,0.000216,-9.46,72.99
27-08-2026 12:56,77354.99,286.15,286.15,286.15,286.15,0,15,-0.3847,0.000118,-21.65,81.74
27-08-2026 12:57,77359.19,286.15,286.15,286.15,286.15,0,15,-0.3842,0.000118,-21.64,81.71
27-08-2026 12:58,77360.06,286.15,286.15,286.15,286.15,0,15,-0.3841,0.000118,-21.64,81.7
27-08-2026 12:59,77348.2,286.15,286.15,285.2,285.2,20,7.29,-0.2879,0.000217,-9.42,73.01
27-08-2026 13:00,77346.79,285.2,285.2,285.2,285.2,0,15,-0.3857,0.000118,-21.66,81.78
27-08-2026 13:01,77346.38,285.2,285.2,285.2,285.2,0,15,-0.3857,0.000118,-21.66,81.78
27-08-2026 13:02,77355.72,285.2,285.2,285.2,285.2,0,15,-0.3846,0.000118,-21.65,81.72
27-08-2026 13:03,77354.57,285.2,285.2,285.2,285.2,0,15,-0.3848,0.000118,-21.65,81.73
27-08-2026 13:04,77350.44,285.2,285.2,285.2,285.2,0,15,-0.3853,0.000118,-21.65,81.76
27-08-2026 13:05,77333.89,285.2,285.2,285.2,285.2,0,15,-0.3872,0.000119,-21.68,81.86
27-08-2026 13:06,77331.99,285.2,285.2,285.2,285.2,0,15,-0.3874,0.000119,-21.68,81.87
27-08-2026 13:07,77329.43,285.2,285.2,285.2,285.2,0,15,-0.3877,0.000119,-21.69,81.88
27-08-2026 13:08,77337.96,285.2,285.2,285.2,285.2,0,15,-0.3867,0.000118,-21.68,81.83
27-08-2026 13:09,77347.9,285.2,285.2,285.2,285.2,0,15,-0.3856,0.000118,-21.66,81.77
27-08-2026 13:10,77345.53,285.2,285.2,285.2,285.2,0,15,-0.3858,0.000118,-21.66,81.78
27-08-2026 13:11,77354.96,285.2,285.2,285.2,285.2,0,15,-0.3847,0.000118,-21.65,81.72
27-08-2026 13:12,77384.52,285.2,286,285.2,286,100,7.44,-0.2839,0.000211,-9.56,72.56
27-08-2026 13:13,77378.09,286,286,286,286,0,15,-0.382,0.000118,-21.61,81.57
27-08-2026 13:14,77380.11,286,286,286,286,0,15,-0.3817,0.000118,-21.61,81.56
27-08-2026 13:15,77382.68,286,286,286,286,0,15,-0.3814,0.000118,-21.61,81.54
27-08-2026 13:16,77383.95,286,286,286,286,0,15,-0.3813,0.000118,-21.6,81.53
27-08-2026 13:17,77345.37,286,286,286,286,0,15,-0.3859,0.000118,-21.67,81.77
27-08-2026 13:18,77360,286,286,286,286,0,15,-0.3841,0.000118,-21.64,81.68
27-08-2026 13:19,77360.65,286,286,286,286,0,15,-0.384,0.000118,-21.64,81.68
27-08-2026 13:20,77362.13,286,286,286,286,0,15,-0.3839,0.000118,-21.64,81.67
27-08-2026 13:21,77364.2,286,286,286,286,0,15,-0.3836,0.000118,-21.64,81.65
27-08-2026 13:22,77348.18,286,286,286,286,0,15,-0.3855,0.000118,-21.66,81.75
27-08-2026 13:23,77377.08,286,290,286,290,20,7.47,-0.2861,0.000212,-9.63,72.81
27-08-2026 13:24,77385.45,290,290,290,290,0,15,-0.3811,0.000118,-21.6,81.51
27-08-2026 13:25,77357,290,290,290,290,0,15,-0.3845,0.000118,-21.65,81.69
27-08-2026 13:26,77370.56,290,290,290,290,0,15,-0.3829,0.000118,-21.63,81.61
27-08-2026 13:27,77357.74,290,290,290,290,0,15,-0.3844,0.000118,-21.65,81.69
27-08-2026 13:28,77362.68,290,290,290,290,0,15,-0.3838,0.000118,-21.64,81.65
27-08-2026 13:29,77353.81,290,290,290,290,0,15,-0.3848,0.000118,-21.66,81.71
27-08-2026 13:30,77331.12,290,290,290,290,0,15,-0.3875,0.000119,-21.69,81.85
27-08-2026 13:31,77323.71,290,290,290,290,0,15,-0.3884,0.000119,-21.7,81.89
27-08-2026 13:32,77299.42,290,290,290,290,0,15,-0.3913,0.000119,-21.74,82.03
27-08-2026 13:33,77340,290,290,290,290,0,15,-0.3865,0.000118,-21.68,81.79
27-08-2026 13:34,77334.86,290,290,290,290,0,15,-0.3871,0.000119,-21.69,81.82
27-08-2026 13:35,77340.64,290,290,290,290,0,15,-0.3864,0.000118,-21.68,81.78
27-08-2026 13:36,77321.96,290,290,290,290,0,15,-0.3886,0.000119,-21.71,81.9
27-08-2026 13:37,77331.21,290,290,290,290,0,15,-0.3875,0.000119,-21.69,81.84
27-08-2026 13:38,77342.36,290,290,290,290,0,15,-0.3862,0.000118,-21.68,81.77
27-08-2026 13:39,77347.59,290,290,290,290,0,15,-0.3856,0.000118,-21.67,81.74
27-08-2026 13:40,77341.18,290,290,290,290,0,15,-0.3863,0.000118,-21.68,81.77
27-08-2026 13:41,77328.92,290,290,290,290,0,15,-0.3878,0.000119,-21.7,81.85
27-08-2026 13:42,77312.29,290,290,290,290,0,15,-0.3897,0.000119,-21.72,81.95
27-08-2026 13:43,77296.59,290,290,290,290,0,15,-0.3916,0.000119,-21.75,82.04
27-08-2026 13:44,77297.02,290,290,290,290,0,15,-0.3916,0.000119,-21.75,82.03
27-08-2026 13:45,77268.26,290,290,290,290,0,15,-0.395,0.000119,-21.79,82.2
27-08-2026 13:46,77289.55,290,290,290,290,0,15,-0.3924,0.000119,-21.76,82.08
27-08-2026 13:47,77274.81,290,290,290,290,0,15,-0.3942,0.000119,-21.78,82.16
27-08-2026 13:48,77222.75,290,290,290,290,0,15,-0.4004,0.00012,-21.85,82.44
27-08-2026 13:49,77233.26,290,290,290,290,0,15,-0.3992,0.00012,-21.84,82.39
27-08-2026 13:50,77217.87,290,290,290,290,0,15,-0.401,0.00012,-21.86,82.47
27-08-2026 13:51,77201.12,290,290,290,290,0,15,-0.403,0.00012,-21.88,82.55
27-08-2026 13:52,77207.62,290,290,290,290,0,15,-0.4022,0.00012,-21.87,82.52
27-08-2026 13:53,77218.06,290,290,290,290,0,15,-0.401,0.00012,-21.86,82.46
27-08-2026 13:54,77211.61,290,290,290,290,0,15,-0.4018,0.00012,-21.87,82.49
27-08-2026 13:55,77186.75,290,290,290,290,0,15,-0.4047,0.00012,-21.9,82.62
27-08-2026 13:56,77200.36,290,290,290,290,0,15,-0.4031,0.00012,-21.88,82.55
27-08-2026 13:57,77181.43,290,290,290,290,0,15,-0.4054,0.00012,-21.91,82.64
27-08-2026 13:58,77175.63,290,290,290,290,0,15,-0.4061,0.00012,-21.92,82.67
27-08-2026 13:59,77185.93,290,290,290,290,0,15,-0.4048,0.00012,-21.9,82.62
27-08-2026 14:00,77177.71,290,290,290,290,0,15,-0.4058,0.00012,-21.91,82.66
27-08-2026 14:01,77170.48,290,290,290,290,0,15,-0.4067,0.00012,-21.92,82.69
27-08-2026 14:02,77171.86,290,290,290,290,0,15,-0.4065,0.00012,-21.92,82.69
27-08-2026 14:03,77163.96,290,290,290,290,0,15,-0.4075,0.00012,-21.93,82.72
27-08-2026 14:04,77169.44,290,290,290,290,0,15,-0.4068,0.00012,-21.93,82.7
27-08-2026 14:05,77175.65,290,290,290,290,0,15,-0.4061,0.00012,-21.92,82.66
27-08-2026 14:06,77171.18,290,290,290,290,0,15,-0.4066,0.00012,-21.92,82.68
27-08-2026 14:07,77156.23,290,290,290,290,0,15,-0.4084,0.000121,-21.94,82.76
27-08-2026 14:08,77142.37,290,290,290,290,0,15,-0.4101,0.000121,-21.96,82.82
27-08-2026 14:09,77150.84,290,290,290,290,0,15,-0.4091,0.000121,-21.95,82.78
27-08-2026 14:10,77161.65,290,290,290,290,0,15,-0.4078,0.000121,-21.94,82.73
27-08-2026 14:11,77189.41,290,339.1,290,339.1,40,7.37,-0.3248,0.000228,-10.02,76.77
27-08-2026 14:12,77192.66,339.1,339.1,339.1,339.1,0,15,-0.404,0.00012,-21.9,82.57
27-08-2026 14:13,77205.85,339.1,339.1,339.1,339.1,0,15,-0.4024,0.00012,-21.88,82.5
27-08-2026 14:14,77179.93,339.1,339.1,339.1,339.1,0,15,-0.4055,0.00012,-21.92,82.63
27-08-2026 14:15,77152.98,339.1,342.55,339.1,342.55,20,7.26,-0.3309,0.000233,-9.94,77.31
27-08-2026 14:16,77193.33,342.55,342.55,342.55,342.55,0,15,-0.4039,0.00012,-21.9,82.56
27-08-2026 14:17,77187.17,342.55,342.55,342.55,342.55,0,15,-0.4047,0.00012,-21.91,82.59
27-08-2026 14:18,77200.88,342.55,342.55,342.55,342.55,0,15,-0.403,0.00012,-21.89,82.52
27-08-2026 14:19,77216.47,342.55,342.55,342.55,342.55,0,15,-0.4012,0.00012,-21.87,82.44
27-08-2026 14:20,77205.47,342.55,342.55,342.55,342.55,0,15,-0.4025,0.00012,-21.88,82.5
27-08-2026 14:21,77214.49,342.55,342.55,342.55,342.55,0,15,-0.4014,0.00012,-21.87,82.45
27-08-2026 14:22,77223.73,342.55,342.55,342.55,342.55,0,15,-0.4003,0.00012,-21.86,82.4
27-08-2026 14:23,77234.07,342.55,342.55,342.55,342.55,0,15,-0.399,0.00012,-21.85,82.34
27-08-2026 14:24,77241.44,342.55,342.55,342.55,342.55,0,15,-0.3982,0.00012,-21.84,82.3
27-08-2026 14:25,77228.44,342.55,342.55,321.95,321.95,40,7.31,-0.3146,0.000226,-9.81,75.78
27-08-2026 14:26,77230.84,321.95,321.95,321.95,321.95,0,15,-0.3994,0.00012,-21.85,82.36
27-08-2026 14:27,77241.88,321.95,321.95,321.95,321.95,0,15,-0.3981,0.00012,-21.84,82.3
27-08-2026 14:28,77261.84,321.95,321.95,321.95,321.95,0,15,-0.3957,0.000119,-21.81,82.19
27-08-2026 14:29,77261.16,321.95,321.95,321.95,321.95,0,15,-0.3958,0.000119,-21.81,82.19
27-08-2026 14:30,77281.62,321.95,321.95,321.95,321.95,0,15,-0.3933,0.000119,-21.78,82.07
27-08-2026 14:31,77255.23,321.95,321.95,321.95,321.95,0,15,-0.3965,0.00012,-21.82,82.22
27-08-2026 14:32,77203.97,321.95,321.95,321.95,321.95,0,15,-0.4026,0.00012,-21.89,82.49
27-08-2026 14:33,77230.9,321.95,321.95,321.95,321.95,0,15,-0.3994,0.00012,-21.85,82.35
27-08-2026 14:34,77257.32,321.95,321.95,319.7,319.7,20,7.4,-0.3102,0.000222,-9.88,75.35
27-08-2026 14:35,77207.25,319.7,319.7,319.7,319.7,0,15,-0.4022,0.00012,-21.89,82.47
27-08-2026 14:36,77198.76,319.7,319.7,319.7,319.7,0,15,-0.4033,0.00012,-21.9,82.52
27-08-2026 14:37,77237.85,319.7,319.7,317.3,317.3,40,7.28,-0.312,0.000226,-9.75,75.51
27-08-2026 14:38,77215.81,317.3,317.3,317.3,317.3,0,15,-0.4012,0.00012,-21.88,82.43
27-08-2026 14:39,77254.82,317.3,317.3,317.3,317.3,0,15,-0.3965,0.00012,-21.82,82.22
27-08-2026 14:40,77229.04,317.3,317.3,317.3,317.3,0,15,-0.3996,0.00012,-21.86,82.35
27-08-2026 14:41,77208.66,317.3,317.3,317.3,317.3,0,15,-0.4021,0.00012,-21.89,82.46
27-08-2026 14:42,77203.78,317.3,317.3,317.3,317.3,0,15,-0.4027,0.00012,-21.89,82.48
27-08-2026 14:43,77201.54,317.3,317.3,317.3,317.3,0,15,-0.4029,0.00012,-21.9,82.49
27-08-2026 14:44,77200.25,317.3,317.3,317.3,317.3,0,15,-0.4031,0.00012,-21.9,82.5
27-08-2026 14:45,77208.41,317.3,317.3,317.3,317.3,0,15,-0.4021,0.00012,-21.89,82.46
27-08-2026 14:46,77217.8,317.3,317.3,317.3,317.3,0,15,-0.401,0.00012,-21.87,82.41
27-08-2026 14:47,77239.67,317.3,317.3,317.3,317.3,0,15,-0.3983,0.00012,-21.85,82.29
27-08-2026 14:48,77240.94,317.3,317.3,316,316,20,7.28,-0.3112,0.000226,-9.74,75.42
27-08-2026 14:49,77235.67,316,316,316,316,0,15,-0.3988,0.00012,-21.85,82.31
27-08-2026 14:50,77254.38,316,316,316,316,0,15,-0.3966,0.00012,-21.83,82.21
27-08-2026 14:51,77226.8,316,324.6,316,324.6,20,7.34,-0.3156,0.000226,-9.87,75.86
27-08-2026 14:52,77260.97,324.6,324.6,324.6,324.6,0,15,-0.3958,0.00012,-21.82,82.17
27-08-2026 14:53,77242.19,324.6,324.6,324.6,324.6,0,15,-0.398,0.00012,-21.84,82.27
27-08-2026 14:54,77197.96,324.6,324.6,324.6,324.6,0,15,-0.4033,0.00012,-21.9,82.5
27-08-2026 14:55,77229.69,324.6,324.6,324.6,324.6,0,15,-0.3995,0.00012,-21.86,82.33
27-08-2026 14:56,77242.05,324.6,324.6,324.6,324.6,0,15,-0.3981,0.00012,-21.84,82.27
27-08-2026 14:57,77220.54,324.6,324.6,324.6,324.6,0,15,-0.4006,0.00012,-21.87,82.38
27-08-2026 14:58,77214.9,324.6,324.6,324.6,324.6,0,15,-0.4013,0.00012,-21.88,82.41
27-08-2026 14:59,77245.54,324.6,324.6,324.6,324.6,0,15,-0.3976,0.00012,-21.84,82.24
27-08-2026 15:00,77238.58,324.6,324.6,324.6,324.6,0,15,-0.3985,0.00012,-21.85,82.28
27-08-2026 15:01,77265.68,324.6,324.6,324.6,324.6,0,15,-0.3952,0.000119,-21.81,82.13
27-08-2026 15:02,77252.51,324.6,324.6,324.6,324.6,0,15,-0.3968,0.00012,-21.83,82.2
27-08-2026 15:03,77240.04,324.6,324.6,324.6,324.6,0,15,-0.3983,0.00012,-21.85,82.27
27-08-2026 15:04,77213.18,324.6,324.6,324.6,324.6,0,15,-0.4015,0.00012,-21.89,82.41
27-08-2026 15:05,77218.19,324.6,324.6,324.6,324.6,0,15,-0.4009,0.00012,-21.88,82.38
27-08-2026 15:06,77182.57,324.6,324.6,324.6,324.6,0,15,-0.4052,0.00012,-21.93,82.57
27-08-2026 15:07,77209.25,324.6,324.6,324.6,324.6,0,15,-0.402,0.00012,-21.89,82.43
27-08-2026 15:08,77205.26,324.6,324.6,324.6,324.6,0,15,-0.4025,0.00012,-21.9,82.45
27-08-2026 15:09,77208.08,324.6,324.6,324.6,324.6,0,15,-0.4021,0.00012,-21.89,82.43
27-08-2026 15:10,77210.5,324.6,324.6,324.6,324.6,0,15,-0.4018,0.00012,-21.89,82.42
27-08-2026 15:11,77211.58,324.6,324.6,324.6,324.6,0,15,-0.4017,0.00012,-21.89,82.41
27-08-2026 15:12,77184.94,324.6,324.6,324.6,324.6,0,15,-0.4049,0.00012,-21.92,82.55
27-08-2026 15:13,77203.44,324.6,324.6,324.6,324.6,0,15,-0.4027,0.00012,-21.9,82.45
27-08-2026 15:14,77181.61,324.6,324.6,324.6,324.6,0,15,-0.4053,0.00012,-21.93,82.56
27-08-2026 15:15,77182.91,324.6,324.6,324.6,324.6,0,15,-0.4051,0.00012,-21.93,82.55
27-08-2026 15:16,77182.91,324.6,324.6,324.6,324.6,0,15,-0.4051,0.00012,-21.93,82.55
27-08-2026 15:17,77182.91,324.6,324.6,324.6,324.6,0,15,-0.4051,0.00012,-21.93,82.55
27-08-2026 15:18,77182.91,324.6,324.6,324.6,324.6,0,15,-0.4051,0.00012,-21.93,82.55
27-08-2026 15:19,77182.91,324.6,324.6,324.6,324.6,0,15,-0.4051,0.00012,-21.93,82.55
27-08-2026 15:20,77182.91,324.6,324.6,324.6,324.6,0,15,-0.4051,0.00012,-21.93,82.55
27-08-2026 15:21,77182.91,324.6,324.6,324.6,324.6,0,15,-0.4051,0.00012,-21.93,82.55
27-08-2026 15:22,77182.91,324.6,340.6,324.6,340.6,20,7.36,-0.3262,0.000228,-10.04,76.82
27-08-2026 15:23,77182.91,340.6,348,340.6,348,20,7.46,-0.3281,0.000226,-10.19,77.01
27-08-2026 15:24,77182.91,348,350,348,350,20,7.49,-0.3287,0.000225,-10.24,77.06
27-08-2026 15:25,77182.91,350,358.75,350,358.75,20,7.6,-0.3309,0.000222,-10.42,77.27
27-08-2026 15:26,77182.91,358.75,358.75,358.75,358.75,0,15,-0.4051,0.00012,-21.93,82.54
27-08-2026 15:27,77182.91,358.75,385,358.7,358.75,680,7.6,-0.3309,0.000222,-10.42,77.26
27-08-2026 15:28,77182.91,358.75,358.75,358.75,358.75,420,7.6,-0.3309,0.000222,-10.42,77.26
27-08-2026 15:29,76933.59,352.4,352.4,352,352,40,6.41,-0.3699,0.000275,-9.11,80.16
28-08-2026 09:15,77111.24,358.55,358.55,358.55,358.55,20,7.39,-0.3413,0.000235,-10.38,77.08
28-08-2026 09:16,77146.82,358.55,358.55,331.15,331.15,120,7.18,-0.3288,0.000238,-9.95,76.01
28-08-2026 09:17,77143.19,331.15,350,330.8,330.8,260,7.16,-0.3292,0.000239,-9.93,76.05
28-08-2026 09:18,77109.52,330.8,330.8,330.8,330.8,0,15,-0.4131,0.000123,-22.31,81.75
28-08-2026 09:19,77093.65,330.8,350.45,330.8,350.45,20,7.2,-0.3419,0.000241,-10.13,77.12
28-08-2026 09:20,77077.65,360.4,360.4,350.8,351.5,220,7.15,-0.3447,0.000244,-10.07,77.33
28-08-2026 09:21,77127.58,351.5,351.5,346.95,346.95,60,7.31,-0.3359,0.000236,-10.21,76.63
28-08-2026 09:22,77107.46,346.95,346.95,346.95,346.95,0,15,-0.4134,0.000123,-22.32,81.75
28-08-2026 09:23,77119.13,346.95,346.95,346.95,346.95,0,15,-0.412,0.000123,-22.3,81.7
28-08-2026 09:24,77162.74,346.95,346.95,340.45,340.45,100,7.38,-0.329,0.000232,-10.23,76.04
28-08-2026 09:25,77209.73,340.45,340.45,340.45,340.45,0,15,-0.4009,0.000122,-22.19,81.25
28-08-2026 09:26,77208.94,340.45,340.45,324.65,324.65,40,7.36,-0.3181,0.000229,-10.08,75.04
28-08-2026 09:27,77242.93,324.65,324.65,324.65,324.65,0,15,-0.3969,0.000121,-22.14,81.07
28-08-2026 09:28,77221.24,324.65,324.65,324.65,324.65,0,15,-0.3995,0.000122,-22.17,81.19
28-08-2026 09:29,77232.15,324.65,324.65,324.65,324.65,0,15,-0.3982,0.000121,-22.16,81.13
28-08-2026 09:30,77207.44,324.65,324.65,324.65,324.65,0,15,-0.4012,0.000122,-22.19,81.26
28-08-2026 09:31,77206.63,324.65,324.65,324.65,324.65,0,15,-0.4013,0.000122,-22.19,81.26
28-08-2026 09:32,77227.17,324.65,324.65,324.65,324.65,0,15,-0.3988,0.000122,-22.17,81.15
28-08-2026 09:33,77220.3,324.65,324.65,324.65,324.65,60,7.41,-0.3166,0.000227,-10.13,74.89
28-08-2026 09:34,77227.55,324.65,324.65,324.65,324.65,0,15,-0.3987,0.000122,-22.17,81.15
28-08-2026 09:35,77215.24,324.65,324.65,324.65,324.65,60,7.39,-0.3172,0.000228,-10.11,74.95
28-08-2026 09:36,77196.75,324.65,324.65,324.65,324.65,0,15,-0.4025,0.000122,-22.21,81.31
28-08-2026 09:37,77198.73,324.65,324.65,324.65,324.65,0,15,-0.4022,0.000122,-22.21,81.3
28-08-2026 09:38,77192.07,324.65,324.65,324.65,324.65,0,15,-0.403,0.000122,-22.22,81.33
28-08-2026 09:39,77211.13,324.65,324.65,324.65,324.65,0,15,-0.4007,0.000122,-22.19,81.23
28-08-2026 09:40,77220.2,324.65,324.65,324.65,324.65,60,7.41,-0.3166,0.000227,-10.13,74.88
28-08-2026 09:41,77228.24,324.65,326.85,324.65,326.85,40,7.48,-0.3161,0.000225,-10.21,74.85
28-08-2026 09:42,77246.7,326.85,326.85,326.85,326.85,0,15,-0.3964,0.000121,-22.14,81.03
28-08-2026 09:43,77283.23,320,320,313.8,313.8,140,7.53,-0.3051,0.00022,-10.14,73.76
28-08-2026 09:44,77267.64,313.8,317.8,313.8,316.85,60,7.51,-0.3081,0.000221,-10.15,74.06
28-08-2026 09:45,77256.62,316.85,316.85,316.85,316.85,0,15,-0.3952,0.000121,-22.13,80.98
28-08-2026 09:46,77246.8,316.85,320,315.75,320,40,7.47,-0.3118,0.000224,-10.14,74.42
28-08-2026 09:47,77233.9,320,320,316.45,316.45,40,7.36,-0.3123,0.000227,-10,74.46
28-08-2026 09:48,77231.91,316.45,316.45,316.45,316.45,0,15,-0.3982,0.000121,-22.16,81.11
28-08-2026 09:49,77215.73,316.45,335.65,316.45,335.65,20,7.54,-0.3203,0.000224,-10.35,75.24
28-08-2026 09:50,77217.51,335.65,335.65,335.65,335.65,0,15,-0.3999,0.000122,-22.18,81.18
28-08-2026 09:51,77209.86,335.65,335.65,335.65,335.65,0,15,-0.4009,0.000122,-22.2,81.22
28-08-2026 09:52,77209.29,335.65,335.65,335.65,335.65,0,15,-0.4009,0.000122,-22.2,81.23
28-08-2026 09:53,77224.08,335.65,335.65,323.55,323.55,20,7.42,-0.3157,0.000227,-10.12,74.79
28-08-2026 09:54,77242.93,323,323,318,318,80,7.42,-0.3117,0.000225,-10.08,74.4
28-08-2026 09:55,77257.96,318,318,318,318,20,7.49,-0.3097,0.000223,-10.14,74.2
28-08-2026 09:56,77255.15,318,318,318,318,0,15,-0.3953,0.000121,-22.13,80.97
28-08-2026 09:57,77266.89,318,318,318,318,0,15,-0.3939,0.000121,-22.12,80.91
28-08-2026 09:58,77271.17,318,318,318,318,0,15,-0.3934,0.000121,-22.11,80.88
28-08-2026 09:59,77258.25,318,318,318,318,0,15,-0.395,0.000121,-22.13,80.95
28-08-2026 10:00,77241.46,318,318,318,318,0,15,-0.397,0.000121,-22.15,81.04
28-08-2026 10:01,77225.08,318,318,318,318,0,15,-0.399,0.000122,-22.18,81.13
28-08-2026 10:02,77240.25,318,318,318,318,0,15,-0.3971,0.000121,-22.16,81.05
28-08-2026 10:03,77240.08,318,318,318,318,0,15,-0.3972,0.000121,-22.16,81.05
28-08-2026 10:04,77228.34,318,327.55,318,327.55,40,7.49,-0.3163,0.000225,-10.23,74.84
28-08-2026 10:05,77226.55,327.55,327.55,327,327,20,7.47,-0.3164,0.000225,-10.21,74.85
28-08-2026 10:06,77215.45,327,327,327,327,0,15,-0.4002,0.000122,-22.19,81.18
28-08-2026 10:07,77238.74,327,327,327,327,0,15,-0.3973,0.000121,-22.16,81.05
28-08-2026 10:08,77264.78,327,327,311.2,311.2,40,7.43,-0.3067,0.000223,-10.02,73.89
28-08-2026 10:09,77252.43,311.2,311.2,311.2,311.2,0,15,-0.3957,0.000121,-22.14,80.97
28-08-2026 10:10,77244.5,311.2,311.2,311.2,311.2,0,15,-0.3966,0.000121,-22.15,81.02
28-08-2026 10:11,77249.34,311.2,311.2,311.2,311.2,0,15,-0.396,0.000121,-22.15,80.99
28-08-2026 10:12,77271.52,311.2,311.2,311.2,311.2,0,15,-0.3933,0.000121,-22.11,80.86
28-08-2026 10:13,77266.93,311.2,317.95,309.4,309.4,180,7.41,-0.3059,0.000224,-9.99,73.8
28-08-2026 10:14,77286.69,309.4,309.4,309.4,309.4,0,15,-0.3915,0.000121,-22.09,80.77
28-08-2026 10:15,77302.39,309.4,309.4,302.95,302.95,20,7.47,-0.2993,0.00022,-9.97,73.12
28-08-2026 10:16,77311.29,302.95,302.95,302.95,302.95,0,15,-0.3885,0.000121,-22.05,80.62
28-08-2026 10:17,77333.81,302.95,302.95,290,290,40,7.42,-0.2913,0.000218,-9.79,72.24
28-08-2026 10:18,77311.86,290,294.8,290,294.8,20,7.39,-0.2955,0.000221,-9.82,72.7
28-08-2026 10:19,77291.98,294.8,294.8,294.8,294.8,0,15,-0.3909,0.000121,-22.08,80.74
28-08-2026 10:20,77294.84,294.8,294.8,294.8,294.8,0,15,-0.3905,0.000121,-22.08,80.72
28-08-2026 10:21,77287.27,294.8,294.8,294.8,294.8,0,15,-0.3914,0.000121,-22.09,80.76
28-08-2026 10:22,77291.4,294.8,294.8,294.8,294.8,0,15,-0.3909,0.000121,-22.08,80.74
28-08-2026 10:23,77301.26,294.8,300,294.8,300,20,7.42,-0.2985,0.000221,-9.9,73.02
28-08-2026 10:24,77299.64,300,300,300,300,0,15,-0.3899,0.000121,-22.07,80.69
28-08-2026 10:25,77291,300,306.25,300,306.25,20,7.46,-0.3018,0.000221,-10.01,73.37
28-08-2026 10:26,77293.02,306.25,306.25,306.25,306.25,0,15,-0.3907,0.000121,-22.08,80.72
28-08-2026 10:27,77290.62,306.25,306.25,306.25,306.25,0,15,-0.391,0.000121,-22.09,80.74
28-08-2026 10:28,77295.21,306.25,306.25,300.15,300.15,20,7.4,-0.2993,0.000222,-9.88,73.1
28-08-2026 10:29,77299.24,300.15,300.2,300.15,300.15,120,7.42,-0.2988,0.000221,-9.9,73.05
28-08-2026 10:30,77294.82,300.15,300.15,300.15,300.15,0,15,-0.3905,0.000121,-22.08,80.71
28-08-2026 10:31,77277.61,300.15,300.15,300.15,300.15,0,15,-0.3926,0.000121,-22.11,80.81
28-08-2026 10:32,77291.65,300.15,300.15,300.15,300.15,0,15,-0.3909,0.000121,-22.09,80.72
28-08-2026 10:33,77278.79,300.15,300.15,300.15,300.15,0,15,-0.3924,0.000121,-22.11,80.8
28-08-2026 10:34,77277.19,300.15,300.15,300.15,300.15,0,15,-0.3926,0.000121,-22.11,80.81
28-08-2026 10:35,77264.57,300.15,300.15,300.15,300.15,0,15,-0.3942,0.000121,-22.13,80.88
28-08-2026 10:36,77269.76,300.15,300.15,300.15,300.15,0,15,-0.3935,0.000121,-22.12,80.85
28-08-2026 10:37,77268.97,300.15,311,300.15,305,100,7.36,-0.3042,0.000225,-9.89,73.59
28-08-2026 10:38,77265.3,305,312.7,305,312.7,60,7.45,-0.3071,0.000223,-10.06,73.91
28-08-2026 10:39,77267.65,312.7,312.7,311.05,311.05,60,7.44,-0.3063,0.000223,-10.04,73.82
28-08-2026 10:40,77282.06,311.05,311.05,302.7,304,180,7.4,-0.3022,0.000223,-9.92,73.39
28-08-2026 10:41,77284.74,304,304,304,304,0,15,-0.3917,0.000121,-22.1,80.75
28-08-2026 10:42,77279.6,304,308.05,304,308.05,20,7.44,-0.3038,0.000222,-10.01,73.56
28-08-2026 10:43,77267.01,308.05,308.05,307.25,307.25,200,7.38,-0.3052,0.000224,-9.95,73.7
28-08-2026 10:44,77250.09,307.25,307.25,307.25,307.25,0,15,-0.3959,0.000121,-22.15,80.95
28-08-2026 10:45,77243.67,307.25,307.25,307.25,307.25,0,15,-0.3967,0.000121,-22.16,80.98
28-08-2026 10:46,77237.99,307.25,307.25,307.25,307.25,0,15,-0.3974,0.000121,-22.17,81.01
28-08-2026 10:47,77254.74,307.25,310.5,307.25,310.15,80,7.37,-0.3077,0.000226,-9.97,73.95
28-08-2026 10:48,77262.71,310.15,310.15,310.15,310.15,0,15,-0.3944,0.000121,-22.14,80.87
28-08-2026 10:49,77273.9,310.15,310.15,310.15,310.15,0,15,-0.393,0.000121,-22.12,80.81
28-08-2026 10:50,77293.57,310.15,310.15,310.15,310.15,0,15,-0.3906,0.000121,-22.09,80.69
28-08-2026 10:51,77287.93,310.15,310.15,308.8,308.8,100,7.49,-0.303,0.00022,-10.06,73.47
28-08-2026 10:52,77281.55,308.8,308.8,308.8,308.8,0,15,-0.3921,0.000121,-22.11,80.76
28-08-2026 10:53,77261.68,308.8,308.8,308.8,308.8,0,15,-0.3945,0.000121,-22.14,80.87
28-08-2026 10:54,77249.03,308.8,308.8,308.8,308.8,0,15,-0.396,0.000121,-22.16,80.94
28-08-2026 10:55,77231.05,308.8,314.95,308.8,314.95,20,7.33,-0.3122,0.000228,-9.97,74.39
28-08-2026 10:56,77246.48,314.95,314.95,314.95,314.95,0,15,-0.3963,0.000121,-22.16,80.96
28-08-2026 10:57,77249.8,314.95,314.95,314.95,314.95,0,15,-0.3959,0.000121,-22.16,80.94
28-08-2026 10:58,77264.35,314.95,314.95,314.95,314.95,0,15,-0.3942,0.000121,-22.14,80.85
28-08-2026 10:59,77252.38,314.95,314.95,314.95,314.95,0,15,-0.3956,0.000121,-22.15,80.92
28-08-2026 11:00,77242.51,314.95,314.95,314.95,314.95,0,15,-0.3968,0.000121,-22.17,80.97
28-08-2026 11:01,77255.77,314.95,314.95,314.95,314.95,0,15,-0.3952,0.000121,-22.15,80.9
28-08-2026 11:02,77262.12,314.95,314.95,314.95,314.95,0,15,-0.3944,0.000121,-22.14,80.86
28-08-2026 11:03,77258.62,314.95,314.95,314.95,314.95,40,7.46,-0.3087,0.000223,-10.09,74.04
28-08-2026 11:04,77254.84,314.95,314.95,314.95,314.95,0,15,-0.3953,0.000121,-22.15,80.9
28-08-2026 11:05,77254.11,314.95,314.95,314.95,314.95,0,15,-0.3954,0.000121,-22.15,80.9
28-08-2026 11:06,77244.26,314.95,314.95,314.95,314.95,0,15,-0.3966,0.000121,-22.17,80.96
28-08-2026 11:07,77226.31,314.95,314.95,312.8,312.8,40,7.29,-0.3122,0.00023,-9.91,74.37
28-08-2026 11:08,77231.82,312.8,312.8,312.8,312.8,0,15,-0.3981,0.000122,-22.19,81.02
28-08-2026 11:09,77201.85,312.8,316,312.8,316,160,7.23,-0.3166,0.000233,-9.88,74.78
28-08-2026 11:10,77206.46,316,316,316,316,0,15,-0.4012,0.000122,-22.22,81.16
28-08-2026 11:11,77197.89,316,316,316,316,0,15,-0.4022,0.000122,-22.23,81.2
28-08-2026 11:12,77229.94,316,316,314.6,314.6,20,7.33,-0.3123,0.000229,-9.97,74.37
28-08-2026 11:13,77240.09,314.6,314.6,314.6,314.6,0,15,-0.3971,0.000122,-22.18,80.97
28-08-2026 11:14,77250.31,314.6,314.6,308.9,308.9,20,7.34,-0.3079,0.000227,-9.93,73.94
28-08-2026 11:15,77244.03,308.9,308.9,308.9,308.9,0,15,-0.3966,0.000121,-22.17,80.95
28-08-2026 11:16,77246.54,308.9,308.9,308.9,308.9,0,15,-0.3963,0.000121,-22.17,80.93
28-08-2026 11:17,77234.62,308.9,308.9,308.9,308.9,0,15,-0.3978,0.000122,-22.18,81
28-08-2026 11:18,77215.38,308.9,316.6,308.9,316.6,120,7.29,-0.3149,0.00023,-9.95,74.62
28-08-2026 11:19,77222.89,316.6,319.75,316.6,319.75,20,7.37,-0.3148,0.000228,-10.06,74.61
28-08-2026 11:20,77216.11,319.75,319.75,319.75,319.75,0,15,-0.4,0.000122,-22.21,81.1
28-08-2026 11:21,77208.29,319.75,319.75,319.75,319.75,0,15,-0.401,0.000122,-22.22,81.14
28-08-2026 11:22,77202.49,319.75,324.15,319.75,324.15,100,7.34,-0.3189,0.00023,-10.07,75
28-08-2026 11:23,77197.58,324.15,324.15,322.7,322.7,60,7.3,-0.3191,0.000232,-10.02,75.02
28-08-2026 11:24,77189.46,324.15,324.15,324.15,324.15,20,7.29,-0.3207,0.000233,-10.02,75.16
28-08-2026 11:25,77183.63,324.15,324.15,324.15,324.15,0,15,-0.404,0.000122,-22.26,81.26
28-08-2026 11:26,77153.86,324.15,324.15,324.15,324.15,0,15,-0.4076,0.000122,-22.3,81.4
28-08-2026 11:27,77151.51,324.15,332,324.15,332,40,7.23,-0.3283,0.000237,-10.03,75.85
28-08-2026 11:28,77142.93,332,332,332,332,0,15,-0.4089,0.000123,-22.31,81.45
28-08-2026 11:29,77115.7,332,345,332,344.9,80,7.24,-0.3371,0.000239,-10.14,76.6
28-08-2026 11:30,77124,345,345,345,345,20,7.28,-0.3359,0.000237,-10.18,76.5
28-08-2026 11:31,77121.92,345,349.9,345,349.9,40,7.33,-0.3375,0.000236,-10.28,76.64
28-08-2026 11:32,77121.52,349.9,349.9,349.9,349.9,0,15,-0.4116,0.000123,-22.34,81.55
28-08-2026 11:33,77084.34,349.9,349.9,349.9,349.9,0,15,-0.4161,0.000123,-22.38,81.71
28-08-2026 11:34,77079.87,349.9,349.9,349.9,349.9,0,15,-0.4167,0.000123,-22.39,81.73
28-08-2026 11:35,77053.74,349.9,363.45,349.9,363.45,20,7.21,-0.3514,0.000244,-10.24,77.72
28-08-2026 11:36,77041.14,363.45,369,363.45,369,20,7.22,-0.3547,0.000244,-10.29,77.97
28-08-2026 11:37,77060.63,369,369,368.6,368.6,80,7.3,-0.3515,0.000241,-10.38,77.74
28-08-2026 11:38,77060.17,368.6,368.6,365.6,365.6,20,7.26,-0.3509,0.000242,-10.32,77.68
28-08-2026 11:39,77059.73,365.6,365.6,365.6,365.6,0,15,-0.4192,0.000123,-22.41,81.81
28-08-2026 11:40,77061.48,365.6,365.6,365.6,365.6,20,7.27,-0.3507,0.000242,-10.33,77.67
28-08-2026 11:41,77070.25,365.6,365.6,365.6,365.6,0,15,-0.4179,0.000123,-22.4,81.77
28-08-2026 11:42,77060.57,365.6,365.6,365.6,365.6,0,15,-0.4191,0.000123,-22.41,81.8
28-08-2026 11:43,77071.36,365.6,365.6,365.6,365.6,0,15,-0.4177,0.000123,-22.4,81.76
28-08-2026 11:44,77085.67,365.6,365.6,365.6,365.6,0,15,-0.416,0.000123,-22.38,81.7
28-08-2026 11:45,77073.12,365.6,369.9,365.6,369.9,20,7.38,-0.3498,0.000238,-10.47,77.61
28-08-2026 11:46,77069.81,369.9,369.9,369.9,369.9,0,15,-0.4179,0.000123,-22.4,81.76
28-08-2026 11:47,77060.02,369.9,369.9,369.9,369.9,0,15,-0.4191,0.000123,-22.41,81.8
28-08-2026 11:48,77072.32,369.9,369.9,369.9,369.9,0,15,-0.4176,0.000123,-22.4,81.75
28-08-2026 11:49,77081.35,369.9,369.9,369.9,369.9,0,15,-0.4165,0.000123,-22.39,81.71
28-08-2026 11:50,77087.96,369.9,369.9,369.9,369.9,0,15,-0.4157,0.000123,-22.38,81.68
28-08-2026 11:51,77088.72,369.9,369.9,369.9,369.9,0,15,-0.4156,0.000123,-22.38,81.68
28-08-2026 11:52,77068.23,369.9,369.9,369.9,369.9,0,15,-0.4181,0.000123,-22.4,81.76
28-08-2026 11:53,77062.92,369.9,370,368.45,370,80,7.33,-0.3515,0.00024,-10.43,77.72
28-08-2026 11:54,77066.49,370,370,370,370,0,15,-0.4183,0.000123,-22.41,81.77
28-08-2026 11:55,77060.04,370,375.05,370,375.05,40,7.39,-0.3531,0.000239,-10.52,77.84
28-08-2026 11:56,77036.12,375.05,384.95,375.05,384.95,20,7.4,-0.3591,0.00024,-10.6,78.28
28-08-2026 11:57,76992.72,384.95,401,384.95,398.75,320,7.38,-0.3692,0.000243,-10.65,78.95
28-08-2026 11:58,77008.52,398.75,398.75,394.35,394.35,20,7.4,-0.3656,0.000241,-10.65,78.72
28-08-2026 11:59,77009.7,394.35,396.4,390.55,396.4,60,7.43,-0.3658,0.00024,-10.7,78.74
28-08-2026 12:00,77010.39,396.4,396.4,396.4,396.4,0,15,-0.4253,0.000124,-22.46,81.98
28-08-2026 12:01,77009.57,396.4,396.4,396.4,396.4,0,15,-0.4254,0.000124,-22.46,81.98
28-08-2026 12:02,77010.19,398.75,398.75,388,388.7,140,7.33,-0.3642,0.000243,-10.55,78.62
28-08-2026 12:03,77006.83,388.7,396,388.7,396,20,7.41,-0.3662,0.000241,-10.68,78.76
28-08-2026 12:04,77029.07,396,396,396,396,20,7.51,-0.3626,0.000237,-10.79,78.52
28-08-2026 12:05,77012.22,396,396,387.9,387.9,20,7.33,-0.3637,0.000243,-10.54,78.58
28-08-2026 12:06,77028.52,387.9,391.8,387.9,391.8,20,7.46,-0.3618,0.000238,-10.7,78.46
28-08-2026 12:07,77037.26,391.8,391.8,388,388,20,7.45,-0.3596,0.000238,-10.67,78.3
28-08-2026 12:08,77050.5,388,388,379.1,379.1,20,7.39,-0.3555,0.000239,-10.56,78.01
28-08-2026 12:09,77022.94,379.1,390.45,379.1,390.45,20,7.41,-0.3624,0.00024,-10.65,78.5
28-08-2026 12:10,77011.26,390.45,390.45,390.45,390.45,0,15,-0.4251,0.000124,-22.47,81.97
28-08-2026 12:11,77006.76,390.45,398.6,390.45,398.6,20,7.44,-0.3668,0.00024,-10.73,78.79
28-08-2026 12:12,77001.6,398.6,401.85,398.6,401.85,20,7.46,-0.3683,0.00024,-10.77,78.89
28-08-2026 12:13,77010.52,411.45,419.15,391.25,395.15,2540,7.42,-0.3655,0.000241,-10.68,78.7
28-08-2026 12:14,77027.69,395.15,395.15,386.55,386.55,100,7.39,-0.3608,0.000241,-10.6,78.38
28-08-2026 12:15,77033.23,386.55,396.95,386.55,396.95,80,7.54,-0.3621,0.000236,-10.84,78.48
28-08-2026 12:16,77024.75,396.95,396.95,396.95,396.95,0,15,-0.4235,0.000124,-22.45,81.91
28-08-2026 12:17,77037.84,396.95,396.95,393.8,396.6,140,7.56,-0.3613,0.000235,-10.85,78.42
28-08-2026 12:18,77033.45,396.6,396.6,396.6,396.6,0,15,-0.4224,0.000124,-22.45,81.87
28-08-2026 12:19,77026.42,396.6,396.6,395.45,395.45,20,7.49,-0.3629,0.000238,-10.77,78.52
28-08-2026 12:20,77052.39,395.45,395.45,388.6,388.6,60,7.53,-0.3573,0.000235,-10.77,78.13
28-08-2026 12:21,77046.67,388.6,395.15,388.6,395.15,20,7.58,-0.3596,0.000234,-10.87,78.3
28-08-2026 12:22,77045.93,395.15,395.15,395.15,395.15,0,15,-0.4208,0.000124,-22.43,81.82
28-08-2026 12:23,77023.6,395.15,395.15,395.15,395.15,0,15,-0.4236,0.000124,-22.46,81.91
28-08-2026 12:24,77031.16,395.15,395.15,395.15,395.15,0,15,-0.4227,0.000124,-22.45,81.88
28-08-2026 12:25,77033.52,395.15,395.15,395.15,395.15,0,15,-0.4224,0.000124,-22.45,81.87
28-08-2026 12:26,77037.56,395.15,395.15,395.15,395.15,0,15,-0.4219,0.000124,-22.44,81.85
28-08-2026 12:27,77045.92,395.15,398.65,392.1,398.65,80,7.63,-0.3604,0.000233,-10.94,78.35
28-08-2026 12:28,77047.88,398.65,398.65,398.65,398.65,0,15,-0.4206,0.000124,-22.43,81.81
28-08-2026 12:29,77052.9,398.65,398.65,394.5,394.5,20,7.61,-0.3585,0.000233,-10.89,78.21
28-08-2026 12:30,77061.01,394.5,394.5,391.45,391.55,40,7.6,-0.3566,0.000233,-10.87,78.08
28-08-2026 12:31,77062.07,391.55,391.55,391.55,391.55,0,15,-0.4188,0.000123,-22.42,81.75
28-08-2026 12:32,77072.43,391.55,391.55,391.55,391.55,0,15,-0.4176,0.000123,-22.41,81.7
28-08-2026 12:33,77068.83,391.55,391.55,391.55,391.55,0,15,-0.418,0.000123,-22.41,81.72
28-08-2026 12:34,77075.07,391.55,392.75,391.55,392.75,60,7.68,-0.3547,0.00023,-10.97,77.94
28-08-2026 12:35,77079.81,392.75,392.75,392.75,392.75,0,15,-0.4166,0.000123,-22.4,81.67
28-08-2026 12:36,77082.15,392.75,392.75,392.75,392.75,0,15,-0.4164,0.000123,-22.4,81.66
28-08-2026 12:37,77084.08,392.75,392.75,392.75,392.75,0,15,-0.4161,0.000123,-22.4,81.65
28-08-2026 12:38,77087.1,392.75,392.75,392.75,392.75,0,15,-0.4157,0.000123,-22.4,81.63
28-08-2026 12:39,77095.84,392.75,392.75,392.75,392.75,0,15,-0.4147,0.000123,-22.39,81.59
28-08-2026 12:40,77080.56,392.75,392.75,386.9,386.9,60,7.63,-0.3525,0.000231,-10.88,77.77
28-08-2026 12:41,77088.24,386.9,387.75,384.05,387.75,40,7.68,-0.3516,0.000229,-10.93,77.7
28-08-2026 12:42,77098.95,387.75,387.75,384.05,385.8,100,7.7,-0.3495,0.000228,-10.94,77.55
28-08-2026 12:43,77092.95,385.8,385.8,385.8,385.8,0,15,-0.415,0.000123,-22.39,81.6
28-08-2026 12:44,77089.83,385.8,385.8,381.35,384.4,140,7.64,-0.3506,0.00023,-10.87,77.62
28-08-2026 12:45,77083.45,384.4,390.7,384.4,390.7,80,7.7,-0.3529,0.000229,-10.97,77.8
28-08-2026 12:46,77085.37,390.7,390.7,390.7,390.7,0,15,-0.416,0.000123,-22.4,81.63
28-08-2026 12:47,77089.6,390.7,390.7,390.7,390.7,0,15,-0.4154,0.000123,-22.4,81.61
28-08-2026 12:48,77091.12,390.7,390.7,382.15,382.15,40,7.62,-0.3499,0.000231,-10.83,77.57
28-08-2026 12:49,77098.36,382.15,382.15,382.15,382.15,0,15,-0.4144,0.000123,-22.39,81.57
28-08-2026 12:50,77090.76,382.15,382.15,382.15,382.15,0,15,-0.4153,0.000123,-22.39,81.6
28-08-2026 12:51,77092.79,382.15,382.15,382.15,382.15,0,15,-0.415,0.000123,-22.39,81.59
28-08-2026 12:52,77100.54,382.15,382.15,382.15,382.15,0,15,-0.4141,0.000123,-22.38,81.56
28-08-2026 12:53,77095.62,382.15,382.15,382.15,382.15,0,15,-0.4147,0.000123,-22.39,81.58
28-08-2026 12:54,77083.48,382.15,382.15,382.15,382.15,0,15,-0.4162,0.000123,-22.4,81.63
28-08-2026 12:55,77074.31,382.15,394.35,382.15,394.35,20,7.7,-0.3551,0.000229,-11,77.95
28-08-2026 12:56,77078.06,394.35,394.35,394.35,394.35,0,15,-0.4168,0.000123,-22.41,81.65
28-08-2026 12:57,77066.6,394.35,394.35,394.35,394.35,0,15,-0.4183,0.000123,-22.42,81.7
28-08-2026 12:58,77070.56,394.35,395.9,394.35,395.9,20,7.71,-0.356,0.000229,-11.02,78.02
28-08-2026 12:59,77057.14,395.9,397.35,395.9,397.35,20,7.66,-0.3584,0.000231,-10.98,78.18
28-08-2026 13:00,77048,397.35,400,397.35,400,160,7.66,-0.3604,0.000232,-10.99,78.32
28-08-2026 13:01,77040.51,400,400,400,400,0,15,-0.4215,0.000124,-22.45,81.8
28-08-2026 13:02,77043.31,400,400,400,400,120,7.63,-0.3611,0.000233,-10.96,78.37
28-08-2026 13:03,77041.68,400,400.95,400,400.95,60,7.64,-0.3616,0.000233,-10.97,78.4
28-08-2026 13:04,77031.95,400.95,400.95,400.95,400.95,0,15,-0.4225,0.000124,-22.46,81.83
28-08-2026 13:05,77031.55,400.95,400.95,400.95,400.95,0,15,-0.4226,0.000124,-22.46,81.83
28-08-2026 13:06,77031.36,400.95,400.95,400.95,400.95,0,15,-0.4226,0.000124,-22.46,81.83
28-08-2026 13:07,77044.48,400.95,404.5,397.25,397.25,100,7.61,-0.3604,0.000234,-10.91,78.31
28-08-2026 13:08,77052.87,397.25,397.25,397.25,397.25,0,15,-0.42,0.000124,-22.44,81.74
28-08-2026 13:09,77063.28,397.25,397.25,397.25,397.25,0,15,-0.4187,0.000124,-22.43,81.7
28-08-2026 13:10,77069.74,397.25,397.25,397.25,397.25,0,15,-0.4179,0.000123,-22.42,81.67
28-08-2026 13:11,77081.57,397.25,397.25,397.25,397.25,0,15,-0.4164,0.000123,-22.41,81.62
28-08-2026 13:12,77068.36,388.4,394.1,388.4,394.1,100,7.67,-0.356,0.00023,-10.97,78
28-08-2026 13:13,77072.96,394.1,394.1,394.1,394.1,0,15,-0.4175,0.000123,-22.42,81.66
28-08-2026 13:14,77067.87,394.1,394.1,386.2,391.9,120,7.64,-0.3556,0.000231,-10.93,77.96
28-08-2026 13:15,77055.85,391.9,391.9,391.9,391.9,0,15,-0.4196,0.000124,-22.44,81.72
28-08-2026 13:16,77057.82,391.9,391.9,391.9,391.9,0,15,-0.4193,0.000124,-22.44,81.72
28-08-2026 13:17,77062.25,391.9,391.9,391.9,391.9,0,15,-0.4188,0.000124,-22.43,81.7
28-08-2026 13:18,77068.44,391.9,391.9,390,390,20,7.62,-0.3551,0.000232,-10.89,77.92
28-08-2026 13:19,77071.67,390,390,390,390,0,15,-0.4176,0.000123,-22.42,81.65
28-08-2026 13:20,77076.65,390,390,390,390,0,15,-0.417,0.000123,-22.42,81.63
28-08-2026 13:21,77070.97,390,390,390,390,0,15,-0.4177,0.000123,-22.43,81.66
28-08-2026 13:22,77082.43,390,390,390,390,0,15,-0.4163,0.000123,-22.41,81.61
28-08-2026 13:23,77072.97,390,390,384.4,384.4,20,7.57,-0.3532,0.000233,-10.8,77.77
28-08-2026 13:24,77078.66,384.4,384.4,384.4,384.4,0,15,-0.4168,0.000123,-22.42,81.62
28-08-2026 13:25,77085.31,384.4,384.4,384.4,384.4,0,15,-0.4159,0.000123,-22.41,81.59
28-08-2026 13:26,77092.12,384.4,384.4,384.4,384.4,0,15,-0.4151,0.000123,-22.4,81.56
28-08-2026 13:27,77061.62,384.4,386.65,382.25,386.65,160,7.55,-0.3554,0.000234,-10.79,77.93
28-08-2026 13:28,77054.81,386.65,390.55,386.65,390.55,80,7.57,-0.3573,0.000234,-10.84,78.07
28-08-2026 13:29,77043.01,390.55,392.55,390.55,392.55,20,7.54,-0.3596,0.000236,-10.82,78.23
28-08-2026 13:30,77052.12,392.55,392.55,392.55,392.55,0,15,-0.42,0.000124,-22.45,81.72
28-08-2026 13:31,77044.86,392.55,392.55,392.55,392.55,0,15,-0.4209,0.000124,-22.46,81.75
28-08-2026 13:32,77049.99,392.55,392.55,386.65,386.65,200,7.5,-0.3573,0.000236,-10.73,78.06
28-08-2026 13:33,77073.38,386.65,386.65,386.65,386.65,0,15,-0.4174,0.000123,-22.43,81.63
28-08-2026 13:34,77077.32,386.65,386.65,374.9,374.9,120,7.47,-0.3503,0.000235,-10.63,77.54
28-08-2026 13:35,77075.89,374.9,374.9,374.9,374.9,0,15,-0.4171,0.000123,-22.42,81.62
28-08-2026 13:36,77079.02,374.9,381.25,374.9,381.25,20,7.56,-0.3515,0.000233,-10.77,77.64
28-08-2026 13:37,77093.31,381.25,381.25,381.25,381.25,0,15,-0.4149,0.000123,-22.41,81.54
28-08-2026 13:38,77096.71,381.25,381.25,381.25,381.25,0,15,-0.4145,0.000123,-22.4,81.53
28-08-2026 13:39,77094.05,381.25,381.25,381.25,381.25,0,15,-0.4148,0.000123,-22.4,81.54
28-08-2026 13:40,77104.29,381.25,381.25,381.25,381.25,0,15,-0.4136,0.000123,-22.39,81.49
28-08-2026 13:41,77092.36,381.25,381.25,368.45,368.45,40,7.46,-0.3465,0.000235,-10.57,77.24
28-08-2026 13:42,77090.86,368.45,368.45,368.45,368.45,0,15,-0.4152,0.000123,-22.41,81.55
28-08-2026 13:43,77089.73,368.45,368.45,368.45,368.45,0,15,-0.4154,0.000123,-22.41,81.55
28-08-2026 13:44,77097.51,368.45,368.45,368.45,368.45,0,15,-0.4144,0.000123,-22.4,81.52
28-08-2026 13:45,77093.2,368.45,368.45,368.45,368.45,0,15,-0.4149,0.000123,-22.41,81.53
28-08-2026 13:46,77090.16,368.45,368.45,368.45,368.45,0,15,-0.4153,0.000123,-22.41,81.55
28-08-2026 13:47,77084.66,368.45,368.45,368.45,368.45,0,15,-0.416,0.000123,-22.42,81.57
28-08-2026 13:48,77064.53,368.45,368.45,368.45,368.45,0,15,-0.4185,0.000124,-22.44,81.65
28-08-2026 13:49,77063.86,368.45,368.45,368.45,368.45,0,15,-0.4186,0.000124,-22.44,81.65
28-08-2026 13:50,77069.19,368.45,368.45,368.45,368.45,0,15,-0.4179,0.000124,-22.44,81.63
28-08-2026 13:51,77049.5,368.45,389.5,368.45,388.8,60,7.52,-0.3578,0.000236,-10.78,78.08
28-08-2026 13:52,77061.41,388.8,388.8,380.3,380.3,40,7.47,-0.3541,0.000237,-10.66,77.8
28-08-2026 13:53,77055.88,385.9,385.9,385.9,385.9,20,7.52,-0.3562,0.000236,-10.75,77.96
28-08-2026 13:54,77057.77,385.9,385.9,378.2,378.2,40,7.43,-0.3542,0.000238,-10.6,77.8
28-08-2026 13:55,77052.67,378.2,378.2,378.2,378.2,0,15,-0.4199,0.000124,-22.45,81.69
28-08-2026 13:56,77057.15,378.2,378.2,378.2,378.2,0,15,-0.4194,0.000124,-22.45,81.67
28-08-2026 13:57,77073.71,378.2,378.2,378.2,378.2,0,15,-0.4173,0.000124,-22.43,81.61
28-08-2026 13:58,77091.31,378.2,378.2,378.2,378.2,0,15,-0.4152,0.000123,-22.41,81.53
28-08-2026 13:59,77087.5,378.2,378.2,378.2,378.2,0,15,-0.4156,0.000123,-22.42,81.54
28-08-2026 14:00,77087.35,378.2,378.2,378.2,378.2,0,15,-0.4157,0.000123,-22.42,81.54
28-08-2026 14:01,77079.69,378.2,378.2,378.2,378.2,0,15,-0.4166,0.000123,-22.43,81.58
28-08-2026 14:02,77084.02,378.2,378.2,378.2,378.2,0,15,-0.4161,0.000123,-22.42,81.56
28-08-2026 14:03,77079.77,378.2,378.2,374.15,374.15,20,7.47,-0.3498,0.000235,-10.63,77.47
28-08-2026 14:04,77067.9,374.15,374.15,374.15,374.15,0,15,-0.4181,0.000124,-22.44,81.62
28-08-2026 14:05,77064.28,374.15,374.15,374.15,374.15,0,15,-0.4185,0.000124,-22.45,81.64
28-08-2026 14:06,77053.32,374.15,374.15,374.15,374.15,0,15,-0.4199,0.000124,-22.46,81.68
28-08-2026 14:07,77068.23,374.15,374.15,374.15,374.15,0,15,-0.418,0.000124,-22.44,81.62
28-08-2026 14:08,77063.41,374.15,376.25,374.15,376.25,20,7.43,-0.3528,0.000238,-10.6,77.69
28-08-2026 14:09,77067.77,376.25,376.25,376.25,376.25,0,15,-0.4181,0.000124,-22.44,81.62
28-08-2026 14:10,77083.42,376.25,376.25,375.5,375.5,40,7.51,-0.3495,0.000234,-10.68,77.45
28-08-2026 14:11,77084.99,375.5,375.5,375.5,375.5,0,15,-0.4159,0.000123,-22.42,81.54
28-08-2026 14:12,77087.54,375.5,375.5,375.5,375.5,0,15,-0.4156,0.000123,-22.42,81.53
28-08-2026 14:13,77092.75,375.5,375.5,375.5,375.5,0,15,-0.415,0.000123,-22.42,81.51
28-08-2026 14:14,77101.94,375.5,375.5,375.5,375.5,0,15,-0.4138,0.000123,-22.41,81.46
28-08-2026 14:15,77097.26,375.5,375.5,372.75,372.75,40,7.54,-0.3468,0.000233,-10.69,77.24
28-08-2026 14:16,77105.07,372.75,372.75,372.75,372.75,0,15,-0.4135,0.000123,-22.4,81.45
28-08-2026 14:17,77115.95,372.75,372.75,368,368,80,7.56,-0.3429,0.000231,-10.68,76.93
28-08-2026 14:18,77112.72,368,368,368,368,0,15,-0.4125,0.000123,-22.39,81.41
28-08-2026 14:19,77092.91,368,368,363.8,363.8,20,7.4,-0.3453,0.000237,-10.48,77.11
28-08-2026 14:20,77096.81,363.8,367.95,363.8,367.95,120,7.47,-0.3457,0.000234,-10.59,77.14
28-08-2026 14:21,77101.9,367.95,367.95,365.25,365.25,40,7.46,-0.3443,0.000234,-10.56,77.03
28-08-2026 14:22,77098.34,365.25,365.25,365.25,365.25,0,15,-0.4143,0.000123,-22.41,81.47
28-08-2026 14:23,77107.84,365.25,365.25,365.25,365.25,0,15,-0.4131,0.000123,-22.4,81.43
28-08-2026 14:24,77110.86,365.25,365.25,365.25,365.25,0,15,-0.4127,0.000123,-22.4,81.41
28-08-2026 14:25,77117.49,365.25,365.25,365.25,365.25,0,15,-0.4119,0.000123,-22.39,81.38
28-08-2026 14:26,77106.18,365.25,365.25,365.25,365.25,0,15,-0.4133,0.000123,-22.4,81.43
28-08-2026 14:27,77108.65,365.25,365.25,365.25,365.25,0,15,-0.413,0.000123,-22.4,81.42
28-08-2026 14:28,77116.13,365.25,365.25,365.25,365.25,0,15,-0.4121,0.000123,-22.39,81.39
28-08-2026 14:29,77127.83,365.25,365.25,355,355,60,7.44,-0.3379,0.000233,-10.46,76.5
28-08-2026 14:30,77137.32,355,355,355,355,0,15,-0.4095,0.000123,-22.37,81.29
28-08-2026 14:31,77133.69,355.95,355.95,355.95,355.95,20,7.48,-0.3373,0.000232,-10.51,76.45
28-08-2026 14:32,77117.01,355.95,355.95,355.95,355.95,0,15,-0.412,0.000123,-22.39,81.38
28-08-2026 14:33,77122.63,360.8,361.8,356.75,356.75,100,7.44,-0.3391,0.000234,-10.48,76.6
28-08-2026 14:34,77139.9,356.75,356.75,347.1,347.1,40,7.39,-0.3341,0.000234,-10.35,76.18
28-08-2026 14:35,77119.03,347.1,347.6,347.1,347.6,20,7.31,-0.3373,0.000237,-10.27,76.44
28-08-2026 14:36,77132.08,347.6,352,347.6,352,40,7.42,-0.3365,0.000233,-10.42,76.38
28-08-2026 14:37,77120.23,352,352,352,352,0,15,-0.4116,0.000123,-22.39,81.36
28-08-2026 14:38,77132.68,352,352,351,351,100,7.41,-0.3362,0.000234,-10.4,76.35
28-08-2026 14:39,77123.13,351,351,351,351,0,15,-0.4112,0.000123,-22.39,81.34
28-08-2026 14:40,77121.9,351,351,351,351,0,15,-0.4114,0.000123,-22.39,81.35
28-08-2026 14:41,77112.73,351,351,351,351,0,15,-0.4125,0.000123,-22.4,81.39
28-08-2026 14:42,77112.41,351,351,351,351,0,15,-0.4125,0.000123,-22.4,81.39
28-08-2026 14:43,77118.66,351,351,351,351,0,15,-0.4118,0.000123,-22.39,81.36
28-08-2026 14:44,77122.28,351,351,351,351,0,15,-0.4113,0.000123,-22.39,81.34
28-08-2026 14:45,77114.29,351,351,351,351,0,15,-0.4123,0.000123,-22.4,81.38
28-08-2026 14:46,77108.54,351,351,351,351,0,15,-0.413,0.000123,-22.41,81.4
28-08-2026 14:47,77112.81,351,351,351,351,0,15,-0.4125,0.000123,-22.4,81.38
28-08-2026 14:48,77131.28,351,351,351,351,0,15,-0.4102,0.000123,-22.38,81.29
28-08-2026 14:49,77148.59,351,351,348.25,348.25,40,7.45,-0.3331,0.000232,-10.42,76.08
28-08-2026 14:50,77160.07,348.25,348.25,348.25,348.25,0,15,-0.4067,0.000123,-22.35,81.15
28-08-2026 14:51,77163.63,348.25,348.25,348.25,348.25,0,15,-0.4062,0.000123,-22.34,81.14
28-08-2026 14:52,77171.65,348.25,348.25,348.25,348.25,0,15,-0.4052,0.000123,-22.33,81.1
28-08-2026 14:53,77178.88,348.25,348.25,333,333,20,7.38,-0.3247,0.000232,-10.22,75.33
28-08-2026 14:54,77181.42,333,339.95,333,339.95,20,7.48,-0.3262,0.000229,-10.38,75.48
28-08-2026 14:55,77177.48,339.95,339.95,339.95,339.95,0,15,-0.4045,0.000123,-22.32,81.06
28-08-2026 14:56,77169.15,339.95,339.95,339.95,339.95,0,15,-0.4055,0.000123,-22.34,81.1
28-08-2026 14:57,77164.6,339.95,339.95,339.95,339.95,0,15,-0.4061,0.000123,-22.34,81.13
28-08-2026 14:58,77163.24,339.95,339.95,333.6,333.6,60,7.32,-0.3271,0.000234,-10.17,75.54
28-08-2026 14:59,77157.71,333.6,333.6,333.6,333.6,0,15,-0.4069,0.000123,-22.35,81.16
28-08-2026 15:00,77136.03,333.6,333.6,333.6,333.6,0,15,-0.4096,0.000123,-22.38,81.26
28-08-2026 15:01,77121.06,333.6,333.6,333.6,333.6,0,15,-0.4114,0.000123,-22.4,81.33
28-08-2026 15:02,77093.46,333.6,363.5,333.6,363.5,80,7.4,-0.3452,0.000237,-10.49,77.05
28-08-2026 15:03,77081.01,363.5,365.65,363.5,365.65,20,7.38,-0.3476,0.000238,-10.48,77.24
28-08-2026 15:04,77085.71,365.65,365.65,365.65,365.65,0,15,-0.4158,0.000123,-22.44,81.48
28-08-2026 15:05,77089.67,365.65,365.65,364.8,364.8,40,7.4,-0.3461,0.000237,-10.5,77.12
28-08-2026 15:06,77086.28,364.8,364.8,355.4,355.4,40,7.27,-0.3443,0.000241,-10.29,76.97
28-08-2026 15:07,77091.61,357.65,357.65,357.65,357.65,20,7.32,-0.344,0.000239,-10.36,76.95
28-08-2026 15:08,77102.3,357.65,357.65,342.25,342.25,20,7.17,-0.3385,0.000243,-10.08,76.49
28-08-2026 15:09,77136.99,342.25,342.25,342.25,342.25,0,15,-0.4095,0.000123,-22.38,81.25
28-08-2026 15:10,77150.54,342.25,342.25,342.25,342.25,0,15,-0.4078,0.000123,-22.36,81.18
28-08-2026 15:11,77215.44,342.25,342.25,308.2,308.2,240,7.2,-0.3123,0.000233,-9.83,74.14
28-08-2026 15:12,77241.55,308.95,308.95,307.15,307.15,40,7.3,-0.3085,0.000229,-9.91,73.77
28-08-2026 15:13,77225.48,307.15,307.15,307.15,307.15,0,15,-0.3986,0.000122,-22.26,80.79
28-08-2026 15:14,77194.59,307.15,325.35,307.15,325.35,120,7.34,-0.3203,0.000231,-10.12,74.91
28-08-2026 15:15,77194.59,325.35,325.35,315.5,315.5,60,7.21,-0.3174,0.000235,-9.91,74.63
28-08-2026 15:16,77194.59,315.5,315.5,315.5,315.5,0,15,-0.4024,0.000122,-22.31,80.95
28-08-2026 15:17,77194.59,315.5,315.5,315.5,315.5,0,15,-0.4024,0.000122,-22.31,80.95
28-08-2026 15:18,77194.59,315.5,315.5,315.5,315.5,0,15,-0.4024,0.000122,-22.31,80.95
28-08-2026 15:19,77194.59,315.5,315.5,315.5,315.5,0,15,-0.4024,0.000122,-22.31,80.95
28-08-2026 15:20,77194.59,315.5,315.5,312,312,20,7.17,-0.3164,0.000236,-9.83,74.52
28-08-2026 15:21,77194.59,312,312,312,312,0,15,-0.4024,0.000122,-22.31,80.95
28-08-2026 15:22,77194.59,312,312,307.5,307.5,60,7.11,-0.315,0.000237,-9.73,74.38
28-08-2026 15:23,77194.59,307.5,307.5,307.5,307.5,0,15,-0.4024,0.000122,-22.31,80.95
28-08-2026 15:24,77194.59,307.5,307.5,307.5,307.5,0,15,-0.4024,0.000122,-22.31,80.94
28-08-2026 15:25,77194.59,307.5,307.5,307.5,307.5,0,15,-0.4024,0.000122,-22.31,80.94
28-08-2026 15:26,77194.59,307.5,307.5,307.5,307.5,0,15,-0.4024,0.000122,-22.31,80.94
28-08-2026 15:27,77194.59,307.5,307.5,307.5,307.5,0,15,-0.4024,0.000122,-22.31,80.94
28-08-2026 15:28,77264.51,307.5,307.5,307.5,307.5,0,15,-0.3939,0.000122,-22.21,80.56
28-08-2026 15:29,77264.51,307.5,307.5,307.5,307.5,0,15,-0.3939,0.000122,-22.21,80.56
31-08-2026 09:16,76991.75,401,436.45,401,423,820,8.12,-0.3741,0.000234,-12.47,74.98
31-08-2026 09:17,77008.57,423.45,428.4,420.5,423.85,580,8.22,-0.3715,0.000231,-12.59,74.83
31-08-2026 09:18,76982.81,425.5,435.2,425.5,431.8,360,8.19,-0.3772,0.000233,-12.61,75.16
31-08-2026 09:19,77005.21,431.25,436.6,428.95,430.8,560,8.29,-0.3733,0.000229,-12.73,74.94
31-08-2026 09:20,77065.88,434.95,434.95,416.85,416.85,340,8.4,-0.3612,0.000224,-12.77,74.19
31-08-2026 09:21,77057.92,416.85,423.35,416.85,420,120,8.41,-0.363,0.000224,-12.8,74.31
31-08-2026 09:22,77050.28,420,420,416.8,419.7,80,8.37,-0.3641,0.000225,-12.75,74.38
31-08-2026 09:23,77040.76,419.7,423.15,419.7,421.4,40,8.34,-0.3659,0.000226,-12.73,74.49
31-08-2026 09:24,77036.66,421.4,428.05,421.4,428.05,40,8.41,-0.3678,0.000225,-12.86,74.61
31-08-2026 09:25,77030.86,428.05,429.95,428.05,429.95,20,8.41,-0.3691,0.000225,-12.87,74.69
31-08-2026 09:26,76969.69,429.95,435,429.95,435,80,8.17,-0.38,0.000234,-12.61,75.31
31-08-2026 09:27,76952.65,435,439.75,435,439.75,20,8.15,-0.3837,0.000235,-12.61,75.51
31-08-2026 09:28,76944.47,439.75,439.75,439.75,439.75,0,15,-0.4309,0.000132,-23.84,77.65
31-08-2026 09:29,76952.98,439.75,450.1,439.75,450.1,20,8.29,-0.3853,0.000232,-12.84,75.6
31-08-2026 09:30,76962.45,450.1,450.1,434.65,439.35,200,8.19,-0.3819,0.000234,-12.66,75.41
31-08-2026 09:31,76948.45,439.35,446.55,439.35,443.3,60,8.18,-0.385,0.000235,-12.66,75.57
31-08-2026 09:32,77001.96,443.3,443.3,434.7,434.7,20,8.33,-0.3746,0.000229,-12.8,75
31-08-2026 09:33,77010.91,434.7,434.7,431.75,431.75,20,8.33,-0.3726,0.000228,-12.79,74.88
31-08-2026 09:34,76991.36,431.75,431.75,431.75,431.75,0,15,-0.4247,0.000131,-23.79,77.48
31-08-2026 09:35,76961.73,431.75,431.75,431.75,431.75,0,15,-0.4286,0.000131,-23.82,77.58
31-08-2026 09:36,76973.08,431.75,431.75,431.75,431.75,0,15,-0.4271,0.000131,-23.81,77.54
31-08-2026 09:37,76995.53,431.75,431.75,431.75,431.75,0,15,-0.4242,0.000131,-23.78,77.46
31-08-2026 09:38,76966.89,431.75,439.75,429.3,439.75,80,8.22,-0.3812,0.000233,-12.7,75.37
31-08-2026 09:39,76959.81,439.75,439.75,436.6,436.6,40,8.15,-0.3819,0.000235,-12.59,75.4
31-08-2026 09:40,76961.43,434.1,443,434.1,442.8,80,8.24,-0.3827,0.000233,-12.73,75.44
31-08-2026 09:41,76938.78,442.8,442.8,435,435,100,8.02,-0.3853,0.00024,-12.42,75.57
31-08-2026 09:42,76910.8,435,448,435,448,20,8.04,-0.3923,0.00024,-12.51,75.93
31-08-2026 09:43,76893.03,448,448,440.2,445.95,340,7.92,-0.3952,0.000244,-12.35,76.06
31-08-2026 09:44,76876.7,454.55,457.3,450.4,450.4,60,7.9,-0.3989,0.000246,-12.34,76.23
31-08-2026 09:45,76889.46,450.4,464.75,450.4,464.75,200,8.15,-0.3986,0.000238,-12.73,76.23
31-08-2026 09:46,76909.7,464.75,464.75,450.5,450.5,20,8.07,-0.3929,0.00024,-12.56,75.95
31-08-2026 09:47,76914.52,450.5,455,450.5,455,60,8.15,-0.3927,0.000237,-12.69,75.95
31-08-2026 09:48,76884.24,455,455,455,455,20,8,-0.3982,0.000243,-12.49,76.2
31-08-2026 09:49,76896.55,455,455.4,455,455,60,8.06,-0.3959,0.00024,-12.57,76.1
31-08-2026 09:50,76904.5,455,455,455,455,0,15,-0.4362,0.000132,-23.88,77.76
31-08-2026 09:51,76913.95,455,455,455,455,0,15,-0.4349,0.000132,-23.87,77.73
31-08-2026 09:52,76865.6,455,455,449.9,452,40,7.86,-0.4012,0.000247,-12.3,76.33
31-08-2026 09:53,76883.88,452,452,452,452,0,15,-0.4389,0.000132,-23.9,77.81
31-08-2026 09:54,76876.62,452,452,452,452,0,15,-0.4398,0.000132,-23.9,77.83
31-08-2026 09:55,76867.15,452,458,452,458,20,7.95,-0.4018,0.000245,-12.44,76.35
31-08-2026 09:56,76846.4,458,458,458,458,0,15,-0.4438,0.000132,-23.93,77.91
31-08-2026 09:57,76850.88,458,458,458,458,0,15,-0.4432,0.000132,-23.92,77.9
31-08-2026 09:58,76869.8,458,458,458,458,0,15,-0.4407,0.000132,-23.91,77.85
31-08-2026 09:59,76874.11,458,458,458,458,0,15,-0.4402,0.000132,-23.91,77.83
31-08-2026 10:00,76889.7,458,458,458,458,0,15,-0.4381,0.000132,-23.9,77.79
31-08-2026 10:01,76879.37,458,458,458,458,0,15,-0.4395,0.000132,-23.9,77.82
31-08-2026 10:02,76893.04,458,458,458,458,0,15,-0.4377,0.000132,-23.89,77.78
31-08-2026 10:03,76880.26,458,458,458,458,0,15,-0.4393,0.000132,-23.9,77.81
31-08-2026 10:04,76900.98,458,458,458,458,0,15,-0.4366,0.000132,-23.89,77.75
31-08-2026 10:05,76921.5,458,458,458,458,0,15,-0.4339,0.000132,-23.87,77.69
31-08-2026 10:06,76932.93,458,458,458,458,0,15,-0.4324,0.000132,-23.86,77.65
31-08-2026 10:07,76924.15,458,458,444,444,20,8.06,-0.3893,0.000239,-12.52,75.75
31-08-2026 10:08,76919.66,444,444,436.5,436.5,140,7.94,-0.3889,0.000243,-12.33,75.72
31-08-2026 10:09,76883.75,436.5,451.3,436.5,451.3,80,7.95,-0.3977,0.000244,-12.41,76.15
31-08-2026 10:10,76844.94,451.3,460,451.3,460,20,7.86,-0.4063,0.000248,-12.33,76.53
31-08-2026 10:11,76831.34,460,466.4,460,466.4,140,7.87,-0.4098,0.000249,-12.37,76.67
31-08-2026 10:12,76816.14,466.4,469.75,466.4,469.75,140,7.83,-0.4132,0.00025,-12.33,76.8
31-08-2026 10:13,76845.45,469.75,469.75,469.75,469.75,0,15,-0.4439,0.000133,-23.93,77.9
31-08-2026 10:14,76841.1,469.75,471,451.45,471,520,7.98,-0.4085,0.000245,-12.54,76.62
31-08-2026 10:15,76839.23,459.6,460.5,459.6,460.5,60,7.84,-0.4075,0.000249,-12.3,76.57
31-08-2026 10:16,76822.02,460.5,460.5,460.2,460.2,20,7.74,-0.4108,0.000253,-12.17,76.7
31-08-2026 10:17,76817.41,460.2,470.4,460.2,467.9,100,7.82,-0.4127,0.000251,-12.3,76.78
31-08-2026 10:18,76827.26,467.9,467.9,467.9,467.9,0,15,-0.4464,0.000133,-23.95,77.93
31-08-2026 10:19,76816.56,467.9,473.35,465.85,473.35,60,7.88,-0.4136,0.000249,-12.41,76.81
31-08-2026 10:20,76805.98,473.35,473.35,473.35,473.35,0,15,-0.4492,0.000133,-23.96,77.98
31-08-2026 10:21,76803.38,473.35,473.35,473.35,473.35,0,15,-0.4495,0.000133,-23.96,77.99
31-08-2026 10:22,76812.03,473.35,473.35,461.95,461.95,20,7.71,-0.4131,0.000254,-12.14,76.78
31-08-2026 10:23,76801.2,458.1,463,458.1,463,240,7.67,-0.4154,0.000256,-12.08,76.87
31-08-2026 10:24,76798.73,463,468.1,463,468.1,20,7.72,-0.4165,0.000255,-12.17,76.91
31-08-2026 10:25,76801.21,468.1,468.1,468.1,468.1,0,15,-0.4498,0.000133,-23.97,77.99
31-08-2026 10:26,76843.09,468.1,468.1,461.8,461.8,20,7.87,-0.4069,0.000248,-12.36,76.54
31-08-2026 10:27,76850.75,461.8,461.8,460,460,120,7.89,-0.4052,0.000247,-12.38,76.46
31-08-2026 10:28,76868.42,460,460,460,460,0,15,-0.4409,0.000132,-23.92,77.82
31-08-2026 10:29,76856.88,460,460,460,460,0,15,-0.4424,0.000132,-23.93,77.85
31-08-2026 10:30,76859.54,460,460,460,460,0,15,-0.4421,0.000132,-23.93,77.84
31-08-2026 10:31,76851.8,460,460,460,460,0,15,-0.4431,0.000133,-23.94,77.86
31-08-2026 10:32,76839.25,460,460,457.9,458.45,60,7.81,-0.4072,0.00025,-12.26,76.54
31-08-2026 10:33,76817.01,458.45,460.3,458.45,460.3,40,7.72,-0.4119,0.000254,-12.14,76.72
31-08-2026 10:34,76795.43,460.3,460.3,460.3,460.3,0,15,-0.4506,0.000133,-23.97,77.99
31-08-2026 10:35,76796.48,460.3,460.3,460.3,460.3,0,15,-0.4504,0.000133,-23.97,77.99
31-08-2026 10:36,76797.78,460.3,469.7,460.3,469.7,20,7.74,-0.4169,0.000254,-12.2,76.91
31-08-2026 10:37,76786.54,469.7,469.7,469.7,469.7,0,15,-0.4518,0.000133,-23.98,78
31-08-2026 10:38,76759.16,469.7,476,469.7,476,40,7.61,-0.4257,0.00026,-12.04,77.21
31-08-2026 10:39,76775.63,476,476,469.75,469.75,180,7.62,-0.4215,0.000259,-12.04,77.07
31-08-2026 10:40,76764.42,471.05,475.65,471.05,475.65,60,7.63,-0.4245,0.000259,-12.08,77.17
31-08-2026 10:41,76775.5,475.65,475.65,475.65,475.65,0,15,-0.4532,0.000133,-23.99,78.02
31-08-2026 10:42,76779.16,475.65,475.65,471.85,472.2,80,7.67,-0.4211,0.000257,-12.12,77.05
31-08-2026 10:43,76800.07,472.2,472.2,465,465,60,7.69,-0.4159,0.000256,-12.12,76.86
31-08-2026 10:44,76799.67,465,465.9,462.15,462.15,100,7.65,-0.4156,0.000257,-12.06,76.85
31-08-2026 10:45,76803.44,467,468.3,467,468.3,40,7.75,-0.4156,0.000254,-12.22,76.85
31-08-2026 10:46,76796.21,468.3,468.3,468.3,468.3,0,15,-0.4505,0.000133,-23.98,77.97
31-08-2026 10:47,76779.41,468.3,468.3,468.3,468.3,0,15,-0.4527,0.000133,-23.99,78.01
31-08-2026 10:48,76788.65,468.3,468.3,468.3,468.3,0,15,-0.4515,0.000133,-23.98,77.99
31-08-2026 10:49,76783.66,468.3,468.3,468.3,468.3,0,15,-0.4521,0.000133,-23.99,78
31-08-2026 10:50,76780.56,468.3,468.3,468.3,468.3,0,15,-0.4525,0.000133,-23.99,78
31-08-2026 10:51,76760.38,468.3,472.2,468.3,472.2,60,7.57,-0.425,0.000261,-11.98,77.17
31-08-2026 10:52,76775.22,475,475,471.25,471.25,40,7.63,-0.4218,0.000258,-12.07,77.06
31-08-2026 10:53,76783.59,471.25,471.25,471.25,471.25,0,15,-0.4521,0.000133,-23.99,77.99
31-08-2026 10:54,76788.85,471.25,471.25,471.25,471.25,0,15,-0.4514,0.000133,-23.98,77.98
31-08-2026 10:55,76784.99,471.25,473.8,470.15,470.15,100,7.67,-0.4196,0.000257,-12.12,76.98
31-08-2026 10:56,76779.77,470.15,470.15,470.15,470.15,0,15,-0.4527,0.000133,-23.99,78
31-08-2026 10:57,76796.84,470.15,470.15,470.15,470.15,0,15,-0.4504,0.000133,-23.98,77.96
31-08-2026 10:58,76814.27,470.15,470.15,470.15,470.15,0,15,-0.4481,0.000133,-23.97,77.92
31-08-2026 10:59,76809.1,470.15,470.15,470.15,470.15,0,15,-0.4488,0.000133,-23.97,77.93
31-08-2026 11:00,76828.09,470.15,470.15,470.15,470.15,0,15,-0.4462,0.000133,-23.96,77.89
31-08-2026 11:01,76821.32,470.15,470.15,470.15,470.15,0,15,-0.4471,0.000133,-23.97,77.9
31-08-2026 11:02,76815.31,470.15,470.15,470.15,470.15,0,15,-0.4479,0.000133,-23.97,77.91
31-08-2026 11:03,76812.67,470.15,470.15,461.95,461.95,40,7.72,-0.4129,0.000254,-12.16,76.73
31-08-2026 11:04,76815.02,461.95,461.95,461.95,461.95,0,15,-0.448,0.000133,-23.97,77.91
31-08-2026 11:05,76809.37,461.95,461.95,461.95,461.95,0,15,-0.4487,0.000133,-23.98,77.92
31-08-2026 11:06,76790.85,461.95,461.95,461.95,461.95,0,15,-0.4512,0.000133,-23.99,77.96
31-08-2026 11:07,76793.94,461.95,465,461.95,465,20,7.66,-0.4171,0.000257,-12.09,76.88
31-08-2026 11:08,76791.55,465,465,465,465,0,15,-0.4511,0.000133,-23.99,77.96
31-08-2026 11:09,76778.25,465,465,465,465,0,15,-0.4529,0.000133,-23.99,77.98
31-08-2026 11:10,76780.63,465,465,465,465,0,15,-0.4525,0.000133,-23.99,77.98
31-08-2026 11:11,76764.55,465,473.25,465,473.25,20,7.6,-0.4243,0.00026,-12.04,77.12
31-08-2026 11:12,76764.88,473.25,474.15,473.25,474.15,80,7.62,-0.4243,0.000259,-12.06,77.12
31-08-2026 11:13,76771.51,474.15,474.15,474.15,474.15,0,15,-0.4537,0.000133,-24,77.99
31-08-2026 11:14,76789.55,474.15,474.15,474.15,474.15,0,15,-0.4513,0.000133,-23.99,77.96
31-08-2026 11:15,76788.66,474.15,474.15,456.65,456.65,20,7.52,-0.4172,0.000262,-11.87,76.87
31-08-2026 11:16,76810.19,456.65,456.65,456.65,456.65,0,15,-0.4486,0.000133,-23.98,77.91
31-08-2026 11:17,76811.62,456.65,456.65,456.65,456.65,0,15,-0.4484,0.000133,-23.98,77.91
31-08-2026 11:18,76802.68,456.65,456.65,456.65,456.65,0,15,-0.4496,0.000133,-23.98,77.92
31-08-2026 11:19,76799.07,456.65,477.55,456.65,461.7,360,7.64,-0.4157,0.000257,-12.06,76.81
31-08-2026 11:20,76806.91,461.7,461.7,461.7,461.7,0,15,-0.449,0.000133,-23.98,77.91
31-08-2026 11:21,76798.72,461.7,461.7,461.7,461.7,0,15,-0.4501,0.000133,-23.99,77.93
31-08-2026 11:22,76820.1,461.7,461.7,461.7,461.7,0,15,-0.4473,0.000133,-23.98,77.88
31-08-2026 11:23,76809.7,461.7,461.7,461.7,461.7,0,15,-0.4487,0.000133,-23.98,77.9
31-08-2026 11:24,76790.68,461.7,461.7,461.7,461.7,0,15,-0.4512,0.000133,-23.99,77.94
31-08-2026 11:25,76797.27,461.7,463.05,461.15,461.15,60,7.63,-0.416,0.000258,-12.04,76.82
31-08-2026 11:26,76801.39,461.15,461.15,461.15,461.15,0,15,-0.4498,0.000133,-23.99,77.92
31-08-2026 11:27,76797.33,461.15,461.15,461.15,461.15,0,15,-0.4503,0.000133,-23.99,77.93
31-08-2026 11:28,76796.28,461.15,461.15,461.15,461.15,0,15,-0.4504,0.000133,-23.99,77.93
31-08-2026 11:29,76815.86,461.15,461.15,461.15,461.15,0,15,-0.4478,0.000133,-23.98,77.88
31-08-2026 11:30,76833.12,461.15,461.15,461.15,461.15,0,15,-0.4455,0.000133,-23.97,77.84
31-08-2026 11:31,76821.74,461.15,461.15,450.1,450.1,40,7.62,-0.4096,0.000257,-11.98,76.56
31-08-2026 11:32,76826.84,450.1,450.1,450.1,450.1,0,15,-0.4464,0.000133,-23.97,77.85
31-08-2026 11:33,76821.26,450.1,450.1,450.1,450.1,0,15,-0.4471,0.000133,-23.98,77.87
31-08-2026 11:34,76843.03,450.1,450.1,450.1,450.1,0,15,-0.4442,0.000133,-23.96,77.81
31-08-2026 11:35,76848.4,450.1,450.1,449.45,449.45,60,7.75,-0.4042,0.000252,-12.16,76.34
31-08-2026 11:36,76859.54,449.45,449.45,440,441.45,80,7.7,-0.4009,0.000253,-12.06,76.19
31-08-2026 11:37,76835.43,441.45,441.45,441.45,441.45,0,15,-0.4452,0.000133,-23.97,77.83
31-08-2026 11:38,76848.45,441.45,441.45,441.45,441.45,0,15,-0.4435,0.000133,-23.96,77.79
31-08-2026 11:39,76842.4,441.45,441.45,441.45,441.45,0,15,-0.4443,0.000133,-23.97,77.81
31-08-2026 11:40,76858.42,441.45,441.45,441.45,441.45,0,15,-0.4422,0.000133,-23.95,77.76
31-08-2026 11:41,76861.24,441.45,441.45,441.45,441.45,0,15,-0.4418,0.000133,-23.95,77.76
31-08-2026 11:42,76872.52,441.45,441.45,440,440,40,7.75,-0.3981,0.000251,-12.12,76.06
31-08-2026 11:43,76879.57,440,440,433.4,433.4,20,7.7,-0.3958,0.000252,-12.03,75.95
31-08-2026 11:44,76865.4,433.4,433.4,433.4,433.4,0,15,-0.4413,0.000133,-23.95,77.74
31-08-2026 11:45,76871.36,433.4,433.4,433.4,433.4,0,15,-0.4405,0.000132,-23.95,77.72
31-08-2026 11:46,76871.93,433.4,443.65,433.4,443.65,300,7.8,-0.3988,0.00025,-12.2,76.09
31-08-2026 11:47,76854.61,443.65,443.65,438.1,440.2,80,7.66,-0.4016,0.000254,-12.01,76.21
31-08-2026 11:48,76842.21,440.2,442.5,440.2,442.5,60,7.63,-0.4044,0.000256,-11.97,76.33
31-08-2026 11:49,76879.58,442.5,442.5,432.85,434.1,100,7.71,-0.3959,0.000252,-12.04,75.95
31-08-2026 11:50,76884.3,434.1,434.1,432.7,432.7,60,7.72,-0.3948,0.000251,-12.05,75.89
31-08-2026 11:51,76887.31,432.7,432.7,423.75,428.65,120,7.68,-0.3936,0.000252,-11.98,75.83
31-08-2026 11:52,76894.29,428.65,434,428,434,160,7.79,-0.3931,0.000249,-12.14,75.81
31-08-2026 11:53,76916.31,434,434,422,422,40,7.74,-0.3871,0.000249,-12.02,75.51
31-08-2026 11:54,76988.65,420.3,420.3,386,386,360,7.63,-0.3674,0.000249,-11.67,74.38
31-08-2026 11:55,77020.13,388.45,395.5,383.45,389.7,360,7.83,-0.3629,0.000241,-11.94,74.1
31-08-2026 11:56,77049.5,389.7,390.6,372.8,372.8,240,7.75,-0.3544,0.000242,-11.72,73.53
31-08-2026 11:57,77029.46,372.8,378.55,372.8,378.55,40,7.73,-0.359,0.000243,-11.74,73.83
31-08-2026 11:58,77007.08,377.9,392.8,377.9,388.3,280,7.75,-0.3648,0.000244,-11.84,74.21
31-08-2026 11:59,76987.57,392.05,396.7,389.7,396.1,400,7.76,-0.3697,0.000245,-11.9,74.52
31-08-2026 12:00,76982.99,396.1,401.7,395.05,401.7,340,7.81,-0.3716,0.000244,-12,74.63
31-08-2026 12:01,76966.27,401.7,405.45,396.7,396.7,260,7.66,-0.3735,0.000249,-11.78,74.74
31-08-2026 12:02,76977.22,396.7,401.65,393.65,397.3,380,7.72,-0.3717,0.000247,-11.86,74.63
31-08-2026 12:03,76989.29,397.3,397.3,391.25,391.25,140,7.7,-0.3684,0.000246,-11.8,74.43
31-08-2026 12:04,77008.33,391.25,394.2,387.4,389.45,120,7.77,-0.3648,0.000243,-11.87,74.21
31-08-2026 12:05,76989.03,383.1,398.95,383.1,398.95,180,7.8,-0.37,0.000244,-11.97,74.53
31-08-2026 12:06,76984.91,398.95,399.35,395.5,399.25,140,7.79,-0.3708,0.000244,-11.96,74.58
31-08-2026 12:07,76985.11,399.25,399.25,388.45,395.65,80,7.74,-0.37,0.000246,-11.88,74.53
31-08-2026 12:08,76968.15,395.65,395.65,392.65,394.05,120,7.64,-0.3726,0.00025,-11.74,74.68
31-08-2026 12:09,76964.92,395.5,400.6,395.5,398.9,160,7.68,-0.3741,0.000248,-11.83,74.77
31-08-2026 12:10,76959.59,395.4,398.55,395.3,398.35,140,7.65,-0.375,0.00025,-11.78,74.82
31-08-2026 12:11,76970.72,398.35,399.25,396.15,396.9,160,7.69,-0.3727,0.000248,-11.82,74.69
31-08-2026 12:12,76973.5,396.9,398.55,393.15,393.15,120,7.65,-0.3715,0.000249,-11.75,74.61
31-08-2026 12:13,76956.43,393.15,393.15,389.55,389.55,200,7.52,-0.3738,0.000254,-11.57,74.74
31-08-2026 12:14,76946.52,394.1,404.2,394,400.8,140,7.62,-0.3778,0.000251,-11.76,74.97
31-08-2026 12:15,76940.77,401.25,404.9,401,401,220,7.59,-0.3789,0.000252,-11.73,75.03
31-08-2026 12:16,76966.08,401,401,387.9,391.8,160,7.6,-0.3725,0.000251,-11.68,74.66
31-08-2026 12:17,76972.88,391.8,391.8,387.6,387.95,100,7.58,-0.3706,0.000251,-11.63,74.54
31-08-2026 12:18,76975.23,387.95,387.95,386.7,386.7,160,7.57,-0.3699,0.000251,-11.62,74.5
31-08-2026 12:19,76986.72,388.8,388.8,388.8,388.8,20,7.66,-0.3683,0.000248,-11.73,74.41
31-08-2026 12:20,76998.78,388.8,388.8,385.9,385.9,60,7.68,-0.3657,0.000247,-11.74,74.24
31-08-2026 12:21,77001.72,385.9,385.9,381.55,381.55,40,7.64,-0.3642,0.000248,-11.66,74.15
31-08-2026 12:22,77015.46,381.55,381.55,377.3,381.3,220,7.7,-0.3619,0.000245,-11.73,74
31-08-2026 12:23,76991.88,381.3,382.75,381.3,382.75,140,7.6,-0.3662,0.000249,-11.63,74.27
31-08-2026 12:24,76980.18,382.75,388.05,382.75,388.05,80,7.62,-0.3693,0.00025,-11.68,74.46
31-08-2026 12:25,76972.61,388.05,388.95,388.05,388.9,60,7.59,-0.3708,0.000251,-11.65,74.55
31-08-2026 12:26,76974.61,388.9,388.9,385.15,385.15,140,7.55,-0.3697,0.000252,-11.58,74.48
31-08-2026 12:27,76974.43,385.15,389.4,385.15,389.15,40,7.6,-0.3705,0.00025,-11.67,74.53
31-08-2026 12:28,76962.36,389.15,389.15,387.15,387.15,20,7.52,-0.3723,0.000254,-11.55,74.63
31-08-2026 12:29,76974.09,387.15,388.15,385.55,388.15,60,7.59,-0.3704,0.000251,-11.65,74.52
31-08-2026 12:30,76955.27,395.05,395.05,394.7,394.85,100,7.58,-0.3751,0.000252,-11.68,74.8
31-08-2026 12:31,76953.49,394.85,394.85,389.4,389.4,100,7.5,-0.3743,0.000255,-11.55,74.75
31-08-2026 12:32,76971.17,389.4,389.4,385.5,385.5,140,7.54,-0.3704,0.000252,-11.57,74.51
31-08-2026 12:33,76965.19,385.5,390.5,385.5,390.5,80,7.58,-0.3724,0.000252,-11.65,74.64
31-08-2026 12:34,76945.83,390.5,390.5,385.9,388.8,80,7.46,-0.3756,0.000256,-11.49,74.81
31-08-2026 12:35,76962.73,388.8,392.25,388.8,388.9,60,7.54,-0.3725,0.000253,-11.6,74.64
31-08-2026 12:36,76968.52,388.9,389.9,388.9,389.9,20,7.58,-0.3717,0.000251,-11.66,74.59
31-08-2026 12:37,76965.87,389.9,392.05,389.75,392.05,80,7.6,-0.3726,0.000251,-11.69,74.65
31-08-2026 12:38,76979.17,392.05,392.05,387.05,387.05,40,7.6,-0.3693,0.00025,-11.66,74.44
31-08-2026 12:39,76984.66,387.05,387.05,383.7,383.7,60,7.58,-0.3676,0.00025,-11.61,74.34
31-08-2026 12:40,76997.22,383.7,383.7,383.7,383.7,0,15,-0.4238,0.000131,-23.85,77.24
31-08-2026 12:41,77006.03,383.7,383.7,383.7,383.7,0,15,-0.4227,0.000131,-23.84,77.21
31-08-2026 12:42,76989.63,383.7,383.7,383.7,383.7,0,15,-0.4248,0.000132,-23.85,77.27
31-08-2026 12:43,76978.09,383.7,383.7,383.7,383.7,0,15,-0.4263,0.000132,-23.87,77.31
31-08-2026 12:44,76991.08,383.7,383.7,383.7,383.7,0,15,-0.4246,0.000132,-23.85,77.26
31-08-2026 12:45,76978.55,383.7,392.7,383.7,392.7,60,7.67,-0.3705,0.000248,-11.78,74.52
31-08-2026 12:46,76957.31,392.7,392.7,390.15,391.7,40,7.55,-0.3741,0.000253,-11.63,74.72
31-08-2026 12:47,76967.32,391.7,391.7,390,390,20,7.58,-0.372,0.000251,-11.65,74.59
31-08-2026 12:48,76965.47,390,390,390,390,0,15,-0.428,0.000132,-23.88,77.35
31-08-2026 12:49,76975.16,390,390,390,390,0,15,-0.4267,0.000132,-23.87,77.32
31-08-2026 12:50,76987.84,390,390,390,390,0,15,-0.425,0.000132,-23.86,77.27
31-08-2026 12:51,76986.09,390,390,390,390,0,15,-0.4253,0.000132,-23.86,77.27
31-08-2026 12:52,76995.31,390,390,386.5,386.5,20,7.67,-0.3664,0.000247,-11.75,74.25
31-08-2026 12:53,76996.15,386.5,386.7,386.5,386.7,20,7.68,-0.3663,0.000247,-11.75,74.25
31-08-2026 12:54,77008.91,386.7,386.7,383.65,383.65,60,7.7,-0.3635,0.000245,-11.76,74.07
31-08-2026 12:55,76998.94,383.65,383.65,383.65,383.65,0,15,-0.4236,0.000131,-23.85,77.22
31-08-2026 12:56,77009.24,383.65,383.65,383.65,383.65,0,15,-0.4222,0.000131,-23.84,77.18
31-08-2026 12:57,76998.86,380.05,384.3,380.05,384.3,40,7.66,-0.3653,0.000247,-11.72,74.18
31-08-2026 12:58,77005.26,384.3,384.3,384.3,384.3,0,15,-0.4227,0.000131,-23.84,77.19
31-08-2026 12:59,76993.21,384.3,384.3,384.3,384.3,0,15,-0.4243,0.000132,-23.86,77.24
31-08-2026 13:00,76982.39,384.3,384.3,383.95,383.95,60,7.58,-0.3681,0.000251,-11.61,74.34
31-08-2026 13:01,76996.11,383.95,383.95,383.95,383.95,0,15,-0.4239,0.000132,-23.85,77.22
31-08-2026 13:02,76993.19,383.95,383.95,378.5,378.5,20,7.56,-0.3651,0.000251,-11.55,74.15
31-08-2026 13:03,76991.09,378.5,378.5,378.5,378.5,0,15,-0.4246,0.000132,-23.86,77.24
31-08-2026 13:04,76996.28,378.5,378.5,378.5,378.5,0,15,-0.4239,0.000132,-23.85,77.22
31-08-2026 13:05,76993.03,378.5,378.5,378.5,378.5,0,15,-0.4243,0.000132,-23.86,77.23
31-08-2026 13:06,76988.15,378.5,378.5,378.5,378.5,0,15,-0.425,0.000132,-23.86,77.25
31-08-2026 13:07,76986.09,378.5,392.1,378.5,388.3,180,7.65,-0.3683,0.000248,-11.74,74.36
31-08-2026 13:08,76985.22,388.3,388.3,388.3,388.3,0,15,-0.4254,0.000132,-23.87,77.26
31-08-2026 13:09,76977.01,388.3,388.3,388.3,388.3,0,15,-0.4265,0.000132,-23.88,77.29
31-08-2026 13:10,76971.05,388.3,388.3,388.3,388.3,0,15,-0.4272,0.000132,-23.88,77.31
31-08-2026 13:11,76982.08,388.3,388.3,388.3,388.3,0,15,-0.4258,0.000132,-23.87,77.26
31-08-2026 13:12,76982.96,388.3,388.3,388.3,388.3,0,15,-0.4257,0.000132,-23.87,77.26
31-08-2026 13:13,76995.93,388.3,388.3,388.3,388.3,0,15,-0.424,0.000132,-23.86,77.21
31-08-2026 13:14,77010.17,388.3,388.3,388.3,388.3,0,15,-0.4221,0.000131,-23.84,77.15
31-08-2026 13:15,77009.65,388.3,388.3,388.3,388.3,0,15,-0.4222,0.000131,-23.84,77.15
31-08-2026 13:16,77002.91,388.3,388.3,388.3,388.3,0,15,-0.423,0.000131,-23.85,77.18
31-08-2026 13:17,76994.83,388.3,388.3,388.3,388.3,0,15,-0.4241,0.000132,-23.86,77.21
31-08-2026 13:18,76996.99,388.3,394.7,388.3,394.7,40,7.8,-0.3678,0.000244,-11.95,74.32
31-08-2026 13:19,76988.04,394.7,394.7,394.7,394.7,0,15,-0.425,0.000132,-23.87,77.23
31-08-2026 13:20,76988.51,394.7,394.7,394.7,394.7,0,15,-0.4249,0.000132,-23.87,77.23
31-08-2026 13:21,76990.62,394.7,394.7,394.7,394.7,0,15,-0.4247,0.000132,-23.87,77.22
31-08-2026 13:22,76987.5,394.7,394.7,394.7,394.7,0,15,-0.4251,0.000132,-23.87,77.23
31-08-2026 13:23,76984.79,394.7,394.7,394.7,394.7,0,15,-0.4254,0.000132,-23.87,77.24
31-08-2026 13:24,76988.43,394.7,394.7,394.7,394.7,0,15,-0.4249,0.000132,-23.87,77.23
31-08-2026 13:25,76988.24,394.7,394.7,394.7,394.7,0,15,-0.425,0.000132,-23.87,77.23
31-08-2026 13:26,76988.25,394.7,394.7,394.7,394.7,0,15,-0.425,0.000132,-23.87,77.22
31-08-2026 13:27,77006.21,394.7,394.7,384.75,384.75,20,7.71,-0.3642,0.000246,-11.78,74.08
31-08-2026 13:28,76988.87,384.75,384.75,384.75,384.75,0,15,-0.4249,0.000132,-23.87,77.22
31-08-2026 13:29,76992.43,384.75,391.2,384.75,391.2,60,7.73,-0.3678,0.000246,-11.85,74.31
31-08-2026 13:30,76989.72,391.2,391.2,391.2,391.2,0,15,-0.4248,0.000132,-23.87,77.21
31-08-2026 13:31,76989.65,391.2,391.2,391.2,391.2,0,15,-0.4248,0.000132,-23.87,77.21
31-08-2026 13:32,76985.78,391.2,391.2,391.2,391.2,0,15,-0.4253,0.000132,-23.88,77.23
31-08-2026 13:33,76998.45,391.2,391.2,391.2,391.2,0,15,-0.4236,0.000132,-23.86,77.18
31-08-2026 13:34,76995.92,391.2,391.2,391.2,391.2,0,15,-0.4239,0.000132,-23.87,77.19
31-08-2026 13:35,76991.91,391.2,391.2,391.2,391.2,0,15,-0.4245,0.000132,-23.87,77.2
31-08-2026 13:36,76978.75,391.2,391.2,391.2,391.2,0,15,-0.4262,0.000132,-23.88,77.25
31-08-2026 13:37,76977.14,391.2,391.2,391.2,391.2,0,15,-0.4264,0.000132,-23.89,77.25
31-08-2026 13:38,76981.83,391.2,391.2,391.2,391.2,0,15,-0.4258,0.000132,-23.88,77.24
31-08-2026 13:39,76970.95,394.05,394.05,392.8,392.8,60,7.64,-0.3719,0.00025,-11.76,74.54
31-08-2026 13:40,76979.56,392.8,392.8,387.6,387.6,20,7.62,-0.3693,0.00025,-11.69,74.38
31-08-2026 13:41,76962.78,387.6,387.6,387.6,387.6,0,15,-0.4283,0.000132,-23.9,77.3
31-08-2026 13:42,76962.88,387.6,387.6,387.6,387.6,0,15,-0.4283,0.000132,-23.9,77.3
31-08-2026 13:43,76946.02,387.6,398.4,387.6,398.4,40,7.59,-0.3774,0.000252,-11.73,74.85
31-08-2026 13:44,76951.02,398.4,398.4,398.4,398.4,0,15,-0.4299,0.000132,-23.92,77.34
31-08-2026 13:45,76947.33,398.4,398.4,396.55,396.55,40,7.58,-0.3768,0.000253,-11.7,74.82
31-08-2026 13:46,76949.42,396.55,396.55,396.55,396.55,0,15,-0.4301,0.000132,-23.92,77.34
31-08-2026 13:47,76948.31,396.55,396.55,396.55,396.55,0,15,-0.4302,0.000132,-23.92,77.35
31-08-2026 13:48,76955.03,396.55,396.55,396.55,396.55,0,15,-0.4293,0.000132,-23.91,77.32
31-08-2026 13:49,76963.48,396.55,396.55,396.55,396.55,0,15,-0.4282,0.000132,-23.91,77.29
31-08-2026 13:50,76969.59,396.55,396.55,396.55,396.55,0,15,-0.4274,0.000132,-23.9,77.27
31-08-2026 13:51,76967.14,396.55,396.55,396.55,396.55,0,15,-0.4277,0.000132,-23.9,77.27
31-08-2026 13:52,76968.79,396.55,396.55,396.55,396.55,0,15,-0.4275,0.000132,-23.9,77.27
31-08-2026 13:53,76948.2,396.55,396.55,396.55,396.55,0,15,-0.4302,0.000132,-23.92,77.34
31-08-2026 13:54,76953.86,396.55,396.55,396.55,396.55,0,15,-0.4295,0.000132,-23.92,77.32
31-08-2026 13:55,76942.39,396.55,396.55,396.55,396.55,0,15,-0.431,0.000132,-23.93,77.36
31-08-2026 13:56,76941.6,396.55,396.55,396.55,396.55,0,15,-0.4311,0.000132,-23.93,77.36
31-08-2026 13:57,76937.48,396.55,396.55,396.55,396.55,0,15,-0.4316,0.000132,-23.93,77.37
31-08-2026 13:58,76930.25,396.55,396.55,396.55,396.55,0,15,-0.4326,0.000132,-23.94,77.39
31-08-2026 13:59,76920.64,396.55,405.45,396.55,405.45,20,7.56,-0.3833,0.000255,-11.73,75.16
31-08-2026 14:00,76916.56,405.45,405.45,399.9,399.9,100,7.46,-0.3831,0.000258,-11.58,75.14
31-08-2026 14:01,76900.31,399.9,400.85,399.9,400.85,20,7.39,-0.3863,0.000261,-11.5,75.31
31-08-2026 14:02,76909.47,400.85,400.85,400.85,400.85,0,15,-0.4353,0.000132,-23.96,77.46
31-08-2026 14:03,76890.11,400.85,411.1,400.85,411.1,20,7.48,-0.3901,0.000259,-11.66,75.51
31-08-2026 14:04,76871.88,416.4,419.4,416.4,419.4,60,7.49,-0.395,0.00026,-11.72,75.75
31-08-2026 14:05,76847.73,419.4,420,416.7,420,60,7.37,-0.3999,0.000265,-11.57,75.97
31-08-2026 14:06,76880.13,423.15,423.15,423.15,423.15,20,7.59,-0.394,0.000256,-11.86,75.7
31-08-2026 14:07,76891.19,423.15,423.15,409.1,409.1,20,7.46,-0.3895,0.00026,-11.62,75.47
31-08-2026 14:08,76884.8,409.1,409.1,409.1,409.1,0,15,-0.4386,0.000133,-23.99,77.52
31-08-2026 14:09,76859.74,409.1,425.15,409.1,416,220,7.39,-0.3969,0.000264,-11.56,75.82
31-08-2026 14:10,76873.31,416,416,416,416,0,15,-0.4401,0.000133,-24,77.55
31-08-2026 14:11,76863.3,416,416,416,416,0,15,-0.4415,0.000133,-24,77.58
31-08-2026 14:12,76867.82,416,416,416,416,0,15,-0.4409,0.000133,-24,77.57
31-08-2026 14:13,76869.16,416,416.5,416,416.5,40,7.44,-0.3951,0.000261,-11.64,75.74
31-08-2026 14:14,76862.48,416.5,416.5,416.5,416.5,0,15,-0.4416,0.000133,-24.01,77.58
31-08-2026 14:15,76870.91,416.5,416.5,416.5,416.5,0,15,-0.4404,0.000133,-24,77.56
31-08-2026 14:16,76880.94,416.5,419.2,412.9,412.9,100,7.46,-0.3922,0.00026,-11.64,75.6
31-08-2026 14:17,76874.92,412.9,416.95,411.05,416.95,60,7.48,-0.394,0.00026,-11.69,75.69
31-08-2026 14:18,76879.33,416.95,416.95,416.95,416.95,0,15,-0.4393,0.000133,-23.99,77.53
31-08-2026 14:19,76867.92,416.95,416.95,416.95,416.95,0,15,-0.4408,0.000133,-24,77.56
31-08-2026 14:20,76845.91,416.95,416.95,416.95,416.95,0,15,-0.4438,0.000133,-24.02,77.62
31-08-2026 14:21,76847.53,416.95,418.5,416.95,418.5,20,7.36,-0.3997,0.000265,-11.54,75.94
31-08-2026 14:22,76830.43,418.5,418.5,418.5,418.5,0,15,-0.4458,0.000133,-24.03,77.65
31-08-2026 14:23,76832.88,418.5,425,418.5,425,40,7.36,-0.4037,0.000266,-11.58,76.12
31-08-2026 14:24,76829.64,425,425,425,425,0,15,-0.4459,0.000133,-24.03,77.65
31-08-2026 14:25,76835.88,425,425,425,425,0,15,-0.4451,0.000133,-24.03,77.64
31-08-2026 14:26,76849.2,425,425,425,425,0,15,-0.4433,0.000133,-24.02,77.6
31-08-2026 14:27,76837.44,425,425,425,425,0,15,-0.4449,0.000133,-24.03,77.63
31-08-2026 14:28,76826.61,425,426.85,425,426.85,40,7.36,-0.4053,0.000266,-11.57,76.18
31-08-2026 14:29,76821.21,426.85,426.85,426.85,426.85,0,15,-0.447,0.000133,-24.04,77.67
31-08-2026 14:30,76840.27,426.85,426.85,426.85,426.85,0,15,-0.4445,0.000133,-24.03,77.62
31-08-2026 14:31,76851.32,426.85,426.85,426.85,426.85,0,15,-0.443,0.000133,-24.02,77.59
31-08-2026 14:32,76859.17,426.85,426.85,426.85,426.85,0,15,-0.442,0.000133,-24.01,77.57
31-08-2026 14:33,76857.77,426.85,426.85,426.85,426.85,0,15,-0.4422,0.000133,-24.02,77.57
31-08-2026 14:34,76867.49,418.9,418.9,418.9,418.9,20,7.47,-0.3958,0.000261,-11.69,75.75
31-08-2026 14:35,76867.57,418.9,418.9,412.1,412.1,20,7.38,-0.3947,0.000264,-11.54,75.69
31-08-2026 14:36,76860.9,412.1,412.1,412.1,412.1,0,15,-0.4418,0.000133,-24.01,77.56
31-08-2026 14:37,76862.11,412.1,412.1,412.1,412.1,0,15,-0.4416,0.000133,-24.01,77.56
31-08-2026 14:38,76875.33,412.1,414.85,412.1,414.85,20,7.45,-0.3936,0.000261,-11.65,75.64
31-08-2026 14:39,76903.04,414.85,414.85,414.85,414.85,0,15,-0.4362,0.000133,-23.98,77.43
31-08-2026 14:40,76927.22,414.85,414.85,401.85,401.85,40,7.55,-0.3815,0.000255,-11.71,75.02
31-08-2026 14:41,76922.16,401.85,401.85,401.85,401.85,0,15,-0.4336,0.000132,-23.96,77.37
31-08-2026 14:42,76961.82,401.85,401.85,387.4,389.75,160,7.56,-0.3729,0.000253,-11.65,74.53
31-08-2026 14:43,76958.57,389.75,389.75,389.75,389.75,0,15,-0.4288,0.000132,-23.93,77.25
31-08-2026 14:44,76935.45,389.75,389.75,389.75,389.75,0,15,-0.4319,0.000132,-23.95,77.32
31-08-2026 14:45,76973.96,389.75,389.75,381.55,381.55,120,7.51,-0.3691,0.000253,-11.54,74.29
31-08-2026 14:46,77116.19,381.55,381.55,338.15,338.15,340,7.6,-0.3354,0.000242,-11.32,71.93
31-08-2026 14:47,77035.89,349.35,367.65,349.35,367.65,440,7.63,-0.3555,0.000246,-11.59,73.41
31-08-2026 14:48,77013.72,367.65,370.9,365.8,370.9,120,7.57,-0.3599,0.000249,-11.53,73.7
31-08-2026 14:49,77000.2,370.9,372,362.5,371.15,540,7.5,-0.3622,0.000252,-11.46,73.85
31-08-2026 14:50,77005.4,371.1,371.25,364.4,366.05,220,7.46,-0.3602,0.000253,-11.38,73.72
31-08-2026 14:51,77018.75,366.5,366.5,365,365,60,7.51,-0.3577,0.000251,-11.43,73.55
31-08-2026 14:52,77032.92,365,365,365,365,0,15,-0.419,0.000131,-23.85,76.95
31-08-2026 14:53,77047.02,365,365.05,365,365.05,40,7.65,-0.353,0.000245,-11.59,73.24
31-08-2026 14:54,77067.7,365.05,365.05,358.55,358.55,100,7.66,-0.3482,0.000243,-11.55,72.89
31-08-2026 14:55,77058.79,358.55,358.55,358.55,358.55,0,15,-0.4156,0.000131,-23.82,76.83
31-08-2026 14:56,77035.15,358.55,358.55,358.55,358.55,0,15,-0.4187,0.000131,-23.85,76.93
31-08-2026 14:57,77030.46,358.55,358.55,358.55,358.55,0,15,-0.4193,0.000131,-23.85,76.95
31-08-2026 14:58,77001.92,358.55,358.55,358.55,358.55,0,15,-0.4231,0.000132,-23.89,77.07
31-08-2026 14:59,77001.53,358.55,374.95,358.55,374.95,60,7.56,-0.3629,0.00025,-11.56,73.89
31-08-2026 15:00,76981.62,375,384.6,375,384.6,60,7.59,-0.3684,0.000251,-11.66,74.23
31-08-2026 15:01,76986.97,384.6,384.6,384.6,384.6,0,15,-0.4251,0.000132,-23.91,77.12
31-08-2026 15:02,76991.97,384.6,384.6,384.6,384.6,0,15,-0.4244,0.000132,-23.9,77.1
31-08-2026 15:03,76956.23,384.6,384.6,384.6,384.6,0,15,-0.4291,0.000132,-23.94,77.23
31-08-2026 15:04,76950.46,384.6,384.65,384.05,384.05,40,7.43,-0.3738,0.000257,-11.46,74.55
31-08-2026 15:05,76937.91,384.05,397.5,384.05,397.5,40,7.55,-0.3787,0.000254,-11.69,74.84
31-08-2026 15:06,76956.45,397.5,397.5,397.5,397.5,0,15,-0.4291,0.000132,-23.94,77.23
31-08-2026 15:07,76958.76,397.5,397.5,378,378.55,60,7.4,-0.3711,0.000258,-11.39,74.38
31-08-2026 15:08,76963.94,378.55,378.55,378.55,378.55,0,15,-0.4281,0.000132,-23.93,77.2
31-08-2026 15:09,76993.81,378.55,378.55,378.55,378.55,0,15,-0.4242,0.000132,-23.9,77.09
31-08-2026 15:10,76953.88,378.55,380,378.55,380,20,7.4,-0.3723,0.000258,-11.39,74.45
31-08-2026 15:11,76963.72,380,380,380,380,0,15,-0.4281,0.000132,-23.93,77.2
31-08-2026 15:12,76941.07,380,380,380,380,0,15,-0.4311,0.000132,-23.96,77.27
31-08-2026 15:13,76946.45,384.5,384.5,384.5,384.5,20,7.42,-0.3746,0.000258,-11.45,74.58
31-08-2026 15:14,76930.28,384.5,384.5,384.5,384.5,0,15,-0.4325,0.000132,-23.97,77.31
31-08-2026 15:15,76924.93,384.5,400,384.5,400,40,7.52,-0.3816,0.000256,-11.67,74.98
31-08-2026 15:16,76924.93,400,400,400,400,0,15,-0.4332,0.000132,-23.97,77.32
31-08-2026 15:17,76924.93,400,400,400,400,0,15,-0.4332,0.000132,-23.97,77.32
31-08-2026 15:18,76924.93,400,400,400,400,0,15,-0.4332,0.000132,-23.97,77.32
31-08-2026 15:19,76924.93,400,400,400,400,0,15,-0.4332,0.000132,-23.97,77.32
31-08-2026 15:20,76924.93,400,400,370,370,80,7.12,-0.3756,0.000269,-10.99,74.62
31-08-2026 15:21,76924.93,370,373.55,370,373.55,80,7.17,-0.3764,0.000268,-11.08,74.67
31-08-2026 15:22,76924.93,373.55,381.2,373.55,381.2,260,7.27,-0.3779,0.000264,-11.25,74.76
31-08-2026 15:23,76924.93,381.2,390.6,381.2,390.6,60,7.39,-0.3798,0.00026,-11.46,74.87
31-08-2026 15:24,76924.93,390.6,390.6,385.6,385.6,60,7.33,-0.3788,0.000262,-11.35,74.81
31-08-2026 15:25,76924.93,385.6,385.6,379.8,379.8,20,7.25,-0.3777,0.000265,-11.22,74.74
31-08-2026 15:26,76924.93,379.8,379.8,379.8,379.8,0,15,-0.4332,0.000132,-23.98,77.31
31-08-2026 15:27,76924.93,379.8,379.8,379.8,379.8,0,15,-0.4332,0.000132,-23.98,77.31
31-08-2026 15:28,76957.27,379.8,390.65,379.8,390.05,80,7.55,-0.3738,0.000253,-11.65,74.53
31-08-2026 15:29,76957.27,390.05,390.05,390,390,40,7.55,-0.3738,0.000254,-11.65,74.52
01-09-2026 09:15,76855.4,440,440,440,440,20,7.81,-0.4015,0.000254,-12.47,74.79
01-09-2026 09:16,76863.39,440,441.5,422.65,435.45,520,7.79,-0.3993,0.000255,-12.43,74.69
01-09-2026 09:17,76884.96,435.45,440,434.95,440,420,7.97,-0.3958,0.000248,-12.68,74.54
01-09-2026 09:18,76856.08,440,440,440,440,0,15,-0.4418,0.000135,-24.42,76.3
01-09-2026 09:19,76878.59,440,440.75,438.6,438.6,220,7.91,-0.3968,0.00025,-12.61,74.58
01-09-2026 09:20,76869.96,438.6,442,438.4,438.4,100,7.87,-0.3984,0.000252,-12.54,74.65
01-09-2026 09:21,76902.23,438.4,438.4,434.8,434.8,140,7.99,-0.3918,0.000247,-12.69,74.35
01-09-2026 09:22,76878.97,434.8,434.8,434.8,434.8,0,15,-0.4387,0.000135,-24.4,76.23
01-09-2026 09:23,76874.53,434.8,434.8,434.8,434.8,0,15,-0.4393,0.000135,-24.41,76.24
01-09-2026 09:24,76871.05,434.8,442,434.8,442,160,7.92,-0.3988,0.00025,-12.63,74.66
01-09-2026 09:25,76885.6,442,443.5,437.75,442.45,160,8,-0.3961,0.000247,-12.75,74.54
01-09-2026 09:26,76922.22,442.45,442.45,433.8,433.8,60,8.08,-0.388,0.000244,-12.8,74.16
01-09-2026 09:27,76918.44,433.8,433.8,431.75,431.75,60,8.03,-0.3884,0.000245,-12.73,74.17
01-09-2026 09:28,76928.94,431.75,435.3,431.75,432.05,120,8.09,-0.3865,0.000243,-12.81,74.08
01-09-2026 09:29,76943.41,432.05,432.05,416.5,416.5,140,7.96,-0.3813,0.000246,-12.55,73.8
01-09-2026 09:30,76931.03,416.5,423.65,416.5,423.65,100,7.99,-0.3848,0.000246,-12.64,73.98
01-09-2026 09:31,76936.74,423.9,430.05,423.9,430.05,140,8.11,-0.3849,0.000242,-12.82,73.99
01-09-2026 09:32,76953.97,430.05,430.05,418.1,418.1,120,8.04,-0.3797,0.000243,-12.66,73.71
01-09-2026 09:33,76973.97,418.1,418.85,418.1,418.85,80,8.15,-0.3764,0.000239,-12.81,73.53
01-09-2026 09:34,76958.62,418.85,418.85,418.85,418.85,0,15,-0.428,0.000134,-24.33,75.95
01-09-2026 09:35,76946.88,418.85,423.3,418.85,423.3,20,8.07,-0.3819,0.000243,-12.74,73.83
01-09-2026 09:36,76917.77,423.3,423.3,423.3,423.3,0,15,-0.4335,0.000135,-24.37,76.09
01-09-2026 09:37,76879.62,423.3,423.3,423.3,423.3,0,15,-0.4386,0.000135,-24.41,76.21
01-09-2026 09:38,76900,423.3,430.1,423.3,430.1,60,7.91,-0.3915,0.000249,-12.57,74.31
01-09-2026 09:39,76865.38,430.1,430.1,430.1,430.1,0,15,-0.4405,0.000135,-24.42,76.25
01-09-2026 09:40,76862.3,430.1,440.45,430.1,440.45,60,7.85,-0.4002,0.000253,-12.54,74.71
01-09-2026 09:41,76893.43,440.45,441.6,435.55,438.05,220,7.99,-0.394,0.000247,-12.71,74.43
01-09-2026 09:42,76872.53,438.05,442.95,438.05,442.95,240,7.94,-0.3986,0.00025,-12.67,74.64
01-09-2026 09:43,76837.73,442.95,451.25,442.95,451.25,300,7.87,-0.4066,0.000254,-12.61,74.98
01-09-2026 09:44,76831.38,451.25,451.25,451.25,451.25,0,15,-0.4451,0.000135,-24.45,76.33
01-09-2026 09:45,76827.12,451.25,451.25,451.25,451.25,0,15,-0.4457,0.000135,-24.45,76.34
01-09-2026 09:46,76801.23,451.25,451.55,451.25,451.55,20,7.67,-0.414,0.000261,-12.34,75.26
01-09-2026 09:47,76781.37,454,459.2,454,458.2,140,7.65,-0.419,0.000263,-12.33,75.44
01-09-2026 09:48,76774.9,458.2,459.9,458.2,459.9,20,7.64,-0.4206,0.000263,-12.32,75.49
01-09-2026 09:49,76805.71,459.3,459.3,454.05,454.1,120,7.73,-0.4134,0.000259,-12.43,75.23
01-09-2026 09:50,76819.97,454.1,455,454.1,455,60,7.82,-0.4106,0.000256,-12.56,75.13
01-09-2026 09:51,76812.05,455,455,455,455,0,15,-0.4477,0.000136,-24.47,76.37
01-09-2026 09:52,76833.53,455,455,453.7,453.7,60,7.88,-0.4077,0.000253,-12.63,75.01
01-09-2026 09:53,76833.4,450.15,454.05,450,451.7,700,7.85,-0.4075,0.000254,-12.59,75
01-09-2026 09:54,76807.91,451.7,460.2,451.7,460.2,280,7.82,-0.4137,0.000256,-12.59,75.24
01-09-2026 09:55,76824.44,460.2,460.2,455.2,455.2,180,7.85,-0.4098,0.000255,-12.6,75.09
01-09-2026 09:56,76805.66,456.8,462,455.15,462,440,7.84,-0.4144,0.000256,-12.61,75.27
01-09-2026 09:57,76813.84,459.35,463.9,459,461.25,520,7.87,-0.4127,0.000254,-12.65,75.2
01-09-2026 09:58,76790.57,460.65,463.2,460.65,463.2,360,7.77,-0.4177,0.000259,-12.52,75.38
01-09-2026 09:59,76800.79,461.95,462,460.9,462,280,7.81,-0.4154,0.000257,-12.57,75.3
01-09-2026 10:00,76803.7,460.65,463.95,457.4,463.9,360,7.85,-0.4151,0.000255,-12.64,75.29
01-09-2026 10:01,76801.24,463.9,463.9,463.9,463.9,0,15,-0.4492,0.000136,-24.48,76.38
01-09-2026 10:02,76811.25,456.5,461.85,456.5,461.85,40,7.87,-0.4133,0.000255,-12.65,75.22
01-09-2026 10:03,76830.19,461.85,461.85,455.35,457,200,7.9,-0.4089,0.000253,-12.69,75.05
01-09-2026 10:04,76848.76,457,457,456.15,456.15,80,7.99,-0.4051,0.000249,-12.8,74.9
01-09-2026 10:05,76846.31,456.15,456.15,450.65,453,140,7.94,-0.4051,0.000251,-12.72,74.9
01-09-2026 10:06,76823.95,458.5,461.65,458.5,461.65,80,7.93,-0.4107,0.000252,-12.74,75.12
01-09-2026 10:07,76856.69,461.65,461.65,458,458,220,8.06,-0.4038,0.000247,-12.91,74.84
01-09-2026 10:08,76834.11,458,458,457,457,20,7.93,-0.4081,0.000252,-12.72,75.01
01-09-2026 10:09,76851.7,457,457,456,456,20,8.01,-0.4045,0.000249,-12.82,74.87
01-09-2026 10:10,76847.52,456,456,456,456,0,15,-0.4429,0.000135,-24.45,76.26
01-09-2026 10:11,76862.63,456,456,447.95,447.95,60,7.96,-0.4013,0.00025,-12.72,74.72
01-09-2026 10:12,76870.04,447.95,451.2,447.95,451.2,80,8.04,-0.4003,0.000247,-12.85,74.69
01-09-2026 10:13,76862.02,451.2,456.85,451.2,456.85,60,8.08,-0.4027,0.000246,-12.92,74.79
01-09-2026 10:14,76878.41,456.85,456.85,447.5,449.75,100,8.07,-0.3986,0.000246,-12.88,74.61
01-09-2026 10:15,76909.92,449.75,449.75,445,445,60,8.17,-0.392,0.000242,-12.99,74.3
01-09-2026 10:16,76909.79,445,445,445,445,0,15,-0.4345,0.000135,-24.4,76.07
01-09-2026 10:17,76928.31,445,445,445,445,0,15,-0.432,0.000135,-24.38,76.01
01-09-2026 10:18,76927.14,445,445,445,445,0,15,-0.4322,0.000135,-24.38,76.01
01-09-2026 10:19,76929.55,445,445,445,445,0,15,-0.4319,0.000135,-24.38,76
01-09-2026 10:20,76912.44,429.4,437.15,429.4,437.15,60,8.08,-0.3903,0.000244,-12.83,74.21
01-09-2026 10:21,76934.15,437.15,437.15,437.15,437.15,0,15,-0.4312,0.000135,-24.37,75.99
01-09-2026 10:22,76940.21,437.15,437.15,425,425,40,8.06,-0.3834,0.000243,-12.75,73.85
01-09-2026 10:23,76950.64,425,425,425,425,0,15,-0.429,0.000134,-24.36,75.93
01-09-2026 10:24,76965.03,425,425,425,425,0,15,-0.4271,0.000134,-24.34,75.87
01-09-2026 10:25,76939.53,425,425,425,425,0,15,-0.4305,0.000135,-24.37,75.96
01-09-2026 10:26,76948.69,425,425,425,425,0,15,-0.4293,0.000134,-24.36,75.93
01-09-2026 10:27,76946.4,425,425,425,425,0,15,-0.4296,0.000134,-24.36,75.94
01-09-2026 10:28,76963.75,425,425,425,425,0,15,-0.4273,0.000134,-24.34,75.87
01-09-2026 10:29,76962.34,425,425,425,425,0,15,-0.4274,0.000134,-24.35,75.88
01-09-2026 10:30,76991.3,425,425,415,415,20,8.19,-0.3728,0.000237,-12.85,73.26
01-09-2026 10:31,76985.44,415,415,415,415,0,15,-0.4243,0.000134,-24.32,75.79
01-09-2026 10:32,76995.41,415,415,415,415,0,15,-0.423,0.000134,-24.31,75.75
01-09-2026 10:33,76983.26,415,415,414.8,414.8,20,8.15,-0.3741,0.000239,-12.8,73.33
01-09-2026 10:34,76984.86,414.8,414.8,414.8,414.8,0,15,-0.4244,0.000134,-24.32,75.79
01-09-2026 10:35,76971.01,414.8,414.8,414.8,414.8,0,15,-0.4263,0.000134,-24.34,75.84
01-09-2026 10:36,76983.18,420.05,420.4,420.05,420.4,80,8.22,-0.3751,0.000237,-12.93,73.39
01-09-2026 10:37,76989.85,420.4,420.4,420.4,420.4,0,15,-0.4237,0.000134,-24.32,75.76
01-09-2026 10:38,76993.54,420.4,420.4,420.4,420.4,0,15,-0.4232,0.000134,-24.31,75.75
01-09-2026 10:39,76994.74,420.4,420.4,420.4,420.4,0,15,-0.4231,0.000134,-24.31,75.74
01-09-2026 10:40,76970.05,420.4,420.4,420.4,420.4,0,15,-0.4264,0.000134,-24.34,75.84
01-09-2026 10:41,76967.47,420.4,429.2,420.4,429.2,80,8.26,-0.3794,0.000237,-13.03,73.63
01-09-2026 10:42,76975.97,429.2,429.2,429.2,429.2,0,15,-0.4256,0.000134,-24.34,75.81
01-09-2026 10:43,76978.63,429.2,429.2,429.2,429.2,0,15,-0.4252,0.000134,-24.33,75.8
01-09-2026 10:44,76973.43,429.2,429.2,429.2,429.2,0,15,-0.4259,0.000134,-24.34,75.82
01-09-2026 10:45,76968.52,429.2,429.2,429.2,429.2,0,15,-0.4266,0.000134,-24.35,75.84
01-09-2026 10:46,76975.39,429.2,429.2,429.2,429.2,0,15,-0.4257,0.000134,-24.34,75.81
01-09-2026 10:47,76970.69,429.2,429.2,429.2,429.2,0,15,-0.4263,0.000134,-24.34,75.83
01-09-2026 10:48,76981.87,429.2,429.2,429.2,429.2,0,15,-0.4248,0.000134,-24.33,75.78
01-09-2026 10:49,76979.66,429.2,429.2,429.2,429.2,0,15,-0.4251,0.000134,-24.33,75.79
01-09-2026 10:50,77003.04,429.2,429.2,414,414,20,8.24,-0.3706,0.000236,-12.91,73.12
01-09-2026 10:51,77000.5,414,414,408.4,408.4,20,8.15,-0.37,0.000238,-12.76,73.07
01-09-2026 10:52,77023.52,408.4,408.4,408.4,408.4,0,15,-0.4192,0.000134,-24.28,75.61
01-09-2026 10:53,77057.51,408.4,408.4,400.7,400.7,40,8.33,-0.3592,0.00023,-12.93,72.41
01-09-2026 10:54,77038.66,400.7,400.7,400.7,400.7,0,15,-0.4172,0.000134,-24.26,75.54
01-09-2026 10:55,77046.52,400.7,400.7,400,400,20,8.27,-0.3608,0.000233,-12.85,72.51
01-09-2026 10:56,77010.93,400,400,400,400,0,15,-0.4209,0.000134,-24.3,75.66
01-09-2026 10:57,77025.88,400,400,400,400,0,15,-0.4189,0.000134,-24.28,75.59
01-09-2026 10:58,77028.44,400,400,395,395,40,8.11,-0.3627,0.000238,-12.62,72.62
01-09-2026 10:59,77026.1,395,395,395,395,0,15,-0.4189,0.000134,-24.28,75.59
01-09-2026 11:00,77034.74,395,395,395,395,0,15,-0.4177,0.000134,-24.27,75.55
01-09-2026 11:01,77034.32,395,395,395,395,0,15,-0.4178,0.000134,-24.27,75.55
01-09-2026 11:02,77010.35,395,395,395,395,0,15,-0.421,0.000134,-24.3,75.65
01-09-2026 11:03,77009.88,395,395,395,395,0,15,-0.421,0.000134,-24.3,75.65
01-09-2026 11:04,77033.53,395,395,395,395,0,15,-0.4179,0.000134,-24.27,75.55
01-09-2026 11:05,77016.82,395,395,395,395,0,15,-0.4201,0.000134,-24.29,75.62
01-09-2026 11:06,77027.79,395,395,395,395,20,8.1,-0.3628,0.000238,-12.62,72.61
01-09-2026 11:07,77054.97,395,395,392,392,20,8.2,-0.3578,0.000234,-12.71,72.3
01-09-2026 11:08,77072.91,392,392,380.05,380.05,40,8.12,-0.3524,0.000235,-12.53,71.92
01-09-2026 11:09,77071.71,380.05,380.05,373.4,376.25,140,8.06,-0.3517,0.000236,-12.43,71.87
01-09-2026 11:10,77083.93,376.25,376.25,376.25,376.25,0,15,-0.4111,0.000133,-24.21,75.32
01-09-2026 11:11,77104.24,376.25,378.55,364.15,366,260,8.08,-0.3443,0.000234,-12.36,71.35
01-09-2026 11:12,77110.81,366,366,366,366,0,15,-0.4076,0.000133,-24.17,75.19
01-09-2026 11:13,77122.6,366,366,366,366,0,15,-0.406,0.000133,-24.15,75.13
01-09-2026 11:14,77114.98,359.3,361.55,359.3,361.55,120,8.07,-0.3416,0.000234,-12.31,71.14
01-09-2026 11:15,77156.1,361.55,361.55,352.35,352.35,40,8.13,-0.3333,0.000229,-12.3,70.5
01-09-2026 11:16,77155.6,352.35,352.35,352.35,352.35,0,15,-0.4016,0.000132,-24.1,74.95
01-09-2026 11:17,77149.22,352.35,352.35,352.35,352.35,0,15,-0.4025,0.000132,-24.11,74.99
01-09-2026 11:18,77157.07,352.35,352.35,352.35,352.35,0,15,-0.4014,0.000132,-24.1,74.94
01-09-2026 11:19,77166.65,352.35,352.35,352.35,352.35,0,15,-0.4002,0.000132,-24.08,74.89
01-09-2026 11:20,77191.29,352.35,352.35,340,340,80,8.12,-0.325,0.000227,-12.17,69.83
01-09-2026 11:21,77190.91,340,346.05,340,341.3,40,8.14,-0.3254,0.000227,-12.21,69.86
01-09-2026 11:22,77186.29,339.5,346,339.5,345.75,160,8.18,-0.3273,0.000226,-12.3,70.02
01-09-2026 11:23,77179.84,345.75,345.75,345.75,345.75,0,15,-0.3984,0.000132,-24.06,74.81
01-09-2026 11:24,77179.23,345.75,345.75,345.15,345.15,20,8.14,-0.3281,0.000228,-12.25,70.08
01-09-2026 11:25,77174.78,345.15,345.15,337.6,342.65,60,8.08,-0.3281,0.000229,-12.16,70.07
01-09-2026 11:26,77166.44,342.65,342.65,342.65,342.65,0,15,-0.4002,0.000132,-24.08,74.88
01-09-2026 11:27,77185.24,342.65,342.65,337.45,337.45,20,8.06,-0.3252,0.000229,-12.08,69.83
01-09-2026 11:28,77199.02,337.45,337.45,337.45,337.45,0,15,-0.3959,0.000132,-24.03,74.7
01-09-2026 11:29,77198.66,337.45,337.45,333.05,333.05,100,8.06,-0.3221,0.000228,-12.03,69.57
01-09-2026 11:30,77228.04,333,333,331.55,331.55,60,8.17,-0.3176,0.000224,-12.14,69.19
01-09-2026 11:31,77214.11,331.55,331.55,323.35,326.25,100,8.03,-0.318,0.000228,-11.93,69.21
01-09-2026 11:32,77213.25,326.25,330.45,326.25,330.45,80,8.09,-0.3193,0.000227,-12.04,69.33
01-09-2026 11:33,77213.96,328.85,328.85,327.35,327.65,260,8.05,-0.3184,0.000227,-11.97,69.25
01-09-2026 11:34,77190.28,327.65,327.65,327.65,327.65,0,15,-0.397,0.000132,-24.04,74.74
01-09-2026 11:35,77165.85,327.65,339.3,327.65,339.3,60,7.99,-0.3284,0.000232,-12.03,70.08
01-09-2026 11:36,77157.74,339.3,339.3,339.3,339.3,0,15,-0.4013,0.000132,-24.1,74.92
01-09-2026 11:37,77169.94,339.3,339.3,339.3,339.3,0,15,-0.3997,0.000132,-24.08,74.85
01-09-2026 11:38,77159.26,339.3,341.95,336.35,340.9,120,7.99,-0.3298,0.000233,-12.04,70.19
01-09-2026 11:39,77156.25,340.9,343.95,340.9,343.95,20,8.02,-0.3311,0.000232,-12.1,70.29
01-09-2026 11:40,77114.35,343.95,343.95,340,340,20,7.76,-0.3362,0.000241,-11.78,70.68
01-09-2026 11:41,77156.82,340,340,340,340,0,15,-0.4014,0.000132,-24.1,74.92
01-09-2026 11:42,77157.85,340,340,334.05,339.85,60,7.97,-0.3297,0.000233,-12.01,70.18
01-09-2026 11:43,77154.39,339.85,339.85,339.85,339.85,0,15,-0.4018,0.000132,-24.11,74.93
01-09-2026 11:44,77169.23,339.85,339.85,339.85,339.85,0,15,-0.3998,0.000132,-24.08,74.85
01-09-2026 11:45,77165.05,339.85,339.85,334.95,334.95,20,7.93,-0.3274,0.000234,-11.92,69.98
01-09-2026 11:46,77156.75,334.95,334.95,334.95,334.95,0,15,-0.4014,0.000132,-24.11,74.91
01-09-2026 11:47,77160.66,334.95,334.95,334.95,334.95,0,15,-0.4009,0.000132,-24.1,74.89
01-09-2026 11:48,77149.52,334.95,334.95,334.95,334.95,0,15,-0.4024,0.000132,-24.12,74.95
01-09-2026 11:49,77137.65,334.95,334.95,334.95,334.95,0,15,-0.404,0.000132,-24.14,75.01
01-09-2026 11:50,77160.31,334.95,334.95,334.95,334.95,0,15,-0.401,0.000132,-24.1,74.89
01-09-2026 11:51,77170.75,334.95,334.95,334.95,334.95,0,15,-0.3996,0.000132,-24.08,74.83
01-09-2026 11:52,77168.55,334.95,334.95,334.95,334.95,0,15,-0.3999,0.000132,-24.09,74.84
01-09-2026 11:53,77155.95,350.6,350.6,338.25,338.25,160,7.94,-0.3296,0.000234,-11.96,70.15
01-09-2026 11:54,77172.29,338.25,338.25,338.25,338.25,0,15,-0.3994,0.000132,-24.08,74.82
01-09-2026 11:55,77198.95,338.25,343.2,338.25,343.2,20,8.21,-0.3248,0.000225,-12.31,69.78
01-09-2026 11:56,77192.37,343.2,343.2,340.6,340.6,20,8.14,-0.325,0.000227,-12.21,69.79
01-09-2026 11:57,77203.14,340.6,340.6,338.85,338.85,80,8.16,-0.3231,0.000226,-12.22,69.63
01-09-2026 11:58,77191.9,338.85,342.95,338.85,341.8,160,8.15,-0.3254,0.000227,-12.24,69.82
01-09-2026 11:59,77175.01,340.6,340.6,340.6,340.6,20,8.06,-0.3275,0.00023,-12.12,69.99
01-09-2026 12:00,77168.26,340.6,340.6,340.6,340.6,0,15,-0.3999,0.000132,-24.09,74.83
01-09-2026 12:01,77166.36,340.6,340.6,340.6,340.6,0,15,-0.4002,0.000132,-24.1,74.84
01-09-2026 12:02,77179.99,343.2,343.2,343.2,343.2,20,8.12,-0.3275,0.000228,-12.21,69.99
01-09-2026 12:03,77195.53,343.2,343.2,343.2,343.2,0,15,-0.3963,0.000132,-24.05,74.68
01-09-2026 12:04,77201.14,343.2,343.2,343.2,343.2,0,15,-0.3956,0.000132,-24.04,74.65
01-09-2026 12:05,77220.56,343.2,343.2,339.15,339.15,20,8.25,-0.3208,0.000223,-12.31,69.43
01-09-2026 12:06,77221.06,339.15,339.15,339.15,339.15,0,15,-0.3929,0.000131,-24,74.53
01-09-2026 12:07,77214.9,339.15,339.15,339.15,339.15,0,15,-0.3938,0.000132,-24.01,74.56
01-09-2026 12:08,77215.17,339.15,339.15,339.15,339.15,0,15,-0.3937,0.000132,-24.01,74.56
01-09-2026 12:09,77221.94,339.15,339.15,339.15,339.15,0,15,-0.3928,0.000131,-24,74.52
01-09-2026 12:10,77226.9,339.15,339.15,339.15,339.15,0,15,-0.3922,0.000131,-23.99,74.49
01-09-2026 12:11,77225.37,339.15,339.15,330.8,330.8,40,8.15,-0.3178,0.000224,-12.12,69.16
01-09-2026 12:12,77224.35,330.8,330.8,330.8,330.8,0,15,-0.3925,0.000131,-24,74.5
01-09-2026 12:13,77208.79,330.8,334.45,330.8,334.45,20,8.13,-0.3211,0.000226,-12.14,69.44
01-09-2026 12:14,77192.67,334.45,334.45,334.45,334.45,0,15,-0.3967,0.000132,-24.05,74.68
01-09-2026 12:15,77187.97,334.45,334.45,334.45,334.45,0,15,-0.3973,0.000132,-24.06,74.71
01-09-2026 12:16,77176.88,334.45,334.45,334.45,334.45,0,15,-0.3988,0.000132,-24.08,74.77
01-09-2026 12:17,77165.86,334.45,348.65,334.45,348.65,40,8.13,-0.3309,0.000229,-12.28,70.25
01-09-2026 12:18,77176.1,348.65,348.65,348.65,348.65,0,15,-0.3989,0.000132,-24.08,74.77
01-09-2026 12:19,77173.47,348.05,348.05,348.05,348.05,20,8.16,-0.3297,0.000228,-12.31,70.15
01-09-2026 12:20,77182.84,348.05,348.05,348.05,348.05,0,15,-0.398,0.000132,-24.07,74.73
01-09-2026 12:21,77170.43,348.05,352.5,348.05,350.15,60,8.18,-0.3307,0.000228,-12.35,70.23
01-09-2026 12:22,77168.45,350.15,350.15,350.15,350.15,0,15,-0.3999,0.000132,-24.1,74.81
01-09-2026 12:23,77153.27,347.05,347.05,347.05,347.05,20,8.05,-0.3323,0.000232,-12.18,70.35
01-09-2026 12:24,77134.86,347.05,347.05,347.05,347.05,0,15,-0.4043,0.000133,-24.15,74.98
01-09-2026 12:25,77152.51,347.05,347.05,347.05,347.05,0,15,-0.402,0.000132,-24.13,74.89
01-09-2026 12:26,77151.07,347.05,347.05,347.05,347.05,0,15,-0.4022,0.000132,-24.13,74.9
01-09-2026 12:27,77160.55,347.05,347.05,347.05,347.05,0,15,-0.4009,0.000132,-24.11,74.84
01-09-2026 12:28,77168.8,347.05,347.05,347.05,347.05,0,15,-0.3998,0.000132,-24.1,74.8
01-09-2026 12:29,77170.38,347.05,347.05,347.05,347.05,0,15,-0.3996,0.000132,-24.1,74.79
01-09-2026 12:30,77177.25,347.05,348.05,347.05,348.05,40,8.18,-0.3291,0.000227,-12.33,70.1
01-09-2026 12:31,77183.92,348,348,348,348,200,8.21,-0.3282,0.000226,-12.37,70.02
01-09-2026 12:32,77174.26,348,348,348,348,0,15,-0.3991,0.000132,-24.09,74.76
01-09-2026 12:33,77147.18,348,348,348,348,0,15,-0.4027,0.000132,-24.14,74.91
01-09-2026 12:34,77158.51,348,348,348,348,0,15,-0.4012,0.000132,-24.12,74.85
01-09-2026 12:35,77165.32,348,348,348,348,0,15,-0.4003,0.000132,-24.11,74.81
01-09-2026 12:36,77156.77,348,348,348,348,0,15,-0.4014,0.000132,-24.12,74.85
01-09-2026 12:37,77163.99,348,348,348,348,0,15,-0.4004,0.000132,-24.11,74.81
01-09-2026 12:38,77157.01,348,348,348,348,0,15,-0.4014,0.000132,-24.12,74.85
01-09-2026 12:39,77156.93,348,348,348,348,0,15,-0.4014,0.000132,-24.12,74.85
01-09-2026 12:40,77172.47,348,348,348,348,0,15,-0.3993,0.000132,-24.1,74.76
01-09-2026 12:41,77165.42,348,348,348,348,0,15,-0.4002,0.000132,-24.11,74.8
01-09-2026 12:42,77175.88,348,348,345.1,346.3,80,8.15,-0.3289,0.000228,-12.29,70.06
01-09-2026 12:43,77166.61,346.3,346.3,344.5,345.7,80,8.1,-0.33,0.00023,-12.22,70.15
01-09-2026 12:44,77175.78,345.7,345.7,345.5,345.65,40,8.14,-0.3287,0.000228,-12.27,70.05
01-09-2026 12:45,77169.82,345.65,345.65,345.65,345.65,0,15,-0.3997,0.000132,-24.1,74.77
01-09-2026 12:46,77168.15,345.65,345.9,345.35,345.9,60,8.11,-0.3299,0.000229,-12.24,70.13
01-09-2026 12:47,77162.2,345.9,347.25,345.9,347.25,40,8.1,-0.3311,0.00023,-12.24,70.23
01-09-2026 12:48,77160.91,347.25,347.25,346,346.8,40,8.09,-0.3311,0.00023,-12.22,70.23
01-09-2026 12:49,77158.4,346.8,347.55,346.8,347.55,60,8.09,-0.3317,0.000231,-12.23,70.28
01-09-2026 12:50,77145.13,347.55,347.55,347.55,347.55,0,15,-0.4029,0.000133,-24.15,74.9
01-09-2026 12:51,77130.77,347.55,350.85,347.55,350.85,80,8,-0.3366,0.000234,-12.17,70.65
01-09-2026 12:52,77135.09,350.85,350.85,350.85,350.85,0,15,-0.4042,0.000133,-24.16,74.95
01-09-2026 12:53,77123.48,350,350.95,350,350.95,40,7.97,-0.3377,0.000236,-12.13,70.73
01-09-2026 12:54,77100.92,350.95,354.5,350.95,354.5,60,7.91,-0.342,0.000239,-12.1,71.05
01-09-2026 12:55,77098.14,354.5,354.5,354.5,354.5,0,15,-0.4091,0.000133,-24.22,75.13
01-09-2026 12:56,77083.57,354.5,354.5,354.5,354.5,0,15,-0.4111,0.000133,-24.24,75.2
01-09-2026 12:57,77090.56,354.5,354.5,354.5,354.5,0,15,-0.4102,0.000133,-24.23,75.16
01-09-2026 12:58,77097.61,354.5,354.5,354.5,354.5,0,15,-0.4092,0.000133,-24.22,75.13
01-09-2026 12:59,77099.47,354.5,360.5,354.5,360.5,20,7.99,-0.3437,0.000237,-12.24,71.18
01-09-2026 13:00,77085.92,360.5,360.5,360.5,360.5,0,15,-0.4108,0.000133,-24.24,75.18
01-09-2026 13:01,77078.64,360.5,366.6,360.5,366.6,80,7.97,-0.3484,0.000238,-12.27,71.51
01-09-2026 13:02,77085.05,366.6,369.25,366.6,369.25,20,8.04,-0.348,0.000236,-12.38,71.49
01-09-2026 13:03,77073.31,369.25,369.25,369.25,369.25,0,15,-0.4124,0.000133,-24.26,75.24
01-09-2026 13:04,77076.84,369.25,372,369.25,372,20,8.04,-0.3499,0.000237,-12.4,71.62
01-09-2026 13:05,77044.79,372,372,372,372,0,15,-0.4163,0.000134,-24.3,75.36
01-09-2026 13:06,77036.74,372,372,372,372,0,15,-0.4173,0.000134,-24.31,75.4
01-09-2026 13:07,77028.82,372,372,372,372,0,15,-0.4184,0.000134,-24.32,75.43
01-09-2026 13:08,77031.21,372,372,372,372,0,15,-0.4181,0.000134,-24.32,75.42
01-09-2026 13:09,77036.29,372,386.75,371.15,386.75,120,8.05,-0.3597,0.000239,-12.52,72.28
01-09-2026 13:10,77015.36,386.75,386.75,386.75,386.75,0,15,-0.4202,0.000134,-24.34,75.48
01-09-2026 13:11,76993.79,389.85,398,389.85,398,100,7.99,-0.369,0.000243,-12.53,72.86
01-09-2026 13:12,76978.35,398,400,398,400,200,7.94,-0.3721,0.000245,-12.48,73.03
01-09-2026 13:13,76969.93,400,400,400,400,0,15,-0.4263,0.000135,-24.4,75.66
01-09-2026 13:14,76955.67,400,400,400,400,0,15,-0.4282,0.000135,-24.41,75.71
01-09-2026 13:15,76939.83,400,410,400,410,60,7.88,-0.3808,0.000249,-12.47,73.51
01-09-2026 13:16,76932.85,410,410,410,410,0,15,-0.4313,0.000135,-24.44,75.79
01-09-2026 13:17,76934.02,410,414.65,410,414.65,60,7.91,-0.3827,0.000248,-12.54,73.62
01-09-2026 13:18,76938.18,414.65,414.65,410.45,410.45,20,7.88,-0.3812,0.000249,-12.47,73.53
01-09-2026 13:19,76950.4,410.45,410.45,403,403,20,7.84,-0.3776,0.00025,-12.37,73.33
01-09-2026 13:20,76953.2,403,403,403,403,0,15,-0.4285,0.000135,-24.42,75.71
01-09-2026 13:21,76978.29,403,403,401.65,401.65,80,7.96,-0.3724,0.000245,-12.52,73.04
01-09-2026 13:22,76984.43,401.65,401.65,387.3,387.3,280,7.8,-0.3685,0.000249,-12.22,72.8
01-09-2026 13:23,76968.86,387.3,387.3,387.3,387.3,0,15,-0.4264,0.000135,-24.4,75.65
01-09-2026 13:24,76975.52,387.3,387.3,387.3,387.3,0,15,-0.4255,0.000135,-24.4,75.63
01-09-2026 13:25,76975.84,387.3,387.3,387.3,387.3,0,15,-0.4255,0.000135,-24.4,75.62
01-09-2026 13:26,76977.4,387.3,387.3,387.3,387.3,0,15,-0.4253,0.000135,-24.39,75.62
01-09-2026 13:27,76964.27,387.3,387.3,387.3,387.3,0,15,-0.427,0.000135,-24.41,75.66
01-09-2026 13:28,76948.51,387.3,387.3,387.3,387.3,0,15,-0.4292,0.000135,-24.43,75.72
01-09-2026 13:29,76953.42,387.3,387.3,387.3,387.3,0,15,-0.4285,0.000135,-24.42,75.7
01-09-2026 13:30,76967.67,387.3,387.3,387.3,387.3,0,15,-0.4266,0.000135,-24.41,75.65
01-09-2026 13:31,76992.51,387.3,387.3,387.3,387.3,0,15,-0.4232,0.000134,-24.38,75.55
01-09-2026 13:32,76997.11,387.3,387.3,387.3,387.3,0,15,-0.4226,0.000134,-24.37,75.53
01-09-2026 13:33,76994.23,387.3,387.3,387.3,387.3,0,15,-0.423,0.000134,-24.38,75.54
01-09-2026 13:34,76988.81,387.3,387.3,387.3,387.3,0,15,-0.4237,0.000134,-24.38,75.56
01-09-2026 13:35,77005.05,387.3,387.3,387.3,387.3,0,15,-0.4216,0.000134,-24.36,75.5
01-09-2026 13:36,76976.96,387.3,404.15,387.3,404.15,20,7.99,-0.3731,0.000244,-12.58,73.07
01-09-2026 13:37,76945.22,404.15,404.15,404.15,404.15,0,15,-0.4296,0.000135,-24.43,75.72
01-09-2026 13:38,76938.31,404.15,404.15,404.15,404.15,0,15,-0.4305,0.000135,-24.44,75.74
01-09-2026 13:39,76928.78,404.15,422.75,404.15,422.75,20,8,-0.385,0.000246,-12.7,73.72
01-09-2026 13:40,76893.84,422.75,431,422.75,431,80,7.92,-0.3928,0.00025,-12.64,74.1
01-09-2026 13:41,76881.23,431,431,431,431,0,15,-0.4382,0.000135,-24.5,75.92
01-09-2026 13:42,76894.41,431,434.25,431,434.25,80,7.97,-0.3932,0.000249,-12.72,74.12
01-09-2026 13:43,76902.57,434.25,434.25,422.75,422.75,100,7.86,-0.3898,0.000252,-12.51,73.95
01-09-2026 13:44,76914.57,425.35,425.65,425.25,425.25,60,7.95,-0.388,0.000248,-12.65,73.86
01-09-2026 13:45,76903.9,425.25,425.25,425.25,425.25,0,15,-0.4352,0.000135,-24.48,75.85
01-09-2026 13:46,76890.17,425.25,425.25,425.25,425.25,0,15,-0.437,0.000135,-24.49,75.89
01-09-2026 13:47,76866.64,425.25,425.25,425.25,425.25,0,15,-0.4402,0.000136,-24.51,75.96
01-09-2026 13:48,76865.72,425.25,425.25,425.25,425.25,0,15,-0.4403,0.000136,-24.51,75.96
01-09-2026 13:49,76875.32,425.25,425.25,425.25,425.25,0,15,-0.439,0.000136,-24.51,75.93
01-09-2026 13:50,76800.05,425.25,458.65,425.25,458,280,7.78,-0.4151,0.000259,-12.57,75.03
01-09-2026 13:51,76770.72,458,483,458,483,120,7.95,-0.4241,0.000254,-12.89,75.34
01-09-2026 13:52,76785.04,483,488.75,473.4,477.4,240,7.95,-0.4205,0.000254,-12.88,75.22
01-09-2026 13:53,76780.64,477.4,477.4,476,476,40,7.91,-0.4213,0.000255,-12.82,75.25
01-09-2026 13:54,76785.76,476,476,475,475,160,7.93,-0.4201,0.000255,-12.83,75.21
01-09-2026 13:55,76778.76,475,482,475,482,20,7.98,-0.4223,0.000253,-12.93,75.28
01-09-2026 13:56,76783.1,482,482,478,478,40,7.95,-0.421,0.000254,-12.88,75.23
01-09-2026 13:57,76818.16,478,478,464.6,464.6,20,7.97,-0.4123,0.000252,-12.86,74.92
01-09-2026 13:58,76835.59,464.6,464.6,464.6,464.6,0,15,-0.4444,0.000136,-24.54,76.03
01-09-2026 13:59,76810.92,464.6,464.6,464.6,464.6,0,15,-0.4478,0.000136,-24.56,76.09
01-09-2026 14:00,76785.53,464.6,474.6,464.6,474.6,20,7.92,-0.4201,0.000255,-12.83,75.2
01-09-2026 14:01,76791.48,474.6,474.6,474.6,474.6,0,15,-0.4504,0.000136,-24.57,76.13
01-09-2026 14:02,76761.69,474.6,474.6,474.6,474.6,0,15,-0.4545,0.000136,-24.59,76.19
01-09-2026 14:03,76743.55,474.6,498.3,474.6,498.3,60,8,-0.4314,0.000254,-13.01,75.55
01-09-2026 14:04,76756.81,501.1,504.35,499.95,501.35,220,8.11,-0.4289,0.00025,-13.19,75.48
01-09-2026 14:05,76754.63,501.35,517.15,501.35,517.15,80,8.31,-0.4309,0.000244,-13.52,75.54
01-09-2026 14:06,76741.15,517.15,517.15,489.45,489.45,100,7.87,-0.431,0.000258,-12.8,75.54
01-09-2026 14:07,76725.74,489.45,499.1,489.45,499.1,40,7.91,-0.4353,0.000257,-12.88,75.65
01-09-2026 14:08,76697.36,507.3,518.3,507.3,518.3,80,8,-0.4431,0.000255,-13.06,75.85
01-09-2026 14:09,76667.66,518.3,544.1,518.3,532.8,640,8.01,-0.4508,0.000255,-13.11,76.01
01-09-2026 14:10,76688.33,531.65,531.65,531.05,531.05,140,8.11,-0.4461,0.000252,-13.26,75.91
01-09-2026 14:11,76712.95,531.05,531.05,522.2,522.2,20,8.14,-0.44,0.00025,-13.28,75.77
01-09-2026 14:12,76694.39,522.2,523.2,517.9,521.3,80,8.02,-0.444,0.000255,-13.1,75.86
01-09-2026 14:13,76685.93,521.3,521.3,521.3,521.3,0,15,-0.4648,0.000137,-24.63,76.29
01-09-2026 14:14,76698.95,521.3,521.3,521.3,521.3,0,15,-0.4631,0.000137,-24.62,76.28
01-09-2026 14:15,76697.79,521.3,521.3,521.3,521.3,0,15,-0.4632,0.000137,-24.62,76.28
01-09-2026 14:16,76695.07,521.3,521.3,521.3,521.3,40,8.02,-0.4439,0.000254,-13.11,75.86
01-09-2026 14:17,76684.87,521.3,522.9,521.15,521.15,100,7.96,-0.4461,0.000257,-13.01,75.9
01-09-2026 14:18,76683.24,521.15,521.15,521.15,521.15,0,15,-0.4652,0.000137,-24.63,76.29
01-09-2026 14:19,76691.17,521.15,521.15,521.15,521.15,0,15,-0.4641,0.000137,-24.63,76.28
01-09-2026 14:20,76693.54,519,521.85,519,521.85,40,8.02,-0.4442,0.000255,-13.11,75.86
01-09-2026 14:21,76688.77,527,527,527,527,120,8.06,-0.4457,0.000253,-13.18,75.89
01-09-2026 14:22,76666.47,527,527,527,527,0,15,-0.4675,0.000137,-24.63,76.31
01-09-2026 14:23,76664.77,527,539.9,527,539.9,220,8.09,-0.4519,0.000253,-13.24,76.01
01-09-2026 14:24,76672.63,539.9,539.9,530,530,60,8.01,-0.4495,0.000256,-13.1,75.96
01-09-2026 14:25,76689.01,530,530,530,530,0,15,-0.4644,0.000137,-24.63,76.28
01-09-2026 14:26,76678.65,530,530,530,530,0,15,-0.4658,0.000137,-24.63,76.29
01-09-2026 14:27,76664.78,530,530,529.95,529.95,200,7.96,-0.4513,0.000257,-13.03,75.99
01-09-2026 14:28,76668.43,529,535.25,529,535.25,140,8.05,-0.4508,0.000254,-13.18,75.99
01-09-2026 14:29,76740.25,535.25,535.25,506.45,506.45,40,8.09,-0.4329,0.000251,-13.17,75.57
01-09-2026 14:30,76715.91,506.45,507.25,489.85,507.25,80,7.96,-0.4382,0.000256,-12.98,75.7
01-09-2026 14:31,76748.23,507.25,507.25,507.25,507.25,0,15,-0.4563,0.000137,-24.61,76.18
01-09-2026 14:32,76746.98,507.25,507.25,494.95,495,100,7.98,-0.4303,0.000254,-12.98,75.49
01-09-2026 14:33,76727.68,495,502.8,495,502.8,20,7.97,-0.4352,0.000255,-12.99,75.62
01-09-2026 14:34,76748.21,502.8,502.8,499.15,499.15,40,8.04,-0.4305,0.000253,-13.08,75.49
01-09-2026 14:35,76744.57,499.15,499.15,499.15,499.15,0,15,-0.4568,0.000137,-24.61,76.18
01-09-2026 14:36,76723.58,499.15,499.15,499.15,499.15,0,15,-0.4597,0.000137,-24.62,76.22
01-09-2026 14:37,76712.19,499.15,499.15,499.15,499.15,0,15,-0.4612,0.000137,-24.63,76.23
01-09-2026 14:38,76721.46,499.15,513.35,499.15,513.35,40,8.07,-0.4375,0.000252,-13.17,75.68
01-09-2026 14:39,76707.71,513.35,513.35,508.8,508.8,20,7.94,-0.4401,0.000257,-12.95,75.74
01-09-2026 14:40,76678.96,508.8,508.8,508.8,508.8,0,15,-0.4658,0.000137,-24.64,76.27
01-09-2026 14:41,76693.5,508.8,508.8,508.8,508.8,0,15,-0.4638,0.000137,-24.63,76.25
01-09-2026 14:42,76714.62,508.8,508.8,508.8,508.8,0,15,-0.4609,0.000137,-24.63,76.22
01-09-2026 14:43,76699.99,508.8,508.8,508.8,508.8,0,15,-0.4629,0.000137,-24.63,76.24
01-09-2026 14:44,76693.31,508.8,513.05,508.8,513.05,20,7.91,-0.4436,0.000258,-12.92,75.82
01-09-2026 14:45,76728.5,513.05,513.05,513.05,513.05,0,15,-0.459,0.000137,-24.62,76.2
01-09-2026 14:46,76716.17,513.05,513.05,511.75,511.75,60,8.02,-0.4385,0.000254,-13.09,75.69
01-09-2026 14:47,76704.4,511.75,511.75,509.1,509.1,20,7.92,-0.4408,0.000258,-12.93,75.75
01-09-2026 14:48,76700.67,509.1,510.25,509.1,510.25,20,7.91,-0.4418,0.000258,-12.93,75.77
01-09-2026 14:49,76700.2,510.25,510.65,507.5,507.5,120,7.88,-0.4417,0.000259,-12.86,75.76
01-09-2026 14:50,76727.94,507.5,507.5,507.5,507.5,0,15,-0.4591,0.000137,-24.62,76.19
01-09-2026 14:51,76757.13,507.5,507.5,498.05,498.05,20,8.08,-0.4285,0.000251,-13.14,75.42
01-09-2026 14:52,76737.14,498.05,502.35,498.05,502.35,20,8.02,-0.4331,0.000254,-13.07,75.55
01-09-2026 14:53,76732.72,502.35,502.35,502.35,502.35,0,15,-0.4584,0.000137,-24.62,76.18
01-09-2026 14:54,76743.7,502.35,502.35,502.35,502.35,0,15,-0.4569,0.000137,-24.62,76.16
01-09-2026 14:55,76750.99,502.35,502.35,502.35,502.35,0,15,-0.4559,0.000137,-24.62,76.15
01-09-2026 14:56,76760.76,502.35,502.35,492.25,492.25,20,8.02,-0.4272,0.000253,-13.04,75.37
01-09-2026 14:57,76737.53,492.25,492.25,492.25,492.25,0,15,-0.4578,0.000137,-24.62,76.17
01-09-2026 14:58,76746.15,492.25,492.25,492.25,492.25,0,15,-0.4566,0.000137,-24.62,76.15
01-09-2026 14:59,76751.75,492.25,492.25,492.25,492.25,0,15,-0.4558,0.000137,-24.62,76.14
01-09-2026 15:00,76735.23,492.25,492.25,492.25,492.25,0,15,-0.4581,0.000137,-24.62,76.17
01-09-2026 15:01,76744.48,492.25,492.25,492.25,492.25,0,15,-0.4568,0.000137,-24.62,76.15
01-09-2026 15:02,76730.96,492.25,492.25,492.25,492.25,0,15,-0.4587,0.000137,-24.63,76.17
01-09-2026 15:03,76708.66,506.65,513.5,506.65,513.5,60,8.01,-0.4403,0.000255,-13.07,75.72
01-09-2026 15:04,76728.67,513.5,513.5,513.5,513.5,0,15,-0.459,0.000137,-24.63,76.18
01-09-2026 15:05,76745.22,513.5,513.5,513.5,513.5,0,15,-0.4567,0.000137,-24.62,76.15
01-09-2026 15:06,76749.43,513.5,513.5,503,503,40,8.1,-0.4306,0.000251,-13.19,75.46
01-09-2026 15:07,76722.4,503,503,500.05,502.35,240,7.94,-0.4363,0.000257,-12.95,75.61
01-09-2026 15:08,76723.02,502.35,502.35,498.5,498.5,120,7.89,-0.4358,0.000258,-12.87,75.6
01-09-2026 15:09,76711.67,498.5,509.5,498.5,509.5,20,7.97,-0.4393,0.000256,-13.01,75.69
01-09-2026 15:10,76720.82,509.5,509.5,509.5,509.5,0,15,-0.4601,0.000137,-24.63,76.18
01-09-2026 15:11,76715.31,509.5,509.5,509.5,509.5,0,15,-0.4608,0.000137,-24.64,76.19
01-09-2026 15:12,76685.48,509.5,509.5,509.5,509.5,0,15,-0.4649,0.000137,-24.65,76.23
01-09-2026 15:13,76723.07,512.05,512.05,512.05,512.05,20,8.07,-0.437,0.000252,-13.17,75.63
01-09-2026 15:14,76718.68,512.05,512.05,510.6,510.6,20,8.03,-0.4378,0.000254,-13.1,75.65
01-09-2026 15:15,76725.18,510.6,510.6,510.6,510.6,0,15,-0.4595,0.000137,-24.63,76.17
01-09-2026 15:16,76725.18,510.6,510.6,510.3,510.3,40,8.06,-0.4364,0.000253,-13.15,75.61
01-09-2026 15:17,76725.18,510.3,510.3,510.3,510.3,0,15,-0.4595,0.000137,-24.64,76.17
01-09-2026 15:18,76725.18,510.3,510.3,501.3,501.3,40,7.94,-0.4356,0.000256,-12.95,75.58
01-09-2026 15:19,76725.18,505.15,505.15,505.15,505.15,40,7.99,-0.436,0.000255,-13.04,75.59
01-09-2026 15:20,76725.18,505.15,505.15,500,500,20,7.92,-0.4355,0.000257,-12.92,75.58
01-09-2026 15:21,76725.18,500,500,500,500,0,15,-0.4595,0.000137,-24.64,76.16
01-09-2026 15:22,76725.18,500,504.1,500,504.1,20,7.98,-0.4359,0.000255,-13.01,75.58
01-09-2026 15:23,76725.18,504.1,504.1,504.1,504.1,0,15,-0.4595,0.000137,-24.64,76.16
01-09-2026 15:24,76725.18,504.1,504.1,494.1,494.1,20,7.85,-0.435,0.00026,-12.8,75.56
01-09-2026 15:25,76725.18,494.1,494.1,492,492,20,7.82,-0.4348,0.00026,-12.75,75.55
01-09-2026 15:26,76725.18,492,493.05,491.85,491.85,40,7.82,-0.4348,0.00026,-12.75,75.55
01-09-2026 15:27,76725.18,491.85,497.25,491.85,497.25,20,7.89,-0.4353,0.000258,-12.87,75.56
01-09-2026 15:28,76944.28,497.25,498.65,497.25,498.65,80,9.12,-0.394,0.000218,-14.59,74.09
01-09-2026 15:29,76944.28,498.65,498.65,490,490,100,9,-0.3928,0.00022,-14.39,74.03
02-09-2026 09:15,76262.29,591.9,702.6,591.9,693.7,2180,7.57,-0.5601,0.000275,-12.44,73.91
02-09-2026 09:16,76207.25,693.7,701.7,661.4,697,260,7.19,-0.5796,0.000287,-11.69,73.19
02-09-2026 09:17,76229.5,703.95,711,698.6,698.75,300,7.39,-0.571,0.000281,-12.07,73.52
02-09-2026 09:18,76251.29,698.75,698.75,691.7,691.75,100,7.46,-0.5642,0.000279,-12.24,73.77
02-09-2026 09:19,76225.08,691.75,700.35,677,700.35,400,7.38,-0.5724,0.000281,-12.05,73.47
02-09-2026 09:20,76243.99,700.35,712.5,685.2,685.2,220,7.32,-0.5677,0.000284,-11.98,73.65
02-09-2026 09:21,76217.5,694,712.5,691.2,712.5,180,7.48,-0.5734,0.000277,-12.21,73.42
02-09-2026 09:22,76188.54,712.5,720,710,714.25,380,7.28,-0.5839,0.000283,-11.8,72.99
02-09-2026 09:23,76161.91,714.25,721.7,714.25,721.7,20,7.17,-0.593,0.000286,-11.55,72.57
02-09-2026 09:24,76181.1,734.3,734.45,734.3,734.3,120,7.49,-0.5833,0.000275,-12.16,73
02-09-2026 09:25,76223.53,734.3,734.3,725.45,725.45,40,7.71,-0.5694,0.000269,-12.61,73.57
02-09-2026 09:26,76259.93,725.45,725.45,692.1,694.8,100,7.57,-0.5608,0.000275,-12.44,73.87
02-09-2026 09:27,76269.26,694.8,720.95,689,720.95,120,7.99,-0.5546,0.000261,-13.17,74.06
02-09-2026 09:28,76240.51,720.95,720.95,708.4,715.65,160,7.71,-0.5648,0.00027,-12.63,73.73
02-09-2026 09:29,76261.55,712.05,712.05,696.35,707.35,200,7.75,-0.5587,0.000269,-12.75,73.93
02-09-2026 09:30,76245.94,707.35,712.3,699.7,712.3,160,7.7,-0.5634,0.00027,-12.64,73.78
02-09-2026 09:31,76257.52,712.3,712.3,712.3,712.3,0,15,-0.5246,0.00014,-24.93,74.63
02-09-2026 09:32,76263.26,712.3,712.3,712.3,712.3,0,15,-0.5238,0.00014,-24.93,74.65
02-09-2026 09:33,76297.89,712.3,712.3,712.3,712.3,0,15,-0.519,0.00014,-24.97,74.74
02-09-2026 09:34,76341.94,712.3,712.3,712.3,712.3,0,15,-0.5128,0.00014,-25,74.83
02-09-2026 09:35,76327.15,676.35,676.35,676.35,676.35,40,7.82,-0.5406,0.000268,-12.96,74.44
02-09-2026 09:36,76326.09,676.35,695,676.35,695,20,8.06,-0.5393,0.00026,-13.37,74.46
02-09-2026 09:37,76332.02,695,695,672.1,682.75,100,7.94,-0.5385,0.000264,-13.17,74.48
02-09-2026 09:38,76313.07,682.75,694.15,682.75,694,60,7.96,-0.5434,0.000263,-13.17,74.36
02-09-2026 09:39,76295.17,687,687,687,687,60,7.73,-0.5498,0.000271,-12.77,74.19
02-09-2026 09:40,76305.19,687,687,687,687,0,15,-0.5179,0.00014,-24.98,74.74
02-09-2026 09:41,76330.59,687,691.95,687,690.7,80,8.04,-0.5383,0.000261,-13.33,74.48
02-09-2026 09:42,76337.53,690.7,690.7,690.7,690.7,0,15,-0.5134,0.00014,-25,74.81
02-09-2026 09:43,76345.84,690.7,690.7,690.7,690.7,0,15,-0.5122,0.00014,-25.01,74.83
02-09-2026 09:44,76341.45,690.7,690.7,680.15,680.15,40,7.98,-0.5358,0.000263,-13.24,74.53
02-09-2026 09:45,76324.23,682.8,682.8,680.8,680.8,60,7.86,-0.5411,0.000267,-13.03,74.41
02-09-2026 09:46,76311.24,680.8,699,680.8,699,40,8.01,-0.5436,0.000262,-13.26,74.34
02-09-2026 09:47,76290.46,699,706.7,699,706.7,20,7.96,-0.5493,0.000263,-13.15,74.19
02-09-2026 09:48,76300.23,706.7,706.7,696,696,80,7.89,-0.5473,0.000265,-13.04,74.25
02-09-2026 09:49,76320.71,696,696,689.05,689.05,60,7.95,-0.5415,0.000264,-13.17,74.39
02-09-2026 09:50,76355.34,689.05,695.5,674.1,674.1,140,7.99,-0.5321,0.000263,-13.29,74.6
02-09-2026 09:51,76326.74,674.1,674.1,674.1,674.1,0,15,-0.5149,0.00014,-25,74.78
02-09-2026 09:52,76312.34,674.1,674.1,674.1,674.1,0,15,-0.5169,0.00014,-24.99,74.75
02-09-2026 09:53,76326.11,674.1,674.1,674.1,674.1,0,15,-0.515,0.00014,-25,74.78
02-09-2026 09:54,76303.43,674.1,674.1,674.1,674.1,0,15,-0.5182,0.00014,-24.98,74.72
02-09-2026 09:55,76320.57,674.1,674.1,674.1,674.1,0,15,-0.5158,0.00014,-25,74.76
02-09-2026 09:56,76339.26,674.1,690.95,674.1,690.95,40,8.11,-0.5357,0.000259,-13.46,74.52
02-09-2026 09:57,76347.4,690.95,690.95,690.95,690.95,0,15,-0.512,0.00014,-25.02,74.81
02-09-2026 09:58,76382.75,690.95,690.95,690.95,690.95,0,15,-0.5071,0.00014,-25.04,74.87
02-09-2026 09:59,76382.5,670,670,665,665,100,8.07,-0.5246,0.000261,-13.44,74.72
02-09-2026 10:00,76364.54,665.2,678.5,665,678.5,60,8.12,-0.5291,0.000259,-13.51,74.64
02-09-2026 10:01,76368.73,678.5,678.5,678.5,678.5,0,15,-0.509,0.00014,-25.03,74.85
02-09-2026 10:02,76384.11,678.5,678.5,678.5,678.5,0,15,-0.5069,0.00014,-25.04,74.87
02-09-2026 10:03,76383.88,678.5,678.5,678.5,678.5,0,15,-0.5069,0.00014,-25.04,74.87
02-09-2026 10:04,76373.64,678.5,678.5,677.35,677.35,20,8.17,-0.5265,0.000257,-13.6,74.69
02-09-2026 10:05,76374.8,677.35,677.35,677.35,677.35,0,15,-0.5082,0.00014,-25.04,74.85
02-09-2026 10:06,76382.04,677.35,677.35,677.35,677.35,0,15,-0.5072,0.00014,-25.04,74.86
02-09-2026 10:07,76376.87,677.35,677.35,677.35,677.35,0,15,-0.5079,0.00014,-25.04,74.85
02-09-2026 10:08,76345.19,677.35,677.35,677.35,677.35,0,15,-0.5123,0.000141,-25.02,74.8
02-09-2026 10:09,76344,678.5,685,678.5,685,240,8.06,-0.5347,0.00026,-13.39,74.52
02-09-2026 10:10,76356.02,685,685,685,685,0,15,-0.5108,0.000141,-25.03,74.81
02-09-2026 10:11,76347.08,685,685,674.25,674.25,20,7.94,-0.5346,0.000264,-13.19,74.53
02-09-2026 10:12,76355.52,674.25,674.25,674.25,674.25,0,15,-0.5109,0.000141,-25.03,74.81
02-09-2026 10:13,76380.4,674.25,674.25,665,665,60,8.06,-0.5253,0.000261,-13.42,74.7
02-09-2026 10:14,76344.69,661.7,670.5,658.95,670.5,140,7.87,-0.5356,0.000267,-13.08,74.5
02-09-2026 10:15,76356.44,670.5,670.5,670.5,670.5,0,15,-0.5108,0.000141,-25.03,74.81
02-09-2026 10:16,76362.06,670.5,673.9,660.85,673.9,80,8.05,-0.5301,0.000261,-13.39,74.61
02-09-2026 10:17,76366.63,673.9,673.9,673.9,673.9,0,15,-0.5093,0.000141,-25.04,74.83
02-09-2026 10:18,76375.6,673.9,673.9,667.25,667.25,20,8.05,-0.5265,0.000261,-13.41,74.67
02-09-2026 10:19,76396.77,667.25,667.25,667.25,667.25,0,15,-0.5051,0.000141,-25.06,74.87
02-09-2026 10:20,76418.03,667.25,667.25,645,645,100,8.05,-0.5154,0.000262,-13.44,74.83
02-09-2026 10:21,76446.7,645,645,628,628,20,8.02,-0.508,0.000263,-13.4,74.91
02-09-2026 10:22,76459.64,630.7,630.7,620.05,624.4,460,8.06,-0.5045,0.000261,-13.48,74.93
02-09-2026 10:23,76449.62,624.4,625.8,624.4,625.8,20,8.01,-0.5073,0.000263,-13.39,74.91
02-09-2026 10:24,76448.37,625.8,635.6,625.8,633.75,100,8.11,-0.5074,0.00026,-13.55,74.91
02-09-2026 10:25,76455.32,633.75,633.75,632.95,632.95,20,8.14,-0.5055,0.000259,-13.62,74.92
02-09-2026 10:26,76454.41,632.95,632.95,632.95,632.95,0,15,-0.497,0.00014,-25.09,74.93
02-09-2026 10:27,76453.87,632.95,632.95,632.95,632.95,0,15,-0.4971,0.00014,-25.09,74.93
02-09-2026 10:28,76461.13,632.95,632.95,632.95,632.95,0,15,-0.4961,0.00014,-25.09,74.94
02-09-2026 10:29,76478.36,632.95,632.95,632.95,632.95,0,15,-0.4936,0.00014,-25.1,74.95
02-09-2026 10:30,76492.09,632.95,632.95,632.95,632.95,0,15,-0.4917,0.00014,-25.1,74.96
02-09-2026 10:31,76506.89,617.15,617.15,608.05,608.05,60,8.16,-0.4922,0.000258,-13.65,74.97
02-09-2026 10:32,76505.4,608.05,608.05,608.05,608.05,0,15,-0.4898,0.00014,-25.11,74.96
02-09-2026 10:33,76490.29,608.05,608.05,608.05,608.05,400,8.05,-0.4965,0.000262,-13.47,74.96
02-09-2026 10:34,76476.61,608.05,608.05,608.05,608.05,0,15,-0.4939,0.00014,-25.1,74.94
02-09-2026 10:35,76463.81,608.05,625.65,608.05,625.65,60,8.1,-0.5034,0.00026,-13.56,74.92
02-09-2026 10:36,76457.49,625.65,625.65,625.65,625.65,0,15,-0.4966,0.00014,-25.1,74.92
02-09-2026 10:37,76454.14,625.65,629.65,625.65,629.65,20,8.09,-0.5059,0.00026,-13.53,74.9
02-09-2026 10:38,76441.71,629.65,637.55,629.65,637.55,120,8.11,-0.5091,0.00026,-13.56,74.88
02-09-2026 10:39,76410.14,637.55,649.1,637.55,645,180,8,-0.5177,0.000263,-13.35,74.78
02-09-2026 10:40,76426.89,645,645,641.4,641.4,60,8.06,-0.5131,0.000261,-13.47,74.83
02-09-2026 10:41,76416.59,641.4,644.85,641.4,644.85,20,8.04,-0.5159,0.000262,-13.43,74.8
02-09-2026 10:42,76422.04,644.85,644.85,644.85,644.85,0,15,-0.5016,0.000141,-25.08,74.88
02-09-2026 10:43,76410.27,644.85,644.85,642.35,642.35,20,7.96,-0.5178,0.000264,-13.29,74.78
02-09-2026 10:44,76404.25,642.35,645.75,640.15,645.75,80,7.97,-0.5194,0.000264,-13.3,74.75
02-09-2026 10:45,76397.24,645.75,650,645.75,649.95,60,7.97,-0.5212,0.000264,-13.3,74.73
02-09-2026 10:46,76389.41,649.95,655.85,649.95,655.85,200,8,-0.5232,0.000263,-13.34,74.69
02-09-2026 10:47,76390.42,655.85,655.85,655.85,655.85,0,15,-0.506,0.000141,-25.07,74.83
02-09-2026 10:48,76412.08,655.85,655.85,655.85,655.85,0,15,-0.503,0.000141,-25.08,74.86
02-09-2026 10:49,76406.83,655.85,655.85,643.9,643.9,60,7.96,-0.5187,0.000265,-13.29,74.76
02-09-2026 10:50,76418.62,643.9,643.9,643.9,643.9,0,15,-0.502,0.000141,-25.08,74.87
02-09-2026 10:51,76423.62,643.9,643.9,631.45,631.45,20,7.91,-0.5144,0.000266,-13.22,74.81
02-09-2026 10:52,76371.58,631.45,647.5,631.45,647.5,40,7.76,-0.529,0.000271,-12.93,74.59
02-09-2026 10:53,76349.62,647.5,647.5,647.5,647.5,0,15,-0.5117,0.000141,-25.04,74.75
02-09-2026 10:54,76381.44,647.5,653.8,647.5,653.8,20,7.92,-0.5256,0.000266,-13.2,74.65
02-09-2026 10:55,76389.4,653.8,653.8,653.8,653.8,0,15,-0.5061,0.000141,-25.07,74.82
02-09-2026 10:56,76415.51,653.8,653.8,653.8,653.8,0,15,-0.5025,0.000141,-25.08,74.85
02-09-2026 10:57,76408.38,653.8,653.8,653.8,653.8,0,15,-0.5035,0.000141,-25.08,74.84
02-09-2026 10:58,76401.97,653.8,655.1,653.8,655.1,20,8.08,-0.5196,0.000261,-13.48,74.73
02-09-2026 10:59,76394.71,655.1,655.1,650,650,20,7.96,-0.5219,0.000265,-13.28,74.7
02-09-2026 11:00,76402.36,650,656.3,650,656.3,20,8.1,-0.5194,0.00026,-13.52,74.73
02-09-2026 11:01,76384.43,656.3,661.95,656.3,661.95,40,8.05,-0.5243,0.000262,-13.42,74.66
02-09-2026 11:02,76366.94,662,662,662,662,160,7.93,-0.5294,0.000265,-13.2,74.57
02-09-2026 11:03,76344.62,662,662,662,662,0,15,-0.5124,0.000141,-25.04,74.73
02-09-2026 11:04,76330.28,662,662,662,662,0,15,-0.5145,0.000141,-25.03,74.7
02-09-2026 11:05,76312,662,662,662,662,0,15,-0.517,0.000141,-25.02,74.66
02-09-2026 11:06,76306.63,662,690.6,662,690.6,40,7.87,-0.5458,0.000266,-13.04,74.2
02-09-2026 11:07,76331.06,690.6,697.5,684.75,684.75,260,7.97,-0.5387,0.000263,-13.24,74.37
02-09-2026 11:08,76325.91,684.75,684.75,684.75,684.75,0,15,-0.5151,0.000141,-25.03,74.69
02-09-2026 11:09,76311.2,684.75,697.55,684.75,697.55,60,8,-0.5437,0.000262,-13.26,74.25
02-09-2026 11:10,76309.05,697.55,699.45,697.55,699.45,20,8.01,-0.5442,0.000262,-13.28,74.23
02-09-2026 11:11,76311.61,699.45,699.45,699.45,699.45,0,15,-0.5171,0.000141,-25.02,74.65
02-09-2026 11:12,76315.4,699.45,699.45,699.45,699.45,0,15,-0.5166,0.000141,-25.02,74.66
02-09-2026 11:13,76312.59,699.45,699.45,693.55,695.4,40,7.98,-0.5435,0.000263,-13.24,74.25
02-09-2026 11:14,76309.2,695.4,695.4,695.4,695.4,0,15,-0.5174,0.000141,-25.02,74.64
02-09-2026 11:15,76318.78,695.4,695.4,691,691,80,7.97,-0.5419,0.000263,-13.22,74.28
02-09-2026 11:16,76302.5,691,691,691,691,0,15,-0.5184,0.000141,-25.01,74.63
02-09-2026 11:17,76300.66,691,699.45,685.95,685.95,80,7.77,-0.5481,0.00027,-12.86,74.13
02-09-2026 11:18,76325.97,685.95,685.95,685.95,685.95,0,15,-0.5151,0.000141,-25.03,74.68
02-09-2026 11:19,76320.59,685.95,692,685.95,692,20,8,-0.5413,0.000263,-13.27,74.29
02-09-2026 11:20,76320.04,692,692,692,692,0,15,-0.5159,0.000141,-25.03,74.66
02-09-2026 11:21,76309.68,689.15,689.15,689.15,689.15,20,7.88,-0.5449,0.000266,-13.06,74.2
02-09-2026 11:22,76293.37,689.15,689.15,689.15,689.15,0,15,-0.5197,0.000141,-25.01,74.6
02-09-2026 11:23,76306.51,689.15,689.15,689.15,689.15,0,15,-0.5178,0.000141,-25.02,74.63
02-09-2026 11:24,76283.88,689.15,689.15,689.15,689.15,0,15,-0.521,0.000141,-25,74.57
02-09-2026 11:25,76287.3,689.15,689.15,689.15,689.15,0,15,-0.5205,0.000141,-25,74.58
02-09-2026 11:26,76286.08,689.15,689.15,689.15,689.15,0,15,-0.5207,0.000141,-25,74.58
02-09-2026 11:27,76282.72,689.15,689.15,689.15,689.15,0,15,-0.5212,0.000141,-25,74.57
02-09-2026 11:28,76286.01,689.15,689.15,689.15,689.15,0,15,-0.5207,0.000141,-25,74.57
02-09-2026 11:29,76273.13,689.15,689.15,689.15,689.15,0,15,-0.5225,0.000141,-24.99,74.54
02-09-2026 11:30,76270.98,689.15,689.15,689.15,689.15,0,15,-0.5228,0.000141,-24.99,74.53
02-09-2026 11:31,76270.65,689.15,689.15,689.15,689.15,0,15,-0.5229,0.000141,-24.99,74.53
02-09-2026 11:32,76272.48,689.15,689.15,689.15,689.15,0,15,-0.5226,0.000141,-24.99,74.53
02-09-2026 11:33,76254.37,689.15,707.15,689.15,707.15,140,7.71,-0.5612,0.000271,-12.69,73.71
02-09-2026 11:34,76259.21,710.05,710.05,706.7,706.7,40,7.74,-0.5596,0.00027,-12.75,73.76
02-09-2026 11:35,76262.19,706.7,706.7,706.7,706.7,0,15,-0.5241,0.000141,-24.98,74.5
02-09-2026 11:36,76255.09,706.7,710,706.7,710,20,7.76,-0.5606,0.000269,-12.77,73.73
02-09-2026 11:37,76255.17,710,710,710,710,0,15,-0.525,0.000141,-24.98,74.48
02-09-2026 11:38,76262.19,710,710,710,710,0,15,-0.5241,0.000141,-24.98,74.5
02-09-2026 11:39,76279.37,710,710,690.65,690.65,20,7.68,-0.5547,0.000273,-12.68,73.91
02-09-2026 11:40,76270.33,690.65,690.65,689.85,689.85,20,7.6,-0.5578,0.000275,-12.53,73.82
02-09-2026 11:41,76259.5,689.85,704.45,689.85,704.45,20,7.71,-0.5597,0.000271,-12.71,73.75
02-09-2026 11:42,76259.48,704.45,704.45,704.45,704.45,0,15,-0.5244,0.000141,-24.98,74.49
02-09-2026 11:43,76266.18,704.45,704.45,704.45,704.45,0,15,-0.5235,0.000141,-24.99,74.5
02-09-2026 11:44,76255.85,704.45,704.45,704.45,704.45,0,15,-0.525,0.000141,-24.98,74.47
02-09-2026 11:45,76249.95,704.45,704.45,704.45,704.45,0,15,-0.5258,0.000141,-24.97,74.46
02-09-2026 11:46,76247.06,704.45,704.5,704.45,704.5,20,7.62,-0.564,0.000274,-12.53,73.6
02-09-2026 11:47,76239.75,704.5,704.5,704.5,704.5,0,15,-0.5272,0.000141,-24.96,74.43
02-09-2026 11:48,76256.08,704.5,704.5,704.5,704.5,0,15,-0.5249,0.000141,-24.98,74.47
02-09-2026 11:49,76249.21,704.5,704.5,703.25,703.25,40,7.62,-0.5634,0.000274,-12.53,73.62
02-09-2026 11:50,76257.06,703.25,703.25,703.25,703.25,0,15,-0.5248,0.000141,-24.98,74.47
02-09-2026 11:51,76249.33,703.25,703.25,703.25,703.25,0,15,-0.5259,0.000141,-24.97,74.45
02-09-2026 11:52,76262.27,703.25,703.25,703.25,703.25,0,15,-0.5241,0.000141,-24.99,74.48
02-09-2026 11:53,76268.4,703.25,706.95,703.25,706.95,20,7.82,-0.5565,0.000268,-12.9,73.84
02-09-2026 11:54,76295.86,706.95,706.95,706.95,706.95,0,15,-0.5193,0.000141,-25.02,74.57
02-09-2026 11:55,76286.49,706.95,706.95,667.05,667.05,60,7.41,-0.5549,0.000282,-12.24,73.89
02-09-2026 11:56,76277.4,667.05,667.05,667.05,667.05,0,15,-0.5219,0.000141,-25,74.52
02-09-2026 11:57,76271.7,667.05,699,667.05,699,120,7.73,-0.5563,0.00027,-12.76,73.84
02-09-2026 11:58,76253.97,699,699,699,699,0,15,-0.5252,0.000141,-24.98,74.45
02-09-2026 11:59,76263.83,699,699,699,699,0,15,-0.5238,0.000141,-24.99,74.48
02-09-2026 12:00,76271.64,699,699,699,699,0,15,-0.5227,0.000141,-25,74.5
02-09-2026 12:01,76281.49,699,699,699,699,0,15,-0.5214,0.000141,-25.01,74.52
02-09-2026 12:02,76274.17,699,699,699,699,0,15,-0.5224,0.000141,-25,74.5
02-09-2026 12:03,76251.03,699,712,699,712,80,7.75,-0.5617,0.000269,-12.77,73.66
02-09-2026 12:04,76238.86,712,713,712,712.2,100,7.66,-0.5658,0.000272,-12.59,73.52
02-09-2026 12:05,76255.53,712.2,712.2,710,710,180,7.76,-0.5604,0.000269,-12.79,73.7
02-09-2026 12:06,76259.91,710,710,710,710,0,15,-0.5244,0.000141,-24.99,74.46
02-09-2026 12:07,76251.41,710,710,710,710,0,15,-0.5256,0.000141,-24.98,74.44
02-09-2026 12:08,76253.29,710,710,710,710,0,15,-0.5253,0.000141,-24.99,74.44
02-09-2026 12:09,76264.69,710,710,710,710,40,7.83,-0.5574,0.000267,-12.92,73.79
02-09-2026 12:10,76277.6,710,710,708.95,708.95,20,7.92,-0.5532,0.000265,-13.08,73.91
02-09-2026 12:11,76320.91,708.95,708.95,708.95,708.95,0,15,-0.5158,0.000141,-25.05,74.6
02-09-2026 12:12,76337.42,708.95,708.95,708.95,708.95,0,15,-0.5135,0.000141,-25.06,74.64
02-09-2026 12:13,76339.78,708.95,708.95,666.4,666.4,40,7.8,-0.5374,0.00027,-12.97,74.33
02-09-2026 12:14,76340.33,666.4,672.7,664.85,672.7,60,7.89,-0.5368,0.000267,-13.12,74.34
02-09-2026 12:15,76346.05,672.7,672.7,672.7,672.7,0,15,-0.5123,0.000141,-25.07,74.65
02-09-2026 12:16,76336.67,672.7,672.7,666.6,666.6,20,7.78,-0.5384,0.00027,-12.93,74.3
02-09-2026 12:17,76350.25,666.6,666.6,666.6,666.6,0,15,-0.5117,0.000141,-25.08,74.66
02-09-2026 12:18,76332.65,666.6,666.6,662.95,662.95,20,7.7,-0.54,0.000273,-12.8,74.26
02-09-2026 12:19,76314.41,662.95,680,662.95,680,180,7.8,-0.5443,0.000269,-12.94,74.16
02-09-2026 12:20,76291.46,680,680,680,680,0,15,-0.52,0.000141,-25.03,74.53
02-09-2026 12:21,76272.63,680,694.65,680,694.65,40,7.69,-0.5565,0.000272,-12.69,73.81
02-09-2026 12:22,76296.13,694.65,694.65,694.65,694.65,0,15,-0.5193,0.000141,-25.03,74.53
02-09-2026 12:23,76291.7,694.65,694.65,694.65,694.65,0,15,-0.5199,0.000141,-25.03,74.52
02-09-2026 12:24,76292.43,694.65,694.65,694.65,694.65,0,15,-0.5198,0.000141,-25.03,74.52
02-09-2026 12:25,76302.14,694.65,694.65,694.65,694.65,0,15,-0.5185,0.000141,-25.04,74.55
02-09-2026 12:26,76309.97,694.65,694.65,694.65,694.65,0,15,-0.5174,0.000141,-25.05,74.56
02-09-2026 12:27,76316.97,694.65,694.65,694.65,694.65,0,15,-0.5164,0.000141,-25.05,74.58
02-09-2026 12:28,76325.36,694.65,694.65,694.65,694.65,0,15,-0.5152,0.000141,-25.06,74.59
02-09-2026 12:29,76330.19,694.65,694.65,694.65,694.65,0,15,-0.5145,0.000141,-25.06,74.6
02-09-2026 12:30,76354.79,694.65,694.65,694.65,694.65,0,15,-0.5111,0.000141,-25.08,74.65
02-09-2026 12:31,76365.84,694.65,694.65,648.25,648.25,20,7.75,-0.5307,0.000272,-12.91,74.45
02-09-2026 12:32,76376.23,648.25,648.25,648.25,648.25,0,15,-0.508,0.000141,-25.1,74.68
02-09-2026 12:33,76382.53,648.25,648.25,648.25,648.25,0,15,-0.5072,0.000141,-25.1,74.69
02-09-2026 12:34,76374.93,648.25,648.25,648.25,648.25,0,15,-0.5082,0.000141,-25.1,74.68
02-09-2026 12:35,76386.54,648.25,648.25,648.25,648.25,0,15,-0.5066,0.000141,-25.11,74.7
02-09-2026 12:36,76370.14,648.25,648.25,648.25,648.25,0,15,-0.5089,0.000141,-25.1,74.67
02-09-2026 12:37,76396.11,648.25,648.25,640.7,640.7,60,7.86,-0.522,0.000268,-13.13,74.59
02-09-2026 12:38,76386.22,640.7,640.7,640.7,640.7,0,15,-0.5066,0.000141,-25.11,74.69
02-09-2026 12:39,76377.26,640.7,640.7,640.7,640.7,0,15,-0.5079,0.000141,-25.1,74.68
02-09-2026 12:40,76388.81,640.7,640.7,640.7,640.7,0,15,-0.5063,0.000141,-25.11,74.7
02-09-2026 12:41,76398.39,640.7,640.7,635.5,635.5,40,7.8,-0.5216,0.00027,-13.04,74.59
02-09-2026 12:42,76399.3,635.5,635.5,635.5,635.5,0,15,-0.5048,0.000141,-25.12,74.71
02-09-2026 12:43,76421.1,635.5,635.5,624.1,624.1,120,7.81,-0.5155,0.00027,-13.07,74.67
02-09-2026 12:44,76417.38,624.1,624.1,624.1,624.1,0,15,-0.5023,0.000141,-25.13,74.73
02-09-2026 12:45,76385.8,624.1,624.1,624.1,624.1,0,15,-0.5067,0.000141,-25.11,74.69
02-09-2026 12:46,76398.35,624.1,624.1,624.1,624.1,0,15,-0.5049,0.000141,-25.12,74.7
02-09-2026 12:47,76396.25,624.1,624.1,624.1,624.1,0,15,-0.5052,0.000141,-25.12,74.7
02-09-2026 12:48,76383.53,624.1,624.1,624.1,624.1,0,15,-0.507,0.000141,-25.11,74.68
02-09-2026 12:49,76401.8,624.1,624.1,624.1,624.1,0,15,-0.5044,0.000141,-25.12,74.7
02-09-2026 12:50,76406.6,624.1,640.45,624.1,635,100,7.86,-0.5192,0.000269,-13.14,74.61
02-09-2026 12:51,76405.22,635,635,635,635,0,15,-0.504,0.000141,-25.12,74.71
02-09-2026 12:52,76406.89,635,635,630.35,630.35,40,7.8,-0.5194,0.000271,-13.04,74.61
02-09-2026 12:53,76412.28,630.35,635,630.35,635,20,7.89,-0.5176,0.000267,-13.21,74.63
02-09-2026 12:54,76417.73,635,635,635,635,0,15,-0.5022,0.000141,-25.13,74.72
02-09-2026 12:55,76399.95,635,642,635,642,160,7.9,-0.5208,0.000267,-13.21,74.58
02-09-2026 12:56,76406.55,642,642,636.05,636.05,20,7.87,-0.5192,0.000268,-13.16,74.6
02-09-2026 12:57,76419.55,636.05,636.05,635,635,60,7.95,-0.5154,0.000266,-13.3,74.65
02-09-2026 12:58,76418.19,635,637.75,630.4,630.4,140,7.87,-0.516,0.000268,-13.18,74.64
02-09-2026 12:59,76427.04,630.4,630.4,630,630,180,7.93,-0.5135,0.000266,-13.28,74.67
02-09-2026 13:00,76443.96,630,630,630,630,0,15,-0.4985,0.000141,-25.15,74.74
02-09-2026 13:01,76448.74,630,630,630,630,0,15,-0.4978,0.000141,-25.15,74.75
02-09-2026 13:02,76455.85,630,630,615,620,40,7.99,-0.5057,0.000264,-13.4,74.74
02-09-2026 13:03,76444.39,620,620.75,614.55,614.55,160,7.84,-0.5091,0.000269,-13.14,74.71
02-09-2026 13:04,76429.72,614.55,621.4,614.55,621.4,20,7.83,-0.5131,0.000269,-13.12,74.67
02-09-2026 13:05,76427.98,621.4,630.8,621.4,630.8,80,7.95,-0.5132,0.000266,-13.31,74.67
02-09-2026 13:06,76429.32,630.8,637.05,630.8,637.05,60,8.04,-0.5126,0.000263,-13.47,74.67
02-09-2026 13:07,76403.4,639.4,639.45,639.4,639.45,60,7.89,-0.5199,0.000267,-13.2,74.58
02-09-2026 13:08,76403.89,639.45,646.2,637.25,646.2,100,7.99,-0.5195,0.000264,-13.36,74.58
02-09-2026 13:09,76389.99,646.2,646.2,646.2,646.2,0,15,-0.5061,0.000141,-25.12,74.66
02-09-2026 13:10,76404.04,646.2,646.2,640.65,640.65,40,7.92,-0.5197,0.000267,-13.24,74.58
02-09-2026 13:11,76429.18,640.65,640.65,623.55,623.55,20,7.86,-0.5131,0.000269,-13.16,74.66
02-09-2026 13:12,76432.09,623.55,623.55,623.55,623.55,0,15,-0.5002,0.000141,-25.15,74.72
02-09-2026 13:13,76448.6,623.55,623.55,623.55,623.55,0,15,-0.4979,0.000141,-25.16,74.73
02-09-2026 13:14,76447.39,623.55,623.55,623.55,623.55,0,15,-0.498,0.000141,-25.15,74.73
02-09-2026 13:15,76444.44,623.55,623.55,623.55,623.55,0,15,-0.4985,0.000141,-25.15,74.73
02-09-2026 13:16,76438.57,623.55,623.55,623.55,623.55,0,15,-0.4993,0.000141,-25.15,74.72
02-09-2026 13:17,76445.43,623.55,623.55,623.55,623.55,0,15,-0.4983,0.000141,-25.16,74.72
02-09-2026 13:18,76447.5,623.55,623.55,623.55,623.55,0,15,-0.498,0.000141,-25.16,74.73
02-09-2026 13:19,76438.14,623.55,623.55,623.55,623.55,0,15,-0.4993,0.000141,-25.15,74.71
02-09-2026 13:20,76440.59,623.55,623.55,623.55,623.55,0,15,-0.499,0.000141,-25.15,74.72
02-09-2026 13:21,76450.83,623.55,623.55,623.55,623.55,0,15,-0.4976,0.000141,-25.16,74.72
02-09-2026 13:22,76439.48,623.55,623.55,623.55,623.55,0,15,-0.4992,0.000141,-25.15,74.71
02-09-2026 13:23,76440.78,623.55,623.55,623.55,623.55,0,15,-0.499,0.000141,-25.16,74.71
02-09-2026 13:24,76448.69,623.55,623.55,619.35,619.35,100,7.94,-0.5077,0.000266,-13.31,74.7
02-09-2026 13:25,76458,619.35,619.35,619.35,619.35,0,15,-0.4965,0.000141,-25.16,74.73
02-09-2026 13:26,76467.82,619.35,619.35,613.15,613.15,160,7.99,-0.5026,0.000264,-13.4,74.73
02-09-2026 13:27,76474.68,613.15,613.15,613.15,613.15,0,15,-0.4942,0.000141,-25.17,74.74
02-09-2026 13:28,76445.54,613.15,613.15,613.15,613.15,0,15,-0.4983,0.000141,-25.16,74.71
02-09-2026 13:29,76443.65,613.15,613.15,613.15,613.15,0,15,-0.4986,0.000141,-25.16,74.71
02-09-2026 13:30,76431.93,613.15,613.15,613.15,613.15,0,15,-0.5002,0.000141,-25.15,74.69
02-09-2026 13:31,76419.73,613.15,613.15,613.15,613.15,0,15,-0.5019,0.000141,-25.15,74.68
02-09-2026 13:32,76431.33,613.15,613.15,613.15,613.15,0,15,-0.5003,0.000141,-25.15,74.69
02-09-2026 13:33,76437.82,613.15,613.15,613.15,613.15,0,15,-0.4994,0.000141,-25.16,74.7
02-09-2026 13:34,76444.51,613.15,634.2,613.15,634.2,20,8.11,-0.5084,0.00026,-13.6,74.68
02-09-2026 13:35,76462.85,634.2,634.2,615,615,20,7.98,-0.5039,0.000265,-13.38,74.71
02-09-2026 13:36,76474.73,615,615,605.55,605.55,40,7.93,-0.5008,0.000266,-13.31,74.73
02-09-2026 13:37,76484.69,605.55,613.1,600.85,613.1,60,8.1,-0.498,0.000261,-13.6,74.74
02-09-2026 13:38,76448.7,613.1,613.1,613.1,613.1,0,15,-0.4979,0.000141,-25.17,74.7
02-09-2026 13:39,76419.79,613.1,613.1,613.1,613.1,0,15,-0.5019,0.000141,-25.15,74.67
02-09-2026 13:40,76403.77,613.1,639.95,613.1,639.95,20,7.91,-0.5198,0.000267,-13.23,74.54
02-09-2026 13:41,76426.25,639.75,639.75,634.2,634.5,60,7.99,-0.5136,0.000264,-13.39,74.62
02-09-2026 13:42,76422.86,634.5,634.5,634.5,634.5,0,15,-0.5015,0.000141,-25.15,74.67
02-09-2026 13:43,76419.79,634.5,634.5,634.5,634.5,0,15,-0.5019,0.000141,-25.15,74.67
02-09-2026 13:44,76425.19,634.5,634.5,634.5,634.5,0,15,-0.5012,0.000141,-25.16,74.67
02-09-2026 13:45,76441.38,634.5,634.5,634.5,634.5,0,15,-0.4989,0.000141,-25.16,74.69
02-09-2026 13:46,76427.1,634.5,634.5,634.5,634.5,0,15,-0.5009,0.000141,-25.16,74.67
02-09-2026 13:47,76452.79,634.5,634.5,634.5,634.5,0,15,-0.4973,0.000141,-25.17,74.7
02-09-2026 13:48,76439.74,634.5,634.5,630,630,20,8.02,-0.5099,0.000263,-13.45,74.65
02-09-2026 13:49,76423.45,630,638.65,630,638.65,40,8.03,-0.5142,0.000263,-13.45,74.6
02-09-2026 13:50,76413.02,638.65,638.65,638.65,638.65,0,15,-0.5029,0.000141,-25.15,74.65
02-09-2026 13:51,76380.86,638.65,643.95,638.65,643.95,40,7.8,-0.5264,0.00027,-13.04,74.43
02-09-2026 13:52,76387.67,643.95,645.05,640,640,440,7.8,-0.5246,0.000271,-13.04,74.46
02-09-2026 13:53,76416.34,639.7,639.7,625.65,627.3,340,7.83,-0.5167,0.00027,-13.11,74.57
02-09-2026 13:54,76420.27,627.3,629.1,623.85,623.85,100,7.81,-0.5157,0.000271,-13.08,74.58
02-09-2026 13:55,76421.15,623.85,627.55,623.85,627.55,20,7.86,-0.5153,0.000269,-13.17,74.59
02-09-2026 13:56,76425.64,627.55,627.55,627.55,627.55,0,15,-0.5011,0.000141,-25.16,74.66
02-09-2026 13:57,76429.12,627.55,627.55,627.55,627.55,0,15,-0.5006,0.000141,-25.16,74.66
02-09-2026 13:58,76431.91,627.55,627.55,627.55,627.55,0,15,-0.5002,0.000141,-25.17,74.66
02-09-2026 13:59,76439.83,627.55,627.55,622.4,622.4,80,7.92,-0.5101,0.000267,-13.29,74.63
02-09-2026 14:00,76457.9,622.4,622.4,600,600,140,7.75,-0.5057,0.000273,-13,74.67
02-09-2026 14:01,76478.07,600.05,600.05,597.6,598.7,100,7.87,-0.5,0.000269,-13.21,74.7
02-09-2026 14:02,76486.08,598.7,598.7,598.7,598.7,20,7.92,-0.4978,0.000267,-13.3,74.71
02-09-2026 14:03,76481.37,598.7,598.7,598.7,598.7,0,15,-0.4933,0.000141,-25.19,74.7
02-09-2026 14:04,76463.73,598.7,598.7,598.7,598.7,0,15,-0.4957,0.000141,-25.18,74.69
02-09-2026 14:05,76455.85,598.7,598.7,598.7,598.7,0,15,-0.4969,0.000141,-25.18,74.68
02-09-2026 14:06,76482.8,598.7,598.7,598.7,598.7,0,15,-0.4931,0.000141,-25.19,74.7
02-09-2026 14:07,76526.59,595,595,590,590.6,440,8.08,-0.4871,0.000261,-13.57,74.72
02-09-2026 14:08,76516.19,590.6,590.6,581.15,585.6,40,7.94,-0.4898,0.000266,-13.35,74.72
02-09-2026 14:09,76517.93,583.55,585,583.55,585,120,7.95,-0.4893,0.000266,-13.35,74.72
02-09-2026 14:10,76514.02,585,585,584.35,584.35,20,7.91,-0.4904,0.000267,-13.3,74.72
02-09-2026 14:11,76504.02,584.35,584.35,584.35,584.35,0,15,-0.4901,0.000141,-25.2,74.7
02-09-2026 14:12,76515.35,584.35,584.35,584.35,584.35,0,15,-0.4885,0.000141,-25.2,74.71
02-09-2026 14:13,76493.96,584.35,584.35,584.35,584.35,0,15,-0.4915,0.000141,-25.2,74.7
02-09-2026 14:14,76495.56,584.35,602.6,584.35,594.95,120,7.93,-0.4953,0.000266,-13.33,74.71
02-09-2026 14:15,76493.83,594.95,594.95,594.95,594.95,0,15,-0.4915,0.000141,-25.2,74.69
02-09-2026 14:16,76493.74,594.95,594.95,594.95,594.95,0,15,-0.4915,0.000141,-25.2,74.69
02-09-2026 14:17,76476.5,594.95,594.95,594.95,594.95,0,15,-0.494,0.000141,-25.19,74.68
02-09-2026 14:18,76478.93,594.95,605,594.95,605,20,7.96,-0.4997,0.000266,-13.37,74.69
02-09-2026 14:19,76481.16,605,605,605,605,0,15,-0.4933,0.000141,-25.19,74.68
02-09-2026 14:20,76477.61,605,605,605,605,0,15,-0.4938,0.000141,-25.19,74.68
02-09-2026 14:21,76491.43,605,605,605,605,0,15,-0.4918,0.000141,-25.2,74.69
02-09-2026 14:22,76479.64,605,605,605,605,20,7.96,-0.4995,0.000265,-13.38,74.68
02-09-2026 14:23,76478.84,605,605,605,605,0,15,-0.4936,0.000141,-25.19,74.68
02-09-2026 14:24,76459.2,613.1,613.1,613.1,613.1,20,7.93,-0.505,0.000266,-13.32,74.65
02-09-2026 14:25,76451.72,613.1,613.1,613.1,613.1,0,15,-0.4974,0.000141,-25.19,74.65
02-09-2026 14:26,76452.98,613.1,630.2,613.1,630.2,20,8.12,-0.5062,0.00026,-13.63,74.64
02-09-2026 14:27,76464.56,630.2,630.2,621.9,625.8,40,8.14,-0.5032,0.00026,-13.67,74.65
02-09-2026 14:28,76474.82,625.8,625.8,605.35,605.35,20,7.94,-0.5008,0.000266,-13.33,74.67
02-09-2026 14:29,76487.7,605.35,609.7,599.6,605.25,80,8.02,-0.4973,0.000264,-13.48,74.68
02-09-2026 14:30,76507.45,605.25,605.25,594.15,595,80,8.02,-0.4921,0.000264,-13.47,74.69
02-09-2026 14:31,76512.85,595,595,595,595,200,8.05,-0.4907,0.000262,-13.53,74.69
02-09-2026 14:32,76524.23,595,595,595,595,0,15,-0.4872,0.000141,-25.21,74.69
02-09-2026 14:33,76525.6,595,595,570.6,574.25,260,7.86,-0.4872,0.000269,-13.21,74.69
02-09-2026 14:34,76531.17,570.25,575.25,549.95,575.25,420,7.91,-0.4858,0.000267,-13.29,74.68
02-09-2026 14:35,76566.19,571.3,571.3,571.3,571.3,240,8.08,-0.4767,0.000261,-13.58,74.64
02-09-2026 14:36,76552.95,571.3,575,571.3,575,160,8.04,-0.4801,0.000262,-13.52,74.66
02-09-2026 14:37,76545.47,575,575,575,575,0,15,-0.4842,0.000141,-25.21,74.68
02-09-2026 14:38,76508.41,575,589.8,575,589.8,140,7.95,-0.4918,0.000266,-13.37,74.68
02-09-2026 14:39,76521.24,589.8,589.8,589.8,589.8,0,15,-0.4877,0.000141,-25.21,74.68
02-09-2026 14:40,76540.81,589.8,589.8,582.7,586.55,40,8.12,-0.4834,0.00026,-13.65,74.67
02-09-2026 14:41,76526.6,586.55,591.95,586.55,591.95,60,8.1,-0.4871,0.000261,-13.62,74.68
02-09-2026 14:42,76515.13,591.95,597.85,590.15,590.15,140,8,-0.4901,0.000264,-13.45,74.68
02-09-2026 14:43,76498.82,590.15,601.3,590.15,601.3,200,8.04,-0.4944,0.000263,-13.52,74.67
02-09-2026 14:44,76473.14,605,612.15,601.9,612.15,120,8.02,-0.5011,0.000264,-13.47,74.65
02-09-2026 14:45,76475.59,612.15,631.8,612.15,631.8,160,8.3,-0.5001,0.000255,-13.94,74.65
02-09-2026 14:46,76477.8,631.8,631.8,608.5,608.5,20,8,-0.4999,0.000264,-13.44,74.65
02-09-2026 14:47,76497.62,608.5,608.5,598,598,160,7.99,-0.4947,0.000265,-13.43,74.67
02-09-2026 14:48,76520.69,598,598,595.35,595.35,160,8.11,-0.4886,0.000261,-13.63,74.67
02-09-2026 14:49,76515.69,595.35,596.1,593.6,596.1,60,8.09,-0.4899,0.000261,-13.6,74.67
02-09-2026 14:50,76487.21,590.85,590.85,590.85,590.85,20,7.83,-0.4976,0.00027,-13.16,74.66
02-09-2026 14:51,76492.73,590.85,609.1,590.85,605.7,60,8.06,-0.4959,0.000262,-13.55,74.66
02-09-2026 14:52,76477.1,605.7,605.7,605.7,605.7,0,15,-0.4939,0.000141,-25.21,74.64
02-09-2026 14:53,76467.69,605.7,605.7,605.7,605.7,0,15,-0.4952,0.000141,-25.2,74.63
02-09-2026 14:54,76463.84,605.7,605.7,605.7,605.7,0,15,-0.4957,0.000141,-25.2,74.63
02-09-2026 14:55,76430.17,605.7,625.65,605.7,625.15,200,7.9,-0.5128,0.000268,-13.26,74.54
02-09-2026 14:56,76425.29,625.15,625.15,625.15,625.15,0,15,-0.5012,0.000141,-25.19,74.59
02-09-2026 14:57,76411.38,625.15,625.15,625.15,625.15,60,7.77,-0.5183,0.000272,-13.03,74.48
02-09-2026 14:58,76426.86,625.15,625.15,613.75,613.75,80,7.73,-0.5142,0.000274,-12.96,74.53
02-09-2026 14:59,76426.52,613.75,629.1,613.75,621.05,440,7.82,-0.514,0.00027,-13.12,74.53
02-09-2026 15:00,76410.77,626.25,627.35,626.25,627.35,40,7.8,-0.5184,0.000271,-13.07,74.47
02-09-2026 15:01,76397.16,627.35,633,627.35,633,300,7.78,-0.5221,0.000272,-13.03,74.42
02-09-2026 15:02,76402.99,633,644,633,644,80,7.97,-0.5198,0.000265,-13.35,74.45
02-09-2026 15:03,76387.8,644,644,634.75,634.75,420,7.74,-0.5249,0.000273,-12.95,74.37
02-09-2026 15:04,76381.7,634.75,637.95,634.75,637.95,20,7.74,-0.5265,0.000273,-12.94,74.34
02-09-2026 15:05,76381.13,637.95,649.8,637.95,642.1,220,7.79,-0.5264,0.000271,-13.03,74.34
02-09-2026 15:06,76382.73,639.9,646.15,639.9,641.7,1280,7.8,-0.526,0.000271,-13.04,74.35
02-09-2026 15:07,76375.99,641.7,650.75,641.7,650.75,40,7.87,-0.5275,0.000268,-13.16,74.32
02-09-2026 15:08,76368.95,650.75,650.75,649.8,649.8,140,7.81,-0.5297,0.00027,-13.05,74.28
02-09-2026 15:09,76379.58,649.8,649.8,630.15,630.15,60,7.62,-0.5277,0.000277,-12.74,74.32
02-09-2026 15:10,76413.39,630.15,630.15,615.8,615.8,80,7.66,-0.5181,0.000276,-12.84,74.47
02-09-2026 15:11,76442.11,615.8,615.8,604.5,604.5,20,7.71,-0.5101,0.000274,-12.94,74.55
02-09-2026 15:12,76435.31,604.5,604.5,604.5,604.5,0,15,-0.4998,0.000141,-25.2,74.58
02-09-2026 15:13,76472.49,604.5,614,604.5,614,220,8.04,-0.5013,0.000263,-13.52,74.61
02-09-2026 15:14,76470.7,614,614,614,614,0,15,-0.4948,0.000141,-25.21,74.61
02-09-2026 15:15,76469.92,614,614,610.15,610.15,60,7.97,-0.5021,0.000265,-13.4,74.61
02-09-2026 15:16,76469.92,610.15,612.9,610.15,612.9,20,8.01,-0.502,0.000264,-13.46,74.61
02-09-2026 15:17,76469.92,612.9,612.9,612.9,612.9,0,15,-0.4949,0.000141,-25.21,74.61
02-09-2026 15:18,76469.92,612.9,612.9,612,612,20,8,-0.502,0.000265,-13.44,74.6
02-09-2026 15:19,76469.92,612,612.35,606.5,612.35,100,8,-0.502,0.000264,-13.45,74.6
02-09-2026 15:20,76469.92,610.35,610.35,603.25,606.5,60,7.93,-0.5021,0.000267,-13.32,74.6
02-09-2026 15:21,76469.92,606.5,606.75,606.5,606.75,20,7.93,-0.5021,0.000267,-13.33,74.6
02-09-2026 15:22,76469.92,606.35,606.35,603,603,160,7.88,-0.5022,0.000269,-13.24,74.6
02-09-2026 15:23,76469.92,598,600.65,598,600.65,260,7.85,-0.5023,0.00027,-13.19,74.6
02-09-2026 15:24,76469.92,600.65,600.65,600.65,600.65,0,15,-0.4949,0.000141,-25.22,74.6
02-09-2026 15:25,76469.92,600.65,614.2,600.65,614.2,40,8.03,-0.502,0.000264,-13.5,74.6
02-09-2026 15:26,76469.92,614.2,614.2,614.2,614.2,0,15,-0.4949,0.000141,-25.22,74.6
02-09-2026 15:27,76469.92,614.2,631.6,614.2,629.35,60,8.23,-0.5017,0.000257,-13.84,74.59
02-09-2026 15:28,76570.35,629.35,629.35,614.2,614.2,180,8.69,-0.4766,0.000243,-14.61,74.59
02-09-2026 15:29,76570.35,614.2,619.25,614.2,619.25,80,8.76,-0.4767,0.000241,-14.73,74.59
03-09-2026 09:16,76834.28,476.55,476.55,428.45,432.1,300,7.94,-0.4046,0.000263,-13.29,71.64
03-09-2026 09:17,76796.95,432.1,449.9,432.1,449.9,320,7.97,-0.4148,0.000263,-13.42,72.03
03-09-2026 09:18,76767.01,449.9,455,449.9,455,140,7.87,-0.4218,0.000268,-13.29,72.26
03-09-2026 09:19,76757.08,455,456,455,455,920,7.81,-0.424,0.00027,-13.2,72.33
03-09-2026 09:20,76793.02,455,455,445.4,445.4,40,7.89,-0.415,0.000266,-13.28,72.03
03-09-2026 09:21,76799.46,445.4,448.15,445.4,448.15,20,7.96,-0.4141,0.000263,-13.4,72
03-09-2026 09:22,76787.8,449.65,461.95,449.65,452,380,7.95,-0.417,0.000264,-13.4,72.1
03-09-2026 09:23,76760.02,455.5,458,452.05,458,420,7.87,-0.4237,0.000268,-13.3,72.32
03-09-2026 09:24,76721.62,458,458,458,458,0,15,-0.4592,0.000142,-25.65,73.22
03-09-2026 09:25,76727.88,458,473.55,458,471.35,80,7.86,-0.4323,0.000269,-13.34,72.56
03-09-2026 09:26,76713.51,471.35,472.75,471.35,472.75,20,7.8,-0.4357,0.000272,-13.24,72.65
03-09-2026 09:27,76751.49,472.8,472.8,462.7,462.7,80,7.89,-0.4261,0.000268,-13.34,72.39
03-09-2026 09:28,76741.71,462.55,462.55,460,460,700,7.79,-0.428,0.000271,-13.19,72.44
03-09-2026 09:29,76777.06,460,460,453.25,453.25,20,7.9,-0.4194,0.000266,-13.34,72.17
03-09-2026 09:30,76801.3,453.25,453.25,453,453,40,8.04,-0.4143,0.000261,-13.54,72
03-09-2026 09:31,76803.06,453,453,445.25,452.85,80,8.05,-0.4139,0.00026,-13.55,71.98
03-09-2026 09:32,76788.49,455.95,455.95,445.7,451.35,260,7.94,-0.4168,0.000264,-13.39,72.08
03-09-2026 09:33,76814.23,451.35,451.35,447.5,447.5,40,8.04,-0.4109,0.00026,-13.51,71.87
03-09-2026 09:34,76814.84,447.5,447.55,447.5,447.5,1300,8.04,-0.4108,0.00026,-13.52,71.86
03-09-2026 09:35,76819.09,447.5,450.65,447.5,449.85,840,8.1,-0.4102,0.000258,-13.61,71.84
03-09-2026 09:36,76833.43,449.85,449.85,445.85,447.2,60,8.14,-0.407,0.000256,-13.66,71.72
03-09-2026 09:37,76813.93,447.2,447.2,447.2,447.2,0,15,-0.446,0.000142,-25.6,73.01
03-09-2026 09:38,76837.65,447.2,447.2,445,445,80,8.14,-0.4058,0.000256,-13.64,71.67
03-09-2026 09:39,76854.28,445,445,435.65,435.65,40,8.1,-0.4012,0.000257,-13.55,71.48
03-09-2026 09:40,76884.41,432.65,432.65,428.6,428.6,80,8.17,-0.3943,0.000253,-13.61,71.18
03-09-2026 09:41,76893.63,428.6,431.5,428.6,431.5,1240,8.26,-0.393,0.00025,-13.75,71.12
03-09-2026 09:42,76870.26,431.5,431.5,431.5,431.5,0,15,-0.4381,0.000141,-25.55,72.85
03-09-2026 09:43,76894.03,431.5,435.25,419.95,419.95,160,8.1,-0.391,0.000255,-13.47,71.02
03-09-2026 09:44,76891.73,419.95,420.85,419.95,420.85,20,8.1,-0.3916,0.000255,-13.47,71.05
03-09-2026 09:45,76908.82,426.8,426.8,419.1,419.1,100,8.17,-0.3881,0.000252,-13.56,70.88
03-09-2026 09:46,76904.73,419.1,425,419.1,425,80,8.23,-0.3899,0.000251,-13.67,70.97
03-09-2026 09:47,76913.33,425,425,416.05,422.6,1320,8.24,-0.3879,0.00025,-13.68,70.87
03-09-2026 09:48,76881.58,422.6,422.6,422.6,422.6,0,15,-0.4365,0.000141,-25.54,72.81
03-09-2026 09:49,76895.47,422.6,422.6,422.6,422.6,0,15,-0.4345,0.000141,-25.53,72.76
03-09-2026 09:50,76882.41,422.6,422.6,422.6,422.6,0,15,-0.4363,0.000141,-25.54,72.8
03-09-2026 09:51,76882.91,422.6,422.6,419.85,421.3,400,8.06,-0.3934,0.000257,-13.42,71.12
03-09-2026 09:52,76888,421.3,425.65,421.3,425.65,280,8.15,-0.3931,0.000254,-13.57,71.11
03-09-2026 09:53,76872.08,425.65,425.65,425.65,425.65,0,15,-0.4378,0.000141,-25.55,72.83
03-09-2026 09:54,76852.47,425.65,425.65,425.65,425.65,0,15,-0.4406,0.000141,-25.57,72.89
03-09-2026 09:55,76877.2,425.65,427,425.65,427,160,8.11,-0.3954,0.000255,-13.52,71.21
03-09-2026 09:56,76851.69,427,427,420.2,425.3,300,7.94,-0.4001,0.000262,-13.28,71.41
03-09-2026 09:57,76871.15,425.3,425.3,423.65,425.15,40,8.05,-0.3963,0.000257,-13.43,71.24
03-09-2026 09:58,76874.02,425.15,427.75,425.15,427.75,20,8.1,-0.3961,0.000256,-13.51,71.24
03-09-2026 09:59,76880.62,427.75,427.75,420.65,420.65,20,8.04,-0.3937,0.000257,-13.39,71.12
03-09-2026 10:00,76853.44,420.65,433.05,420.65,432.8,40,8.06,-0.4009,0.000258,-13.48,71.44
03-09-2026 10:01,76838.06,432.8,433.85,429.75,433.85,40,7.99,-0.4041,0.000261,-13.38,71.57
03-09-2026 10:02,76862.06,433.85,433.85,430,430,120,8.07,-0.3988,0.000257,-13.48,71.35
03-09-2026 10:03,76851.3,430.05,434.65,430.05,430.05,80,8.01,-0.4009,0.00026,-13.4,71.44
03-09-2026 10:04,76874.1,430,430,430,430,100,8.14,-0.3965,0.000255,-13.57,71.25
03-09-2026 10:05,76865.58,430,430,430,430,0,15,-0.4387,0.000141,-25.56,72.84
03-09-2026 10:06,76830.18,430,430,430,430,0,15,-0.4437,0.000142,-25.6,72.93
03-09-2026 10:07,76823.33,430,430,430,430,0,15,-0.4447,0.000142,-25.6,72.95
03-09-2026 10:08,76870.19,430,430,430,430,0,15,-0.438,0.000141,-25.56,72.82
03-09-2026 10:09,76860.09,430,430,430,430,0,15,-0.4395,0.000141,-25.57,72.85
03-09-2026 10:10,76855.74,430,434.8,430,434.8,20,8.1,-0.4008,0.000257,-13.55,71.43
03-09-2026 10:11,76861.28,434.8,434.8,434.8,434.8,0,15,-0.4393,0.000141,-25.57,72.84
03-09-2026 10:12,76832.8,434.8,434.8,434.8,434.8,0,15,-0.4433,0.000142,-25.6,72.92
03-09-2026 10:13,76815.23,434.8,434.8,434.8,434.8,0,15,-0.4458,0.000142,-25.61,72.96
03-09-2026 10:14,76805.79,434.8,434.8,434.8,434.8,0,15,-0.4472,0.000142,-25.62,72.99
03-09-2026 10:15,76827.51,434.8,440,434.8,440,20,8.02,-0.4072,0.000261,-13.46,71.68
03-09-2026 10:16,76820.56,440,440,440,440,0,15,-0.4451,0.000142,-25.61,72.95
03-09-2026 10:17,76811.12,440,440,436.75,436.75,20,7.88,-0.4101,0.000266,-13.24,71.78
03-09-2026 10:18,76833.57,436.75,436.75,436.75,436.75,0,15,-0.4432,0.000142,-25.6,72.91
03-09-2026 10:19,76847.41,436.75,436.75,436.75,436.75,0,15,-0.4413,0.000142,-25.59,72.87
03-09-2026 10:20,76860.65,436.75,436.75,436.75,436.75,0,15,-0.4394,0.000141,-25.58,72.83
03-09-2026 10:21,76848.9,436.75,436.75,436.75,436.75,400,8.09,-0.4024,0.000257,-13.55,71.48
03-09-2026 10:22,76844.16,436.75,444,436.75,444,20,8.17,-0.4044,0.000255,-13.69,71.56
03-09-2026 10:23,76851.81,444,444,444,444,0,15,-0.4406,0.000141,-25.58,72.85
03-09-2026 10:24,76861.93,444,444,444,444,0,15,-0.4392,0.000141,-25.58,72.82
03-09-2026 10:25,76828.81,444,444,444,444,0,15,-0.4439,0.000142,-25.61,72.91
03-09-2026 10:26,76799.8,444,444,444,444,0,15,-0.448,0.000142,-25.63,72.99
03-09-2026 10:27,76799.9,444,444,444,444,0,15,-0.448,0.000142,-25.63,72.98
03-09-2026 10:28,76816,444,444,444,444,0,15,-0.4457,0.000142,-25.62,72.94
03-09-2026 10:29,76789.27,444,446.5,444,446.5,80,7.89,-0.416,0.000266,-13.3,71.98
03-09-2026 10:30,76785.77,446.5,446.5,446.5,446.5,0,15,-0.45,0.000142,-25.64,73.01
03-09-2026 10:31,76789.79,446.5,454.2,446.5,454.2,20,8,-0.4169,0.000263,-13.5,72.01
03-09-2026 10:32,76800.32,454.2,457.75,451.45,451.45,60,8.02,-0.4143,0.000262,-13.52,71.92
03-09-2026 10:33,76798.38,451.45,451.45,451.45,451.45,0,15,-0.4482,0.000142,-25.63,72.98
03-09-2026 10:34,76791.39,451.45,451.45,450.4,450.4,20,7.96,-0.416,0.000264,-13.42,71.98
03-09-2026 10:35,76765.43,450.4,450.4,450.4,450.4,0,15,-0.4529,0.000142,-25.66,73.05
03-09-2026 10:36,76753.35,450.4,466.9,450.4,466.9,1200,7.96,-0.4262,0.000265,-13.49,72.31
03-09-2026 10:37,76728.44,466.9,469.15,466,469.15,3160,7.85,-0.4319,0.00027,-13.32,72.47
03-09-2026 10:38,76760.38,469.15,469.15,469.15,469.15,0,15,-0.4536,0.000142,-25.66,73.06
03-09-2026 10:39,76757.3,469.15,469.15,468.05,468.05,20,8,-0.4254,0.000264,-13.56,72.28
03-09-2026 10:40,76723.22,468.05,468.05,468.05,468.05,0,15,-0.4589,0.000143,-25.68,73.12
03-09-2026 10:41,76720.87,468.05,468.05,468.05,468.05,0,15,-0.4592,0.000143,-25.69,73.13
03-09-2026 10:42,76721.44,468.05,468.05,468.05,468.05,0,15,-0.4591,0.000143,-25.69,73.12
03-09-2026 10:43,76713.06,468.05,498.35,468.05,480.75,520,7.92,-0.4366,0.000268,-13.46,72.59
03-09-2026 10:44,76755.25,480.75,480.75,480.75,480.75,0,15,-0.4543,0.000142,-25.67,73.06
03-09-2026 10:45,76741.78,480.75,480.75,468.95,476.1,200,8.02,-0.4297,0.000264,-13.61,72.4
03-09-2026 10:46,76742.72,476.1,476.1,476.1,476.1,0,15,-0.4561,0.000142,-25.68,73.08
03-09-2026 10:47,76748.09,476.1,476.1,476.1,476.1,0,15,-0.4554,0.000142,-25.67,73.07
03-09-2026 10:48,76777.42,476.1,476.1,465.2,468,280,8.12,-0.4211,0.00026,-13.73,72.14
03-09-2026 10:49,76761.41,468,472.95,468,472.95,20,8.1,-0.4251,0.000261,-13.71,72.26
03-09-2026 10:50,76752.5,472.95,472.95,472.95,472.95,0,15,-0.4547,0.000142,-25.67,73.06
03-09-2026 10:51,76758.47,472.95,472.95,472.95,472.95,0,15,-0.4539,0.000142,-25.67,73.05
03-09-2026 10:52,76750.57,472.95,479.95,472.95,479.95,20,8.13,-0.4282,0.00026,-13.79,72.35
03-09-2026 10:53,76738.64,479.95,485,479.95,485,20,8.13,-0.4313,0.000261,-13.8,72.44
03-09-2026 10:54,76722.83,485,485,485,485,0,15,-0.4589,0.000143,-25.69,73.11
03-09-2026 10:55,76718.56,485,494.7,485,494.7,40,8.14,-0.4366,0.000261,-13.85,72.58
03-09-2026 10:56,76740.29,494.7,494.7,494.7,494.7,100,8.27,-0.4319,0.000256,-14.05,72.46
03-09-2026 10:57,76740.17,494.7,494.7,485.3,485.3,20,8.14,-0.431,0.00026,-13.83,72.43
03-09-2026 10:58,76744.66,485.3,485.4,484,485.4,40,8.17,-0.43,0.000259,-13.87,72.4
03-09-2026 10:59,76748.47,485.4,485.4,482.2,482.2,20,8.15,-0.4289,0.00026,-13.83,72.37
03-09-2026 11:00,76746.84,482.2,482.2,482.2,482.2,0,15,-0.4555,0.000142,-25.68,73.06
03-09-2026 11:01,76737.26,482.2,482.2,479.2,479.2,20,8.04,-0.431,0.000263,-13.65,72.42
03-09-2026 11:02,76732.35,479.2,479.2,479.2,479.2,0,15,-0.4576,0.000143,-25.69,73.08
03-09-2026 11:03,76733.54,479.2,479.2,479.2,479.2,0,15,-0.4574,0.000143,-25.69,73.08
03-09-2026 11:04,76721.46,479.2,490.9,479.2,490.9,20,8.11,-0.4356,0.000262,-13.79,72.54
03-09-2026 11:05,76692.49,490.9,500.55,490.9,500.55,260,8.07,-0.443,0.000264,-13.75,72.71
03-09-2026 11:06,76694.17,500.55,501.95,500.55,501.95,20,8.1,-0.4427,0.000263,-13.8,72.71
03-09-2026 11:07,76685.48,501.95,501.95,501.95,501.95,0,15,-0.4643,0.000143,-25.71,73.15
03-09-2026 11:08,76671.85,501.95,504.55,501.95,504.55,20,8,-0.4481,0.000267,-13.65,72.82
03-09-2026 11:09,76640.7,504.55,513.05,504.55,513.05,60,7.92,-0.456,0.00027,-13.54,72.96
03-09-2026 11:10,76645.38,513.05,513.05,513.05,513.05,0,15,-0.47,0.000143,-25.73,73.19
03-09-2026 11:11,76656.39,513.05,513.05,513.05,513.05,0,15,-0.4684,0.000143,-25.72,73.18
03-09-2026 11:12,76663.05,513.05,513.05,513.05,513.05,0,15,-0.4675,0.000143,-25.72,73.17
03-09-2026 11:13,76644.08,513.05,518.15,513.05,518.15,20,8.01,-0.4555,0.000267,-13.7,72.94
03-09-2026 11:14,76628,518.15,518.15,518.15,518.15,0,15,-0.4725,0.000143,-25.73,73.2
03-09-2026 11:15,76638.39,518.15,527.4,518.15,527.3,80,8.1,-0.4574,0.000264,-13.86,72.97
03-09-2026 11:16,76671.01,527.3,527.3,524.05,524.25,320,8.26,-0.4496,0.000259,-14.11,72.84
03-09-2026 11:17,76656.83,524.25,524.25,515.3,515.5,60,8.05,-0.4523,0.000265,-13.77,72.89
03-09-2026 11:18,76674.98,515.5,515.6,515.5,515.55,1060,8.17,-0.4481,0.000261,-13.95,72.81
03-09-2026 11:19,76713.13,515.55,515.55,515.5,515.5,40,8.4,-0.4396,0.000253,-14.31,72.63
03-09-2026 11:20,76710.89,515.5,515.5,515.5,515.5,0,15,-0.4606,0.000143,-25.71,73.1
03-09-2026 11:21,76694.04,515.5,515.5,515.5,515.5,0,15,-0.463,0.000143,-25.71,73.12
03-09-2026 11:22,76729.39,515.5,515.5,515.5,515.5,0,15,-0.458,0.000143,-25.7,73.06
03-09-2026 11:23,76730.79,515.5,515.5,483.35,490.5,620,8.16,-0.4335,0.00026,-13.88,72.47
03-09-2026 11:24,76712.09,490.5,490.5,490.5,490.5,0,15,-0.4605,0.000143,-25.71,73.09
03-09-2026 11:25,76710.96,490.5,490.5,490.5,490.5,0,15,-0.4606,0.000143,-25.71,73.09
03-09-2026 11:26,76729.51,490.5,490.5,490.5,490.5,0,15,-0.458,0.000143,-25.7,73.06
03-09-2026 11:27,76747.53,490.5,491.7,490.5,491.7,20,8.28,-0.43,0.000256,-14.06,72.37
03-09-2026 11:28,76739.13,491.7,491.7,484.5,484.5,20,8.13,-0.4311,0.000261,-13.81,72.39
03-09-2026 11:29,76745.69,484.5,484.5,484.5,484.5,0,15,-0.4557,0.000143,-25.69,73.03
03-09-2026 11:30,76772.18,484.5,484.5,484.5,484.5,0,15,-0.4519,0.000142,-25.68,72.97
03-09-2026 11:31,76772.43,484.5,484.5,482.1,482.4,400,8.3,-0.4238,0.000255,-14.06,72.18
03-09-2026 11:32,76762.5,482.4,482.4,482.4,482.4,0,15,-0.4533,0.000142,-25.68,72.99
03-09-2026 11:33,76757.3,482.4,482.4,482.4,482.4,0,15,-0.454,0.000142,-25.69,73
03-09-2026 11:34,76764,482.4,482.4,482.4,482.4,0,15,-0.4531,0.000142,-25.68,72.98
03-09-2026 11:35,76790.47,482.4,482.4,482.4,482.4,0,15,-0.4493,0.000142,-25.67,72.93
03-09-2026 11:36,76790.67,482.4,482.4,482.4,482.4,0,15,-0.4493,0.000142,-25.67,72.92
03-09-2026 11:37,76784.78,482.4,482.4,482.4,482.4,0,15,-0.4501,0.000142,-25.67,72.94
03-09-2026 11:38,76772.64,482.4,482.4,472.3,472.3,20,8.16,-0.4226,0.000259,-13.82,72.13
03-09-2026 11:39,76775.36,472.3,479.6,472.3,479.6,40,8.28,-0.4229,0.000255,-14.02,72.14
03-09-2026 11:40,76785.63,479.6,479.6,479.6,479.6,0,15,-0.45,0.000142,-25.67,72.93
03-09-2026 11:41,76759.01,479.6,479.6,478.6,478.6,20,8.17,-0.4262,0.000259,-13.85,72.24
03-09-2026 11:42,76768.16,478.6,478.6,478.6,478.6,0,15,-0.4525,0.000142,-25.68,72.97
03-09-2026 11:43,76752.25,478.6,478.6,478.6,478.6,0,15,-0.4547,0.000143,-25.69,73
03-09-2026 11:44,76768.3,478.6,478.7,478.6,478.7,20,8.22,-0.4243,0.000257,-13.94,72.18
03-09-2026 11:45,76791.51,478.6,478.6,478.6,478.6,20,8.36,-0.4195,0.000252,-14.14,72.03
03-09-2026 11:46,76764.77,478.6,478.6,478.6,478.6,0,15,-0.4529,0.000142,-25.69,72.97
03-09-2026 11:47,76747.91,478.6,486,478.6,486,20,8.2,-0.4294,0.000258,-13.93,72.32
03-09-2026 11:48,76769.65,486,486,486,486,0,15,-0.4523,0.000142,-25.69,72.96
03-09-2026 11:49,76766.06,486,486,473.5,483.7,80,8.28,-0.4253,0.000255,-14.04,72.2
03-09-2026 11:50,76762.75,483.7,487.55,483.7,487.55,40,8.31,-0.4264,0.000254,-14.11,72.24
03-09-2026 11:51,76744.61,487.55,487.55,487.55,487.55,0,15,-0.4558,0.000143,-25.7,73
03-09-2026 11:52,76770.25,487.55,487.55,487.55,487.55,0,15,-0.4522,0.000142,-25.69,72.95
03-09-2026 11:53,76734.3,487.55,487.55,485.1,485.1,20,8.11,-0.4322,0.000262,-13.79,72.39
03-09-2026 11:54,76749.18,485.1,485.2,484.95,484.95,40,8.2,-0.429,0.000258,-13.92,72.31
03-09-2026 11:55,76739.83,484.95,493,484.95,493,40,8.25,-0.4318,0.000257,-14.03,72.38
03-09-2026 11:56,76738.4,493,493,493,493,0,15,-0.4567,0.000143,-25.71,73.01
03-09-2026 11:57,76743.82,493,493,493,493,0,15,-0.4559,0.000143,-25.71,73
03-09-2026 11:58,76745.15,493,493,493,493,0,15,-0.4557,0.000143,-25.71,72.99
03-09-2026 11:59,76747.17,493,493,493,493,0,15,-0.4555,0.000143,-25.7,72.99
03-09-2026 12:00,76741.49,493,493,490,490,40,8.22,-0.4312,0.000258,-13.98,72.36
03-09-2026 12:01,76694.34,490,490,490,490,0,15,-0.463,0.000143,-25.73,73.07
03-09-2026 12:02,76704.07,490,490,490,490,0,15,-0.4616,0.000143,-25.73,73.06
03-09-2026 12:03,76682.18,490,490,490,490,0,15,-0.4647,0.000143,-25.74,73.08
03-09-2026 12:04,76657.88,490,490,490,490,0,15,-0.4682,0.000143,-25.75,73.11
03-09-2026 12:05,76668.11,490,490,490,490,0,15,-0.4667,0.000143,-25.74,73.1
03-09-2026 12:06,76668.55,490,524.25,490,524.25,20,8.25,-0.4502,0.000259,-14.11,72.79
03-09-2026 12:07,76652.29,524.25,527.7,524.2,527.7,100,8.2,-0.4542,0.000261,-14.03,72.86
03-09-2026 12:08,76661.03,527.7,527.7,527.7,527.7,20,8.25,-0.4521,0.000259,-14.12,72.83
03-09-2026 12:09,76639.64,525.35,527.95,521.65,526.9,540,8.11,-0.4571,0.000264,-13.89,72.9
03-09-2026 12:10,76681.01,526.9,526.9,519.05,521.2,280,8.29,-0.4471,0.000258,-14.16,72.73
03-09-2026 12:11,76652.8,520.95,525.8,520.95,525.75,480,8.18,-0.4539,0.000262,-13.99,72.85
03-09-2026 12:12,76651.73,525.75,526.25,525.75,526.25,40,8.18,-0.4542,0.000262,-13.99,72.86
03-09-2026 12:13,76657.61,526.25,529.25,525.15,525.15,100,8.2,-0.4528,0.000261,-14.03,72.83
03-09-2026 12:14,76677.54,525.15,525.15,525.15,525.15,0,15,-0.4654,0.000143,-25.74,73.08
03-09-2026 12:15,76638.59,525.15,525.15,525.15,525.15,0,15,-0.471,0.000143,-25.75,73.12
03-09-2026 12:16,76653.51,525.15,525.15,525.15,525.15,0,15,-0.4688,0.000143,-25.75,73.1
03-09-2026 12:17,76617.36,525.15,533.65,525.15,533.65,20,8.06,-0.4628,0.000266,-13.82,72.98
03-09-2026 12:18,76596.26,533.65,547.45,533.65,547.45,280,8.12,-0.4686,0.000265,-13.93,73.04
03-09-2026 12:19,76600.3,547.45,547.45,539.85,539.85,20,8.04,-0.4673,0.000267,-13.79,73.03
03-09-2026 12:20,76606.1,539.85,545,539.85,545,760,8.15,-0.4661,0.000264,-13.97,73.01
03-09-2026 12:21,76621.75,539.9,549,539.8,549,180,8.3,-0.4625,0.000259,-14.23,72.97
03-09-2026 12:22,76595.66,549,550,549,550,20,8.15,-0.4689,0.000264,-13.98,73.04
03-09-2026 12:23,76592.2,551.65,559.9,551.65,559.9,40,8.26,-0.47,0.00026,-14.18,73.05
03-09-2026 12:24,76583.37,559.9,559.9,559.9,559.9,0,15,-0.4789,0.000144,-25.77,73.14
03-09-2026 12:25,76583.04,560.4,560.4,557.8,557.8,80,8.17,-0.4722,0.000263,-14.03,73.07
03-09-2026 12:26,76596.15,557.8,557.8,550,552.95,220,8.19,-0.4688,0.000262,-14.06,73.03
03-09-2026 12:27,76587.65,558.6,561.05,557.35,557.35,140,8.2,-0.4711,0.000262,-14.07,73.05
03-09-2026 12:28,76602.27,557.35,560.25,557.35,560.25,60,8.33,-0.4676,0.000258,-14.3,73.02
03-09-2026 12:29,76577.96,560.25,560.25,560.25,560.25,0,15,-0.4797,0.000144,-25.77,73.13
03-09-2026 12:30,76589.01,561.75,561.75,555.15,555.15,60,8.18,-0.4707,0.000263,-14.04,73.05
03-09-2026 12:31,76605.99,555.15,555.15,550,550,840,8.22,-0.4663,0.000262,-14.1,73
03-09-2026 12:32,76601.45,550,554.2,550,554.2,220,8.24,-0.4676,0.000261,-14.15,73.01
03-09-2026 12:33,76589.46,554.2,554.2,554.2,554.2,0,15,-0.478,0.000144,-25.77,73.12
03-09-2026 12:34,76595.08,554.2,554.2,554.2,554.2,0,15,-0.4772,0.000144,-25.77,73.12
03-09-2026 12:35,76579.49,551.6,554.85,551.6,552.15,120,8.08,-0.473,0.000267,-13.86,73.06
03-09-2026 12:36,76581.26,552.15,555.7,551.3,555.7,60,8.14,-0.4726,0.000265,-13.97,73.06
03-09-2026 12:37,76575.65,555.7,555.7,554.45,554.45,40,8.08,-0.474,0.000266,-13.88,73.07
03-09-2026 12:38,76630.29,554.45,554.45,549.3,549.3,20,8.36,-0.4605,0.000257,-14.34,72.92
03-09-2026 12:39,76615.7,549.3,549.3,549.3,549.3,0,15,-0.4743,0.000143,-25.77,73.1
03-09-2026 12:40,76627.51,549.3,549.3,540.85,540.85,40,8.23,-0.4607,0.000261,-14.11,72.92
03-09-2026 12:41,76626.29,540.9,540.9,540.9,540.9,20,8.22,-0.461,0.000261,-14.1,72.92
03-09-2026 12:42,76591.86,540.9,540.9,540.9,540.9,0,15,-0.4777,0.000144,-25.77,73.11
03-09-2026 12:43,76587.63,540.9,553.2,540.9,553.2,20,8.14,-0.471,0.000264,-13.98,73.03
03-09-2026 12:44,76592.68,553.2,553.2,552.35,552.35,20,8.16,-0.4697,0.000264,-14.01,73.02
03-09-2026 12:45,76593.85,553.65,553.65,550.65,550.65,40,8.15,-0.4693,0.000264,-13.99,73.02
03-09-2026 12:46,76589.1,550.65,550.65,543.45,543.45,80,8.02,-0.4703,0.000268,-13.77,73.02
03-09-2026 12:47,76621.05,543.45,552.3,543.45,552.3,120,8.35,-0.4628,0.000257,-14.32,72.94
03-09-2026 12:48,76614.58,546.95,546.95,546.95,546.95,20,8.23,-0.4641,0.000261,-14.12,72.96
03-09-2026 12:49,76596.61,546.95,547.85,546.3,547.85,40,8.13,-0.4685,0.000265,-13.95,73
03-09-2026 12:50,76633.53,550.25,550.25,545.4,545.4,40,8.33,-0.4595,0.000258,-14.28,72.89
03-09-2026 12:51,76617.18,545.4,545.4,545.4,545.4,0,15,-0.474,0.000144,-25.77,73.09
03-09-2026 12:52,76637.27,545.4,545.4,528.65,528.8,80,8.13,-0.4578,0.000264,-13.93,72.86
03-09-2026 12:53,76656.84,528.8,528.8,528.8,528.8,0,15,-0.4683,0.000143,-25.77,73.05
03-09-2026 12:54,76654.34,528.8,528.8,528.8,528.8,0,15,-0.4687,0.000143,-25.77,73.05
03-09-2026 12:55,76651.59,528.8,528.8,528.8,528.8,0,15,-0.4691,0.000143,-25.77,73.06
03-09-2026 12:56,76626.43,528.8,537.75,528.8,536.9,40,8.17,-0.4608,0.000263,-14.01,72.9
03-09-2026 12:57,76642,536.9,536.9,536.9,536.9,0,15,-0.4705,0.000143,-25.77,73.06
03-09-2026 12:58,76647.32,536.9,536.9,528.75,536.6,60,8.3,-0.4558,0.000258,-14.21,72.83
03-09-2026 12:59,76638.82,536.6,536.6,536.6,536.6,0,15,-0.4709,0.000143,-25.77,73.06
03-09-2026 13:00,76640.49,536.6,536.6,536.6,536.6,0,15,-0.4707,0.000143,-25.77,73.06
03-09-2026 13:01,76613.22,536.6,543.7,536.6,542.2,40,8.16,-0.4642,0.000263,-14,72.94
03-09-2026 13:02,76617.31,542.2,543.2,542.2,543.2,1020,8.2,-0.4633,0.000262,-14.07,72.93
03-09-2026 13:03,76605.37,543.2,543.2,543.2,543.2,0,15,-0.4757,0.000144,-25.78,73.08
03-09-2026 13:04,76644.83,543.2,543.2,543.2,543.2,0,15,-0.4701,0.000143,-25.77,73.05
03-09-2026 13:05,76649,543.2,543.2,543.2,543.2,0,15,-0.4695,0.000143,-25.77,73.05
03-09-2026 13:06,76634.51,543.2,543.2,529.3,529.65,80,8.12,-0.4585,0.000264,-13.93,72.86
03-09-2026 13:07,76629.68,529.65,536.2,527.75,536.2,60,8.18,-0.46,0.000262,-14.03,72.88
03-09-2026 13:08,76636.43,536.2,536.2,536.2,536.2,0,15,-0.4713,0.000143,-25.78,73.05
03-09-2026 13:09,76655.47,536.2,536.2,527.35,527.35,20,8.22,-0.4534,0.000261,-14.08,72.77
03-09-2026 13:10,76636.84,527.35,527.35,527.35,527.35,0,15,-0.4712,0.000143,-25.78,73.05
03-09-2026 13:11,76680.61,527.35,527.35,527.35,527.35,1000,8.38,-0.4477,0.000255,-14.33,72.67
03-09-2026 13:12,76662.16,527.35,527.35,527.35,527.35,0,15,-0.4676,0.000143,-25.77,73.02
03-09-2026 13:13,76670.22,527.35,527.35,521,524,340,8.27,-0.4498,0.000259,-14.15,72.71
03-09-2026 13:14,76661.07,525,527,525,527,680,8.25,-0.4521,0.000259,-14.13,72.75
03-09-2026 13:15,76643.27,527,527,527,527,0,15,-0.4703,0.000143,-25.78,73.04
03-09-2026 13:16,76643.37,527,527,527,527,0,15,-0.4703,0.000143,-25.78,73.04
03-09-2026 13:17,76660.33,527,527,527,527,0,15,-0.4678,0.000143,-25.78,73.02
03-09-2026 13:18,76685.26,527,527,509.05,509.05,20,8.16,-0.4453,0.000262,-13.95,72.61
03-09-2026 13:19,76661.38,509.05,509.05,509.05,509.05,0,15,-0.4677,0.000143,-25.78,73.02
03-09-2026 13:20,76664.86,509.05,509.05,509.05,509.05,0,15,-0.4672,0.000143,-25.78,73.01
03-09-2026 13:21,76665.85,509.05,529.1,509.05,529.1,40,8.31,-0.4511,0.000258,-14.24,72.72
03-09-2026 13:22,76644.42,529.1,529.1,527.95,527.95,20,8.16,-0.456,0.000263,-13.99,72.8
03-09-2026 13:23,76652.29,527.95,532.3,527.95,532.3,20,8.27,-0.4544,0.000259,-14.18,72.78
03-09-2026 13:24,76600.46,532.3,545.85,532.3,545.85,80,8.13,-0.4675,0.000265,-13.96,72.95
03-09-2026 13:25,76563.47,545.85,555.2,545.85,555.2,20,8.02,-0.4771,0.000269,-13.78,73.03
03-09-2026 13:26,76594.79,555.2,555.2,550.3,552,200,8.18,-0.4691,0.000263,-14.05,72.97
03-09-2026 13:27,76609.1,552,552.15,546.05,552.15,120,8.27,-0.4657,0.00026,-14.21,72.93
03-09-2026 13:28,76609.25,552.15,552.15,543.2,543.2,20,8.15,-0.4653,0.000264,-14,72.92
03-09-2026 13:29,76591.92,543.2,543.2,541.75,541.75,40,8.02,-0.4695,0.000268,-13.78,72.96
03-09-2026 13:30,76608.9,541.75,541.75,541.75,541.75,0,15,-0.4752,0.000144,-25.79,73.05
03-09-2026 13:31,76637.87,541.75,541.75,541.75,541.75,0,15,-0.4711,0.000144,-25.79,73.03
03-09-2026 13:32,76627.39,541.75,541.75,540.75,540.75,40,8.23,-0.4608,0.000261,-14.13,72.86
03-09-2026 13:33,76658.36,540.75,540.75,520.05,522.6,40,8.18,-0.4524,0.000262,-14.01,72.73
03-09-2026 13:34,76671.69,522.6,522.6,509.75,517,360,8.18,-0.449,0.000261,-14.01,72.66
03-09-2026 13:35,76669.84,517,520,517,520,400,8.21,-0.4496,0.000261,-14.06,72.68
03-09-2026 13:36,76657.03,520,520,511.3,511.3,20,8.02,-0.452,0.000267,-13.73,72.71
03-09-2026 13:37,76615.18,523.7,527.5,523.25,525.25,100,7.94,-0.463,0.000271,-13.64,72.88
03-09-2026 13:38,76642.25,525.25,533.45,525.25,533.45,20,8.23,-0.4569,0.000261,-14.11,72.8
03-09-2026 13:39,76602.07,533.45,543.9,533.45,543.9,360,8.12,-0.467,0.000265,-13.94,72.93
03-09-2026 13:40,76569.21,543.9,546.85,543.9,546.85,1660,7.94,-0.4755,0.000271,-13.66,73
03-09-2026 13:41,76601.24,546.85,547.5,540,547.5,1080,8.16,-0.4674,0.000264,-14.02,72.93
03-09-2026 13:42,76593.33,547.5,547.5,547.5,547.5,0,15,-0.4775,0.000144,-25.8,73.04
03-09-2026 13:43,76596.69,547.5,547.5,547,547,260,8.12,-0.4685,0.000265,-13.96,72.94
03-09-2026 13:44,76587.82,547,547,543,543,380,8.01,-0.4706,0.000269,-13.77,72.96
03-09-2026 13:45,76575.3,543,554.95,543,554.95,160,8.1,-0.4741,0.000266,-13.92,72.98
03-09-2026 13:46,76569.9,555,556.3,551.9,556.3,140,8.08,-0.4755,0.000267,-13.89,72.99
03-09-2026 13:47,76555.71,554.2,561.9,554.2,561.9,340,8.06,-0.4793,0.000268,-13.87,73.01
03-09-2026 13:48,76574.01,561.9,561.9,553.35,554,40,8.07,-0.4744,0.000267,-13.88,72.98
03-09-2026 13:49,76602.96,554,554,534.3,534.3,20,7.99,-0.4664,0.000269,-13.73,72.91
03-09-2026 13:50,76600.02,534.3,534.3,534.3,534.3,0,15,-0.4765,0.000144,-25.8,73.03
03-09-2026 13:51,76603.76,534.3,534.3,534.3,534.3,0,15,-0.476,0.000144,-25.8,73.02
03-09-2026 13:52,76596.75,534.3,544.8,533.45,544.8,240,8.1,-0.4684,0.000266,-13.91,72.93
03-09-2026 13:53,76577.28,548.75,554.15,543.75,543.75,140,7.96,-0.4733,0.000271,-13.68,72.97
03-09-2026 13:54,76589.39,543.75,543.75,543.7,543.7,20,8.03,-0.4702,0.000268,-13.81,72.94
03-09-2026 13:55,76557.83,543.75,548.9,543.75,547.3,100,7.88,-0.4784,0.000274,-13.55,73
03-09-2026 13:56,76581.63,547.3,547.3,546.1,546.1,20,8.02,-0.4722,0.000269,-13.78,72.96
03-09-2026 13:57,76614.55,546.1,546.1,546.1,546.1,0,15,-0.4744,0.000144,-25.8,73.01
03-09-2026 13:58,76633.06,546.1,546.1,530,530,20,8.13,-0.4589,0.000264,-13.95,72.8
03-09-2026 13:59,76621.9,530,530,530,530,0,15,-0.4734,0.000144,-25.8,73
03-09-2026 14:00,76627.28,530,530,530,530,0,15,-0.4726,0.000144,-25.8,73
03-09-2026 14:01,76589.55,530,535.5,530,535.5,100,7.92,-0.4699,0.000272,-13.62,72.93
03-09-2026 14:02,76576.34,535.5,537,535.5,537,40,7.86,-0.4733,0.000274,-13.51,72.96
03-09-2026 14:03,76624.51,537,537,532.2,532.2,40,8.1,-0.461,0.000265,-13.91,72.83
03-09-2026 14:04,76591.64,532.2,532.2,522.05,528.2,200,7.84,-0.4691,0.000275,-13.47,72.92
03-09-2026 14:05,76615.22,523,523.35,522.95,523.35,340,7.92,-0.4629,0.000271,-13.61,72.85
03-09-2026 14:06,76591.35,523.35,523.35,523.35,523.35,0,15,-0.4777,0.000144,-25.81,73.01
03-09-2026 14:07,76580.68,523.35,523.35,523.35,523.35,0,15,-0.4793,0.000144,-25.81,73.01
03-09-2026 14:08,76602,527.9,531.9,527.9,531.9,140,7.96,-0.4666,0.000271,-13.67,72.89
03-09-2026 14:09,76595.61,531.9,531.9,531.9,531.9,0,15,-0.4771,0.000144,-25.81,73.01
03-09-2026 14:10,76603.22,531.9,531.9,531.9,531.9,0,15,-0.476,0.000144,-25.81,73
03-09-2026 14:11,76597.43,531.9,536.95,531.9,536.95,20,8,-0.4679,0.000269,-13.74,72.9
03-09-2026 14:12,76601.14,536.95,536.95,536.95,536.95,0,15,-0.4763,0.000144,-25.81,73
03-09-2026 14:13,76603.76,536.95,536.95,536.95,536.95,0,15,-0.476,0.000144,-25.81,73
03-09-2026 14:14,76602.32,536.95,539.55,530.3,530.3,320,7.94,-0.4664,0.000271,-13.64,72.88
03-09-2026 14:15,76585.77,530.3,543.8,530.3,543.8,140,8.01,-0.4711,0.000269,-13.78,72.92
03-09-2026 14:16,76594.35,543.8,545.85,539.4,539.4,480,8.01,-0.4688,0.000269,-13.77,72.9
03-09-2026 14:17,76609.08,539.4,539.4,539.4,539.4,0,15,-0.4752,0.000144,-25.81,72.99
03-09-2026 14:18,76600.52,539.4,539.4,536.05,536.05,60,8,-0.4671,0.000269,-13.76,72.88
03-09-2026 14:19,76603.7,536.05,536.05,527.3,527.3,20,7.9,-0.466,0.000272,-13.58,72.87
03-09-2026 14:20,76634.24,527.3,527.3,527.3,527.3,0,15,-0.4716,0.000144,-25.81,72.97
03-09-2026 14:21,76608.43,527.3,535.9,527.3,535.9,360,8.05,-0.4651,0.000267,-13.84,72.86
03-09-2026 14:22,76580.28,535.9,535.9,535.9,535.9,0,15,-0.4793,0.000144,-25.82,73
03-09-2026 14:23,76608.52,535.9,535.9,535.9,535.9,0,15,-0.4753,0.000144,-25.82,72.98
03-09-2026 14:24,76595.6,535.9,535.9,535.9,535.9,0,15,-0.4771,0.000144,-25.82,72.99
03-09-2026 14:25,76613.9,535.9,538.7,535.9,538.7,100,8.13,-0.4639,0.000265,-13.96,72.84
03-09-2026 14:26,76619.35,538.7,538.7,538.7,538.7,0,15,-0.4737,0.000144,-25.82,72.97
03-09-2026 14:27,76600.54,538.7,538.7,538.7,538.7,0,15,-0.4764,0.000144,-25.82,72.98
03-09-2026 14:28,76657.15,538.7,538.7,518.75,518.75,40,8.13,-0.4525,0.000264,-13.93,72.66
03-09-2026 14:29,76649.88,518.75,518.75,518.75,518.75,0,15,-0.4693,0.000144,-25.81,72.95
03-09-2026 14:30,76628.2,518.75,518.75,518.75,518.75,0,15,-0.4724,0.000144,-25.82,72.96
03-09-2026 14:31,76631.67,518.75,518.75,518.75,518.75,0,15,-0.4719,0.000144,-25.82,72.96
03-09-2026 14:32,76613.94,518.75,523.9,518.75,523.9,20,7.93,-0.4632,0.000272,-13.62,72.82
03-09-2026 14:33,76630.92,523.9,523.9,523.9,523.9,0,15,-0.4721,0.000144,-25.82,72.96
03-09-2026 14:34,76622.83,523.9,523.9,523.9,523.9,0,15,-0.4732,0.000144,-25.82,72.96
03-09-2026 14:35,76604.27,523.9,523.9,521.65,521.65,20,7.83,-0.4656,0.000275,-13.46,72.84
03-09-2026 14:36,76597.48,521.65,521.65,521.65,521.65,0,15,-0.4769,0.000144,-25.82,72.97
03-09-2026 14:37,76588.97,521.65,521.65,521.65,521.65,0,15,-0.4781,0.000144,-25.82,72.98
03-09-2026 14:38,76579.93,521.65,521.65,521.65,521.65,0,15,-0.4794,0.000144,-25.82,72.98
03-09-2026 14:39,76619.52,521.65,521.65,521.65,521.65,0,15,-0.4737,0.000144,-25.82,72.96
03-09-2026 14:40,76574.49,521.65,543.1,521.65,543.1,40,7.94,-0.474,0.000272,-13.65,72.92
03-09-2026 14:41,76578.48,543.1,543.25,540.05,540.15,160,7.92,-0.4729,0.000272,-13.63,72.91
03-09-2026 14:42,76575.53,538.15,538.15,538.15,538.15,20,7.87,-0.4736,0.000274,-13.55,72.91
03-09-2026 14:43,76566.2,538.15,538.15,538.15,538.15,0,15,-0.4814,0.000144,-25.83,72.98
03-09-2026 14:44,76584.56,538.15,538.15,538.15,538.15,0,15,-0.4787,0.000144,-25.83,72.97
03-09-2026 14:45,76595.77,538.15,538.15,538.15,538.15,0,15,-0.4771,0.000144,-25.83,72.96
03-09-2026 14:46,76566.13,538.15,538.15,538.15,538.15,0,15,-0.4814,0.000144,-25.83,72.97
03-09-2026 14:47,76573.98,538.15,544.95,538.15,544.95,320,7.96,-0.4742,0.000271,-13.69,72.91
03-09-2026 14:48,76586.87,544.95,544.95,540,540,100,7.97,-0.4707,0.00027,-13.72,72.88
03-09-2026 14:49,76593.35,540,540,540,540,0,15,-0.4775,0.000144,-25.83,72.96
03-09-2026 14:50,76599.4,540,540,540,540,0,15,-0.4766,0.000144,-25.83,72.96
03-09-2026 14:51,76584.98,540,540,540,540,0,15,-0.4787,0.000144,-25.83,72.96
03-09-2026 14:52,76584.2,540,540,537.25,538.6,60,7.94,-0.4713,0.000272,-13.66,72.88
03-09-2026 14:53,76575.6,538.6,538.6,538.6,538.6,0,15,-0.48,0.000144,-25.83,72.96
03-09-2026 14:54,76590.56,538.6,538.6,538.6,538.6,0,15,-0.4779,0.000144,-25.83,72.96
03-09-2026 14:55,76564.62,538.6,545,538.6,545,400,7.9,-0.4766,0.000273,-13.6,72.92
03-09-2026 14:56,76534.94,545,558.05,543.45,553.95,760,7.83,-0.4847,0.000276,-13.48,72.95
03-09-2026 14:57,76559.27,553.95,553.95,548.2,548.2,40,7.91,-0.4781,0.000273,-13.61,72.92
03-09-2026 14:58,76540.98,548.2,560.55,548.2,560.55,20,7.96,-0.4831,0.000272,-13.7,72.95
03-09-2026 14:59,76558.15,560.55,560.55,560.55,560.55,0,15,-0.4825,0.000144,-25.83,72.96
03-09-2026 15:00,76530.87,560.55,562.2,560.55,562.2,20,7.91,-0.4858,0.000273,-13.63,72.95
03-09-2026 15:01,76563.02,559.8,561.2,553.65,553.65,160,8.01,-0.4772,0.00027,-13.79,72.91
03-09-2026 15:02,76536.68,553.65,553.65,553.65,553.65,0,15,-0.4856,0.000144,-25.83,72.95
03-09-2026 15:03,76529.57,553.65,556.9,553.65,556.9,60,7.83,-0.4862,0.000276,-13.49,72.95
03-09-2026 15:04,76514.82,556.9,560,556.9,560,20,7.78,-0.4902,0.000278,-13.39,72.95
03-09-2026 15:05,76506.48,560,575.5,560,575.5,220,7.93,-0.4925,0.000273,-13.66,72.95
03-09-2026 15:06,76493.19,575.5,575.5,566.1,566.1,20,7.71,-0.4963,0.000281,-13.28,72.94
03-09-2026 15:07,76474.8,566.1,566.1,566.1,566.1,0,15,-0.4945,0.000144,-25.82,72.92
03-09-2026 15:08,76496.39,566.1,583.55,566.1,571.1,220,7.8,-0.4953,0.000277,-13.44,72.94
03-09-2026 15:09,76492.95,571.1,571.1,571.1,571.1,0,15,-0.4919,0.000144,-25.83,72.93
03-09-2026 15:10,76537.17,571.1,571.1,571.1,571.1,0,15,-0.4855,0.000144,-25.84,72.94
03-09-2026 15:11,76516.23,571.1,571.1,571.1,571.1,0,15,-0.4886,0.000144,-25.83,72.94
03-09-2026 15:12,76507.45,571.1,571.1,559.35,559.35,120,7.72,-0.4923,0.00028,-13.29,72.94
03-09-2026 15:13,76553.82,559.35,559.35,559.35,559.35,0,15,-0.4831,0.000144,-25.84,72.94
03-09-2026 15:14,76554.2,559.35,559.35,538.75,552.25,400,7.93,-0.4795,0.000272,-13.66,72.91
03-09-2026 15:15,76554.2,551.55,554.1,549.8,551.95,420,7.93,-0.4795,0.000273,-13.66,72.91
03-09-2026 15:16,76554.2,551.95,551.95,551.05,551.05,40,7.92,-0.4795,0.000273,-13.63,72.91
03-09-2026 15:17,76554.2,551.05,551.05,551.05,551.05,0,15,-0.4831,0.000144,-25.84,72.94
03-09-2026 15:18,76554.2,551.05,551.05,551.05,551.05,0,15,-0.4831,0.000144,-25.84,72.93
03-09-2026 15:19,76554.2,551.05,551.05,549.4,549.4,40,7.89,-0.4794,0.000274,-13.6,72.9
03-09-2026 15:20,76554.2,543.6,552.6,543.6,552.6,220,7.94,-0.4795,0.000272,-13.67,72.9
03-09-2026 15:21,76554.2,552.6,578.8,552.6,578.8,420,8.3,-0.48,0.000261,-14.29,72.91
03-09-2026 15:22,76554.2,565,570.1,565,570.1,220,8.18,-0.4798,0.000264,-14.09,72.9
03-09-2026 15:23,76554.2,569.8,569.8,565,566.25,460,8.13,-0.4798,0.000266,-14,72.9
03-09-2026 15:24,76554.2,566.25,570.15,566,570.15,400,8.18,-0.4798,0.000264,-14.09,72.9
03-09-2026 15:25,76554.2,570.15,575.35,568.55,573.75,260,8.23,-0.4799,0.000263,-14.18,72.9
03-09-2026 15:26,76554.2,573.75,573.75,573.75,573.75,0,15,-0.4831,0.000144,-25.84,72.92
03-09-2026 15:27,76554.2,578.15,578.15,576.9,576.9,60,8.27,-0.4799,0.000261,-14.25,72.9
03-09-2026 15:28,76152.86,576.9,612.55,576.9,612.55,180,5.73,-0.6245,0.00036,-9.29,68.88
03-09-2026 15:29,76152.86,600.8,611.4,600.8,611.4,160,5.72,-0.6249,0.000361,-9.26,68.86
04-09-2026 09:20,76664.98,515,515.65,515,515.65,260,8.29,-0.4505,0.000264,-14.48,71.27
04-09-2026 09:21,76623.57,515,527.85,515,527.85,520,8.19,-0.4611,0.000268,-14.35,71.43
04-09-2026 09:22,76603.03,527.85,527.85,511.9,517.95,120,7.92,-0.4658,0.000277,-13.88,71.48
04-09-2026 09:23,76609.31,517.95,520.9,517.95,518,40,7.96,-0.4642,0.000276,-13.95,71.47
04-09-2026 09:24,76607.02,518,518,511.05,511.05,60,7.85,-0.4645,0.000279,-13.76,71.47
04-09-2026 09:25,76628.31,511.05,520.35,511.05,515,100,8.05,-0.4593,0.000272,-14.09,71.4
04-09-2026 09:26,76598.22,515,515,515,515,0,15,-0.4767,0.000147,-26.33,71.61
04-09-2026 09:27,76578,515,515,515,515,0,15,-0.4797,0.000147,-26.33,71.62
04-09-2026 09:28,76585.16,515,544.85,515,535.55,80,8.05,-0.4711,0.000273,-14.12,71.53
04-09-2026 09:29,76590.11,535.55,535.55,535.55,535.55,0,15,-0.4779,0.000147,-26.33,71.61
04-09-2026 09:30,76578.69,535.55,535.55,526,530.8,100,7.94,-0.4726,0.000277,-13.93,71.54
04-09-2026 09:31,76560.28,534.75,542.3,534.75,542.3,60,7.98,-0.4778,0.000276,-14.01,71.58
04-09-2026 09:32,76560.12,540.55,540.55,540.1,540.1,40,7.95,-0.4777,0.000277,-13.95,71.58
04-09-2026 09:33,76573.91,540.1,542,540.1,541,100,8.05,-0.4741,0.000273,-14.13,71.55
04-09-2026 09:34,76579.42,541,541,525,525,60,7.87,-0.4722,0.00028,-13.8,71.53
04-09-2026 09:35,76556.27,525,539.55,525,538.55,540,7.9,-0.4787,0.000279,-13.87,71.58
04-09-2026 09:36,76540.24,538.55,538.55,538.55,538.55,0,15,-0.4852,0.000147,-26.33,71.61
04-09-2026 09:37,76552.99,538.55,538.55,538.55,538.55,0,15,-0.4833,0.000147,-26.33,71.61
04-09-2026 09:38,76536.26,538.55,538.55,530.05,530.05,20,7.65,-0.4841,0.000288,-13.43,71.6
04-09-2026 09:39,76549.4,545.5,545.5,545.5,545.5,20,7.95,-0.4807,0.000277,-13.96,71.58
04-09-2026 09:40,76572.71,545.5,545.5,524.7,524.7,80,7.82,-0.474,0.000281,-13.72,71.54
04-09-2026 09:41,76568.5,524.7,531,524.7,531,20,7.88,-0.4753,0.000279,-13.83,71.55
04-09-2026 09:42,76563.36,531,539,531,539,20,7.96,-0.4769,0.000277,-13.97,71.56
04-09-2026 09:43,76570.68,539,541.95,539,541.95,60,8.05,-0.475,0.000273,-14.12,71.55
04-09-2026 09:44,76579.21,541.95,541.95,531.65,539.35,40,8.07,-0.4727,0.000273,-14.15,71.53
04-09-2026 09:45,76625.8,539.35,539.35,525,525,140,8.17,-0.4604,0.000268,-14.32,71.39
04-09-2026 09:46,76629.52,513.3,517,512.65,515.5,380,8.06,-0.459,0.000272,-14.12,71.37
04-09-2026 09:47,76624.56,515.75,521.3,515.75,521.3,60,8.11,-0.4605,0.00027,-14.21,71.39
04-09-2026 09:48,76614.35,521.3,521.3,515.05,515.05,20,7.96,-0.4628,0.000276,-13.95,71.42
04-09-2026 09:49,76628.8,515.05,515.05,515.05,515.05,0,15,-0.4722,0.000147,-26.33,71.56
04-09-2026 09:50,76647.71,515.05,525.4,515.05,525.4,260,8.32,-0.4552,0.000263,-14.56,71.31
04-09-2026 09:51,76669.49,525.4,525.4,510.1,521.55,100,8.4,-0.4499,0.00026,-14.69,71.22
04-09-2026 09:52,76683.34,521.55,521.55,521.55,521.55,0,15,-0.4642,0.000146,-26.32,71.5
04-09-2026 09:53,76700.52,521.55,521.55,496.8,496.8,40,8.25,-0.4409,0.000264,-14.39,71.03
04-09-2026 09:54,76697.61,496.8,496.8,496.8,496.8,0,15,-0.4621,0.000146,-26.31,71.48
04-09-2026 09:55,76712.09,496.8,496.8,483.4,483.4,60,8.13,-0.4371,0.000267,-14.17,70.94
04-09-2026 09:56,76711.53,483.4,483.4,483.4,483.4,0,15,-0.4601,0.000146,-26.31,71.45
04-09-2026 09:57,76705.38,483.4,483.4,483.4,483.4,0,15,-0.461,0.000146,-26.31,71.46
04-09-2026 09:58,76713.59,483.4,489.2,483.4,489.2,160,8.22,-0.4373,0.000264,-14.33,70.94
04-09-2026 09:59,76688.9,489.3,505.2,489.2,505.2,320,8.3,-0.4442,0.000263,-14.48,71.1
04-09-2026 10:00,76709.72,505.2,505.2,490,490,120,8.21,-0.4382,0.000265,-14.31,70.96
04-09-2026 10:01,76725.81,489,497.75,480.1,484,720,8.23,-0.4341,0.000264,-14.32,70.86
04-09-2026 10:02,76718.36,486.7,486.7,480.7,482,180,8.15,-0.4356,0.000267,-14.2,70.89
04-09-2026 10:03,76732.8,482,484.45,480.05,480.05,80,8.21,-0.4321,0.000264,-14.29,70.8
04-09-2026 10:04,76728.49,480.05,480.05,476.8,477.8,120,8.16,-0.4329,0.000266,-14.19,70.82
04-09-2026 10:05,76706.87,486.15,494,484.7,494,220,8.25,-0.4392,0.000264,-14.39,70.98
04-09-2026 10:06,76698.04,491.8,492.35,491.8,492.35,80,8.17,-0.4411,0.000267,-14.26,71.02
04-09-2026 10:07,76688.32,492.35,494.75,492.35,494.75,20,8.15,-0.4435,0.000268,-14.22,71.07
04-09-2026 10:08,76690.8,494.75,494.75,494.3,494.3,20,8.16,-0.4429,0.000267,-14.24,71.06
04-09-2026 10:09,76678.11,494.3,499.2,489.55,499.2,160,8.15,-0.4463,0.000268,-14.23,71.12
04-09-2026 10:10,76665.06,499.2,506.7,492.15,492.15,280,7.96,-0.4488,0.000274,-13.92,71.17
04-09-2026 10:11,76668.31,492.15,492.15,492.15,492.15,0,15,-0.4664,0.000146,-26.33,71.5
04-09-2026 10:12,76663.64,492.15,492.15,492.15,492.15,0,15,-0.4671,0.000146,-26.34,71.5
04-09-2026 10:13,76651.34,492.15,492.15,492.15,492.15,0,15,-0.4689,0.000146,-26.34,71.51
04-09-2026 10:14,76646.37,492.15,514.95,492.15,514.95,60,8.17,-0.4549,0.000268,-14.3,71.27
04-09-2026 10:15,76644.62,514.95,520.6,514.95,520.6,140,8.23,-0.4556,0.000266,-14.42,71.29
04-09-2026 10:16,76662.54,520.6,520.6,492.1,511.6,340,8.22,-0.4508,0.000266,-14.38,71.2
04-09-2026 10:17,76661.67,511.6,511.6,511.6,511.6,0,15,-0.4674,0.000146,-26.34,71.5
04-09-2026 10:18,76675.67,511.6,511.6,511.6,511.6,0,15,-0.4653,0.000146,-26.33,71.48
04-09-2026 10:19,76663.77,511.6,511.6,511.6,511.6,0,15,-0.4671,0.000146,-26.34,71.49
04-09-2026 10:20,76686.38,511.6,511.6,494.95,495.05,80,8.14,-0.444,0.000268,-14.22,71.06
04-09-2026 10:21,76681.96,495.05,496.5,494.25,494.25,40,8.1,-0.445,0.000269,-14.15,71.08
04-09-2026 10:22,76699.03,493.9,493.9,490,490,100,8.15,-0.4407,0.000267,-14.22,70.99
04-09-2026 10:23,76682.24,490.05,490.05,490.05,490.05,20,8.04,-0.4446,0.000271,-14.05,71.07
04-09-2026 10:24,76688.45,490.05,490.05,490.05,490.05,0,15,-0.4635,0.000146,-26.33,71.45
04-09-2026 10:25,76697.53,490.05,490.05,480.25,480.25,60,8,-0.4402,0.000272,-13.96,70.97
04-09-2026 10:26,76701.12,480.25,490.4,480.25,490.4,40,8.17,-0.4402,0.000267,-14.25,70.97
04-09-2026 10:27,76702.13,490.4,490.4,485.25,485.25,60,8.1,-0.4395,0.000269,-14.13,70.95
04-09-2026 10:28,76707.94,485.25,485.25,479.95,481.9,100,8.09,-0.4379,0.000269,-14.11,70.91
04-09-2026 10:29,76718.57,481.9,481.9,471.95,474.15,1260,8.05,-0.4348,0.00027,-14.01,70.83
04-09-2026 10:30,76739.37,477.8,477.8,465,475.4,360,8.19,-0.4302,0.000265,-14.24,70.72
04-09-2026 10:31,76737.69,469.5,474.5,469.35,473.3,380,8.15,-0.4304,0.000266,-14.18,70.72
04-09-2026 10:32,76748.25,473.3,473.3,473.3,473.3,0,15,-0.4547,0.000146,-26.3,71.34
04-09-2026 10:33,76723.15,473.3,477.65,473.3,477.65,20,8.12,-0.4341,0.000267,-14.15,70.81
04-09-2026 10:34,76723.69,477.65,477.65,477.65,477.65,0,15,-0.4583,0.000146,-26.32,71.39
04-09-2026 10:35,76712.85,477.65,477.65,477.65,477.65,0,15,-0.4599,0.000146,-26.33,71.4
04-09-2026 10:36,76699.15,477.65,479.55,477.65,479.55,20,8,-0.4397,0.000272,-13.96,70.95
04-09-2026 10:37,76720.77,479.55,479.55,479.55,479.55,0,15,-0.4587,0.000146,-26.32,71.39
04-09-2026 10:38,76722.87,479.55,479.55,479.55,479.55,0,15,-0.4584,0.000146,-26.32,71.38
04-09-2026 10:39,76724.8,479.55,479.55,479.55,479.55,0,15,-0.4581,0.000146,-26.32,71.38
04-09-2026 10:40,76728.67,479.55,479.55,479.55,479.55,0,15,-0.4576,0.000146,-26.32,71.37
04-09-2026 10:41,76714.05,479.55,480.9,479.55,480.9,20,8.12,-0.4364,0.000268,-14.15,70.86
04-09-2026 10:42,76701.94,480.9,483.75,480.9,483.75,20,8.08,-0.4395,0.00027,-14.1,70.93
04-09-2026 10:43,76708.42,483.75,483.75,483.75,483.75,0,15,-0.4605,0.000146,-26.33,71.4
04-09-2026 10:44,76706.33,483.75,483.75,477.25,477.4,80,8.02,-0.4379,0.000272,-13.98,70.89
04-09-2026 10:45,76704.67,477.4,477.4,477.4,477.4,0,15,-0.4611,0.000146,-26.33,71.4
04-09-2026 10:46,76713.4,477.4,477.4,477.4,477.4,0,15,-0.4598,0.000146,-26.33,71.39
04-09-2026 10:47,76714.77,477.4,477.4,477.4,477.4,0,15,-0.4596,0.000146,-26.33,71.39
04-09-2026 10:48,76719.98,477.4,477.4,477.4,477.4,0,15,-0.4588,0.000146,-26.33,71.38
04-09-2026 10:49,76713.15,477.4,477.4,477.4,477.4,160,8.06,-0.4363,0.00027,-14.05,70.85
04-09-2026 10:50,76704.77,477.4,477.4,477.4,477.4,0,15,-0.4611,0.000146,-26.34,71.4
04-09-2026 10:51,76711.65,477.4,477.4,477.4,477.4,0,15,-0.4601,0.000146,-26.33,71.39
04-09-2026 10:52,76709.2,477.4,477.4,477.4,477.4,0,15,-0.4604,0.000146,-26.33,71.39
04-09-2026 10:53,76714.42,477.4,477.4,475.4,475.4,60,8.04,-0.4358,0.000271,-14.02,70.83
04-09-2026 10:54,76726.08,475.4,475.4,475,475,20,8.11,-0.4331,0.000268,-14.12,70.76
04-09-2026 10:55,76738.17,475,475,475,475,0,15,-0.4562,0.000146,-26.32,71.34
04-09-2026 10:56,76733.28,475,476.85,475,476.85,40,8.18,-0.4317,0.000266,-14.24,70.73
04-09-2026 10:57,76735.07,476.85,476.85,476.85,476.85,0,15,-0.4566,0.000146,-26.32,71.34
04-09-2026 10:58,76728.48,476.85,476.85,476.85,476.85,0,15,-0.4576,0.000146,-26.33,71.35
04-09-2026 10:59,76752.78,476.85,476.85,476.85,476.85,20,8.3,-0.4274,0.000261,-14.42,70.61
04-09-2026 11:00,76761.89,476.85,476.85,462.4,462.4,140,8.15,-0.4239,0.000265,-14.14,70.5
04-09-2026 11:01,76758.75,462.4,474.35,462.4,471.95,100,8.26,-0.4256,0.000262,-14.35,70.55
04-09-2026 11:02,76747.58,471.95,474.45,471.95,474.45,40,8.23,-0.4283,0.000263,-14.31,70.63
04-09-2026 11:03,76737.31,475,475,475,475,840,8.18,-0.4306,0.000265,-14.23,70.69
04-09-2026 11:04,76747.39,475,475,475,475,100,8.24,-0.4284,0.000263,-14.33,70.63
04-09-2026 11:05,76745.74,475,475,475,475,60,8.23,-0.4288,0.000264,-14.31,70.63
04-09-2026 11:06,76739.42,475,475,475,475,0,15,-0.456,0.000146,-26.32,71.32
04-09-2026 11:07,76761.64,475,475,475,475,0,15,-0.4528,0.000146,-26.31,71.27
04-09-2026 11:08,76762.94,475,475,475,475,0,15,-0.4526,0.000146,-26.31,71.27
04-09-2026 11:09,76774.84,475,475,467.35,467.35,20,8.3,-0.4217,0.00026,-14.39,70.42
04-09-2026 11:10,76788.98,467.35,467.35,467.35,467.35,0,15,-0.4488,0.000146,-26.29,71.21
04-09-2026 11:11,76782.88,467.35,467.35,464.7,464.7,20,8.31,-0.4197,0.00026,-14.4,70.35
04-09-2026 11:12,76768.67,464.7,464.7,464.7,464.7,0,15,-0.4517,0.000146,-26.31,71.25
04-09-2026 11:13,76754.39,464.7,464.7,464.7,464.7,0,15,-0.4538,0.000146,-26.32,71.28
04-09-2026 11:14,76748.31,464.7,479.95,464.7,479.95,20,8.32,-0.4287,0.000261,-14.47,70.63
04-09-2026 11:15,76745.83,480,480,480,480,220,8.3,-0.4293,0.000261,-14.44,70.64
04-09-2026 11:16,76749.12,480,480,476.35,476.35,20,8.27,-0.4282,0.000262,-14.38,70.61
04-09-2026 11:17,76760.58,482,482,480,480,80,8.39,-0.4261,0.000258,-14.58,70.55
04-09-2026 11:18,76770.13,480,480,480,480,0,15,-0.4515,0.000146,-26.31,71.24
04-09-2026 11:19,76782.85,480,480,480,480,0,15,-0.4497,0.000146,-26.3,71.21
04-09-2026 11:20,76780.49,480,480,480,480,0,15,-0.45,0.000146,-26.3,71.22
04-09-2026 11:21,76803.91,480,480,480,480,0,15,-0.4466,0.000146,-26.28,71.16
04-09-2026 11:22,76819.75,480,480,480,480,0,15,-0.4443,0.000145,-26.27,71.12
04-09-2026 11:23,76825.28,480,480,480,480,0,15,-0.4435,0.000145,-26.27,71.1
04-09-2026 11:24,76812.27,480,480,459.35,461.25,80,8.43,-0.4132,0.000255,-14.58,70.12
04-09-2026 11:25,76822.98,461.25,473.05,461.25,473.05,80,8.67,-0.4126,0.000248,-14.97,70.11
04-09-2026 11:26,76834.04,473.05,473.05,461.25,461.25,20,8.56,-0.4089,0.000251,-14.77,69.97
04-09-2026 11:27,76838.54,461.25,461.25,458.35,458.35,20,8.55,-0.4076,0.000251,-14.73,69.92
04-09-2026 11:28,76822.7,458.35,458.35,458.35,458.35,0,15,-0.4439,0.000145,-26.27,71.1
04-09-2026 11:29,76818.22,458.35,459.2,457.3,457.3,120,8.41,-0.4115,0.000255,-14.53,70.06
04-09-2026 11:30,76815.4,457.3,461.15,457.3,460.6,80,8.44,-0.4125,0.000255,-14.59,70.09
04-09-2026 11:31,76810.99,460.6,460.6,453.95,453.95,60,8.32,-0.4125,0.000258,-14.38,70.09
04-09-2026 11:32,76814.18,453.95,457.35,451.95,451.95,200,8.31,-0.4116,0.000258,-14.36,70.05
04-09-2026 11:33,76828.43,451.95,455.5,447.6,455.5,640,8.45,-0.4092,0.000254,-14.57,69.97
04-09-2026 11:34,76826.73,455.5,455.5,452.55,452.55,120,8.4,-0.4091,0.000256,-14.48,69.96
04-09-2026 11:35,76821.83,452.55,452.55,452.45,452.45,80,8.37,-0.4101,0.000257,-14.44,70
04-09-2026 11:36,76823.34,452.45,454.65,452.45,454.65,80,8.41,-0.4101,0.000255,-14.51,70
04-09-2026 11:37,76809.6,454.65,454.65,451.1,453.7,300,8.31,-0.4128,0.000259,-14.36,70.09
04-09-2026 11:38,76852.2,447.75,450.1,446.85,447.15,500,8.47,-0.4034,0.000252,-14.56,69.74
04-09-2026 11:39,76867.1,441.8,443.05,440.55,443.05,260,8.49,-0.3999,0.000251,-14.58,69.6
04-09-2026 11:40,76861.92,443.05,444.15,441.25,443.85,220,8.48,-0.401,0.000252,-14.56,69.64
04-09-2026 11:41,76849.18,443.85,447.05,443.85,445.55,120,8.43,-0.4037,0.000254,-14.5,69.75
04-09-2026 11:42,76829.52,445.55,452.3,445.55,452.3,80,8.41,-0.4085,0.000255,-14.5,69.93
04-09-2026 11:43,76809.25,452.3,454.3,452.3,454.3,100,8.32,-0.4129,0.000259,-14.38,70.09
04-09-2026 11:44,76798.51,454.3,458.8,454.3,457.7,100,8.31,-0.4156,0.000259,-14.37,70.18
04-09-2026 11:45,76797.6,457.7,457.7,455.25,455.25,60,8.27,-0.4154,0.000261,-14.3,70.17
04-09-2026 11:46,76806.52,455.25,455.25,455.25,455.25,0,15,-0.4462,0.000146,-26.29,71.12
04-09-2026 11:47,76812.89,455.25,455.25,455.25,455.25,0,15,-0.4453,0.000145,-26.29,71.11
04-09-2026 11:48,76807.74,455.25,455.5,455.25,455.5,20,8.33,-0.4134,0.000258,-14.4,70.1
04-09-2026 11:49,76812.76,455.5,455.5,455.5,455.5,0,15,-0.4453,0.000146,-26.29,71.1
04-09-2026 11:50,76828.77,455.5,455.5,448.1,448.1,20,8.35,-0.4081,0.000257,-14.39,69.9
04-09-2026 11:51,76834.62,448.1,448.1,447.45,447.45,120,8.37,-0.4069,0.000256,-14.43,69.86
04-09-2026 11:52,76830.12,447.45,450.55,447.45,450.55,40,8.39,-0.4082,0.000256,-14.47,69.91
04-09-2026 11:53,76817.28,450.55,450.55,450.55,450.55,0,15,-0.4446,0.000145,-26.29,71.09
04-09-2026 11:54,76824.3,450.55,450.55,450.55,450.55,0,15,-0.4436,0.000145,-26.28,71.07
04-09-2026 11:55,76827.92,450.55,450.55,450.55,450.55,0,15,-0.4431,0.000145,-26.28,71.06
04-09-2026 11:56,76817.52,450.55,450.55,450.55,450.55,0,15,-0.4446,0.000145,-26.29,71.08
04-09-2026 11:57,76819.49,450.55,450.55,450.55,450.55,0,15,-0.4443,0.000145,-26.29,71.08
04-09-2026 11:58,76808.34,450.55,450.55,450.55,450.55,0,15,-0.4459,0.000146,-26.3,71.1
04-09-2026 11:59,76792.77,450.55,463.05,450.55,463.05,20,8.35,-0.4174,0.000258,-14.47,70.22
04-09-2026 12:00,76784.36,463.05,463.05,463.05,463.05,0,15,-0.4494,0.000146,-26.32,71.16
04-09-2026 12:01,76774.05,463.05,475,463.05,475,20,8.41,-0.4227,0.000257,-14.6,70.39
04-09-2026 12:02,76768.45,475,475,475,475,0,15,-0.4517,0.000146,-26.33,71.19
04-09-2026 12:03,76754.02,475,476.85,475,476.85,40,8.31,-0.4272,0.000261,-14.46,70.52
04-09-2026 12:04,76741.53,476.85,481.2,476.85,481.2,20,8.3,-0.4303,0.000262,-14.46,70.61
04-09-2026 12:05,76741.47,481.2,481.2,481.2,481.2,0,15,-0.4557,0.000146,-26.35,71.24
04-09-2026 12:06,76742.28,481.2,481.2,481.2,481.2,140,8.3,-0.4302,0.000262,-14.47,70.6
04-09-2026 12:07,76740.43,481.65,483.4,481.65,483.4,40,8.32,-0.4308,0.000261,-14.5,70.62
04-09-2026 12:08,76745.26,483.4,483.4,483.4,483.4,0,15,-0.4551,0.000146,-26.35,71.23
04-09-2026 12:09,76766.67,483.4,483.4,483.4,483.4,0,15,-0.452,0.000146,-26.34,71.19
04-09-2026 12:10,76743.63,483.4,483.4,476.8,476.8,20,8.25,-0.4294,0.000263,-14.37,70.58
04-09-2026 12:11,76721.92,476.8,476.8,476.8,476.8,0,15,-0.4585,0.000146,-26.36,71.27
04-09-2026 12:12,76727.38,476.8,476.8,476.8,476.8,0,15,-0.4577,0.000146,-26.36,71.26
04-09-2026 12:13,76718.99,476.8,485,476.8,485,100,8.22,-0.4357,0.000265,-14.34,70.74
04-09-2026 12:14,76727.46,485,485,485,485,0,15,-0.4577,0.000146,-26.36,71.26
04-09-2026 12:15,76716.86,485,485,485,485,0,15,-0.4593,0.000146,-26.37,71.27
04-09-2026 12:16,76705.41,485,496.35,485,492.9,40,8.24,-0.4395,0.000265,-14.41,70.82
04-09-2026 12:17,76711.61,492.9,492.9,486.8,486.8,40,8.2,-0.4375,0.000266,-14.32,70.78
04-09-2026 12:18,76730.05,486.8,486.8,486.8,486.8,0,15,-0.4573,0.000146,-26.36,71.25
04-09-2026 12:19,76717.87,486.8,486.8,486.8,486.8,0,15,-0.4591,0.000146,-26.37,71.27
04-09-2026 12:20,76704.51,486.8,486.8,486.8,486.8,0,15,-0.4611,0.000146,-26.38,71.29
04-09-2026 12:21,76697.8,486.8,486.8,486.8,486.8,0,15,-0.4621,0.000146,-26.38,71.3
04-09-2026 12:22,76703.04,486.8,486.8,486.8,486.8,0,15,-0.4613,0.000146,-26.38,71.29
04-09-2026 12:23,76705.49,486.8,486.8,486.8,486.8,0,15,-0.4609,0.000146,-26.38,71.28
04-09-2026 12:24,76706.96,486.8,486.8,486.8,486.8,0,15,-0.4607,0.000146,-26.38,71.28
04-09-2026 12:25,76696.91,486.8,486.8,486.8,486.8,0,15,-0.4622,0.000147,-26.38,71.29
04-09-2026 12:26,76708.56,486.8,486.8,486.8,486.8,0,15,-0.4605,0.000146,-26.38,71.27
04-09-2026 12:27,76707.81,486.8,486.8,486.8,486.8,0,15,-0.4606,0.000146,-26.38,71.27
04-09-2026 12:28,76726.98,486.8,488.3,486.8,488.3,60,8.31,-0.4342,0.000262,-14.51,70.68
04-09-2026 12:29,76725.77,488.3,488.3,488.3,488.3,0,15,-0.458,0.000146,-26.37,71.24
04-09-2026 12:30,76716.06,488.3,488.3,488.3,488.3,0,15,-0.4594,0.000146,-26.38,71.26
04-09-2026 12:31,76719.84,488.3,490.95,488.3,490.95,20,8.31,-0.4361,0.000262,-14.51,70.73
04-09-2026 12:32,76724.32,490.95,490.95,490.95,490.95,0,15,-0.4582,0.000146,-26.37,71.24
04-09-2026 12:33,76718.19,490.95,490.95,490.95,490.95,0,15,-0.4591,0.000146,-26.38,71.25
04-09-2026 12:34,76715.82,490.95,490.95,490.95,490.95,0,15,-0.4594,0.000146,-26.38,71.25
04-09-2026 12:35,76708.11,490.95,490.95,490.35,490.35,20,8.23,-0.4386,0.000265,-14.38,70.78
04-09-2026 12:36,76692.89,490.35,500,490.35,500,20,8.27,-0.4429,0.000264,-14.47,70.88
04-09-2026 12:37,76689.65,500,500,500,500,200,8.25,-0.4437,0.000265,-14.44,70.89
04-09-2026 12:38,76689.23,500,500,500,500,0,15,-0.4633,0.000147,-26.39,71.29
04-09-2026 12:39,76700.22,500,500,500,500,0,15,-0.4617,0.000147,-26.39,71.27
04-09-2026 12:40,76707.79,500,500,500,500,0,15,-0.4606,0.000146,-26.39,71.26
04-09-2026 12:41,76697.84,500,500,500,500,0,15,-0.462,0.000147,-26.39,71.27
04-09-2026 12:42,76695.58,500,500,500,500,0,15,-0.4624,0.000147,-26.39,71.27
04-09-2026 12:43,76684.65,500,500,500,500,0,15,-0.464,0.000147,-26.4,71.29
04-09-2026 12:44,76682.64,500,500,500,500,0,15,-0.4643,0.000147,-26.4,71.29
04-09-2026 12:45,76683.7,500,500,500,500,0,15,-0.4641,0.000147,-26.4,71.29
04-09-2026 12:46,76678.4,500,500,500,500,0,15,-0.4649,0.000147,-26.4,71.29
04-09-2026 12:47,76676.25,500,500,500,500,0,15,-0.4652,0.000147,-26.4,71.29
04-09-2026 12:48,76685.84,500,500,490.55,490.55,60,8.09,-0.4438,0.00027,-14.17,70.88
04-09-2026 12:49,76691.04,490.55,490.55,490.55,490.55,0,15,-0.463,0.000147,-26.4,71.27
04-09-2026 12:50,76688.98,490.55,490.55,490.55,490.55,0,15,-0.4633,0.000147,-26.4,71.27
04-09-2026 12:51,76696.56,490.55,490.55,490.55,490.55,0,15,-0.4622,0.000147,-26.4,71.26
04-09-2026 12:52,76692.37,490.55,490.55,490.55,490.55,0,15,-0.4628,0.000147,-26.4,71.27
04-09-2026 12:53,76706.33,490.55,490.55,490.55,490.55,0,15,-0.4608,0.000147,-26.39,71.24
04-09-2026 12:54,76699.91,490.55,490.55,487.35,487.35,20,8.14,-0.4402,0.000268,-14.23,70.79
04-09-2026 12:55,76687.53,487.35,487.35,487.35,487.35,0,15,-0.4636,0.000147,-26.4,71.27
04-09-2026 12:56,76682.64,487.35,487.35,487.35,487.35,0,15,-0.4643,0.000147,-26.4,71.28
04-09-2026 12:57,76659.32,487.35,500,487.35,500,120,8.06,-0.4508,0.000272,-14.14,71
04-09-2026 12:58,76655.19,500,500,500,500,0,15,-0.4683,0.000147,-26.41,71.31
04-09-2026 12:59,76665.43,500,500,489.05,489.05,200,7.95,-0.4485,0.000276,-13.93,70.96
04-09-2026 13:00,76688.4,489.05,489.05,489.05,489.05,0,15,-0.4634,0.000147,-26.4,71.26
04-09-2026 13:01,76692.81,489.05,489.05,489.05,489.05,0,15,-0.4628,0.000147,-26.4,71.25
04-09-2026 13:02,76675.27,489.05,489.05,489.05,489.05,0,15,-0.4653,0.000147,-26.41,71.28
04-09-2026 13:03,76681.72,489.05,489.05,487.75,487.75,20,8.03,-0.4445,0.000273,-14.07,70.87
04-09-2026 13:04,76667.67,487.75,491.45,487.75,491.45,20,7.99,-0.4482,0.000274,-14.02,70.95
04-09-2026 13:05,76674.7,491.45,491.45,487.85,487.85,20,7.99,-0.4462,0.000274,-14,70.91
04-09-2026 13:06,76679,487.85,487.85,487.85,487.85,0,15,-0.4648,0.000147,-26.41,71.27
04-09-2026 13:07,76682.35,487.85,487.85,487.85,487.85,0,15,-0.4643,0.000147,-26.41,71.26
04-09-2026 13:08,76689.34,487.85,487.85,487.85,487.85,0,15,-0.4633,0.000147,-26.41,71.25
04-09-2026 13:09,76693.54,487.85,487.85,487.85,487.85,0,15,-0.4627,0.000147,-26.41,71.24
04-09-2026 13:10,76717.05,487.85,487.85,487.85,487.85,0,15,-0.4592,0.000146,-26.39,71.21
04-09-2026 13:11,76711.1,487.85,487.85,487.85,487.85,0,15,-0.4601,0.000147,-26.4,71.22
04-09-2026 13:12,76714.16,487.85,487.85,487.85,487.85,0,15,-0.4596,0.000147,-26.4,71.21
04-09-2026 13:13,76704.26,487.85,487.85,487.85,487.85,0,15,-0.4611,0.000147,-26.4,71.22
04-09-2026 13:14,76699.21,487.85,487.85,487.85,487.85,0,15,-0.4618,0.000147,-26.41,71.23
04-09-2026 13:15,76707.86,487.85,487.85,487.85,487.85,0,15,-0.4606,0.000147,-26.4,71.22
04-09-2026 13:16,76716,487.85,487.85,487.85,487.85,0,15,-0.4594,0.000147,-26.4,71.2
04-09-2026 13:17,76735.32,487.85,487.85,487.85,487.85,0,15,-0.4565,0.000146,-26.39,71.17
04-09-2026 13:18,76721.74,487.85,487.85,487.85,487.85,0,15,-0.4585,0.000146,-26.4,71.19
04-09-2026 13:19,76716.78,487.85,487.85,487.85,487.85,0,15,-0.4593,0.000147,-26.4,71.2
04-09-2026 13:20,76717.21,487.85,487.85,487.85,487.85,0,15,-0.4592,0.000147,-26.4,71.19
04-09-2026 13:21,76716.53,487.85,487.85,487.85,487.85,0,15,-0.4593,0.000147,-26.4,71.19
04-09-2026 13:22,76731.25,487.85,487.85,475.65,475.65,40,8.17,-0.4321,0.000267,-14.26,70.56
04-09-2026 13:23,76721.94,475.65,475.65,475.65,475.65,0,15,-0.4585,0.000146,-26.4,71.18
04-09-2026 13:24,76721.27,475.65,475.65,475.65,475.65,0,15,-0.4586,0.000146,-26.4,71.18
04-09-2026 13:25,76698.87,475.65,475.65,475.65,475.65,0,15,-0.4619,0.000147,-26.41,71.22
04-09-2026 13:26,76704.58,475.65,475.65,475.65,475.65,0,15,-0.461,0.000147,-26.41,71.21
04-09-2026 13:27,76690.85,475.65,475.65,475.65,475.65,0,15,-0.4631,0.000147,-26.42,71.23
04-09-2026 13:28,76684.9,475.65,475.65,475.65,475.65,0,15,-0.4639,0.000147,-26.42,71.23
04-09-2026 13:29,76674.82,475.65,487.85,475.65,487.85,260,7.99,-0.4462,0.000274,-14.01,70.88
04-09-2026 13:30,76679.12,487.85,487.85,487.85,487.85,0,15,-0.4648,0.000147,-26.42,71.24
04-09-2026 13:31,76681.62,487.05,487.85,487,487.85,1100,8.04,-0.4446,0.000272,-14.08,70.84
04-09-2026 13:32,76656.6,487.85,495,487.85,495,260,7.98,-0.4511,0.000275,-14.01,70.97
04-09-2026 13:33,76671.83,495,495,489.75,489.75,120,8,-0.447,0.000274,-14.03,70.89
04-09-2026 13:34,76659.64,489.75,497.95,489.75,497.95,40,8.04,-0.4506,0.000273,-14.11,70.95
04-09-2026 13:35,76674.77,497.95,497.95,497.95,497.95,0,15,-0.4654,0.000147,-26.43,71.24
04-09-2026 13:36,76672.51,497.95,497.95,497.95,497.95,0,15,-0.4657,0.000147,-26.43,71.24
04-09-2026 13:37,76678.18,497.95,497.95,497.95,497.95,0,15,-0.4649,0.000147,-26.42,71.23
04-09-2026 13:38,76678.19,497.95,497.95,497.95,497.95,0,15,-0.4649,0.000147,-26.43,71.23
04-09-2026 13:39,76684.43,497.95,497.95,497.95,497.95,0,15,-0.464,0.000147,-26.42,71.22
04-09-2026 13:40,76692.87,497.95,497.95,497.95,497.95,0,15,-0.4628,0.000147,-26.42,71.21
04-09-2026 13:41,76680.2,497.95,497.95,490,490,20,8.06,-0.4451,0.000272,-14.13,70.84
04-09-2026 13:42,76685.22,490,490,490,490,0,15,-0.4639,0.000147,-26.42,71.22
04-09-2026 13:43,76691.73,490,490,490,490,0,15,-0.4629,0.000147,-26.42,71.2
04-09-2026 13:44,76694,490,490,490,490,0,15,-0.4626,0.000147,-26.42,71.2
04-09-2026 13:45,76700.19,490,490,490,490,0,15,-0.4617,0.000147,-26.42,71.19
04-09-2026 13:46,76702.38,490,490,490,490,0,15,-0.4614,0.000147,-26.42,71.19
04-09-2026 13:47,76716.17,490,490,490,490,0,15,-0.4593,0.000147,-26.41,71.16
04-09-2026 13:48,76705.71,490,490,490,490,0,15,-0.4609,0.000147,-26.42,71.18
04-09-2026 13:49,76707.4,490,490,490,490,0,15,-0.4606,0.000147,-26.42,71.17
04-09-2026 13:50,76699.65,490,490,490,490,0,15,-0.4618,0.000147,-26.42,71.18
04-09-2026 13:51,76674.55,490,490,488,488,60,8,-0.4463,0.000274,-14.02,70.85
04-09-2026 13:52,76680.3,488,488,488,488,0,15,-0.4646,0.000147,-26.43,71.21
04-09-2026 13:53,76683.29,488,488,488,488,0,15,-0.4642,0.000147,-26.43,71.2
04-09-2026 13:54,76684.9,488,488,487,487,80,8.05,-0.4437,0.000272,-14.11,70.79
04-09-2026 13:55,76675.04,487,490,487,490,60,8.03,-0.4463,0.000273,-14.08,70.85
04-09-2026 13:56,76683.21,490,490,490,490,0,15,-0.4642,0.000147,-26.43,71.2
04-09-2026 13:57,76684.31,490,490,490,490,0,15,-0.464,0.000147,-26.43,71.2
04-09-2026 13:58,76668.1,490,490,487,488,60,7.96,-0.4478,0.000276,-13.96,70.87
04-09-2026 13:59,76672.41,488,488,487,487,120,7.97,-0.4467,0.000275,-13.98,70.85
04-09-2026 14:00,76672.31,487,487,487,487,0,15,-0.4658,0.000147,-26.44,71.21
04-09-2026 14:01,76675.48,487,487,487,487,0,15,-0.4653,0.000147,-26.44,71.2
04-09-2026 14:02,76670.62,487,488,487,488,40,7.97,-0.4472,0.000275,-13.99,70.86
04-09-2026 14:03,76674.15,488,488,488,488,0,15,-0.4655,0.000147,-26.44,71.2
04-09-2026 14:04,76683.83,488,488,481.1,481.1,40,7.96,-0.4435,0.000275,-13.95,70.78
04-09-2026 14:05,76687,481.1,481.1,480.4,480.4,20,7.97,-0.4427,0.000275,-13.97,70.76
04-09-2026 14:06,76698.97,480.4,481,480.4,481,20,8.05,-0.4399,0.000272,-14.1,70.7
04-09-2026 14:07,76697.25,481,481,481,481,0,15,-0.4621,0.000147,-26.43,71.17
04-09-2026 14:08,76687.38,481,481,481,481,20,7.98,-0.4426,0.000274,-13.99,70.75
04-09-2026 14:09,76683.07,481,481,481,481,0,15,-0.4642,0.000147,-26.44,71.18
04-09-2026 14:10,76690.31,481,481,480.95,480.95,40,8,-0.4419,0.000274,-14.02,70.74
04-09-2026 14:11,76697.53,480.95,480.95,473.85,473.85,80,7.94,-0.4396,0.000275,-13.91,70.68
04-09-2026 14:12,76702.86,473.85,473.85,473.85,473.85,0,15,-0.4613,0.000147,-26.43,71.15
04-09-2026 14:13,76708.93,473.85,473.85,473.85,473.85,0,15,-0.4604,0.000147,-26.43,71.14
04-09-2026 14:14,76701.08,473.85,473.85,470,470,40,7.91,-0.4384,0.000276,-13.85,70.65
04-09-2026 14:15,76696.02,470,480.2,470,480.2,180,8.02,-0.4405,0.000273,-14.06,70.7
04-09-2026 14:16,76681.46,480.2,488.95,475.7,488.95,180,8.06,-0.4447,0.000272,-14.13,70.79
04-09-2026 14:17,76679.53,488.95,488.95,480,480,140,7.92,-0.4444,0.000277,-13.89,70.78
04-09-2026 14:18,76690.47,480,480,480,480,0,15,-0.4631,0.000147,-26.44,71.16
04-09-2026 14:19,76692.51,480,480,480,480,0,15,-0.4628,0.000147,-26.44,71.16
04-09-2026 14:20,76694.81,480,480,480,480,0,15,-0.4625,0.000147,-26.44,71.16
04-09-2026 14:21,76705.57,475,475,475,475,280,8.01,-0.4378,0.000273,-14.02,70.63
04-09-2026 14:22,76699.53,475,475,475,475,0,15,-0.4618,0.000147,-26.44,71.15
04-09-2026 14:23,76696.3,475,475,475,475,0,15,-0.4622,0.000147,-26.44,71.15
04-09-2026 14:24,76697.4,475,475,475,475,40,7.96,-0.4397,0.000275,-13.94,70.67
04-09-2026 14:25,76716.03,475,475,475,475,0,15,-0.4593,0.000147,-26.43,71.12
04-09-2026 14:26,76721.08,475,475,457.7,457.7,40,7.86,-0.4325,0.000277,-13.74,70.48
04-09-2026 14:27,76726.84,457.7,457.7,457.7,457.7,0,15,-0.4578,0.000147,-26.42,71.1
04-09-2026 14:28,76728.54,457.7,457.7,457.7,457.7,0,15,-0.4575,0.000147,-26.42,71.09
04-09-2026 14:29,76726.37,457.7,457.7,457.7,457.7,0,15,-0.4578,0.000147,-26.43,71.09
04-09-2026 14:30,76734.85,457.7,457.7,457.7,457.7,0,15,-0.4566,0.000147,-26.42,71.08
04-09-2026 14:31,76742.34,457.7,457.7,457.7,457.7,0,15,-0.4555,0.000147,-26.42,71.06
04-09-2026 14:32,76744.45,457.7,457.7,450,450,180,7.9,-0.4263,0.000275,-13.77,70.3
04-09-2026 14:33,76726.93,450,455,450,455,20,7.86,-0.4309,0.000277,-13.73,70.43
04-09-2026 14:34,76727.41,455,455,455,455,0,15,-0.4577,0.000147,-26.43,71.09
04-09-2026 14:35,76721.27,455,455,455,455,0,15,-0.4586,0.000147,-26.43,71.09
04-09-2026 14:36,76716.29,455,455,455,455,0,15,-0.4593,0.000147,-26.43,71.1
04-09-2026 14:37,76697.69,455,463.5,455,463.5,20,7.8,-0.4386,0.00028,-13.66,70.62
04-09-2026 14:38,76679.22,463.5,463.5,463.5,463.5,0,15,-0.4647,0.000147,-26.45,71.15
04-09-2026 14:39,76665.06,463.5,463.5,463.5,463.5,0,15,-0.4668,0.000147,-26.46,71.17
04-09-2026 14:40,76680.35,463.5,463.5,463.5,463.5,0,15,-0.4646,0.000147,-26.45,71.15
04-09-2026 14:41,76677.29,473.85,473.85,471.7,471.7,80,7.79,-0.4443,0.000281,-13.67,70.74
04-09-2026 14:42,76674.64,471.7,471.7,471.7,471.7,0,15,-0.4654,0.000147,-26.46,71.16
04-09-2026 14:43,76668.83,471.7,471.7,471.7,471.7,0,15,-0.4663,0.000147,-26.46,71.16
04-09-2026 14:44,76659.95,471.7,471.7,471.7,471.7,0,15,-0.4676,0.000147,-26.46,71.17
04-09-2026 14:45,76649.66,471.7,490,471.7,490,80,7.87,-0.4525,0.000279,-13.84,70.9
04-09-2026 14:46,76648.99,490,491.5,490,491.5,20,7.89,-0.4527,0.000279,-13.87,70.9
04-09-2026 14:47,76649.15,491.5,491.5,491.5,491.5,0,15,-0.4692,0.000147,-26.47,71.18
04-09-2026 14:48,76659.98,491.5,491.5,491.5,491.5,0,15,-0.4676,0.000147,-26.46,71.17
04-09-2026 14:49,76656.56,491.5,491.5,491.5,491.5,0,15,-0.4681,0.000147,-26.47,71.17
04-09-2026 14:50,76654.11,491.5,491.5,480.1,480.1,20,7.76,-0.4507,0.000283,-13.64,70.86
04-09-2026 14:51,76663.52,480.1,480.1,480.1,480.1,0,15,-0.467,0.000147,-26.46,71.16
04-09-2026 14:52,76659.84,480.1,480.1,480.1,480.1,0,15,-0.4676,0.000147,-26.47,71.16
04-09-2026 14:53,76651,480.1,480.1,480.1,480.1,0,15,-0.4689,0.000147,-26.47,71.17
04-09-2026 14:54,76657.53,480.1,480.1,480.1,480.1,0,15,-0.4679,0.000147,-26.47,71.16
04-09-2026 14:55,76652.03,480.1,480.1,480.1,480.1,0,15,-0.4687,0.000147,-26.47,71.16
04-09-2026 14:56,76651.22,480.1,480.1,480.1,480.1,0,15,-0.4689,0.000147,-26.47,71.16
04-09-2026 14:57,76643.06,480.1,480.1,480.1,480.1,0,15,-0.4701,0.000147,-26.47,71.17
04-09-2026 14:58,76658.62,480.1,480.1,480.1,480.1,0,15,-0.4678,0.000147,-26.47,71.15
04-09-2026 14:59,76650.55,480.1,480.1,480.1,480.1,0,15,-0.469,0.000147,-26.47,71.16
04-09-2026 15:00,76661.99,480.1,480.1,480.1,480.1,0,15,-0.4673,0.000147,-26.47,71.15
04-09-2026 15:01,76648.3,480.1,480.1,480.1,480.1,0,15,-0.4693,0.000147,-26.47,71.16
04-09-2026 15:02,76659.06,480.1,486.9,480.1,486.9,20,7.89,-0.4499,0.000278,-13.87,70.83
04-09-2026 15:03,76651.77,486.9,486.9,486.5,486.5,20,7.84,-0.4517,0.00028,-13.79,70.86
04-09-2026 15:04,76632.87,486.5,486.5,486.5,486.5,0,15,-0.4716,0.000147,-26.48,71.17
04-09-2026 15:05,76646.69,486.5,486.5,486.5,486.5,0,15,-0.4695,0.000147,-26.48,71.16
04-09-2026 15:06,76646.31,486.5,486.5,486.5,486.5,0,15,-0.4696,0.000147,-26.48,71.16
04-09-2026 15:07,76658.14,486.5,486.5,486.5,486.5,0,15,-0.4678,0.000147,-26.47,71.14
04-09-2026 15:08,76649.76,486.5,486.5,486.5,486.5,0,15,-0.4691,0.000147,-26.48,71.15
04-09-2026 15:09,76654.64,486.5,486.5,486.5,486.5,0,15,-0.4683,0.000147,-26.48,71.15
04-09-2026 15:10,76647.77,486.5,486.5,486.5,486.5,0,15,-0.4694,0.000147,-26.48,71.15
04-09-2026 15:11,76646.58,486.5,486.5,486.5,486.5,0,15,-0.4695,0.000147,-26.48,71.15
04-09-2026 15:12,76628.4,486.5,488.3,471.95,471.95,140,7.49,-0.4567,0.000294,-13.18,70.93
04-09-2026 15:13,76659.49,471.95,482.6,471.95,479.25,60,7.79,-0.4493,0.000282,-13.69,70.8
04-09-2026 15:14,76647.91,479.25,480,479.25,480,120,7.73,-0.4522,0.000285,-13.59,70.86
04-09-2026 15:15,76645.88,480,480,480,480,0,15,-0.4696,0.000147,-26.48,71.15
04-09-2026 15:16,76645.88,480,481.75,476.85,481.75,80,7.74,-0.4529,0.000284,-13.61,70.87
04-09-2026 15:17,76645.88,482.35,482.35,482.35,482.35,20,7.75,-0.4529,0.000284,-13.63,70.86
04-09-2026 15:18,76645.88,482.35,482.35,481.05,481.05,20,7.73,-0.4528,0.000285,-13.6,70.86
04-09-2026 15:19,76645.88,481.05,481.05,480,480,20,7.71,-0.4527,0.000285,-13.57,70.86
04-09-2026 15:20,76645.88,480,512.4,480,493.75,800,7.91,-0.4537,0.000278,-13.91,70.88
04-09-2026 15:21,76645.88,493.75,505.4,493.75,505.4,40,8.07,-0.4544,0.000273,-14.21,70.89
04-09-2026 15:22,76645.88,505.4,505.4,491.8,491.8,100,7.88,-0.4535,0.000279,-13.87,70.87
04-09-2026 15:23,76645.88,491.8,491.8,491.8,491.8,0,15,-0.4696,0.000147,-26.49,71.14
04-09-2026 15:24,76645.88,491.8,491.8,491.8,491.8,0,15,-0.4696,0.000147,-26.49,71.14
04-09-2026 15:25,76645.88,491.8,491.8,491.8,491.8,0,15,-0.4696,0.000147,-26.49,71.13
04-09-2026 15:26,76645.88,491.8,491.8,478,478,120,7.69,-0.4526,0.000286,-13.52,70.85
04-09-2026 15:27,76645.88,478,478,473.85,473.85,120,7.63,-0.4523,0.000289,-13.42,70.84
04-09-2026 15:28,76645.88,473.85,481.2,473.85,481.2,20,7.73,-0.4528,0.000285,-13.6,70.85
04-09-2026 15:29,76515.43,481.2,481.2,481.2,481.2,0,15,-0.4889,0.000148,-26.49,71.17
07-09-2026 09:15,76315.48,599.85,600,595.65,595.65,120,7.54,-0.5535,0.000315,-14.17,65.36
07-09-2026 09:16,76339.27,618.4,635,604.95,604.95,1320,7.88,-0.5437,0.000302,-14.87,65.59
07-09-2026 09:17,76351.37,604.95,621.5,603.55,612.1,280,8.09,-0.5388,0.000294,-15.28,65.68
07-09-2026 09:18,76398.67,612.1,612.1,594.45,599.4,160,8.28,-0.5241,0.000288,-15.71,65.93
07-09-2026 09:19,76412.58,594.95,599,594.95,599,160,8.38,-0.5197,0.000285,-15.92,65.98
07-09-2026 09:20,76385.82,599,605,599,599,40,8.17,-0.5283,0.000292,-15.49,65.86
07-09-2026 09:21,76380.22,599,605,599,601.35,60,8.17,-0.5299,0.000292,-15.47,65.84
07-09-2026 09:22,76406.93,601.35,601.35,601.35,601.35,0,15,-0.5068,0.00016,-28.52,66.05
07-09-2026 09:23,76380.88,590.05,594.35,585.3,594.35,120,8.06,-0.5302,0.000296,-15.27,65.83
07-09-2026 09:24,76359.63,594.35,597.5,594.35,597.5,40,7.94,-0.5372,0.0003,-15,65.71
07-09-2026 09:25,76342.71,597.5,601.6,597.5,601.6,20,7.86,-0.5428,0.000303,-14.83,65.59
07-09-2026 09:26,76331.64,601.6,606.9,601.35,606.9,60,7.85,-0.5462,0.000303,-14.79,65.52
07-09-2026 09:27,76312.51,606.9,609.9,606.9,609.9,40,7.74,-0.5529,0.000307,-14.54,65.36
07-09-2026 09:28,76313.31,609.9,617.4,609.9,610.15,60,7.75,-0.5526,0.000307,-14.56,65.36
07-09-2026 09:29,76310.68,610.15,613.9,610.15,613.9,20,7.78,-0.5531,0.000305,-14.63,65.35
07-09-2026 09:30,76333.63,613.9,616.95,605,605,60,7.84,-0.5457,0.000304,-14.78,65.52
07-09-2026 09:31,76318.35,605,605,605,605,140,7.71,-0.5513,0.000308,-14.5,65.39
07-09-2026 09:32,76324.86,605,605,605,605,0,15,-0.5199,0.00016,-28.45,65.89
07-09-2026 09:33,76319.13,605,605.3,605,605.3,20,7.72,-0.551,0.000308,-14.53,65.4
07-09-2026 09:34,76331.73,605.3,615,605.3,606.6,80,7.85,-0.5462,0.000303,-14.79,65.51
07-09-2026 09:35,76322.57,606.6,606.6,603.15,603.15,20,7.72,-0.55,0.000308,-14.53,65.42
07-09-2026 09:36,76341.6,603.15,603.15,598.9,598.9,20,7.81,-0.5435,0.000305,-14.74,65.57
07-09-2026 09:37,76330.95,598.9,602.1,596.4,602.1,100,7.77,-0.547,0.000306,-14.65,65.49
07-09-2026 09:38,76332.4,602.1,602.1,602.1,602.1,0,15,-0.5187,0.00016,-28.46,65.89
07-09-2026 09:39,76331.43,602.1,602.1,602.1,602.1,0,15,-0.5188,0.00016,-28.46,65.89
07-09-2026 09:40,76342.59,602.1,602.1,602.1,602.1,0,15,-0.517,0.00016,-28.47,65.91
07-09-2026 09:41,76333.37,602.1,608.45,602.1,608.45,60,7.89,-0.5454,0.000302,-14.88,65.51
07-09-2026 09:42,76338,608.45,608.45,608.45,608.45,0,15,-0.5178,0.00016,-28.47,65.9
07-09-2026 09:43,76332.9,608.45,608.45,608.45,608.45,0,15,-0.5186,0.00016,-28.46,65.89
07-09-2026 09:44,76321.52,608.45,608.45,608.45,608.45,0,15,-0.5204,0.00016,-28.45,65.86
07-09-2026 09:45,76331.18,608.45,608.45,608.45,608.45,0,15,-0.5189,0.00016,-28.46,65.88
07-09-2026 09:46,76327.43,608.45,608.45,608.45,608.45,0,15,-0.5195,0.00016,-28.46,65.87
07-09-2026 09:47,76315.45,608.45,608.45,605.95,606,40,7.7,-0.5523,0.000308,-14.49,65.35
07-09-2026 09:48,76300.24,606,610,606,610,340,7.64,-0.5575,0.000311,-14.33,65.21
07-09-2026 09:49,76301.24,610,610,610,610,100,7.65,-0.5572,0.00031,-14.35,65.22
07-09-2026 09:50,76287.72,610.25,613.2,610.25,613.2,80,7.58,-0.562,0.000312,-14.19,65.08
07-09-2026 09:51,76298.61,612.4,612.4,612.4,612.4,140,7.66,-0.5579,0.00031,-14.37,65.2
07-09-2026 09:52,76283.52,612.4,615,612.4,615,60,7.57,-0.5634,0.000313,-14.17,65.04
07-09-2026 09:53,76279.8,615,618.5,615,618.5,60,7.59,-0.5643,0.000312,-14.2,65.01
07-09-2026 09:54,76265.14,618.5,631.65,613.3,631.65,420,7.67,-0.5681,0.000308,-14.32,64.89
07-09-2026 09:55,76253.07,631.65,634.9,626.1,634.9,160,7.61,-0.5724,0.00031,-14.18,64.74
07-09-2026 09:56,76276.55,634.95,634.95,619.65,619.65,160,7.58,-0.5654,0.000312,-14.18,64.97
07-09-2026 09:57,76276.72,619.65,624.2,611.85,624.2,280,7.65,-0.5647,0.000309,-14.32,64.99
07-09-2026 09:58,76262.53,624.2,624.2,622.3,622.3,20,7.5,-0.5706,0.000315,-13.99,64.8
07-09-2026 09:59,76255.73,622.3,622.3,622.3,622.3,0,15,-0.5309,0.000159,-28.38,65.67
07-09-2026 10:00,76252.18,622.3,625,622.3,625,20,7.45,-0.5744,0.000316,-13.87,64.67
07-09-2026 10:01,76253.72,625,629,625,629,60,7.53,-0.5731,0.000313,-14.02,64.71
07-09-2026 10:02,76258.99,629,629,629,629,0,15,-0.5304,0.00016,-28.38,65.67
07-09-2026 10:03,76267.3,629,629,629,629,0,15,-0.5291,0.00016,-28.4,65.69
07-09-2026 10:04,76257.95,629,629,629,629,20,7.56,-0.5714,0.000312,-14.1,64.77
07-09-2026 10:05,76249.58,629,629,629,629,0,15,-0.5319,0.000159,-28.37,65.64
07-09-2026 10:06,76250.32,629,634.6,629,634.6,60,7.58,-0.5736,0.000311,-14.12,64.69
07-09-2026 10:07,76252.7,634.6,634.6,634.6,634.6,0,15,-0.5314,0.000159,-28.38,65.65
07-09-2026 10:08,76262.78,634.6,634.6,634.6,634.6,0,15,-0.5298,0.00016,-28.39,65.67
07-09-2026 10:09,76261.66,634.6,634.6,634.6,634.6,0,15,-0.53,0.00016,-28.39,65.67
07-09-2026 10:10,76260.21,634.6,634.6,634.6,634.6,0,15,-0.5302,0.00016,-28.39,65.66
07-09-2026 10:11,76255.08,634.6,634.6,634.6,634.6,0,15,-0.531,0.00016,-28.38,65.65
07-09-2026 10:12,76257.18,634.6,634.6,634.6,634.6,0,15,-0.5307,0.00016,-28.39,65.65
07-09-2026 10:13,76238.74,634.6,634.6,634.6,634.6,0,15,-0.5336,0.000159,-28.36,65.59
07-09-2026 10:14,76216.62,634.85,641.45,634.85,641.45,200,7.39,-0.5865,0.000317,-13.65,64.21
07-09-2026 10:15,76223.13,641.45,641.45,641.45,641.45,20,7.45,-0.5837,0.000315,-13.79,64.32
07-09-2026 10:16,76182.55,640,658.55,640,657.3,160,7.32,-0.5982,0.000318,-13.42,63.72
07-09-2026 10:17,76173.32,657.3,660,643.05,651.65,240,7.14,-0.6038,0.000325,-13.04,63.47
07-09-2026 10:18,76185.76,651.65,651.65,646.55,646.55,60,7.18,-0.5992,0.000324,-13.16,63.68
07-09-2026 10:19,76182.28,648,655,648,655,100,7.28,-0.5988,0.00032,-13.35,63.69
07-09-2026 10:20,76190.11,655,655,655,655,0,15,-0.5414,0.000159,-28.29,65.42
07-09-2026 10:21,76200.92,655,656.35,655,656.35,20,7.48,-0.5903,0.000313,-13.79,64.05
07-09-2026 10:22,76217.51,656.35,656.35,656.35,656.35,0,15,-0.537,0.000159,-28.33,65.51
07-09-2026 10:23,76209.81,656.35,656.35,638,640,80,7.3,-0.5897,0.00032,-13.47,64.07
07-09-2026 10:24,76196.95,640,640,640,640,0,15,-0.5403,0.000159,-28.3,65.44
07-09-2026 10:25,76210.81,640,640.75,640,640.75,20,7.32,-0.5891,0.00032,-13.52,64.09
07-09-2026 10:26,76213.86,640.75,640.75,640.75,640.75,0,15,-0.5376,0.000159,-28.33,65.49
07-09-2026 10:27,76214.82,640.75,640.75,640.75,640.75,0,15,-0.5375,0.000159,-28.33,65.5
07-09-2026 10:28,76199.34,640.75,650.15,640.75,650.15,40,7.37,-0.5923,0.000317,-13.57,63.96
07-09-2026 10:29,76203.35,650.15,650.15,643.4,643.4,20,7.3,-0.5919,0.00032,-13.45,63.97
07-09-2026 10:30,76203.23,643.4,643.4,643.4,643.4,0,15,-0.5393,0.000159,-28.31,65.45
07-09-2026 10:31,76215.73,643.4,643.4,630.1,630.1,40,7.2,-0.5891,0.000325,-13.3,64.09
07-09-2026 10:32,76211.96,630.1,630.1,630.1,630.1,0,15,-0.5379,0.000159,-28.33,65.48
07-09-2026 10:33,76200.59,630.1,638.4,630.1,638.4,40,7.19,-0.5942,0.000324,-13.24,63.88
07-09-2026 10:34,76204.48,638.4,638.4,638.4,638.4,0,15,-0.5391,0.000159,-28.32,65.45
07-09-2026 10:35,76201.69,638.4,638.4,638.4,638.4,0,15,-0.5396,0.000159,-28.31,65.44
07-09-2026 10:36,76203.74,638.4,638.4,638.4,638.4,0,15,-0.5392,0.000159,-28.32,65.45
07-09-2026 10:37,76221.21,638.4,638.4,638.4,638.4,0,15,-0.5365,0.000159,-28.35,65.5
07-09-2026 10:38,76213.98,638.4,638.6,638.4,638.6,20,7.32,-0.5882,0.00032,-13.53,64.11
07-09-2026 10:39,76209.15,638.6,638.6,638.6,638.6,0,15,-0.5384,0.000159,-28.33,65.46
07-09-2026 10:40,76203.26,638.6,638.9,635.3,638.9,60,7.23,-0.5929,0.000323,-13.31,63.92
07-09-2026 10:41,76199.95,638.9,644.9,638.9,644.9,20,7.29,-0.5931,0.00032,-13.43,63.91
07-09-2026 10:42,76207.84,644.9,644.9,644.9,644.9,0,15,-0.5386,0.000159,-28.33,65.45
07-09-2026 10:43,76214.73,644.9,644.9,644.9,644.9,0,15,-0.5375,0.000159,-28.34,65.47
07-09-2026 10:44,76210.47,644.9,644.9,640,640,20,7.31,-0.5894,0.00032,-13.5,64.06
07-09-2026 10:45,76192.7,640,640.65,640,640.65,60,7.16,-0.5973,0.000326,-13.14,63.73
07-09-2026 10:46,76210.78,640.65,640.65,640.65,640.65,0,15,-0.5381,0.000159,-28.34,65.46
07-09-2026 10:47,76205.65,640.65,640.65,640.65,640.65,0,15,-0.539,0.000159,-28.33,65.44
07-09-2026 10:48,76195.63,640.65,640.65,640.65,640.65,0,15,-0.5406,0.000159,-28.31,65.4
07-09-2026 10:49,76180.18,640.65,655.8,640.65,655.8,20,7.28,-0.5996,0.00032,-13.34,63.61
07-09-2026 10:50,76192.64,655.8,655.8,655.8,655.8,0,15,-0.541,0.000159,-28.31,65.39
07-09-2026 10:51,76180.18,655.8,655.8,655.8,655.8,0,15,-0.543,0.000159,-28.29,65.34
07-09-2026 10:52,76185.05,655.8,655.8,655.8,655.8,0,15,-0.5422,0.000159,-28.3,65.36
07-09-2026 10:53,76178.48,655.8,660,655.8,660,40,7.33,-0.5994,0.000318,-13.44,63.61
07-09-2026 10:54,76166.44,660,661.3,660,661.3,40,7.23,-0.6047,0.000321,-13.21,63.38
07-09-2026 10:55,76163.02,661.3,661.3,661.3,661.3,0,15,-0.5458,0.000159,-28.26,65.27
07-09-2026 10:56,76179.46,661.3,661.3,658.5,658.5,20,7.31,-0.5993,0.000318,-13.41,63.62
07-09-2026 10:57,76167.57,658.5,658.9,657.85,658.9,40,7.21,-0.6047,0.000322,-13.16,63.37
07-09-2026 10:58,76162.66,658.9,658.9,658.9,658.9,0,15,-0.5458,0.000159,-28.26,65.26
07-09-2026 10:59,76161.58,658.9,658.9,658.9,658.9,0,15,-0.546,0.000159,-28.26,65.25
07-09-2026 11:00,76146.98,658.9,658.9,658.9,658.9,0,15,-0.5483,0.000159,-28.23,65.19
07-09-2026 11:01,76162.15,658.9,658.9,658.9,658.9,0,15,-0.5459,0.000159,-28.26,65.25
07-09-2026 11:02,76145.59,658.9,658.9,658.9,658.9,0,15,-0.5485,0.000159,-28.23,65.19
07-09-2026 11:03,76137.79,658.9,670,658.9,668.95,120,7.08,-0.6164,0.000325,-12.81,62.79
07-09-2026 11:04,76131.45,673.25,682.85,673.25,682.85,180,7.24,-0.6158,0.000318,-13.11,62.81
07-09-2026 11:05,76134.16,682.85,682.85,679,679,40,7.21,-0.6155,0.000319,-13.05,62.83
07-09-2026 11:06,76121.14,679,682.4,678.95,682.4,40,7.13,-0.6209,0.000321,-12.85,62.54
07-09-2026 11:07,76126.7,682.4,687.75,682.4,687.75,60,7.27,-0.6167,0.000316,-13.15,62.75
07-09-2026 11:08,76113.25,687.75,687.75,687.75,687.75,0,15,-0.5537,0.000159,-28.17,65.04
07-09-2026 11:09,76113.64,687.75,687.75,687.75,687.75,0,15,-0.5536,0.000159,-28.17,65.04
07-09-2026 11:10,76106.25,687.75,687.75,684,684,20,7.01,-0.628,0.000325,-12.55,62.15
07-09-2026 11:11,76106.69,684,698.85,684,698.85,40,7.25,-0.6234,0.000316,-13.04,62.39
07-09-2026 11:12,76110.04,698.85,698.85,676.9,688.8,80,7.12,-0.6246,0.000321,-12.8,62.33
07-09-2026 11:13,76085.71,688.8,695.3,688.8,692.6,220,6.94,-0.636,0.000326,-12.33,61.67
07-09-2026 11:14,76098.61,692.6,692.6,685,685,80,6.95,-0.6316,0.000327,-12.4,61.93
07-09-2026 11:15,76088.11,685,688.95,685,688.95,20,6.9,-0.6359,0.000328,-12.27,61.68
07-09-2026 11:16,76092.23,694.3,694.3,694.3,694.3,20,7.03,-0.6321,0.000323,-12.55,61.9
07-09-2026 11:17,76106.04,694.3,694.3,694.3,694.3,0,15,-0.5549,0.000159,-28.16,64.99
07-09-2026 11:18,76106.88,694.3,696.5,681.4,681.4,240,6.97,-0.6284,0.000327,-12.49,62.11
07-09-2026 11:19,76097.91,681.4,681.4,678.35,678.35,200,6.83,-0.6341,0.000332,-12.17,61.79
07-09-2026 11:20,76116.29,678.35,678.35,678.35,678.35,0,15,-0.5532,0.000159,-28.18,65.03
07-09-2026 11:21,76122.62,678.35,678.35,676.35,676.35,20,7.05,-0.6219,0.000325,-12.7,62.47
07-09-2026 11:22,76128.86,676.35,676.35,676.35,676.35,0,15,-0.5512,0.000159,-28.21,65.09
07-09-2026 11:23,76121.13,676.35,676.35,669.55,669.55,20,6.93,-0.6246,0.00033,-12.45,62.32
07-09-2026 11:24,76109.01,669.55,669.55,669.55,669.55,0,15,-0.5544,0.000159,-28.17,65
07-09-2026 11:25,76097.59,669.55,685.1,669.55,685.1,40,6.94,-0.6321,0.000327,-12.38,61.89
07-09-2026 11:26,76088.03,685.1,685.1,678.3,678.3,40,6.73,-0.6395,0.000335,-11.92,61.45
07-09-2026 11:27,76093.94,678.3,678.3,678.3,678.3,0,15,-0.5568,0.000159,-28.14,64.92
07-09-2026 11:28,76097.29,678.3,678.3,678.3,678.3,0,15,-0.5563,0.000159,-28.15,64.94
07-09-2026 11:29,76086.79,678.3,678.3,678.3,678.3,0,15,-0.5579,0.000159,-28.12,64.89
07-09-2026 11:30,76093.13,678.3,689.15,678.3,689.15,40,6.96,-0.6332,0.000326,-12.41,61.82
07-09-2026 11:31,76085.34,689.15,689.15,689.15,689.15,0,15,-0.5582,0.000159,-28.12,64.88
07-09-2026 11:32,76095.18,689.15,689.15,689.15,689.15,0,15,-0.5566,0.000159,-28.14,64.92
07-09-2026 11:33,76095.17,689.15,689.15,689.15,689.15,0,15,-0.5566,0.000159,-28.14,64.92
07-09-2026 11:34,76094.71,689.15,689.15,689.15,689.15,0,15,-0.5567,0.000159,-28.14,64.92
07-09-2026 11:35,76093.93,689.15,689.15,689.15,689.15,0,15,-0.5568,0.000159,-28.14,64.91
07-09-2026 11:36,76092.42,689.15,689.15,681.9,681.9,140,6.84,-0.6359,0.000331,-12.16,61.66
07-09-2026 11:37,76093.79,681.9,704.75,681.9,693.65,160,7.04,-0.6315,0.000323,-12.57,61.91
07-09-2026 11:38,76084.26,693.65,693.65,693.65,693.65,0,15,-0.5583,0.000159,-28.12,64.86
07-09-2026 11:39,76084.78,693.65,697,693.65,695.85,40,6.99,-0.6355,0.000324,-12.42,61.67
07-09-2026 11:40,76078.53,695.85,695.85,695.85,695.85,0,15,-0.5593,0.000159,-28.11,64.83
07-09-2026 11:41,76079.65,695.85,695.85,695.85,695.85,0,15,-0.5591,0.000159,-28.11,64.83
07-09-2026 11:42,76099.78,695.85,695.85,695.85,695.85,20,7.14,-0.6277,0.00032,-12.79,62.11
07-09-2026 11:43,76097.84,695.85,695.85,695.85,695.85,0,15,-0.5562,0.000159,-28.16,64.92
07-09-2026 11:44,76111.83,695.85,695.85,695.85,695.85,0,15,-0.554,0.000159,-28.19,64.98
07-09-2026 11:45,76110.04,695.85,695.85,695.85,695.85,0,15,-0.5543,0.000159,-28.18,64.97
07-09-2026 11:46,76112.52,695.85,695.85,695.85,695.85,0,15,-0.5539,0.000159,-28.19,64.98
07-09-2026 11:47,76109.65,695.85,695.85,695.85,695.85,0,15,-0.5543,0.000159,-28.18,64.97
07-09-2026 11:48,76100.15,695.85,695.85,695.85,695.85,0,15,-0.5558,0.000159,-28.16,64.92
07-09-2026 11:49,76098.72,695.85,695.85,695.85,695.85,0,15,-0.5561,0.000159,-28.16,64.91
07-09-2026 11:50,76096.39,695.85,695.85,695.85,695.85,0,15,-0.5564,0.000159,-28.16,64.9
07-09-2026 11:51,76087.26,695.85,695.85,695.85,695.85,0,15,-0.5579,0.000159,-28.14,64.86
07-09-2026 11:52,76107.68,695.85,695.85,685,685,20,7.05,-0.6269,0.000324,-12.64,62.15
07-09-2026 11:53,76105.28,685,685,685,685,0,15,-0.555,0.000159,-28.18,64.94
07-09-2026 11:54,76108.57,685,685,685,685,0,15,-0.5545,0.000159,-28.18,64.95
07-09-2026 11:55,76107.97,685,685,685,685,0,15,-0.5546,0.000159,-28.18,64.95
07-09-2026 11:56,76089.12,685,685,685,685,0,15,-0.5576,0.000159,-28.14,64.86
07-09-2026 11:57,76101.82,685,685,685,685,0,15,-0.5556,0.000159,-28.17,64.92
07-09-2026 11:58,76102.37,685,685,685,685,0,15,-0.5555,0.000159,-28.17,64.92
07-09-2026 11:59,76107.2,685,685,678.45,678.45,20,6.94,-0.6292,0.000329,-12.42,62.02
07-09-2026 12:00,76103.78,678.45,678.45,678,678,20,6.89,-0.6311,0.00033,-12.32,61.91
07-09-2026 12:01,76100.28,678,678,678,678,0,15,-0.5558,0.000159,-28.17,64.91
07-09-2026 12:02,76096.44,688.75,688.8,688.75,688.8,40,6.99,-0.6316,0.000325,-12.49,61.87
07-09-2026 12:03,76102.39,688.8,688.8,688.8,688.8,0,15,-0.5555,0.000159,-28.18,64.91
07-09-2026 12:04,76100.74,688.8,690,688.8,690,20,7.06,-0.629,0.000323,-12.64,62.02
07-09-2026 12:05,76085.98,690,690,690,690,0,15,-0.5581,0.000159,-28.14,64.83
07-09-2026 12:06,76099.44,690,690,690,690,0,15,-0.556,0.000159,-28.17,64.9
07-09-2026 12:07,76106.78,690,690,690,690,0,15,-0.5548,0.000159,-28.19,64.93
07-09-2026 12:08,76123.33,690,690,690,690,0,15,-0.5522,0.000159,-28.22,65
07-09-2026 12:09,76133.9,690,690,674.55,674.55,20,7.14,-0.6168,0.000322,-12.94,62.68
07-09-2026 12:10,76113.46,674.55,676.45,674.55,676.45,40,6.97,-0.6265,0.000328,-12.51,62.16
07-09-2026 12:11,76117.71,676.45,676.45,676.45,676.45,0,15,-0.5531,0.000159,-28.21,64.97
07-09-2026 12:12,76124.57,676.45,676.45,676.45,676.45,0,15,-0.552,0.000159,-28.23,65
07-09-2026 12:13,76111.06,676.45,676.45,676.45,676.45,0,15,-0.5541,0.000159,-28.2,64.94
07-09-2026 12:14,76134.16,676.45,676.45,676.45,676.45,0,15,-0.5505,0.000159,-28.25,65.04
07-09-2026 12:15,76125.49,676.45,676.45,676.45,676.45,0,15,-0.5518,0.000159,-28.23,65
07-09-2026 12:16,76117.76,676.45,676.45,663,663,80,6.8,-0.6284,0.000336,-12.18,62.05
07-09-2026 12:17,76109.63,663,663,663,663,0,15,-0.5544,0.000159,-28.2,64.93
07-09-2026 12:18,76099.34,663,680.7,663,680.7,40,6.9,-0.6326,0.00033,-12.31,61.8
07-09-2026 12:19,76082.87,680.7,680.7,680.7,680.7,0,15,-0.5586,0.000159,-28.14,64.8
07-09-2026 12:20,76083.8,680.7,688.6,680.7,683.3,60,6.78,-0.6401,0.000333,-12.01,61.34
07-09-2026 12:21,76072.76,683.3,683.3,683.3,683.3,0,15,-0.5602,0.000159,-28.12,64.75
07-09-2026 12:22,76066.45,683.3,683.3,683.3,683.3,0,15,-0.5612,0.000159,-28.11,64.71
07-09-2026 12:23,76061.18,683.3,694.75,683.3,694.75,20,6.73,-0.6488,0.000333,-11.81,60.79
07-09-2026 12:24,76066.51,694.75,694.75,694.75,694.75,0,15,-0.5612,0.000159,-28.11,64.71
07-09-2026 12:25,76070.29,694.75,694.75,694.75,694.75,0,15,-0.5606,0.000159,-28.12,64.73
07-09-2026 12:26,76068.52,694.75,694.75,694.75,694.75,0,15,-0.5609,0.000159,-28.11,64.72
07-09-2026 12:27,76065.54,694.75,700.45,694.75,696.4,80,6.8,-0.6457,0.00033,-11.98,60.98
07-09-2026 12:28,76053.46,696.4,703,696.4,702.95,140,6.78,-0.6502,0.00033,-11.88,60.69
07-09-2026 12:29,76042.29,702.95,703,702.95,703,60,6.66,-0.6566,0.000333,-11.58,60.25
07-09-2026 12:30,76036.2,703,703,703,703,40,6.59,-0.6602,0.000336,-11.42,60
07-09-2026 12:31,76035.63,703,714.35,703,712.7,420,6.75,-0.6567,0.000329,-11.74,60.23
07-09-2026 12:32,76052.67,719.95,719.95,719.95,719.95,20,7.05,-0.6446,0.000319,-12.43,61.03
07-09-2026 12:33,76052.9,719.95,719.95,698.8,700,120,6.73,-0.6516,0.000332,-11.77,60.59
07-09-2026 12:34,76053.46,700,700,700,700,0,15,-0.5633,0.000159,-28.08,64.63
07-09-2026 12:35,76030.09,700,711.85,700,711.85,80,6.67,-0.6603,0.000331,-11.56,59.98
07-09-2026 12:36,76041.53,711.85,711.85,711.85,711.85,0,15,-0.5652,0.000159,-28.06,64.57
07-09-2026 12:37,76069.57,711.85,711.85,703.6,703.6,40,6.96,-0.641,0.000324,-12.32,61.26
07-09-2026 12:38,76062.02,703.6,703.6,694.95,695.1,60,6.74,-0.6482,0.000332,-11.85,60.81
07-09-2026 12:39,76056.76,695.1,695.1,695.1,695.1,0,15,-0.5628,0.000159,-28.09,64.64
07-09-2026 12:40,76061.8,695.1,696.3,695.1,696,80,6.76,-0.648,0.000332,-11.87,60.82
07-09-2026 12:41,76061.2,696,696,696,696,20,6.75,-0.6483,0.000332,-11.86,60.8
07-09-2026 12:42,76047.53,696,696,696,696,0,15,-0.5643,0.000159,-28.07,64.59
07-09-2026 12:43,76055.97,696,698.7,696,698.4,60,6.73,-0.6504,0.000332,-11.8,60.65
07-09-2026 12:44,76049.8,698.4,698.4,698.4,698.4,0,15,-0.5639,0.000159,-28.08,64.6
07-09-2026 12:45,76041.85,698.4,706.2,695.1,695.1,100,6.53,-0.66,0.000339,-11.31,60
07-09-2026 12:46,76038.58,695.1,698.8,695.1,698.8,60,6.55,-0.6604,0.000338,-11.35,59.97
07-09-2026 12:47,76027.64,698.8,708,698.8,708,140,6.58,-0.6633,0.000335,-11.36,59.75
07-09-2026 12:48,76034.06,708,709.95,708,709.95,20,6.69,-0.6587,0.000331,-11.61,60.08
07-09-2026 12:49,76028.16,709.95,709.95,709.95,709.95,0,15,-0.5674,0.000159,-28.03,64.48
07-09-2026 12:50,76008.11,709.95,720,709.95,720,20,6.57,-0.6703,0.000333,-11.23,59.23
07-09-2026 12:51,75999.9,722.3,722.3,722.3,722.3,20,6.51,-0.6744,0.000334,-11.08,58.92
07-09-2026 12:52,75994.4,717.6,717.6,717.6,717.6,80,6.37,-0.6801,0.000339,-10.75,58.48
07-09-2026 12:53,75996.71,717.6,717.6,717.6,717.6,0,15,-0.5724,0.000158,-27.95,64.3
07-09-2026 12:54,75990.55,717.6,717.6,717.6,717.6,0,15,-0.5733,0.000158,-27.94,64.26
07-09-2026 12:55,75988.03,717.6,717.6,717.6,717.6,0,15,-0.5737,0.000158,-27.93,64.25
07-09-2026 12:56,75991.79,717.6,728,717.6,728,60,6.52,-0.6771,0.000333,-11.05,58.71
07-09-2026 12:57,75990.21,728,728,726,726,40,6.46,-0.679,0.000335,-10.93,58.56
07-09-2026 12:58,75997.68,726,726,718.95,718.95,20,6.43,-0.6774,0.000337,-10.9,58.69
07-09-2026 12:59,76002.03,718.95,724.35,718.95,724.35,100,6.57,-0.6722,0.000332,-11.22,59.08
07-09-2026 13:00,75997.44,724.35,724.35,724.35,724.35,0,15,-0.5723,0.000158,-27.96,64.29
07-09-2026 13:01,75998.85,724.35,724.35,724.35,724.35,0,15,-0.572,0.000158,-27.96,64.3
07-09-2026 13:02,76006.71,724.35,724.35,714.65,716.85,700,6.5,-0.6725,0.000336,-11.09,59.05
07-09-2026 13:03,76002.81,716.85,718.2,716.85,717.2,580,6.46,-0.6749,0.000337,-10.99,58.88
07-09-2026 13:04,76003.33,717.2,718.85,716.55,716.55,400,6.46,-0.6748,0.000337,-10.98,58.88
07-09-2026 13:05,76007.47,716.55,716.55,716.55,716.55,0,15,-0.5707,0.000158,-27.99,64.34
07-09-2026 13:06,76026.01,716.55,716.55,700,700,60,6.43,-0.6677,0.000341,-11.05,59.42
07-09-2026 13:07,76024.57,700,700,697.65,697.65,20,6.38,-0.6696,0.000343,-10.93,59.28
07-09-2026 13:08,76024.64,697.65,697.65,697.65,697.65,0,15,-0.568,0.000159,-28.03,64.43
07-09-2026 13:09,76025.48,697.65,699.9,697.65,699.9,20,6.43,-0.6681,0.000341,-11.03,59.39
07-09-2026 13:10,76024.24,699.9,699.9,699.9,699.9,0,15,-0.568,0.000159,-28.03,64.43
07-09-2026 13:11,76018.7,699.9,705.9,699.9,705.9,20,6.45,-0.6697,0.000339,-11.05,59.26
07-09-2026 13:12,76032.91,705.9,705.9,701.3,701.3,20,6.53,-0.6629,0.000338,-11.29,59.76
07-09-2026 13:13,76030.01,701.3,701.3,701.3,701.3,0,15,-0.5671,0.000159,-28.05,64.46
07-09-2026 13:14,76028.23,701.3,701.3,701.3,701.3,0,15,-0.5674,0.000159,-28.05,64.45
07-09-2026 13:15,76032.34,701.3,701.3,701.3,701.3,0,15,-0.5668,0.000159,-28.06,64.47
07-09-2026 13:16,76025.93,701.3,701.3,701.3,701.3,0,15,-0.5678,0.000159,-28.04,64.43
07-09-2026 13:17,76026.23,701.3,701.3,699.8,699.8,40,6.43,-0.6676,0.000341,-11.05,59.41
07-09-2026 13:18,76023.26,699.8,699.8,699.8,699.8,0,15,-0.5682,0.000159,-28.04,64.41
07-09-2026 13:19,76035.93,699.8,706.15,699.8,706.15,40,6.65,-0.6591,0.000333,-11.54,60.02
07-09-2026 13:20,76038.44,706.15,706.15,706.15,706.15,0,15,-0.5658,0.000159,-28.07,64.49
07-09-2026 13:21,76040.65,706.15,706.15,706.15,706.15,0,15,-0.5654,0.000159,-28.08,64.5
07-09-2026 13:22,76047.87,706.15,706.15,684.7,684.7,100,6.42,-0.6605,0.000345,-11.13,59.92
07-09-2026 13:23,76041.29,684.7,684.7,684.7,684.7,0,15,-0.5653,0.000159,-28.08,64.5
07-09-2026 13:24,76042.95,684.7,690.7,684.7,690.7,20,6.47,-0.6611,0.000342,-11.21,59.88
07-09-2026 13:25,76055.53,690.7,690.7,690.7,690.7,0,15,-0.5631,0.000159,-28.12,64.57
07-09-2026 13:26,76052.7,690.7,690.7,690.7,690.7,0,15,-0.5635,0.000159,-28.11,64.56
07-09-2026 13:27,76049.81,690.7,690.7,690.7,690.7,0,15,-0.564,0.000159,-28.11,64.54
07-09-2026 13:28,76041.93,690.7,690.7,690.7,690.7,0,15,-0.5652,0.000159,-28.09,64.5
07-09-2026 13:29,76035.03,690.7,690.7,690,690,20,6.37,-0.6663,0.000345,-10.96,59.5
07-09-2026 13:30,76030.01,690,690,690,690,0,15,-0.5671,0.000159,-28.06,64.43
07-09-2026 13:31,76036.33,690,690,690,690,0,15,-0.5661,0.000159,-28.08,64.47
07-09-2026 13:32,76021.87,690,697.1,690,696.7,60,6.33,-0.6718,0.000345,-10.83,59.09
07-09-2026 13:33,76024.68,696.7,696.7,696.7,696.7,0,15,-0.568,0.000159,-28.05,64.4
07-09-2026 13:34,76031.21,696.7,696.7,696.7,696.7,0,15,-0.567,0.000159,-28.06,64.43
07-09-2026 13:35,76025.31,696.7,696.7,696.7,696.7,0,15,-0.5679,0.000159,-28.05,64.4
07-09-2026 13:36,76036.13,696.7,696.7,696.7,696.7,0,15,-0.5662,0.000159,-28.08,64.46
07-09-2026 13:37,76055.13,696.7,696.7,696.7,696.7,0,15,-0.5632,0.000159,-28.12,64.56
07-09-2026 13:38,76055.61,696.7,696.7,696.7,696.7,0,15,-0.5631,0.000159,-28.13,64.56
07-09-2026 13:39,76051.42,696.7,696.7,696.7,696.7,0,15,-0.5638,0.000159,-28.12,64.53
07-09-2026 13:40,76045.35,686.35,686.35,686.35,686.35,20,6.42,-0.6614,0.000344,-11.13,59.84
07-09-2026 13:41,76050.91,686.35,686.35,686.35,686.35,0,15,-0.5638,0.000159,-28.12,64.53
07-09-2026 13:42,76046.13,686.35,686.35,686.35,686.35,0,15,-0.5646,0.000159,-28.11,64.5
07-09-2026 13:43,76045.18,686.35,686.35,686.35,686.35,0,15,-0.5648,0.000159,-28.1,64.5
07-09-2026 13:44,76050.36,686.35,686.35,685.85,685.85,40,6.47,-0.6585,0.000343,-11.25,60.04
07-09-2026 13:45,76051.2,685.85,685.85,685.85,685.85,0,15,-0.5638,0.000159,-28.12,64.53
07-09-2026 13:46,76066.85,685.85,685.85,685.85,685.85,0,15,-0.5613,0.000159,-28.16,64.6
07-09-2026 13:47,76066.09,685.85,685.85,685.85,685.85,0,15,-0.5614,0.000159,-28.16,64.6
07-09-2026 13:48,76058.93,685.85,685.85,685.85,685.85,0,15,-0.5626,0.000159,-28.14,64.56
07-09-2026 13:49,76060.93,685.85,685.85,685.85,685.85,0,15,-0.5623,0.000159,-28.14,64.57
07-09-2026 13:50,76064.1,685.85,685.85,685.85,685.85,0,15,-0.5618,0.000159,-28.15,64.58
07-09-2026 13:51,76069.24,685.85,685.85,670,670,100,6.42,-0.6534,0.000348,-11.23,60.39
07-09-2026 13:52,76076.66,670,670,670,670,0,15,-0.5598,0.000159,-28.18,64.64
07-09-2026 13:53,76109.77,670,670,632.35,651.65,300,6.54,-0.6364,0.000347,-11.66,61.47
07-09-2026 13:54,76106.61,651.65,651.65,651.65,651.65,0,15,-0.555,0.000159,-28.25,64.78
07-09-2026 13:55,76105.61,651.65,651.65,651.65,651.65,0,15,-0.5552,0.000159,-28.25,64.78
07-09-2026 13:56,76101.41,651.65,651.65,650,650,20,6.43,-0.6418,0.000351,-11.4,61.14
07-09-2026 13:57,76099.98,650,650,650,650,0,15,-0.5561,0.000159,-28.24,64.75
07-09-2026 13:58,76106.16,650,650,650,650,0,15,-0.5551,0.000159,-28.25,64.78
07-09-2026 13:59,76105.49,650,650,650,650,0,15,-0.5552,0.000159,-28.25,64.77
07-09-2026 14:00,76115.08,650,650,650,650,0,15,-0.5537,0.00016,-28.27,64.81
07-09-2026 14:01,76117.99,650,650,650,650,0,15,-0.5532,0.00016,-28.28,64.83
07-09-2026 14:02,76123.16,650,650,634.75,634.75,200,6.41,-0.6346,0.000355,-11.45,61.57
07-09-2026 14:03,76115.07,634.75,634.75,634.75,634.75,0,15,-0.5537,0.00016,-28.27,64.81
07-09-2026 14:04,76113.46,634.75,644.15,633.7,644.15,100,6.46,-0.6369,0.000351,-11.51,61.43
07-09-2026 14:05,76110.61,644.15,644.15,644.15,644.15,0,15,-0.5544,0.00016,-28.26,64.79
07-09-2026 14:06,76082.53,644.15,648.05,644.15,648.05,20,6.2,-0.654,0.00036,-10.84,60.34
07-09-2026 14:07,76084.04,648.05,648.05,648.05,648.05,0,15,-0.5586,0.000159,-28.21,64.66
07-09-2026 14:08,76070.05,648.05,648.05,648.05,648.05,0,15,-0.5608,0.000159,-28.18,64.59
07-09-2026 14:09,76082.98,648.05,648.05,648.05,648.05,0,15,-0.5588,0.000159,-28.21,64.65
07-09-2026 14:10,76087.96,648.05,648.05,648.05,648.05,0,15,-0.558,0.000159,-28.22,64.67
07-09-2026 14:11,76083.08,648.05,648.05,648.05,648.05,0,15,-0.5588,0.000159,-28.21,64.65
07-09-2026 14:12,76091.58,648.05,648.05,648.05,648.05,0,15,-0.5574,0.000159,-28.23,64.69
07-09-2026 14:13,76086.29,648.05,648.05,648.05,648.05,0,15,-0.5583,0.000159,-28.22,64.66
07-09-2026 14:14,76084.92,648.05,648.05,648.05,648.05,0,15,-0.5585,0.000159,-28.21,64.65
07-09-2026 14:15,76083.91,648.05,648.05,648.05,648.05,0,15,-0.5586,0.000159,-28.21,64.65
07-09-2026 14:16,76086.48,648.05,656.7,648.05,656.7,20,6.38,-0.6482,0.000352,-11.24,60.71
07-09-2026 14:17,76076.96,656.7,656.7,656.7,656.7,0,15,-0.5598,0.000159,-28.2,64.61
07-09-2026 14:18,76082.65,656.7,665.4,656.7,665.4,40,6.49,-0.6472,0.000346,-11.44,60.77
07-09-2026 14:19,76082.49,665.4,665.4,665.4,665.4,0,15,-0.5589,0.000159,-28.21,64.64
07-09-2026 14:20,76092.11,665.4,665.4,665.4,665.4,0,15,-0.5573,0.000159,-28.23,64.68
07-09-2026 14:21,76094.12,665.4,665.4,665.4,665.4,0,15,-0.557,0.000159,-28.24,64.69
07-09-2026 14:22,76089.45,665.4,665.4,665.4,665.4,0,15,-0.5578,0.000159,-28.23,64.67
07-09-2026 14:23,76109.45,665.4,665.4,665.4,665.4,0,15,-0.5546,0.00016,-28.27,64.76
07-09-2026 14:24,76109.61,665.4,665.4,645.7,645.7,20,6.45,-0.6386,0.000351,-11.48,61.3
07-09-2026 14:25,76116.91,645.7,645.7,645.7,645.7,0,15,-0.5534,0.00016,-28.29,64.79
07-09-2026 14:26,76116.78,645.7,645.7,645.7,645.7,0,15,-0.5534,0.00016,-28.29,64.79
07-09-2026 14:27,76118.94,645.7,645.7,645.7,645.7,0,15,-0.5531,0.00016,-28.29,64.8
07-09-2026 14:28,76122.81,645.7,645.7,645.7,645.7,0,15,-0.5525,0.00016,-28.3,64.81
07-09-2026 14:29,76125.83,645.7,645.7,635.85,635.85,20,6.46,-0.6327,0.000353,-11.56,61.65
07-09-2026 14:30,76127.9,635.85,635.85,635.85,635.85,0,15,-0.5516,0.00016,-28.31,64.83
07-09-2026 14:31,76102.69,635.85,635.85,635.85,635.85,0,15,-0.5557,0.00016,-28.26,64.72
07-09-2026 14:32,76098.89,635.85,635.85,635.85,635.85,0,15,-0.5563,0.00016,-28.25,64.7
07-09-2026 14:33,76105.29,635.85,635.85,635.85,635.85,0,15,-0.5553,0.00016,-28.27,64.73
07-09-2026 14:34,76095.5,635.85,663.95,635.85,663.95,40,6.6,-0.6403,0.000343,-11.73,61.18
07-09-2026 14:35,76090.05,663.95,663.95,663.95,663.95,0,15,-0.5577,0.000159,-28.24,64.65
07-09-2026 14:36,76100.97,663.95,663.95,663.95,663.95,0,15,-0.556,0.00016,-28.26,64.7
07-09-2026 14:37,76089,663.95,663.95,663.95,663.95,0,15,-0.5579,0.000159,-28.24,64.64
07-09-2026 14:38,76082.49,663.95,663.95,663.95,663.95,0,15,-0.5589,0.000159,-28.22,64.61
07-09-2026 14:39,76067.82,663.95,674,663.95,674,20,6.47,-0.6527,0.000345,-11.35,60.37
07-09-2026 14:40,76054.11,674,680.7,674,679.25,140,6.41,-0.6589,0.000346,-11.15,59.95
07-09-2026 14:41,76044.22,684.7,686.8,681.55,681.55,140,6.34,-0.6641,0.000348,-10.96,59.58
07-09-2026 14:42,76060.14,681.55,681.55,681.35,681.35,20,6.51,-0.6544,0.000343,-11.39,60.25
07-09-2026 14:43,76052.45,681.35,681.5,681.35,681.5,20,6.43,-0.659,0.000345,-11.19,59.93
07-09-2026 14:44,76050.13,681.55,681.55,681.55,681.55,60,6.41,-0.6604,0.000346,-11.13,59.83
07-09-2026 14:45,76025.53,681.55,681.55,681.55,681.55,0,15,-0.568,0.000159,-28.09,64.31
07-09-2026 14:46,76031.56,681.55,681.55,681.55,681.55,0,15,-0.567,0.000159,-28.11,64.34
07-09-2026 14:47,76023.13,681.55,681.55,681.55,681.55,0,15,-0.5684,0.000159,-28.09,64.29
07-09-2026 14:48,76023.11,681.55,685,681.55,685,20,6.16,-0.6763,0.000353,-10.48,58.66
07-09-2026 14:49,76030.28,685,685,685,685,0,15,-0.5672,0.000159,-28.1,64.33
07-09-2026 14:50,76036.03,685,685,685,685,0,15,-0.5663,0.000159,-28.12,64.36
07-09-2026 14:51,76056.64,685,685,671,671,20,6.3,-0.6607,0.000352,-10.94,59.81
07-09-2026 14:52,76019.38,671,671,671,671,0,15,-0.569,0.000159,-28.08,64.27
07-09-2026 14:53,76006.96,671,671,671,671,0,15,-0.571,0.000159,-28.05,64.19
07-09-2026 14:54,76006.93,671,671,671,671,0,15,-0.571,0.000159,-28.05,64.19
07-09-2026 14:55,76012.11,671,681,671,681,80,5.96,-0.6859,0.00036,-10.01,57.89
07-09-2026 14:56,76017.04,681,681,681,681,0,15,-0.5694,0.000159,-28.08,64.25
07-09-2026 14:57,76011.57,681,681,681,681,0,15,-0.5702,0.000159,-28.06,64.22
07-09-2026 14:58,75993.91,681,681,681,681,0,15,-0.573,0.000159,-28.02,64.11
07-09-2026 14:59,75991.56,681,681,681,681,0,15,-0.5734,0.000159,-28.01,64.1
07-09-2026 15:00,75999.87,681,681,681,681,0,15,-0.5721,0.000159,-28.03,64.15
07-09-2026 15:01,76015.27,681,681,681,681,0,15,-0.5696,0.000159,-28.07,64.23
07-09-2026 15:02,76027.01,681,681,681,681,0,15,-0.5678,0.000159,-28.1,64.29
07-09-2026 15:03,76022.7,681,681,681,681,0,15,-0.5685,0.000159,-28.09,64.27
07-09-2026 15:04,76011.57,681,681,681,681,0,15,-0.5702,0.000159,-28.07,64.21
07-09-2026 15:05,76006.03,681,681,681,681,0,15,-0.5711,0.000159,-28.05,64.17
07-09-2026 15:06,76003.53,681,681,681,681,0,15,-0.5715,0.000159,-28.05,64.16
07-09-2026 15:07,76006.81,681,681,681,681,0,15,-0.571,0.000159,-28.06,64.17
07-09-2026 15:08,75998.31,681,681,667.8,667.8,60,5.56,-0.7037,0.000376,-9.09,56.35
07-09-2026 15:09,75979.69,667.8,667.8,667.8,667.8,0,15,-0.5753,0.000159,-27.98,64.02
07-09-2026 15:10,75996.96,667.8,675.25,667.8,675.25,20,5.68,-0.7004,0.00037,-9.33,56.65
07-09-2026 15:11,75998.66,675.25,675.25,670.35,670.35,60,5.61,-0.7019,0.000374,-9.2,56.51
07-09-2026 15:12,76015.33,670.35,670.35,670.35,670.35,0,15,-0.5697,0.000159,-28.08,64.22
07-09-2026 15:13,76039.02,670.35,670.35,662.6,662.6,60,5.96,-0.6762,0.000365,-10.16,58.65
07-09-2026 15:14,76042.19,662.6,667.35,662.6,667.35,20,6.08,-0.6718,0.00036,-10.42,58.98
07-09-2026 15:15,76051.42,667.35,667.35,667.35,667.35,0,15,-0.5639,0.000159,-28.17,64.41
07-09-2026 15:16,76051.42,667.35,667.35,667.35,667.35,0,15,-0.5639,0.000159,-28.17,64.4
07-09-2026 15:17,76051.42,667.35,675,667.35,675,60,6.31,-0.6624,0.000351,-10.95,59.66
07-09-2026 15:18,76051.42,675,675.65,675,675.65,20,6.33,-0.6621,0.00035,-10.97,59.68
07-09-2026 15:19,76051.42,675.65,699.95,675.65,699.95,260,6.73,-0.6524,0.000333,-11.81,60.33
07-09-2026 15:20,76051.42,689.05,689.05,673.05,673.05,280,6.28,-0.6632,0.000352,-10.88,59.6
07-09-2026 15:21,76051.42,673.05,673.05,673.05,673.05,0,15,-0.5639,0.000159,-28.17,64.4
07-09-2026 15:22,76051.42,673.05,680.15,671.4,678.45,100,6.37,-0.6609,0.000348,-11.07,59.76
07-09-2026 15:23,76051.42,678.45,678.45,671.6,671.6,120,6.26,-0.6638,0.000353,-10.83,59.55
07-09-2026 15:24,76051.42,671.6,671.6,671.6,671.6,0,15,-0.5639,0.000159,-28.18,64.39
07-09-2026 15:25,76051.42,671.6,677.3,671,677.3,100,6.35,-0.6614,0.000349,-11.03,59.72
07-09-2026 15:26,76051.42,677.3,693,677.3,693,160,6.62,-0.6551,0.000337,-11.57,60.15
07-09-2026 15:27,76051.42,681.7,681.7,674.55,674.55,40,6.31,-0.6625,0.000351,-10.94,59.64
07-09-2026 15:28,76132.81,674.55,689.75,674.55,689.75,20,7.4,-0.6133,0.000313,-13.5,62.6
07-09-2026 15:29,76132.81,689.75,689.75,672.85,672.85,20,7.13,-0.6178,0.000324,-12.96,62.38
08-09-2026 09:15,75811.44,750,842.05,750,798.8,840,5.55,-0.7758,0.000334,-7.95,47.46
08-09-2026 09:16,75811.31,820,849.1,817.7,849.1,80,6.56,-0.7388,0.000308,-10.26,51.65
08-09-2026 09:17,75800.36,803.9,825,803.9,825,140,5.92,-0.7648,0.000322,-8.72,48.77
08-09-2026 09:18,75806.64,824.95,824.95,824.95,824.95,20,6.01,-0.7592,0.000321,-8.99,49.42
08-09-2026 09:19,75807.76,825,834.95,825,834.95,60,6.23,-0.7509,0.000316,-9.5,50.35
08-09-2026 09:20,75795.28,834.95,834.95,834.95,834.95,0,15,-0.6071,0.00016,-28,61.24
08-09-2026 09:21,75792.12,834,834,834,834,40,5.97,-0.7654,0.000319,-8.79,48.7
08-09-2026 09:22,75811.36,843.2,843.2,840.4,840.4,80,6.39,-0.7443,0.000312,-9.88,51.05
08-09-2026 09:23,75769.67,840.4,840.4,840.4,840.4,20,5.74,-0.7816,0.000318,-8.1,46.72
08-09-2026 09:24,75753.8,829.2,829.2,829.2,829.2,20,5.21,-0.8096,0.000322,-6.74,42.96
08-09-2026 09:25,75761.17,851.55,851.55,827.6,827.6,60,5.31,-0.8027,0.000324,-7.03,43.93
08-09-2026 09:26,75762.43,848.25,848.25,848.25,848.25,60,5.79,-0.782,0.000315,-8.15,46.66
08-09-2026 09:27,75747.1,829,829,829,829,20,5.08,-0.8181,0.000322,-6.37,41.74
08-09-2026 09:28,75728.23,836.25,836.25,836.25,836.25,40,4.88,-0.834,0.000316,-5.74,39.31
08-09-2026 09:29,75725.97,836.25,836.25,836.25,836.25,0,15,-0.6181,0.000158,-27.74,60.66
08-09-2026 09:30,75723.81,845.25,850.45,845.25,850.45,80,5.14,-0.8228,0.000313,-6.33,41.02
08-09-2026 09:31,75742.16,850.45,850.45,850.45,850.45,0,15,-0.6156,0.000159,-27.8,60.79
08-09-2026 09:32,75725.08,850.45,850.45,850.45,850.45,0,15,-0.6183,0.000158,-27.73,60.64
08-09-2026 09:33,75732.21,850.45,850.45,850.45,850.45,0,15,-0.6172,0.000159,-27.76,60.7
08-09-2026 09:34,75728.48,854.75,854.75,854.75,854.75,20,5.33,-0.8123,0.000313,-6.82,42.56
08-09-2026 09:35,75755.29,854.7,854.7,834.05,842.85,220,5.55,-0.7943,0.000318,-7.54,45.06
08-09-2026 09:36,75762.74,847.9,862.95,839.05,841.35,400,5.65,-0.7878,0.000318,-7.82,45.91
08-09-2026 09:37,75776.12,843.6,855.6,842.25,855.6,280,6.17,-0.7633,0.00031,-9.13,48.91
08-09-2026 09:38,75781.82,834.5,835.4,834.5,835.15,160,5.83,-0.7741,0.000319,-8.4,47.63
08-09-2026 09:39,75779.9,836.25,842.6,836.25,842.6,160,5.96,-0.7699,0.000316,-8.67,48.14
08-09-2026 09:40,75762.19,840.75,840.75,840.75,840.75,20,5.62,-0.7889,0.000318,-7.77,45.76
08-09-2026 09:41,75774.8,839.8,839.8,839.25,839.25,60,5.81,-0.7775,0.000318,-8.28,47.21
08-09-2026 09:42,75746.74,834,847.95,834,847.95,120,5.52,-0.7985,0.000316,-7.4,44.48
08-09-2026 09:43,75742.65,847.95,847.95,847.95,847.95,0,15,-0.6155,0.000159,-27.81,60.78
08-09-2026 09:44,75739.72,853.05,853.05,853.05,853.05,20,5.5,-0.8012,0.000314,-7.31,44.1
08-09-2026 09:45,75751.08,854.55,854.55,854.55,854.55,40,5.74,-0.7878,0.000313,-7.94,45.88
08-09-2026 09:46,75767.12,854.55,854.55,854.55,854.55,0,15,-0.6117,0.000159,-27.91,60.98
08-09-2026 09:47,75769.81,845.45,845.45,845.45,845.45,20,5.86,-0.7771,0.000316,-8.36,47.25
08-09-2026 09:48,75773.09,844.4,850.2,844.3,850.2,140,6.01,-0.7701,0.000313,-8.74,48.09
08-09-2026 09:49,75790.54,837.45,837.45,837.45,837.45,20,6.02,-0.7641,0.000317,-8.9,48.81
08-09-2026 09:50,75795.68,827.55,834.65,827.55,834.65,80,6.05,-0.7617,0.000318,-8.99,49.1
08-09-2026 09:51,75776.01,831.05,837.1,831.05,837.05,60,5.78,-0.7782,0.000319,-8.23,47.12
08-09-2026 09:52,75759.1,838.35,839.05,838.35,839.05,60,5.53,-0.7938,0.000319,-7.53,45.11
08-09-2026 09:53,75759.25,839.05,839.05,839.05,839.05,0,15,-0.6129,0.000159,-27.88,60.9
08-09-2026 09:54,75754.25,844.25,848.55,844.25,848.55,200,5.66,-0.79,0.000316,-7.79,45.59
08-09-2026 09:55,75745.02,847.15,854.75,847.15,853.2,360,5.6,-0.7953,0.000314,-7.59,44.9
08-09-2026 09:56,75741.89,853.5,853.75,850.95,850.95,180,5.5,-0.8009,0.000315,-7.31,44.14
08-09-2026 09:57,75744.73,854.4,854.4,852.95,852.95,60,5.59,-0.7958,0.000314,-7.57,44.82
08-09-2026 09:58,75732.48,858.85,861.85,858.85,861.85,60,5.57,-0.8006,0.000311,-7.42,44.18
08-09-2026 09:59,75729.74,861.95,872.25,861.95,862.1,60,5.53,-0.8033,0.000311,-7.3,43.79
08-09-2026 10:00,75743.6,862.1,862.1,862.1,862.1,0,15,-0.6154,0.000159,-27.82,60.76
08-09-2026 10:01,75738.84,850.05,860.6,850.05,859.45,80,5.63,-0.7959,0.000312,-7.62,44.8
08-09-2026 10:02,75725.52,860.25,865.85,860.25,865.85,160,5.54,-0.8043,0.000309,-7.29,43.66
08-09-2026 10:03,75706.65,866.4,875.25,865.8,874.75,1260,5.39,-0.8167,0.000305,-6.79,41.88
08-09-2026 10:04,75705.92,865.05,874.5,865.05,874.5,60,5.37,-0.8178,0.000305,-6.74,41.72
08-09-2026 10:05,75706.88,878.1,878.15,878.1,878.15,40,5.47,-0.8128,0.000304,-6.99,42.44
08-09-2026 10:06,75714.87,865,865,865,865,20,5.31,-0.8175,0.000308,-6.68,41.78
08-09-2026 10:07,75754.85,865,865,865,865,0,15,-0.6137,0.000159,-27.87,60.84
08-09-2026 10:08,75766.17,844.8,844.8,844.8,844.8,20,5.78,-0.7812,0.000317,-8.17,46.71
08-09-2026 10:09,75768.44,836.6,836.6,836.6,836.6,20,5.65,-0.7862,0.00032,-7.86,46.08
08-09-2026 10:10,75770.52,838.5,840.25,838.5,840.25,80,5.76,-0.7809,0.000318,-8.15,46.76
08-09-2026 10:11,75769.5,841.1,841.1,841.1,841.1,20,5.76,-0.7811,0.000318,-8.14,46.72
08-09-2026 10:12,75785.18,839.4,839.4,839.4,839.4,20,5.98,-0.7675,0.000317,-8.76,48.39
08-09-2026 10:13,75824.82,811.65,813.55,806.35,813.55,100,6.07,-0.7515,0.000324,-9.25,50.23
08-09-2026 10:14,75841.41,814.4,815.6,800,800,120,6.04,-0.7471,0.000328,-9.3,50.73
08-09-2026 10:15,75846.23,782.6,794.1,782.6,794.1,40,6,-0.7471,0.000331,-9.23,50.72
08-09-2026 10:16,75842.64,800.3,804.15,800.3,804.15,40,6.14,-0.7431,0.000326,-9.54,51.15
08-09-2026 10:17,75854.16,804.15,804.15,804.15,804.15,0,15,-0.5978,0.000161,-28.25,61.6
08-09-2026 10:18,75818.35,811.9,811.9,811.9,811.9,20,5.94,-0.7585,0.000326,-8.9,49.44
08-09-2026 10:19,75839.23,811.9,811.9,811.9,811.9,0,15,-0.6002,0.00016,-28.2,61.49
08-09-2026 10:20,75840.02,811.9,811.9,811.9,811.9,0,15,-0.6001,0.00016,-28.2,61.49
08-09-2026 10:21,75829.87,811.9,811.9,811.9,811.9,0,15,-0.6017,0.00016,-28.16,61.42
08-09-2026 10:22,75835.4,811.9,811.9,811.9,811.9,0,15,-0.6008,0.00016,-28.18,61.46
08-09-2026 10:23,75829.52,801.3,801.3,800,800,40,5.87,-0.7575,0.000331,-8.82,49.56
08-09-2026 10:24,75813.74,809.05,810.15,809.05,810.15,40,5.83,-0.7642,0.000328,-8.62,48.79
08-09-2026 10:25,75785.21,810.15,810.15,810.15,810.15,0,15,-0.6089,0.00016,-28,61.07
08-09-2026 10:26,75789.48,810.15,810.15,810.15,810.15,0,15,-0.6082,0.00016,-28.02,61.1
08-09-2026 10:27,75803.63,810.15,810.15,810.15,810.15,0,15,-0.6059,0.00016,-28.07,61.21
08-09-2026 10:28,75797.48,810.15,810.15,810.15,810.15,0,15,-0.6069,0.00016,-28.05,61.16
08-09-2026 10:29,75796.21,832.5,832.5,832.5,832.5,20,6.01,-0.7628,0.000319,-8.92,48.92
08-09-2026 10:30,75794.67,832.5,832.5,832.5,832.5,0,15,-0.6074,0.00016,-28.04,61.13
08-09-2026 10:31,75795.77,832.5,832.5,832.5,832.5,0,15,-0.6072,0.00016,-28.04,61.14
08-09-2026 10:32,75779.97,832.5,832.5,832.5,832.5,0,15,-0.6097,0.00016,-27.98,61.01
08-09-2026 10:33,75781.16,832.5,832.5,832.5,832.5,0,15,-0.6095,0.00016,-27.99,61.02
08-09-2026 10:34,75783.57,832.5,832.5,832.5,832.5,0,15,-0.6092,0.00016,-28,61.04
08-09-2026 10:35,75769.46,832.5,832.5,832.5,832.5,0,15,-0.6114,0.000159,-27.95,60.92
08-09-2026 10:36,75733.85,853,853,853,853,20,5.4,-0.8079,0.000314,-7.03,43.13
08-09-2026 10:37,75736.4,860.45,860.45,860.45,860.45,20,5.62,-0.7976,0.000311,-7.56,44.54
08-09-2026 10:38,75721.65,860.45,860.45,860.45,860.45,0,15,-0.619,0.000159,-27.76,60.52
08-09-2026 10:39,75722.25,860.45,860.45,860.45,860.45,0,15,-0.6189,0.000159,-27.76,60.52
08-09-2026 10:40,75722.19,860.45,860.45,860.45,860.45,0,15,-0.6189,0.000159,-27.76,60.52
08-09-2026 10:41,75727.61,860.45,860.45,860.45,860.45,0,15,-0.6181,0.000159,-27.78,60.57
08-09-2026 10:42,75728.72,860.45,860.45,860.45,860.45,0,15,-0.6179,0.000159,-27.79,60.58
08-09-2026 10:43,75711.84,860.45,860.45,860.45,860.45,0,15,-0.6206,0.000158,-27.72,60.43
08-09-2026 10:44,75719.72,860.45,860.45,860.45,860.45,0,15,-0.6193,0.000159,-27.75,60.5
08-09-2026 10:45,75729.55,860.45,860.45,860.45,860.45,0,15,-0.6178,0.000159,-27.79,60.58
08-09-2026 10:46,75754.52,847.9,847.9,847.9,847.9,20,5.66,-0.7904,0.000316,-7.79,45.5
08-09-2026 10:47,75766.05,847.9,847.9,847.9,847.9,0,15,-0.612,0.000159,-27.94,60.88
08-09-2026 10:48,75768.29,838.45,842.65,838.45,842.65,100,5.78,-0.781,0.000317,-8.18,46.7
08-09-2026 10:49,75782.38,841.9,844.8,836.6,840.75,240,5.97,-0.7691,0.000317,-8.72,48.17
08-09-2026 10:50,75802.72,835,835,826.6,826.6,40,6,-0.7615,0.000321,-8.93,49.06
08-09-2026 10:51,75800.05,826.8,826.8,826.8,826.8,20,5.96,-0.7637,0.000321,-8.83,48.8
08-09-2026 10:52,75790.95,826.55,831.65,826.55,830,80,5.88,-0.7697,0.000321,-8.58,48.1
08-09-2026 10:53,75779.46,829.25,831.85,829.2,831.85,60,5.73,-0.7792,0.000321,-8.16,46.92
08-09-2026 10:54,75754.04,831.85,832.25,831.85,832.25,60,5.3,-0.8061,0.000322,-6.94,43.37
08-09-2026 10:55,75748.47,832.25,832.25,832.25,832.25,0,15,-0.6148,0.000159,-27.87,60.72
08-09-2026 10:56,75726,832.25,832.25,832.25,832.25,0,15,-0.6184,0.000159,-27.78,60.53
08-09-2026 10:57,75721.21,853.5,853.5,853.5,853.5,20,5.17,-0.8226,0.000312,-6.38,40.98
08-09-2026 10:58,75712.44,854.75,857.35,854.75,857.35,80,5.08,-0.8293,0.000309,-6.11,39.95
08-09-2026 10:59,75710.41,857.35,857.35,857.35,857.35,0,15,-0.6209,0.000158,-27.72,60.39
08-09-2026 11:00,75711.12,857.45,864.45,857.45,862.6,140,5.19,-0.8248,0.000308,-6.35,40.64
08-09-2026 11:01,75702.67,867.05,867.05,867.05,867.05,20,5.12,-0.8304,0.000305,-6.13,39.77
08-09-2026 11:02,75704.99,858.25,858.25,858.25,858.25,20,4.95,-0.8381,0.000307,-5.74,38.58
08-09-2026 11:03,75704.21,863.3,865.85,863.3,865.85,40,5.13,-0.8299,0.000306,-6.15,39.86
08-09-2026 11:04,75688.19,858.8,858.8,858.8,858.8,20,4.57,-0.8623,0.000297,-4.72,34.52
08-09-2026 11:05,75698.94,867.5,867.5,867.5,867.5,80,5.06,-0.8347,0.000304,-5.95,39.11
08-09-2026 11:06,75703.49,858.05,858.05,858,858,100,4.91,-0.8405,0.000306,-5.64,38.19
08-09-2026 11:07,75709.06,858,858,858,858,0,15,-0.6211,0.000158,-27.72,60.37
08-09-2026 11:08,75716.27,858,858,858,858,0,15,-0.62,0.000159,-27.75,60.43
08-09-2026 11:09,75723.42,858,858,858,858,0,15,-0.6188,0.000159,-27.78,60.49
08-09-2026 11:10,75719.22,858,858,858,858,0,15,-0.6195,0.000159,-27.76,60.45
08-09-2026 11:11,75718.37,858.35,858.35,858.35,858.35,20,5.23,-0.8206,0.00031,-6.51,41.26
08-09-2026 11:12,75713.92,858.35,858.35,858.35,858.35,0,15,-0.6203,0.000158,-27.74,60.41
08-09-2026 11:13,75723.58,858.35,858.35,858.35,858.35,0,15,-0.6188,0.000159,-27.78,60.49
08-09-2026 11:14,75723.83,858.35,858.35,858.35,858.35,0,15,-0.6188,0.000159,-27.78,60.49
08-09-2026 11:15,75722.65,858.35,858.35,858.35,858.35,0,15,-0.619,0.000159,-27.78,60.48
08-09-2026 11:16,75731.87,858.35,858.35,858.35,858.35,0,15,-0.6175,0.000159,-27.82,60.55
08-09-2026 11:17,75735.03,858.35,858.35,858.35,858.35,0,15,-0.617,0.000159,-27.83,60.58
08-09-2026 11:18,75736.51,858.35,858.35,858.35,858.35,0,15,-0.6168,0.000159,-27.84,60.59
08-09-2026 11:19,75744.72,858.35,858.35,858.35,858.35,0,15,-0.6155,0.000159,-27.87,60.66
08-09-2026 11:20,75739.53,858.35,858.35,858.35,858.35,0,15,-0.6163,0.000159,-27.85,60.61
08-09-2026 11:21,75734.9,858.35,858.35,858.35,858.35,0,15,-0.617,0.000159,-27.83,60.57
08-09-2026 11:22,75722.09,853.05,853.05,853.05,853.05,20,5.18,-0.822,0.000312,-6.41,41.05
08-09-2026 11:23,75727.88,850,850,850,850,20,5.22,-0.8182,0.000314,-6.56,41.6
08-09-2026 11:24,75708.86,855,855,852,852,40,4.87,-0.8408,0.000308,-5.59,38.13
08-09-2026 11:25,75737.27,852,852,852,852,0,15,-0.6167,0.000159,-27.85,60.59
08-09-2026 11:26,75740.99,852,852,852,852,0,15,-0.6161,0.000159,-27.86,60.62
08-09-2026 11:27,75735.07,852,852,852,852,0,15,-0.617,0.000159,-27.84,60.57
08-09-2026 11:28,75716.62,852,852,852,852,0,15,-0.62,0.000159,-27.76,60.41
08-09-2026 11:29,75702.16,852,852,852,852,0,15,-0.6223,0.000158,-27.7,60.28
08-09-2026 11:30,75692.28,851.3,851.3,851.3,851.3,20,4.46,-0.8673,0.000297,-4.48,33.62
08-09-2026 11:31,75698.03,860,863.1,860,863.1,60,4.93,-0.8415,0.000304,-5.63,38
08-09-2026 11:32,75698.41,861.2,861.2,861.2,861.2,20,4.89,-0.8435,0.000304,-5.53,37.68
08-09-2026 11:33,75686.58,866.45,866.45,866.45,866.45,20,4.75,-0.8537,0.000298,-5.13,35.99
08-09-2026 11:34,75672.62,868.05,869.45,868.05,869.45,60,4.49,-0.8714,0.000288,-4.41,32.87
08-09-2026 11:35,75687.15,861.55,861.55,861.55,861.55,20,4.63,-0.8598,0.000297,-4.85,34.93
08-09-2026 11:36,75689.94,865.25,865.25,865.25,865.25,20,4.8,-0.8503,0.0003,-5.27,36.55
08-09-2026 11:37,75689.15,859.7,859.7,859.7,859.7,20,4.63,-0.8594,0.000298,-4.85,35.01
08-09-2026 11:38,75698.63,859.7,859.7,859.7,859.7,0,15,-0.6228,0.000158,-27.69,60.24
08-09-2026 11:39,75693.46,859.7,859.7,859.7,859.7,0,15,-0.6237,0.000158,-27.67,60.19
08-09-2026 11:40,75714.91,858,861.9,858,861.9,60,5.25,-0.8209,0.000309,-6.53,41.19
08-09-2026 11:41,75716.87,861.9,861.9,861.9,861.9,0,15,-0.62,0.000159,-27.77,60.39
08-09-2026 11:42,75700.93,861.9,861.9,861.9,861.9,0,15,-0.6225,0.000158,-27.71,60.25
08-09-2026 11:43,75699.41,861.9,861.9,861.9,861.9,0,15,-0.6227,0.000158,-27.7,60.23
08-09-2026 11:44,75701.45,861.9,861.9,861.9,861.9,0,15,-0.6224,0.000158,-27.71,60.25
08-09-2026 11:45,75707.54,860.6,860.6,860.6,860.6,20,5.07,-0.8316,0.000307,-6.05,39.56
08-09-2026 11:46,75699.03,850.55,850.55,850.55,850.55,100,4.61,-0.8573,0.000302,-4.89,35.36
08-09-2026 11:47,75702.34,850.55,850.55,850.55,850.55,0,15,-0.6223,0.000158,-27.71,60.25
08-09-2026 11:48,75706.51,850.55,850.55,850.55,850.55,0,15,-0.6216,0.000158,-27.73,60.29
08-09-2026 11:49,75680.48,859.6,870,859.6,870,100,4.71,-0.8577,0.000295,-4.98,35.28
08-09-2026 11:50,75664.99,886.05,886.1,886.05,886.05,40,4.79,-0.8583,0.00029,-5.05,35.17
08-09-2026 11:51,75678.7,886.05,886.05,886.05,886.05,0,15,-0.626,0.000158,-27.62,60.04
08-09-2026 11:52,75680.01,886.05,886.05,886.05,886.05,0,15,-0.6258,0.000158,-27.62,60.05
08-09-2026 11:53,75687.31,886.05,886.05,886.05,886.05,0,15,-0.6247,0.000158,-27.65,60.11
08-09-2026 11:54,75689.87,861.8,861.8,861.8,861.8,20,4.7,-0.8554,0.000299,-5.04,35.69
08-09-2026 11:55,75691.06,861.8,861.8,861.8,861.8,0,15,-0.6241,0.000158,-27.67,60.14
08-09-2026 11:56,75671.29,864.5,864.5,864.5,864.5,20,4.3,-0.8821,0.000283,-3.95,30.86
08-09-2026 11:57,75667.1,864.5,864.5,864.5,864.5,0,15,-0.6279,0.000158,-27.57,59.93
08-09-2026 11:58,75663.71,864.5,864.5,864.5,864.5,0,15,-0.6284,0.000158,-27.55,59.89
08-09-2026 11:59,75651.33,864.5,864.5,864.5,864.5,0,15,-0.6304,0.000157,-27.5,59.78
08-09-2026 12:00,75637.04,864.5,864.5,864.5,864.5,0,15,-0.6326,0.000157,-27.44,59.64
08-09-2026 12:01,75636.9,864.5,864.5,864.5,864.5,0,15,-0.6326,0.000157,-27.44,59.64
08-09-2026 12:02,75644.35,864.5,864.5,864.5,864.5,0,15,-0.6315,0.000157,-27.47,59.71
08-09-2026 12:03,75640.56,864.5,864.5,864.5,864.5,0,15,-0.6321,0.000157,-27.46,59.67
08-09-2026 12:04,75629.36,890,890,890,890,20,3.85,-0.9177,0.000241,-2.64,23.48
08-09-2026 12:05,75617.52,899.2,901.35,897.75,897.75,60,3.71,-0.9282,0.000224,-2.25,21.05
08-09-2026 12:06,75618.79,903.85,904.6,903.85,904.6,40,4.06,-0.9094,0.000247,-3.01,25.3
08-09-2026 12:07,75626.13,891.9,903.7,891.9,898.15,80,4.07,-0.9071,0.000251,-3.08,25.79
08-09-2026 12:08,75603.08,898.95,907.55,898.95,907.55,100,3.52,-0.9411,0.000201,-1.79,17.91
08-09-2026 12:09,75609.26,907.8,909.3,899.75,904.95,180,3.69,-0.9311,0.000218,-2.16,20.35
08-09-2026 12:10,75629.49,904.95,904.95,904.95,904.95,0,15,-0.6338,0.000157,-27.41,59.56
08-09-2026 12:11,75624.89,904.95,904.95,904.95,904.95,0,15,-0.6346,0.000157,-27.39,59.51
08-09-2026 12:12,75637.34,904.95,904.95,904.95,904.95,0,15,-0.6326,0.000157,-27.45,59.63
08-09-2026 12:13,75631.65,889.6,889.6,889.6,889.6,20,3.92,-0.9134,0.000246,-2.8,24.42
08-09-2026 12:14,75639.53,889.6,889.6,889.6,889.6,0,15,-0.6323,0.000157,-27.46,59.65
08-09-2026 12:15,75621.37,897.7,897.7,897.7,897.7,20,3.87,-0.9188,0.000237,-2.62,23.23
08-09-2026 12:16,75637.07,897.7,897.7,897.7,897.7,0,15,-0.6327,0.000157,-27.45,59.62
08-09-2026 12:17,75644.02,897.7,897.7,897.7,897.7,0,15,-0.6316,0.000157,-27.48,59.68
08-09-2026 12:18,75639.11,897.7,897.7,897.7,897.7,0,15,-0.6323,0.000157,-27.46,59.64
08-09-2026 12:19,75639.86,897.7,897.7,897.7,897.7,0,15,-0.6322,0.000157,-27.46,59.64
08-09-2026 12:20,75633,897.7,897.7,897.7,897.7,0,15,-0.6333,0.000157,-27.43,59.58
08-09-2026 12:21,75636.32,897.7,897.7,897.7,897.7,0,15,-0.6328,0.000157,-27.45,59.61
08-09-2026 12:22,75649.98,897.7,897.7,897.7,897.7,0,15,-0.6307,0.000157,-27.51,59.73
08-09-2026 12:23,75661.05,897.7,897.7,897.7,897.7,0,15,-0.6289,0.000158,-27.56,59.83
08-09-2026 12:24,75665.85,897.7,897.7,897.7,897.7,0,15,-0.6282,0.000158,-27.58,59.88
08-09-2026 12:25,75665.17,879.35,879.35,879.35,879.35,20,4.6,-0.8681,0.000287,-4.6,33.42
08-09-2026 12:26,75665.51,872.9,872.9,872.9,872.9,20,4.41,-0.8779,0.000283,-4.17,31.63
08-09-2026 12:27,75654.03,872.9,872.9,872.9,872.9,0,15,-0.63,0.000158,-27.53,59.76
08-09-2026 12:28,75656.75,872.9,872.9,872.9,872.9,0,15,-0.6296,0.000158,-27.54,59.79
08-09-2026 12:29,75668.72,872.9,872.9,872.9,872.9,0,15,-0.6277,0.000158,-27.59,59.89
08-09-2026 12:30,75678.71,872.9,872.9,872.9,872.9,0,15,-0.6261,0.000158,-27.64,59.98
08-09-2026 12:31,75677.51,872.9,872.9,872.9,872.9,0,15,-0.6263,0.000158,-27.63,59.97
08-09-2026 12:32,75687.59,872.9,872.9,872.9,872.9,0,15,-0.6247,0.000158,-27.68,60.06
08-09-2026 12:33,75683.62,872.9,872.9,872.9,872.9,0,15,-0.6254,0.000158,-27.66,60.02
08-09-2026 12:34,75693.08,872.9,872.9,872.9,872.9,0,15,-0.6239,0.000158,-27.7,60.11
08-09-2026 12:35,75700.73,872.9,872.9,872.9,872.9,0,15,-0.6227,0.000158,-27.73,60.17
08-09-2026 12:36,75710.82,872.9,872.9,872.9,872.9,0,15,-0.6211,0.000159,-27.78,60.26
08-09-2026 12:37,75716.24,872.9,872.9,872.9,872.9,0,15,-0.6202,0.000159,-27.8,60.3
08-09-2026 12:38,75713.87,872.9,872.9,872.9,872.9,0,15,-0.6206,0.000159,-27.79,60.28
08-09-2026 12:39,75694.8,872.9,872.9,872.9,872.9,0,15,-0.6236,0.000158,-27.71,60.11
08-09-2026 12:40,75679.04,872.9,872.9,872.9,872.9,0,15,-0.6261,0.000158,-27.64,59.97
08-09-2026 12:41,75701.64,868.4,868.4,868.4,868.4,20,5.15,-0.8302,0.000305,-6.18,39.73
08-09-2026 12:42,75691.92,868.4,868.4,868.4,868.4,0,15,-0.6241,0.000158,-27.7,60.08
08-09-2026 12:43,75672.74,868.4,868.4,868.4,868.4,0,15,-0.6271,0.000158,-27.62,59.91
08-09-2026 12:44,75669.25,875.15,875.15,875.15,875.15,20,4.58,-0.868,0.000289,-4.59,33.44
08-09-2026 12:45,75654.76,883.4,883.4,883.4,883.4,40,4.45,-0.8792,0.000279,-4.16,31.36
08-09-2026 12:46,75659.88,883.4,883.4,883.4,883.4,0,15,-0.6292,0.000158,-27.56,59.79
08-09-2026 12:47,75652.31,883.4,883.4,883.4,883.4,0,15,-0.6304,0.000158,-27.53,59.72
08-09-2026 12:48,75637.53,883.4,883.4,883.4,883.4,0,15,-0.6327,0.000157,-27.47,59.58
08-09-2026 12:49,75653.09,883.4,883.4,883.4,883.4,0,15,-0.6302,0.000158,-27.54,59.72
08-09-2026 12:50,75656.63,886.05,886.05,886.05,886.05,20,4.58,-0.8717,0.000283,-4.49,32.75
08-09-2026 12:51,75649.97,886.05,886.05,886.05,886.05,0,15,-0.6307,0.000158,-27.52,59.69
08-09-2026 12:52,75640.88,886.05,886.05,886.05,886.05,0,15,-0.6322,0.000157,-27.48,59.6
08-09-2026 12:53,75645.03,886.05,886.05,886.05,886.05,0,15,-0.6315,0.000157,-27.5,59.64
08-09-2026 12:54,75647.79,886.05,886.05,886.05,886.05,0,15,-0.6311,0.000158,-27.51,59.67
08-09-2026 12:55,75660.7,886.05,886.05,886.05,886.05,0,15,-0.6291,0.000158,-27.57,59.78
08-09-2026 12:56,75658.96,886.05,886.05,886.05,886.05,0,15,-0.6293,0.000158,-27.56,59.77
08-09-2026 12:57,75664.02,886.05,886.05,886.05,886.05,0,15,-0.6285,0.000158,-27.59,59.81
08-09-2026 12:58,75661.47,885,885,885,885,20,4.68,-0.8654,0.000287,-4.76,33.88
08-09-2026 12:59,75654.08,885,885,885,885,0,15,-0.6301,0.000158,-27.54,59.72
08-09-2026 13:00,75639.94,885,885,885,885,0,15,-0.6323,0.000157,-27.48,59.58
08-09-2026 13:01,75647.44,885,885,885,885,0,15,-0.6312,0.000158,-27.52,59.65
08-09-2026 13:02,75659.1,885,885,885,885,0,15,-0.6293,0.000158,-27.57,59.76
08-09-2026 13:03,75645.81,885,885,885,885,0,15,-0.6314,0.000157,-27.51,59.63
08-09-2026 13:04,75632.33,885,885,885,885,0,15,-0.6336,0.000157,-27.45,59.51
08-09-2026 13:05,75629.31,894.1,896.35,894.1,896.35,40,4.11,-0.904,0.000255,-3.21,26.42
08-09-2026 13:06,75636.51,885.3,885.3,885.3,885.3,20,3.93,-0.9119,0.000249,-2.86,24.74
08-09-2026 13:07,75640.35,885.3,885.3,885.3,885.3,0,15,-0.6323,0.000157,-27.49,59.58
08-09-2026 13:08,75639.07,885.3,885.3,885.3,885.3,0,15,-0.6325,0.000157,-27.48,59.56
08-09-2026 13:09,75643.44,885.3,885.3,885.3,885.3,0,15,-0.6318,0.000157,-27.5,59.6
08-09-2026 13:10,75643.59,885.3,885.3,885.3,885.3,0,15,-0.6318,0.000157,-27.5,59.6
08-09-2026 13:11,75642.21,885.3,885.3,885.3,885.3,0,15,-0.632,0.000157,-27.5,59.59
08-09-2026 13:12,75640.98,885.3,885.3,885.3,885.3,0,15,-0.6322,0.000157,-27.49,59.58
08-09-2026 13:13,75636.81,885.3,885.3,885.3,885.3,0,15,-0.6329,0.000157,-27.48,59.54
08-09-2026 13:14,75667.62,885.3,885.3,885.3,885.3,0,15,-0.628,0.000158,-27.61,59.82
08-09-2026 13:15,75657.91,885.3,885.3,885.3,885.3,0,15,-0.6296,0.000158,-27.57,59.73
08-09-2026 13:16,75659.78,885.3,885.3,885.3,885.3,0,15,-0.6293,0.000158,-27.58,59.75
08-09-2026 13:17,75650.61,885.3,885.3,885.3,885.3,0,15,-0.6307,0.000158,-27.54,59.66
08-09-2026 13:18,75642.58,885.3,885.3,885.3,885.3,0,15,-0.632,0.000157,-27.5,59.58
08-09-2026 13:19,75641.16,885.3,885.3,885.3,885.3,0,15,-0.6322,0.000157,-27.5,59.57
08-09-2026 13:20,75642.46,885.3,885.3,885.3,885.3,0,15,-0.632,0.000157,-27.5,59.58
08-09-2026 13:21,75654.32,879.45,879.45,879.45,879.45,100,4.31,-0.887,0.000275,-3.83,29.86
08-09-2026 13:22,75639.78,876.25,876.25,876.25,876.25,80,3.68,-0.9252,0.000234,-2.32,21.73
08-09-2026 13:23,75641.71,883,883,883,883,40,4.03,-0.9052,0.000257,-3.12,26.15
08-09-2026 13:24,75634.68,883,883,883,883,0,15,-0.6333,0.000157,-27.47,59.5
08-09-2026 13:25,75612.37,883,883,883,883,0,15,-0.6368,0.000157,-27.37,59.29
08-09-2026 13:26,75629.46,889.6,889.6,889.6,889.6,20,3.85,-0.9184,0.00024,-2.62,23.28
08-09-2026 13:27,75624.13,891.75,891.75,891.75,891.75,20,3.72,-0.9263,0.000229,-2.32,21.46
08-09-2026 13:28,75627.16,883.3,883.3,883.3,883.3,20,3.44,-0.9407,0.000207,-1.76,17.99
08-09-2026 13:29,75618.1,886.35,886.95,886.35,886.95,40,3.12,-0.9584,0.000169,-1.12,13.28
08-09-2026 13:30,75624.47,895.15,895.15,895.15,895.15,20,3.89,-0.9174,0.00024,-2.68,23.51
08-09-2026 13:31,75625.07,880.95,888.55,880.95,888.55,40,3.61,-0.9321,0.000221,-2.09,20.1
08-09-2026 13:32,75624.14,904,904,904,904,60,4.23,-0.8995,0.000257,-3.42,27.33
08-09-2026 13:33,75608.23,904,904,904,904,0,15,-0.6374,0.000157,-27.36,59.23
08-09-2026 13:34,75610.99,904,904,904,904,0,15,-0.637,0.000157,-27.37,59.26
08-09-2026 13:35,75626.92,904,904,904,904,0,15,-0.6345,0.000157,-27.44,59.41
08-09-2026 13:36,75624.27,904,904,904,904,0,15,-0.6349,0.000157,-27.43,59.38
08-09-2026 13:37,75633.69,887.25,887.25,887.25,887.25,20,3.91,-0.9138,0.000246,-2.79,24.3
08-09-2026 13:38,75618.9,887.25,887.25,887.25,887.25,0,15,-0.6358,0.000157,-27.41,59.33
08-09-2026 13:39,75617.41,887.25,887.25,887.25,887.25,0,15,-0.636,0.000157,-27.4,59.31
08-09-2026 13:40,75619.02,905.1,905.1,905.1,905.1,60,4.09,-0.9079,0.000248,-3.09,25.58
08-09-2026 13:41,75604.68,905.1,905.1,905.1,905.1,0,15,-0.638,0.000157,-27.34,59.19
08-09-2026 13:42,75618.11,905.1,905.1,905.1,905.1,0,15,-0.6359,0.000157,-27.41,59.32
08-09-2026 13:43,75609.26,905.1,905.1,905.1,905.1,0,15,-0.6373,0.000157,-27.37,59.23
08-09-2026 13:44,75602.02,911.4,911.4,909.95,911.3,120,3.67,-0.9339,0.000212,-2.08,19.65
08-09-2026 13:45,75601.48,910.95,913.25,910.95,913.25,40,3.75,-0.9302,0.000218,-2.23,20.54
08-09-2026 13:46,75609.1,913.25,913.25,913.25,913.25,0,15,-0.6373,0.000157,-27.37,59.22
08-09-2026 13:47,75615.76,905.8,905.8,905.8,905.8,20,4,-0.9134,0.000242,-2.87,24.37
08-09-2026 13:48,75611.76,905.8,905.8,905.8,905.8,0,15,-0.6369,0.000157,-27.38,59.25
08-09-2026 13:49,75598.06,905.8,905.8,905.8,905.8,0,15,-0.6391,0.000157,-27.32,59.11
08-09-2026 13:50,75594.93,905.8,905.8,905.8,905.8,0,15,-0.6396,0.000157,-27.3,59.08
08-09-2026 13:51,75555.44,920,936,920,936,100,10,-0.7175,0.000212,-16.34,53.24
08-09-2026 13:52,75564.85,930.3,930.3,930.3,930.3,40,10,-0.7155,0.000213,-16.4,53.43
08-09-2026 13:53,75584.63,925,925,925,925,80,3.53,-0.9447,0.000191,-1.69,16.95
08-09-2026 13:54,75574.41,922.55,922.55,919.75,919.75,60,10,-0.7134,0.000213,-16.46,53.62
08-09-2026 13:55,75582.58,919.75,919.75,919.75,919.75,0,15,-0.6415,0.000156,-27.25,58.95
08-09-2026 13:56,75580.95,917.75,919.1,912.3,912.3,60,10,-0.7121,0.000214,-16.51,53.75
08-09-2026 13:57,75585,918.25,918.25,918.25,918.25,20,3.08,-0.9656,0.000145,-0.9,11.2
08-09-2026 13:58,75583.88,918.25,918.25,918.25,918.25,0,15,-0.6413,0.000156,-27.25,58.96
08-09-2026 13:59,75589.01,920.2,920.2,920.2,920.2,100,3.5,-0.9456,0.00019,-1.65,16.71
08-09-2026 14:00,75594.4,920.2,920.2,920.2,920.2,0,15,-0.6397,0.000157,-27.31,59.06
08-09-2026 14:01,75598.37,920.2,920.2,920.2,920.2,0,15,-0.6391,0.000157,-27.32,59.1
08-09-2026 14:02,75594.87,920.2,920.2,920.2,920.2,0,15,-0.6396,0.000157,-27.31,59.06
08-09-2026 14:03,75612.21,908.5,908.5,908.5,908.5,40,3.98,-0.9155,0.000239,-2.79,23.89
08-09-2026 14:04,75621.17,908.5,908.5,908.5,908.5,0,15,-0.6355,0.000157,-27.43,59.31
08-09-2026 14:05,75646.25,908.5,908.5,908.5,908.5,0,15,-0.6316,0.000158,-27.55,59.55
08-09-2026 14:06,75629.99,889.4,889.4,889.4,889.4,20,3.86,-0.9176,0.000241,-2.65,23.43
08-09-2026 14:07,75615.24,894.75,894.75,894.75,894.75,20,3.45,-0.9426,0.000201,-1.72,17.49
08-09-2026 14:08,75623.52,894.75,894.75,894.75,894.75,0,15,-0.6351,0.000157,-27.44,59.33
08-09-2026 14:09,75632.04,894.75,894.75,894.75,894.75,0,15,-0.6338,0.000157,-27.48,59.41
08-09-2026 14:10,75631.85,894.75,894.75,894.75,894.75,0,15,-0.6338,0.000157,-27.48,59.41
08-09-2026 14:11,75635.35,894.75,894.75,894.75,894.75,0,15,-0.6333,0.000157,-27.5,59.44
08-09-2026 14:12,75639.42,894.75,894.75,894.75,894.75,0,15,-0.6327,0.000158,-27.52,59.48
08-09-2026 14:13,75653.27,894.75,894.75,894.75,894.75,0,15,-0.6305,0.000158,-27.58,59.6
08-09-2026 14:14,75638.77,894.75,894.75,894.75,894.75,0,15,-0.6328,0.000158,-27.52,59.47
08-09-2026 14:15,75636.42,894.75,894.75,894.75,894.75,0,15,-0.6331,0.000158,-27.51,59.44
08-09-2026 14:16,75649.63,894.75,894.75,894.75,894.75,0,15,-0.6311,0.000158,-27.57,59.56
08-09-2026 14:17,75657.48,894.75,894.75,894.75,894.75,0,15,-0.6298,0.000158,-27.6,59.64
08-09-2026 14:18,75651.96,890,890,890,890,20,4.58,-0.8733,0.000281,-4.46,32.4
08-09-2026 14:19,75644.9,889.95,897.25,886.15,886.15,400,4.26,-0.8925,0.000268,-3.65,28.72
08-09-2026 14:20,75649.44,882.5,882.5,882.5,882.5,20,4.27,-0.8907,0.000271,-3.7,29.08
08-09-2026 14:21,75641.28,882.5,882.5,882.5,882.5,0,15,-0.6324,0.000158,-27.53,59.48
08-09-2026 14:22,75639.39,887.15,887.15,887.15,887.15,20,4.11,-0.9018,0.000259,-3.28,26.84
08-09-2026 14:23,75640.13,897.25,899,895,895,140,4.41,-0.8856,0.000271,-3.97,30.08
08-09-2026 14:24,75632.97,895,895,895,895,0,15,-0.6337,0.000157,-27.5,59.4
08-09-2026 14:25,75625.51,895,895,895,895,0,15,-0.6349,0.000157,-27.46,59.33
08-09-2026 14:26,75624.92,903.7,903.7,903.7,903.7,20,4.24,-0.8985,0.000258,-3.47,27.5
08-09-2026 14:27,75633.52,903.7,903.7,903.7,903.7,0,15,-0.6336,0.000157,-27.5,59.4
08-09-2026 14:28,75641.57,890.9,890.9,883.55,883.55,580,4.06,-0.9044,0.000258,-3.16,26.3
08-09-2026 14:29,75641.85,879.8,880.75,879.8,880.75,600,3.95,-0.9098,0.000253,-2.94,25.14
08-09-2026 14:30,75633.65,883.6,890.4,883.6,890.4,560,4.04,-0.9072,0.000253,-3.07,25.7
08-09-2026 14:31,75630.39,899.7,899.7,899.7,899.7,20,4.28,-0.8953,0.000262,-3.59,28.15
08-09-2026 14:32,75643.88,883.05,883.05,883.05,883.05,20,4.11,-0.9007,0.000262,-3.31,27.06
08-09-2026 14:33,75640.64,883.05,883.05,883.05,883.05,0,15,-0.6325,0.000158,-27.53,59.46
08-09-2026 14:34,75644.52,883.05,883.05,883.05,883.05,0,15,-0.6319,0.000158,-27.55,59.49
08-09-2026 14:35,75650.8,883.05,883.05,883.05,883.05,0,15,-0.6309,0.000158,-27.58,59.55
08-09-2026 14:36,75642.99,883.05,883.05,883.05,883.05,0,15,-0.6322,0.000158,-27.55,59.47
08-09-2026 14:37,75642.7,883.05,883.05,883.05,883.05,0,15,-0.6322,0.000158,-27.55,59.47
08-09-2026 14:38,75624.98,883.05,883.05,883.05,883.05,0,15,-0.635,0.000157,-27.47,59.3
08-09-2026 14:39,75622.89,883.05,883.05,883.05,883.05,0,15,-0.6353,0.000157,-27.46,59.28
08-09-2026 14:40,75620.15,883.05,883.05,883.05,883.05,0,15,-0.6358,0.000157,-27.45,59.25
08-09-2026 14:41,75631.69,883.05,883.05,883.05,883.05,0,15,-0.634,0.000157,-27.5,59.36
08-09-2026 14:42,75631.53,883.05,883.05,883.05,883.05,0,15,-0.634,0.000157,-27.5,59.36
08-09-2026 14:43,75626.35,883.05,883.05,883.05,883.05,0,15,-0.6348,0.000157,-27.48,59.31
08-09-2026 14:44,75621.97,883.05,883.05,883.05,883.05,0,15,-0.6355,0.000157,-27.46,59.26
08-09-2026 14:45,75631.86,883.05,883.05,883.05,883.05,0,15,-0.6339,0.000158,-27.5,59.36
08-09-2026 14:46,75616.3,901.6,901.6,901.6,901.6,20,3.85,-0.9217,0.000233,-2.54,22.5
08-09-2026 14:47,75607.38,901.6,901.6,901.6,901.6,0,15,-0.6378,0.000157,-27.39,59.12
08-09-2026 14:48,75608.74,901.6,901.6,901.6,901.6,0,15,-0.6376,0.000157,-27.4,59.13
08-09-2026 14:49,75598.4,901.6,901.6,901.6,901.6,0,15,-0.6392,0.000157,-27.35,59.03
08-09-2026 14:50,75595.13,901.6,901.6,901.6,901.6,0,15,-0.6397,0.000157,-27.33,59
08-09-2026 14:51,75598.69,901.6,901.6,901.6,901.6,0,15,-0.6392,0.000157,-27.35,59.03
08-09-2026 14:52,75594.29,901.6,901.6,901.6,901.6,0,15,-0.6399,0.000157,-27.33,58.98
08-09-2026 14:53,75583.58,901.6,901.6,901.6,901.6,0,15,-0.6416,0.000156,-27.28,58.88
08-09-2026 14:54,75600.98,901.6,901.6,901.6,901.6,0,15,-0.6388,0.000157,-27.36,59.05
08-09-2026 14:55,75594.94,901.6,901.6,901.6,901.6,0,15,-0.6398,0.000157,-27.34,58.99
08-09-2026 14:56,75590.06,904.75,904.75,904.75,904.75,20,10,-0.7104,0.000215,-16.58,53.84
08-09-2026 14:57,75606.37,913.1,913.1,912.5,912.5,40,3.93,-0.9201,0.000232,-2.63,22.85
08-09-2026 14:58,75609.56,912.5,912.5,912.5,912.5,0,15,-0.6375,0.000157,-27.41,59.12
08-09-2026 14:59,75606.08,898.1,898.1,898.1,898.1,20,3.1,-0.9619,0.000158,-1.02,12.26
08-09-2026 15:00,75598.01,898.1,898.1,898.1,898.1,0,15,-0.6393,0.000157,-27.35,59.01
08-09-2026 15:01,75604.9,898.1,898.1,898.1,898.1,0,15,-0.6382,0.000157,-27.39,59.07
08-09-2026 15:02,75596.71,898.1,898.1,898.1,898.1,0,15,-0.6395,0.000157,-27.35,58.99
08-09-2026 15:03,75590.36,898.1,898.1,898.1,898.1,0,15,-0.6405,0.000157,-27.32,58.93
08-09-2026 15:04,75586.47,898.1,898.1,898.1,898.1,0,15,-0.6411,0.000157,-27.3,58.89
08-09-2026 15:05,75581.87,898.1,898.1,898.1,898.1,0,15,-0.6419,0.000156,-27.28,58.84
08-09-2026 15:06,75593.4,898.1,898.1,898.1,898.1,0,15,-0.6401,0.000157,-27.33,58.96
08-09-2026 15:07,75591.06,905.85,906,905.85,906,120,10,-0.7102,0.000215,-16.59,53.84
08-09-2026 15:08,75594.24,909.6,910.05,909.6,909.9,400,3.13,-0.9622,0.000155,-1.02,12.18
08-09-2026 15:09,75605.93,904.75,904.75,904.75,904.75,40,3.53,-0.9409,0.000202,-1.8,17.89
08-09-2026 15:10,75634.8,869.15,885.6,869.15,885.6,280,3.89,-0.9151,0.000245,-2.75,23.97
08-09-2026 15:11,75643.56,896,896,890.4,892.95,440,4.45,-0.8829,0.000274,-4.08,30.56
08-09-2026 15:12,75644.56,901.2,901.2,897.9,899.35,180,4.68,-0.8708,0.000279,-4.63,32.81
08-09-2026 15:13,75612,909.2,918.55,909.2,918.55,80,4.37,-0.8957,0.000256,-3.65,28.05
08-09-2026 15:14,75593.9,935.1,935.1,912.95,912.95,40,3.33,-0.953,0.000177,-1.36,14.74
08-09-2026 15:15,75594.73,915.8,944.45,915.8,943.4,860,4.69,-0.8836,0.000259,-4.28,30.4
08-09-2026 15:16,75594.73,940.65,948.6,918.15,918.15,280,3.68,-0.9353,0.000209,-2.05,19.28
08-09-2026 15:17,75594.73,923.2,927.45,921.1,925.25,100,4.02,-0.9181,0.000231,-2.75,23.28
08-09-2026 15:18,75594.73,919.25,930.65,919.25,930.65,40,4.24,-0.9067,0.000243,-3.24,25.77
08-09-2026 15:19,75594.73,922.45,928.1,921.3,928.1,80,4.14,-0.9118,0.000238,-3.02,24.67
08-09-2026 15:20,75594.73,934.25,943.3,924.45,924.45,460,3.98,-0.92,0.000229,-2.67,22.86
08-09-2026 15:21,75594.73,939.3,943.3,932.05,943.3,100,4.69,-0.8838,0.000258,-4.27,30.36
08-09-2026 15:22,75594.73,943.3,943.3,943.3,943.3,0,15,-0.6399,0.000157,-27.35,58.95
08-09-2026 15:23,75594.73,943.3,943.3,943.3,943.3,0,15,-0.6399,0.000157,-27.35,58.94
08-09-2026 15:24,75594.73,943.3,943.3,943.3,943.3,0,15,-0.6399,0.000157,-27.35,58.94
08-09-2026 15:25,75594.73,936.05,936.05,936.05,936.05,40,4.44,-0.8963,0.000251,-3.7,27.9
08-09-2026 15:26,75594.73,920.3,932.85,919,932.85,180,4.32,-0.9023,0.000246,-3.43,26.69
08-09-2026 15:27,75594.73,931.05,931.05,925.6,925.6,60,4.03,-0.9173,0.000232,-2.78,23.45
08-09-2026 15:28,75577.58,919.8,926.5,919.5,926.5,180,3.18,-0.9627,0.000151,-1.02,12.03
08-09-2026 15:29,75577.58,934.7,942.75,933,942.75,220,4.09,-0.9182,0.000227,-2.8,23.26
