datetime,spot_price,opt_open,opt_high,opt_low,opt_close,volume,iv_pct,delta,gamma,theta,vega
2026-08-19 09:55:00,77063.08,1731.9,1731.9,1731.9,1731.9,20,14.97,0.5672,0.000107,-19.24,94.69
2026-08-19 09:56:00,77057.17,1734.8,1734.8,1733.2,1733.2,60,15.02,0.5664,0.000107,-19.31,94.71
2026-08-19 09:57:00,77056.19,1733.2,1735.4,1731.7,1735.4,80,15.05,0.5662,0.000107,-19.35,94.72
2026-08-19 09:58:00,77047.65,1735.4,1735.4,1731.4,1731.4,20,15.06,0.5653,0.000107,-19.37,94.75
2026-08-19 09:59:00,77043.37,1730.95,1730.95,1730.95,1730.95,20,15.08,0.5648,0.000107,-19.4,94.76
2026-08-19 10:00:00,77050.93,1730.95,1736.7,1730.95,1736.7,20,15.09,0.5655,0.000107,-19.41,94.74
2026-08-19 10:01:00,77046.84,1736.7,1736.7,1736.7,1736.7,0,15.0,0.5654,0.000107,-19.29,94.74
2026-08-19 10:02:00,77059.56,1736.7,1736.7,1736.7,1736.7,0,15.0,0.5668,0.000107,-19.28,94.7
2026-08-19 10:03:00,77064.43,1736.7,1736.7,1736.7,1736.7,0,15.0,0.5673,0.000107,-19.28,94.68
2026-08-19 10:04:00,77054.28,1736.7,1736.7,1736.7,1736.7,0,15.0,0.5662,0.000107,-19.29,94.71
2026-08-19 10:05:00,77045.25,1736.7,1736.7,1736.7,1736.7,0,15.0,0.5652,0.000107,-19.3,94.74
2026-08-19 10:06:00,77056.67,1736.7,1736.7,1736.7,1736.7,0,15.0,0.5665,0.000107,-19.29,94.7
2026-08-19 10:07:00,77053.26,1736.7,1736.7,1736.7,1736.7,0,15.0,0.5661,0.000107,-19.29,94.71
2026-08-19 10:08:00,77048.55,1736.7,1736.7,1736.7,1736.7,0,15.0,0.5656,0.000107,-19.29,94.73
2026-08-19 10:09:00,77045.84,1736.7,1736.7,1736.7,1736.7,0,15.0,0.5653,0.000107,-19.3,94.74
2026-08-19 10:10:00,77042.65,1736.7,1736.7,1736.7,1736.7,0,15.0,0.565,0.000107,-19.3,94.75
2026-08-19 10:11:00,77041.68,1736.7,1736.7,1736.7,1736.7,0,15.0,0.5649,0.000107,-19.3,94.75
2026-08-19 10:12:00,77026.41,1736.7,1736.7,1736.7,1736.7,0,15.0,0.5632,0.000107,-19.31,94.8
2026-08-19 10:13:00,77009.95,1736.7,1736.7,1719.4,1719.4,20,15.16,0.561,0.000106,-19.53,94.86
2026-08-19 10:14:00,77025.73,1719.4,1725.65,1719.4,1725.65,20,15.13,0.5627,0.000106,-19.48,94.81
2026-08-19 10:15:00,77009.66,1725.65,1725.65,1725.65,1725.65,0,15.0,0.5614,0.000107,-19.32,94.85
2026-08-19 10:16:00,77003.85,1725.65,1725.65,1725.65,1725.65,0,15.0,0.5608,0.000107,-19.33,94.86
2026-08-19 10:17:00,76999.42,1725.65,1725.65,1718.6,1718.6,20,15.21,0.5597,0.000106,-19.61,94.9
2026-08-19 10:18:00,76972.11,1718.6,1718.6,1718.6,1718.6,0,15.0,0.5574,0.000108,-19.35,94.95
2026-08-19 10:19:00,76969.9,1718.6,1718.6,1718.6,1718.6,0,15.0,0.5571,0.000108,-19.35,94.96
2026-08-19 10:20:00,76951.74,1718.6,1718.6,1718.6,1718.6,0,15.0,0.5552,0.000108,-19.37,95.01
2026-08-19 10:21:00,76936.79,1718.6,1718.6,1687.0,1687.0,20,15.25,0.553,0.000106,-19.7,95.06
2026-08-19 10:22:00,76938.15,1687.0,1687.0,1686.4,1686.4,20,15.23,0.5531,0.000106,-19.68,95.06
2026-08-19 10:23:00,76933.5,1686.4,1686.4,1685.75,1685.75,20,15.25,0.5526,0.000106,-19.71,95.07
2026-08-19 10:24:00,76932.73,1685.75,1685.75,1685.75,1685.75,0,15.0,0.5531,0.000108,-19.38,95.05
2026-08-19 10:25:00,76937.68,1685.75,1685.75,1685.75,1685.75,0,15.0,0.5537,0.000108,-19.38,95.04
2026-08-19 10:26:00,76938.06,1685.75,1685.75,1685.75,1685.75,0,15.0,0.5537,0.000108,-19.38,95.04
2026-08-19 10:27:00,76943.41,1685.75,1685.75,1685.75,1685.75,0,15.0,0.5543,0.000108,-19.37,95.02
2026-08-19 10:28:00,76945.98,1685.75,1685.75,1685.75,1685.75,0,15.0,0.5546,0.000108,-19.37,95.01
2026-08-19 10:29:00,76935.8,1685.75,1685.75,1685.75,1685.75,0,15.0,0.5535,0.000108,-19.38,95.04
2026-08-19 10:30:00,76934.26,1685.75,1685.75,1674.85,1676.6,100,15.15,0.5529,0.000107,-19.58,95.05
2026-08-19 10:31:00,76920.37,1677.0,1677.0,1671.9,1673.05,60,15.2,0.5513,0.000107,-19.64,95.09
2026-08-19 10:32:00,76928.84,1673.05,1678.7,1673.05,1678.7,20,15.21,0.5522,0.000107,-19.65,95.07
2026-08-19 10:33:00,76934.95,1679.6,1679.6,1675.5,1675.5,60,15.14,0.553,0.000107,-19.56,95.05
2026-08-19 10:34:00,76914.98,1675.5,1679.25,1675.5,1675.85,60,15.26,0.5506,0.000106,-19.73,95.1
2026-08-19 10:35:00,76919.53,1675.85,1675.85,1675.85,1675.85,0,15.0,0.5517,0.000108,-19.39,95.07
2026-08-19 10:36:00,76922.31,1677.1,1677.1,1677.1,1677.1,20,15.23,0.5515,0.000106,-19.69,95.08
2026-08-19 10:37:00,76918.03,1677.1,1677.1,1677.1,1677.1,0,15.0,0.5516,0.000108,-19.39,95.07
2026-08-19 10:38:00,76900.58,1677.1,1677.1,1677.1,1677.1,0,15.0,0.5497,0.000108,-19.4,95.11
2026-08-19 10:39:00,76903.08,1677.1,1677.1,1677.1,1677.1,0,15.0,0.5499,0.000108,-19.4,95.11
2026-08-19 10:40:00,76908.31,1677.1,1677.1,1677.1,1677.1,0,15.0,0.5505,0.000108,-19.4,95.09
2026-08-19 10:41:00,76894.92,1677.1,1677.1,1677.1,1677.1,0,15.0,0.5491,0.000108,-19.4,95.12
2026-08-19 10:42:00,76908.09,1677.1,1677.1,1677.1,1677.1,0,15.0,0.5505,0.000108,-19.4,95.09
2026-08-19 10:43:00,76930.55,1677.1,1677.1,1677.1,1677.1,0,15.0,0.5529,0.000108,-19.38,95.04
2026-08-19 10:44:00,76932.28,1677.1,1677.1,1677.1,1677.1,0,15.0,0.5531,0.000108,-19.38,95.03
2026-08-19 10:45:00,76913.01,1677.1,1677.1,1677.1,1677.1,0,15.0,0.551,0.000108,-19.39,95.08
2026-08-19 10:46:00,76905.43,1677.1,1677.1,1677.1,1677.1,0,15.0,0.5502,0.000108,-19.4,95.1
2026-08-19 10:47:00,76905.46,1677.1,1677.1,1677.1,1677.1,0,15.0,0.5502,0.000108,-19.4,95.1
2026-08-19 10:48:00,76912.28,1677.1,1677.1,1677.1,1677.1,0,15.0,0.5509,0.000108,-19.4,95.08
2026-08-19 10:49:00,76919.54,1677.1,1677.1,1677.1,1677.1,0,15.0,0.5517,0.000108,-19.39,95.06
2026-08-19 10:50:00,76914.43,1677.1,1677.1,1677.1,1677.1,0,15.0,0.5512,0.000108,-19.39,95.07
2026-08-19 10:51:00,76912.2,1677.1,1677.1,1677.1,1677.1,0,15.0,0.5509,0.000108,-19.4,95.08
2026-08-19 10:52:00,76913.55,1677.1,1677.1,1677.1,1677.1,0,15.0,0.5511,0.000108,-19.4,95.07
2026-08-19 10:53:00,76928.03,1677.1,1686.45,1677.1,1685.55,80,15.29,0.552,0.000106,-19.76,95.06
2026-08-19 10:54:00,76939.71,1685.55,1685.55,1685.55,1685.55,0,15.0,0.5539,0.000108,-19.38,95.01
2026-08-19 10:55:00,76943.41,1685.55,1691.35,1685.55,1691.35,20,15.26,0.5537,0.000106,-19.72,95.02
2026-08-19 10:56:00,76950.09,1691.35,1691.35,1691.35,1691.35,0,15.0,0.555,0.000108,-19.37,94.98
2026-08-19 10:57:00,76947.66,1691.35,1691.35,1691.35,1691.35,0,15.0,0.5548,0.000108,-19.38,94.98
2026-08-19 10:58:00,76947.23,1691.35,1691.35,1691.35,1691.35,0,15.0,0.5547,0.000108,-19.38,94.98
2026-08-19 10:59:00,76935.68,1691.35,1691.35,1691.35,1691.35,0,15.0,0.5535,0.000108,-19.38,95.01
2026-08-19 11:00:00,76918.27,1691.35,1691.35,1691.35,1691.35,0,15.0,0.5516,0.000108,-19.39,95.05
2026-08-19 11:01:00,76918.96,1691.35,1691.35,1691.35,1691.35,0,15.0,0.5517,0.000108,-19.39,95.05
2026-08-19 11:02:00,76900.45,1691.35,1691.35,1691.35,1691.35,0,15.0,0.5497,0.000108,-19.41,95.09
2026-08-19 11:03:00,76888.68,1691.35,1691.35,1691.35,1691.35,0,15.0,0.5484,0.000108,-19.41,95.12
2026-08-19 11:04:00,76892.87,1691.35,1691.35,1691.35,1691.35,0,15.0,0.5489,0.000108,-19.41,95.11
2026-08-19 11:05:00,76890.62,1691.35,1691.35,1691.35,1691.35,0,15.0,0.5486,0.000108,-19.41,95.11
2026-08-19 11:06:00,76883.81,1691.35,1691.35,1691.35,1691.35,0,15.0,0.5479,0.000108,-19.42,95.13
2026-08-19 11:07:00,76841.55,1691.35,1691.35,1645.45,1645.45,20,15.36,0.5426,0.000106,-19.91,95.23
2026-08-19 11:08:00,76848.42,1645.45,1645.45,1642.8,1644.25,40,15.31,0.5435,0.000106,-19.84,95.21
2026-08-19 11:09:00,76857.83,1644.25,1644.25,1644.25,1644.25,0,15.0,0.5451,0.000108,-19.43,95.18
2026-08-19 11:10:00,76868.97,1644.25,1648.4,1644.25,1648.4,20,15.24,0.5458,0.000107,-19.74,95.17
2026-08-19 11:11:00,76865.55,1648.4,1648.4,1648.4,1648.4,0,15.0,0.5459,0.000108,-19.43,95.16
2026-08-19 11:12:00,76855.18,1648.4,1648.4,1648.4,1648.4,0,15.0,0.5448,0.000108,-19.43,95.18
2026-08-19 11:13:00,76868.76,1648.4,1648.4,1648.4,1648.4,0,15.0,0.5462,0.000108,-19.42,95.15
2026-08-19 11:14:00,76879.85,1648.4,1648.4,1648.4,1648.4,0,15.0,0.5474,0.000108,-19.42,95.13
2026-08-19 11:15:00,76887.91,1648.4,1648.4,1648.4,1648.4,0,15.0,0.5483,0.000108,-19.41,95.11
2026-08-19 11:16:00,76884.42,1648.4,1648.4,1648.4,1648.4,0,15.0,0.5479,0.000108,-19.42,95.12
2026-08-19 11:17:00,76872.24,1648.4,1648.4,1648.4,1648.4,0,15.0,0.5466,0.000108,-19.42,95.14
2026-08-19 11:18:00,76870.68,1648.4,1648.4,1648.4,1648.4,0,15.0,0.5465,0.000108,-19.42,95.14
2026-08-19 11:19:00,76887.91,1648.4,1661.4,1648.4,1660.15,40,15.25,0.5478,0.000106,-19.75,95.12
2026-08-19 11:20:00,76893.1,1660.15,1662.7,1660.15,1662.7,20,15.25,0.5483,0.000106,-19.74,95.11
2026-08-19 11:21:00,76903.09,1662.7,1662.7,1662.7,1662.7,0,15.0,0.55,0.000108,-19.41,95.07
2026-08-19 11:22:00,76908.38,1662.7,1662.7,1662.7,1662.7,0,15.0,0.5505,0.000108,-19.4,95.06
2026-08-19 11:23:00,76897.24,1667.75,1667.75,1667.75,1667.75,20,15.28,0.5487,0.000106,-19.78,95.1
2026-08-19 11:24:00,76891.3,1667.75,1667.75,1667.75,1667.75,0,15.0,0.5487,0.000108,-19.41,95.09
2026-08-19 11:25:00,76876.69,1667.75,1667.75,1667.75,1667.75,0,15.0,0.5471,0.000108,-19.42,95.12
2026-08-19 11:26:00,76887.63,1667.75,1667.75,1667.75,1667.75,0,15.0,0.5483,0.000108,-19.42,95.1
2026-08-19 11:27:00,76903.77,1667.75,1667.75,1667.75,1667.75,0,15.0,0.55,0.000108,-19.41,95.06
2026-08-19 11:28:00,76889.2,1667.75,1668.65,1667.75,1668.65,20,15.34,0.5477,0.000106,-19.86,95.12
2026-08-19 11:29:00,76893.0,1668.65,1668.65,1668.65,1668.65,0,15.0,0.5489,0.000108,-19.41,95.09
2026-08-19 11:30:00,76900.05,1668.65,1668.65,1668.65,1668.65,0,15.0,0.5496,0.000108,-19.41,95.07
2026-08-19 11:31:00,76901.33,1668.65,1668.65,1668.65,1668.65,0,15.0,0.5498,0.000108,-19.41,95.06
2026-08-19 11:32:00,76895.16,1668.65,1668.65,1668.65,1668.65,0,15.0,0.5491,0.000108,-19.41,95.08
2026-08-19 11:33:00,76888.85,1668.65,1668.65,1668.65,1668.65,0,15.0,0.5484,0.000108,-19.42,95.09
2026-08-19 11:34:00,76902.36,1668.65,1668.65,1668.65,1668.65,0,15.0,0.5499,0.000108,-19.41,95.06
2026-08-19 11:35:00,76903.65,1668.65,1668.65,1657.05,1657.05,20,15.13,0.5497,0.000107,-19.58,95.07
2026-08-19 11:36:00,76885.69,1657.05,1657.05,1657.05,1657.05,0,15.0,0.5481,0.000108,-19.42,95.09
2026-08-19 11:37:00,76864.26,1657.05,1657.05,1657.05,1657.05,0,15.0,0.5458,0.000108,-19.43,95.14
2026-08-19 11:38:00,76854.55,1657.05,1657.05,1657.05,1657.05,0,15.0,0.5447,0.000108,-19.44,95.16
2026-08-19 11:39:00,76869.96,1657.05,1657.05,1657.05,1657.05,0,15.0,0.5464,0.000108,-19.43,95.13
2026-08-19 11:40:00,76881.44,1657.05,1657.05,1657.05,1657.05,0,15.0,0.5476,0.000108,-19.42,95.1
2026-08-19 11:41:00,76885.02,1657.05,1657.05,1657.05,1657.05,0,15.0,0.548,0.000108,-19.42,95.09
2026-08-19 11:42:00,76881.96,1657.05,1657.05,1657.05,1657.05,0,15.0,0.5477,0.000108,-19.42,95.1
2026-08-19 11:43:00,76881.37,1657.05,1657.05,1657.05,1657.05,0,15.0,0.5476,0.000108,-19.42,95.1
2026-08-19 11:44:00,76891.18,1657.05,1657.05,1657.05,1657.05,0,15.0,0.5487,0.000108,-19.42,95.08
2026-08-19 11:45:00,76892.12,1657.05,1657.05,1657.05,1657.05,0,15.0,0.5488,0.000108,-19.42,95.07
2026-08-19 11:46:00,76914.01,1657.05,1657.05,1657.05,1657.05,0,15.0,0.5512,0.000108,-19.41,95.02
2026-08-19 11:47:00,76921.73,1657.05,1657.05,1657.05,1657.05,0,15.0,0.552,0.000108,-19.4,95.0
2026-08-19 11:48:00,76944.7,1657.05,1690.05,1657.05,1690.05,20,15.24,0.5539,0.000106,-19.71,94.97
2026-08-19 11:49:00,76963.21,1724.0,1724.0,1724.0,1724.0,20,15.49,0.5552,0.000104,-20.02,94.94
2026-08-19 11:50:00,76972.93,1724.0,1724.0,1724.0,1724.0,0,15.0,0.5575,0.000108,-19.37,94.87
2026-08-19 11:51:00,76975.17,1724.0,1724.0,1724.0,1724.0,0,15.0,0.5578,0.000108,-19.37,94.86
2026-08-19 11:52:00,76973.06,1724.0,1724.0,1724.0,1724.0,0,15.0,0.5575,0.000108,-19.37,94.86
2026-08-19 11:53:00,76982.14,1724.0,1724.0,1724.0,1724.0,0,15.0,0.5585,0.000108,-19.36,94.84
2026-08-19 11:54:00,76988.12,1724.0,1724.0,1724.0,1724.0,0,15.0,0.5592,0.000108,-19.36,94.82
2026-08-19 11:55:00,76981.6,1724.0,1743.85,1724.0,1743.85,20,15.6,0.5568,0.000104,-20.15,94.9
2026-08-19 11:56:00,76976.78,1743.85,1743.85,1743.85,1743.85,0,15.0,0.5579,0.000108,-19.37,94.85
2026-08-19 11:57:00,76985.96,1743.85,1743.85,1743.85,1743.85,0,15.0,0.5589,0.000108,-19.36,94.82
2026-08-19 11:58:00,76979.28,1743.85,1743.85,1743.85,1743.85,0,15.0,0.5582,0.000108,-19.37,94.84
2026-08-19 11:59:00,76990.88,1743.85,1743.85,1743.85,1743.85,0,15.0,0.5595,0.000108,-19.36,94.81
2026-08-19 12:00:00,76962.44,1743.85,1743.85,1743.85,1743.85,0,15.0,0.5564,0.000108,-19.38,94.89
2026-08-19 12:01:00,76943.32,1743.85,1743.85,1694.25,1694.25,20,15.3,0.5536,0.000106,-19.78,94.96
2026-08-19 12:02:00,76963.47,1694.25,1694.25,1694.25,1694.25,0,15.0,0.5565,0.000108,-19.38,94.88
2026-08-19 12:03:00,76932.66,1694.25,1694.25,1694.25,1694.25,0,15.0,0.5532,0.000108,-19.4,94.96
2026-08-19 12:04:00,76909.04,1694.25,1694.25,1694.25,1694.25,0,15.0,0.5506,0.000108,-19.41,95.02
2026-08-19 12:05:00,76917.65,1694.25,1694.25,1694.25,1694.25,0,15.0,0.5516,0.000108,-19.41,95.0
2026-08-19 12:06:00,76925.25,1694.25,1694.25,1694.25,1694.25,0,15.0,0.5524,0.000108,-19.4,94.98
2026-08-19 12:07:00,76928.81,1694.25,1694.25,1694.25,1694.25,0,15.0,0.5528,0.000108,-19.4,94.97
2026-08-19 12:08:00,76917.43,1694.25,1694.25,1694.25,1694.25,0,15.0,0.5515,0.000108,-19.41,94.99
2026-08-19 12:09:00,76897.2,1694.25,1694.25,1694.25,1694.25,0,15.0,0.5493,0.000108,-19.42,95.04
2026-08-19 12:10:00,76903.28,1694.25,1694.25,1694.25,1694.25,0,15.0,0.55,0.000108,-19.42,95.02
2026-08-19 12:11:00,76900.42,1694.25,1694.25,1694.25,1694.25,0,15.0,0.5497,0.000108,-19.42,95.03
2026-08-19 12:12:00,76892.56,1694.25,1694.25,1694.25,1694.25,0,15.0,0.5488,0.000108,-19.42,95.05
2026-08-19 12:13:00,76890.73,1694.25,1694.25,1694.25,1694.25,0,15.0,0.5486,0.000108,-19.42,95.05
2026-08-19 12:14:00,76892.33,1694.25,1694.25,1694.25,1694.25,0,15.0,0.5488,0.000108,-19.42,95.05
2026-08-19 12:15:00,76898.04,1694.25,1694.25,1694.25,1694.25,0,15.0,0.5494,0.000108,-19.42,95.03
2026-08-19 12:16:00,76897.06,1694.25,1694.25,1694.25,1694.25,0,15.0,0.5493,0.000108,-19.42,95.03
2026-08-19 12:17:00,76898.53,1694.25,1694.25,1694.25,1694.25,0,15.0,0.5495,0.000108,-19.42,95.03
2026-08-19 12:18:00,76891.6,1694.25,1694.25,1694.25,1694.25,0,15.0,0.5487,0.000108,-19.42,95.04
2026-08-19 12:19:00,76924.41,1694.25,1694.25,1694.25,1694.25,0,15.0,0.5523,0.000108,-19.41,94.97
2026-08-19 12:20:00,76926.03,1694.25,1694.25,1694.25,1694.25,0,15.0,0.5525,0.000108,-19.41,94.96
2026-08-19 12:21:00,76924.22,1694.25,1694.25,1694.25,1694.25,0,15.0,0.5523,0.000108,-19.41,94.96
2026-08-19 12:22:00,76908.72,1694.25,1694.25,1694.25,1694.25,0,15.0,0.5506,0.000108,-19.42,95.0
2026-08-19 12:23:00,76912.84,1694.25,1694.25,1694.25,1694.25,0,15.0,0.551,0.000108,-19.41,94.99
2026-08-19 12:24:00,76934.36,1694.25,1694.25,1694.25,1694.25,0,15.0,0.5534,0.000108,-19.4,94.94
2026-08-19 12:25:00,76923.44,1694.25,1694.25,1694.25,1694.25,0,15.0,0.5522,0.000108,-19.41,94.96
2026-08-19 12:26:00,76905.07,1694.25,1694.25,1694.25,1694.25,0,15.0,0.5502,0.000108,-19.42,95.01
2026-08-19 12:27:00,76907.84,1694.25,1694.25,1694.25,1694.25,0,15.0,0.5505,0.000108,-19.42,95.0
2026-08-19 12:28:00,76911.69,1694.25,1694.25,1682.05,1682.05,20,15.36,0.5501,0.000106,-19.88,95.02
2026-08-19 12:29:00,76923.2,1682.05,1682.05,1682.05,1682.05,0,15.0,0.5522,0.000108,-19.41,94.96
2026-08-19 12:30:00,76898.86,1682.05,1682.05,1682.05,1682.05,0,15.0,0.5495,0.000108,-19.42,95.02
2026-08-19 12:31:00,76905.45,1682.05,1682.05,1682.05,1682.05,0,15.0,0.5502,0.000108,-19.42,95.0
2026-08-19 12:32:00,76898.27,1682.05,1682.05,1670.85,1670.85,20,15.32,0.5488,0.000106,-19.84,95.04
2026-08-19 12:33:00,76902.81,1670.85,1670.85,1670.85,1670.85,0,15.0,0.55,0.000108,-19.42,95.0
2026-08-19 12:34:00,76902.99,1670.85,1670.85,1670.85,1670.85,0,15.0,0.55,0.000108,-19.42,95.0
2026-08-19 12:35:00,76921.83,1670.85,1670.85,1670.85,1670.85,0,15.0,0.552,0.000108,-19.41,94.96
2026-08-19 12:36:00,76924.88,1670.85,1670.85,1670.85,1670.85,0,15.0,0.5524,0.000108,-19.41,94.95
2026-08-19 12:37:00,76919.01,1670.85,1670.85,1669.25,1669.25,20,15.18,0.5513,0.000107,-19.65,94.98
2026-08-19 12:38:00,76897.09,1669.25,1669.25,1669.25,1669.25,0,15.0,0.5493,0.000108,-19.43,95.01
2026-08-19 12:39:00,76905.68,1669.25,1669.25,1669.25,1669.25,0,15.0,0.5503,0.000108,-19.42,94.99
2026-08-19 12:40:00,76905.2,1669.25,1669.25,1669.25,1669.25,0,15.0,0.5502,0.000108,-19.42,94.99
2026-08-19 12:41:00,76916.87,1669.25,1669.25,1669.25,1669.25,0,15.0,0.5515,0.000108,-19.41,94.96
2026-08-19 12:42:00,76904.15,1669.25,1669.25,1669.25,1669.25,0,15.0,0.5501,0.000108,-19.42,94.99
2026-08-19 12:43:00,76918.45,1669.25,1669.25,1669.25,1669.25,0,15.0,0.5517,0.000108,-19.41,94.96
2026-08-19 12:44:00,76915.0,1669.25,1669.25,1669.25,1669.25,0,15.0,0.5513,0.000108,-19.42,94.97
2026-08-19 12:45:00,76887.17,1669.25,1669.25,1669.25,1669.25,0,15.0,0.5483,0.000108,-19.43,95.03
2026-08-19 12:46:00,76902.19,1669.25,1669.25,1669.25,1669.25,0,15.0,0.5499,0.000108,-19.42,94.99
2026-08-19 12:47:00,76890.92,1669.25,1669.25,1669.25,1669.25,0,15.0,0.5487,0.000108,-19.43,95.02
2026-08-19 12:48:00,76899.48,1669.25,1669.25,1669.25,1669.25,0,15.0,0.5496,0.000108,-19.43,95.0
2026-08-19 12:49:00,76901.53,1669.25,1669.25,1669.25,1669.25,0,15.0,0.5498,0.000108,-19.43,94.99
2026-08-19 12:50:00,76908.9,1669.25,1669.25,1669.25,1669.25,0,15.0,0.5506,0.000108,-19.42,94.98
2026-08-19 12:51:00,76904.49,1669.25,1669.25,1669.25,1669.25,0,15.0,0.5502,0.000108,-19.42,94.98
2026-08-19 12:52:00,76904.85,1669.25,1669.25,1669.25,1669.25,0,15.0,0.5502,0.000108,-19.42,94.98
2026-08-19 12:53:00,76912.2,1669.25,1669.25,1669.25,1669.25,0,15.0,0.551,0.000108,-19.42,94.96
2026-08-19 12:54:00,76911.16,1669.25,1713.45,1669.25,1713.45,20,15.69,0.5493,0.000103,-20.33,95.02
2026-08-19 12:55:00,76910.23,1713.45,1713.45,1713.45,1713.45,0,15.0,0.5508,0.000108,-19.42,94.97
2026-08-19 12:56:00,76890.19,1713.45,1713.45,1713.45,1713.45,0,15.0,0.5486,0.000108,-19.43,95.01
2026-08-19 12:57:00,76898.2,1713.45,1713.45,1669.7,1669.7,20,15.31,0.5488,0.000106,-19.84,95.02
2026-08-19 12:58:00,76906.63,1669.7,1669.7,1669.7,1669.7,0,15.0,0.5504,0.000108,-19.42,94.97
2026-08-19 12:59:00,76908.52,1669.7,1669.7,1669.7,1669.7,0,15.0,0.5506,0.000108,-19.42,94.97
2026-08-19 13:00:00,76908.87,1669.7,1669.7,1669.7,1669.7,0,15.0,0.5506,0.000108,-19.42,94.97
2026-08-19 13:01:00,76919.18,1711.75,1711.75,1711.75,1711.75,20,15.63,0.5503,0.000104,-20.25,94.99
2026-08-19 13:02:00,76919.2,1711.75,1711.75,1711.75,1711.75,0,15.0,0.5517,0.000108,-19.42,94.94
2026-08-19 13:03:00,76921.86,1711.75,1711.75,1711.75,1711.75,0,15.0,0.552,0.000108,-19.42,94.93
2026-08-19 13:04:00,76925.09,1711.75,1711.75,1711.75,1711.75,0,15.0,0.5524,0.000108,-19.41,94.92
2026-08-19 13:05:00,76925.54,1711.75,1711.75,1683.2,1683.2,20,15.29,0.5517,0.000106,-19.8,94.95
2026-08-19 13:06:00,76916.16,1683.2,1683.2,1683.2,1683.2,0,15.0,0.5514,0.000108,-19.42,94.94
2026-08-19 13:07:00,76929.78,1683.2,1683.2,1683.2,1683.2,0,15.0,0.5529,0.000108,-19.41,94.91
2026-08-19 13:08:00,76926.21,1683.2,1683.2,1683.2,1683.2,0,15.0,0.5525,0.000108,-19.41,94.92
2026-08-19 13:09:00,76934.32,1683.2,1683.2,1682.65,1682.65,20,15.24,0.5528,0.000106,-19.72,94.92
2026-08-19 13:10:00,76913.35,1682.65,1682.65,1682.65,1682.65,0,15.0,0.5511,0.000108,-19.42,94.95
2026-08-19 13:11:00,76910.35,1682.65,1682.65,1682.65,1682.65,0,15.0,0.5508,0.000108,-19.42,94.95
2026-08-19 13:12:00,76902.87,1682.65,1682.65,1682.65,1682.65,0,15.0,0.55,0.000108,-19.43,94.97
2026-08-19 13:13:00,76894.84,1682.65,1682.65,1682.65,1682.65,0,15.0,0.5491,0.000108,-19.43,94.99
2026-08-19 13:14:00,76879.02,1682.65,1682.65,1682.65,1682.65,0,15.0,0.5474,0.000108,-19.44,95.02
2026-08-19 13:15:00,76873.23,1682.65,1682.65,1682.65,1682.65,0,15.0,0.5468,0.000108,-19.45,95.03
2026-08-19 13:16:00,76862.54,1682.65,1684.5,1682.65,1684.5,20,15.67,0.5443,0.000104,-20.33,95.09
2026-08-19 13:17:00,76851.66,1684.5,1684.5,1682.55,1682.55,20,15.72,0.5431,0.000104,-20.4,95.11
2026-08-19 13:18:00,76872.83,1682.55,1682.55,1682.55,1682.55,0,15.0,0.5467,0.000108,-19.45,95.03
2026-08-19 13:19:00,76877.75,1682.55,1682.55,1682.55,1682.55,0,15.0,0.5473,0.000108,-19.44,95.02
2026-08-19 13:20:00,76855.43,1682.55,1682.55,1650.45,1650.65,40,15.36,0.5442,0.000106,-19.93,95.08
2026-08-19 13:21:00,76859.21,1650.65,1650.65,1650.65,1650.65,0,15.0,0.5453,0.000108,-19.45,95.05
2026-08-19 13:22:00,76861.55,1650.65,1650.65,1650.65,1650.65,0,15.0,0.5455,0.000108,-19.45,95.05
2026-08-19 13:23:00,76858.54,1650.65,1650.65,1650.65,1650.65,0,15.0,0.5452,0.000108,-19.46,95.05
2026-08-19 13:24:00,76856.52,1691.85,1691.85,1656.95,1656.95,40,15.42,0.5442,0.000106,-20.01,95.08
2026-08-19 13:25:00,76862.51,1656.95,1656.95,1655.85,1655.85,20,15.37,0.5449,0.000106,-19.94,95.07
2026-08-19 13:26:00,76861.57,1655.85,1655.85,1655.85,1655.85,0,15.0,0.5455,0.000108,-19.45,95.05
2026-08-19 13:27:00,76858.54,1655.85,1655.85,1655.85,1655.85,0,15.0,0.5452,0.000109,-19.46,95.05
2026-08-19 13:28:00,76865.0,1655.85,1655.85,1655.85,1655.85,0,15.0,0.5459,0.000108,-19.45,95.04
2026-08-19 13:29:00,76857.92,1655.85,1655.85,1655.85,1655.85,0,15.0,0.5451,0.000109,-19.46,95.05
2026-08-19 13:30:00,76861.18,1655.85,1655.85,1655.85,1655.85,0,15.0,0.5455,0.000108,-19.46,95.04
2026-08-19 13:31:00,76866.62,1655.85,1655.85,1655.85,1655.85,0,15.0,0.5461,0.000108,-19.45,95.03
2026-08-19 13:32:00,76865.98,1655.85,1655.85,1655.85,1655.85,0,15.0,0.546,0.000108,-19.45,95.03
2026-08-19 13:33:00,76854.08,1655.85,1655.85,1655.85,1655.85,0,15.0,0.5447,0.000109,-19.46,95.05
2026-08-19 13:34:00,76854.8,1655.85,1655.85,1655.85,1655.85,0,15.0,0.5448,0.000109,-19.46,95.05
2026-08-19 13:35:00,76862.24,1655.85,1655.85,1655.85,1655.85,0,15.0,0.5456,0.000108,-19.46,95.04
2026-08-19 13:36:00,76875.94,1655.85,1655.85,1655.85,1655.85,0,15.0,0.5471,0.000108,-19.45,95.01
2026-08-19 13:37:00,76867.92,1655.85,1655.85,1655.85,1655.85,0,15.0,0.5462,0.000108,-19.45,95.02
2026-08-19 13:38:00,76859.14,1655.85,1655.85,1655.85,1655.85,0,15.0,0.5453,0.000109,-19.46,95.04
2026-08-19 13:39:00,76871.03,1655.85,1655.85,1655.85,1655.85,0,15.0,0.5465,0.000108,-19.45,95.01
2026-08-19 13:40:00,76871.21,1655.85,1655.85,1655.85,1655.85,0,15.0,0.5466,0.000108,-19.45,95.01
2026-08-19 13:41:00,76874.87,1655.85,1655.85,1655.85,1655.85,0,15.0,0.547,0.000108,-19.45,95.0
2026-08-19 13:42:00,76876.23,1655.85,1655.85,1655.85,1655.85,0,15.0,0.5471,0.000108,-19.45,95.0
2026-08-19 13:43:00,76872.57,1655.85,1655.85,1655.85,1655.85,0,15.0,0.5467,0.000108,-19.45,95.01
2026-08-19 13:44:00,76868.1,1655.85,1655.85,1655.85,1655.85,0,15.0,0.5462,0.000108,-19.45,95.02
2026-08-19 13:45:00,76876.33,1655.85,1703.9,1655.85,1703.9,40,15.8,0.5455,0.000103,-20.5,95.05
2026-08-19 13:46:00,76866.54,1703.9,1703.9,1703.9,1703.9,0,15.0,0.5461,0.000108,-19.46,95.02
2026-08-19 13:47:00,76862.75,1703.9,1703.9,1703.9,1703.9,0,15.0,0.5457,0.000109,-19.46,95.02
2026-08-19 13:48:00,76859.84,1703.9,1703.9,1661.35,1661.35,20,15.45,0.5445,0.000105,-20.05,95.05
2026-08-19 13:49:00,76866.77,1661.35,1661.35,1661.35,1661.35,0,15.0,0.5461,0.000108,-19.46,95.01
2026-08-19 13:50:00,76855.11,1661.35,1661.35,1655.2,1655.2,20,15.41,0.544,0.000106,-20.0,95.06
2026-08-19 13:51:00,76846.97,1655.2,1655.2,1645.5,1645.5,20,15.36,0.5433,0.000106,-19.94,95.07
2026-08-19 13:52:00,76857.19,1645.5,1645.5,1645.5,1645.5,0,15.0,0.545,0.000109,-19.46,95.03
2026-08-19 13:53:00,76863.64,1645.5,1645.5,1645.5,1645.5,0,15.0,0.5457,0.000109,-19.46,95.02
2026-08-19 13:54:00,76854.02,1645.5,1645.5,1645.5,1645.5,0,15.0,0.5447,0.000109,-19.46,95.03
2026-08-19 13:55:00,76866.64,1645.5,1645.5,1645.5,1645.5,0,15.0,0.5461,0.000108,-19.46,95.01
2026-08-19 13:56:00,76870.78,1645.5,1645.5,1645.5,1645.5,0,15.0,0.5465,0.000108,-19.46,95.0
2026-08-19 13:57:00,76880.16,1645.5,1645.5,1645.5,1645.5,0,15.0,0.5475,0.000108,-19.45,94.98
2026-08-19 13:58:00,76882.55,1645.5,1645.5,1645.5,1645.5,0,15.0,0.5478,0.000108,-19.45,94.97
2026-08-19 13:59:00,76874.85,1645.5,1645.5,1645.5,1645.5,0,15.0,0.547,0.000108,-19.45,94.99
2026-08-19 14:00:00,76881.37,1645.5,1645.5,1645.5,1645.5,0,15.0,0.5477,0.000108,-19.45,94.97
2026-08-19 14:01:00,76904.29,1645.5,1645.5,1645.5,1645.5,0,15.0,0.5502,0.000108,-19.44,94.92
2026-08-19 14:02:00,76914.07,1645.5,1645.5,1645.5,1645.5,0,15.0,0.5512,0.000108,-19.43,94.9
2026-08-19 14:03:00,76917.95,1645.5,1694.15,1645.5,1694.15,20,15.46,0.5506,0.000105,-20.04,94.92
2026-08-19 14:04:00,76925.43,1694.15,1726.5,1690.0,1690.0,40,15.38,0.5516,0.000106,-19.92,94.9
2026-08-19 14:05:00,76903.68,1690.0,1690.0,1690.0,1690.0,0,15.0,0.5501,0.000108,-19.44,94.92
2026-08-19 14:06:00,76914.16,1690.0,1690.0,1690.0,1690.0,0,15.0,0.5512,0.000108,-19.43,94.89
2026-08-19 14:07:00,76910.88,1690.0,1690.0,1690.0,1690.0,0,15.0,0.5509,0.000108,-19.43,94.9
2026-08-19 14:08:00,76931.74,1690.0,1690.0,1690.0,1690.0,0,15.0,0.5531,0.000108,-19.42,94.85
2026-08-19 14:09:00,76919.94,1690.0,1697.15,1690.0,1697.15,40,15.48,0.5507,0.000105,-20.07,94.91
2026-08-19 14:10:00,76912.41,1697.15,1697.15,1697.15,1697.15,0,15.0,0.551,0.000108,-19.43,94.89
2026-08-19 14:11:00,76937.03,1697.15,1697.15,1697.15,1697.15,0,15.0,0.5537,0.000108,-19.42,94.83
2026-08-19 14:12:00,76931.52,1697.15,1697.15,1697.15,1697.15,0,15.0,0.5531,0.000108,-19.42,94.85
2026-08-19 14:13:00,76920.22,1697.15,1697.15,1697.15,1697.15,0,15.0,0.5519,0.000108,-19.43,94.87
2026-08-19 14:14:00,76901.2,1697.15,1697.15,1683.75,1683.75,40,15.45,0.5488,0.000105,-20.04,94.95
2026-08-19 14:15:00,76888.29,1683.75,1683.75,1683.75,1683.75,0,15.0,0.5484,0.000108,-19.45,94.94
2026-08-19 14:16:00,76881.22,1683.75,1683.75,1683.75,1683.75,0,15.0,0.5477,0.000108,-19.45,94.96
2026-08-19 14:17:00,76875.09,1683.75,1683.75,1670.3,1670.3,40,15.46,0.5461,0.000105,-20.06,95.0
2026-08-19 14:18:00,76873.84,1670.3,1670.3,1670.3,1670.3,0,15.0,0.5469,0.000108,-19.46,94.97
2026-08-19 14:19:00,76866.13,1670.3,1670.3,1670.3,1670.3,0,15.0,0.546,0.000109,-19.46,94.99
2026-08-19 14:20:00,76859.17,1670.3,1670.3,1670.3,1670.3,0,15.0,0.5453,0.000109,-19.47,95.0
2026-08-19 14:21:00,76856.01,1670.3,1670.3,1670.3,1670.3,0,15.0,0.5449,0.000109,-19.47,95.01
2026-08-19 14:22:00,76839.75,1670.3,1679.75,1636.65,1637.3,60,15.32,0.5426,0.000106,-19.89,95.05
2026-08-19 14:23:00,76833.84,1637.3,1639.65,1637.3,1639.65,20,15.38,0.5419,0.000106,-19.97,95.06
2026-08-19 14:24:00,76839.58,1639.65,1639.65,1639.65,1639.65,0,15.0,0.5431,0.000109,-19.48,95.03
2026-08-19 14:25:00,76842.08,1639.65,1639.65,1639.65,1639.65,0,15.0,0.5434,0.000109,-19.48,95.03
2026-08-19 14:26:00,76850.8,1639.65,1639.65,1639.65,1639.65,0,15.0,0.5444,0.000109,-19.47,95.01
2026-08-19 14:27:00,76845.66,1639.65,1639.65,1639.65,1639.65,0,15.0,0.5438,0.000109,-19.47,95.02
2026-08-19 14:28:00,76840.66,1639.65,1639.65,1639.65,1639.65,0,15.0,0.5433,0.000109,-19.48,95.03
2026-08-19 14:29:00,76858.82,1639.65,1639.65,1639.65,1639.65,0,15.0,0.5452,0.000109,-19.47,94.99
2026-08-19 14:30:00,76874.83,1639.65,1639.65,1639.65,1639.65,0,15.0,0.547,0.000108,-19.46,94.96
2026-08-19 14:31:00,76886.09,1639.65,1639.65,1639.65,1639.65,0,15.0,0.5482,0.000108,-19.45,94.93
2026-08-19 14:32:00,76886.14,1639.65,1709.05,1639.65,1709.05,20,15.81,0.5466,0.000103,-20.51,94.98
2026-08-19 14:33:00,76897.32,1709.05,1709.05,1709.05,1709.05,0,15.0,0.5494,0.000108,-19.45,94.91
2026-08-19 14:34:00,76903.66,1709.05,1709.05,1682.95,1682.95,20,15.43,0.5491,0.000105,-20.01,94.92
2026-08-19 14:35:00,76991.99,1682.95,1682.95,1682.95,1682.95,0,15.0,0.5597,0.000108,-19.39,94.66
2026-08-19 14:36:00,76971.0,1682.95,1682.95,1682.95,1682.95,0,15.0,0.5574,0.000108,-19.4,94.72
2026-08-19 14:37:00,76960.06,1682.95,1757.25,1682.95,1757.25,20,15.89,0.554,0.000102,-20.58,94.83
2026-08-19 14:38:00,76912.48,1757.25,1757.25,1689.7,1689.7,20,15.45,0.55,0.000105,-20.03,94.9
2026-08-19 14:39:00,76907.01,1689.7,1689.7,1689.7,1689.7,0,15.0,0.5505,0.000108,-19.44,94.88
2026-08-19 14:40:00,76909.48,1689.7,1689.7,1689.7,1689.7,0,15.0,0.5507,0.000108,-19.44,94.87
2026-08-19 14:41:00,76884.26,1689.7,1689.7,1689.7,1689.7,0,15.0,0.548,0.000108,-19.46,94.93
2026-08-19 14:42:00,76894.95,1689.7,1689.7,1689.7,1689.7,0,15.0,0.5492,0.000108,-19.45,94.9
2026-08-19 14:43:00,76908.98,1689.7,1689.7,1689.7,1689.7,0,15.0,0.5507,0.000108,-19.44,94.87
2026-08-19 14:44:00,76911.24,1689.7,1689.7,1689.7,1689.7,0,15.0,0.5509,0.000108,-19.44,94.87
2026-08-19 14:45:00,76916.24,1689.7,1689.7,1689.7,1689.7,0,15.0,0.5515,0.000108,-19.44,94.85
2026-08-19 14:46:00,76903.32,1689.7,1689.7,1689.7,1689.7,0,15.0,0.5501,0.000108,-19.45,94.88
2026-08-19 14:47:00,76890.55,1689.7,1689.7,1689.7,1689.7,0,15.0,0.5487,0.000108,-19.45,94.91
2026-08-19 14:48:00,76884.54,1689.7,1689.7,1689.7,1689.7,0,15.0,0.548,0.000108,-19.46,94.92
2026-08-19 14:49:00,76881.95,1689.7,1689.7,1689.7,1689.7,0,15.0,0.5478,0.000108,-19.46,94.93
2026-08-19 14:50:00,76897.89,1689.7,1689.7,1689.7,1689.7,0,15.0,0.5495,0.000108,-19.45,94.89
2026-08-19 14:51:00,76898.58,1689.7,1689.7,1689.7,1689.7,0,15.0,0.5496,0.000108,-19.45,94.89
2026-08-19 14:52:00,76894.95,1689.7,1689.7,1689.7,1689.7,0,15.0,0.5492,0.000108,-19.45,94.9
2026-08-19 14:53:00,76912.14,1689.7,1689.7,1689.7,1689.7,0,15.0,0.551,0.000108,-19.44,94.86
2026-08-19 14:54:00,76903.93,1689.7,1689.7,1689.7,1689.7,0,15.0,0.5501,0.000108,-19.45,94.87
2026-08-19 14:55:00,76905.0,1689.7,1689.7,1689.7,1689.7,0,15.0,0.5503,0.000108,-19.45,94.87
2026-08-19 14:56:00,76931.13,1689.7,1689.7,1689.7,1689.7,0,15.0,0.5531,0.000108,-19.43,94.81
2026-08-19 14:57:00,76916.85,1689.7,1689.7,1689.7,1689.7,0,15.0,0.5515,0.000108,-19.44,94.84
2026-08-19 14:58:00,76934.57,1689.7,1689.7,1689.7,1689.7,0,15.0,0.5535,0.000108,-19.43,94.8
2026-08-19 14:59:00,76922.13,1689.7,1689.7,1689.7,1689.7,0,15.0,0.5521,0.000108,-19.44,94.83
2026-08-19 15:00:00,76911.25,1689.7,1689.7,1689.7,1689.7,0,15.0,0.5509,0.000108,-19.44,94.85
2026-08-19 15:01:00,76941.09,1689.7,1689.7,1689.7,1689.7,0,15.0,0.5542,0.000108,-19.43,94.78
2026-08-19 15:02:00,76944.55,1689.7,1689.7,1689.7,1689.7,0,15.0,0.5545,0.000108,-19.42,94.77
2026-08-19 15:03:00,76927.08,1689.7,1689.7,1689.7,1689.7,0,15.0,0.5527,0.000108,-19.44,94.81
2026-08-19 15:04:00,76930.88,1689.7,1689.7,1689.7,1689.7,0,15.0,0.5531,0.000108,-19.43,94.8
2026-08-19 15:05:00,76904.72,1689.7,1689.7,1689.7,1689.7,0,15.0,0.5502,0.000108,-19.45,94.86
2026-08-19 15:06:00,76882.93,1689.7,1689.7,1689.7,1689.7,0,15.0,0.5479,0.000108,-19.46,94.91
2026-08-19 15:07:00,76879.73,1689.7,1689.7,1689.7,1689.7,0,15.0,0.5475,0.000108,-19.46,94.92
2026-08-19 15:08:00,76872.15,1689.7,1689.7,1689.7,1689.7,0,15.0,0.5467,0.000109,-19.47,94.93
2026-08-19 15:09:00,76888.01,1689.7,1689.7,1689.7,1689.7,0,15.0,0.5484,0.000108,-19.46,94.9
2026-08-19 15:10:00,76885.26,1689.7,1689.7,1689.7,1689.7,0,15.0,0.5481,0.000108,-19.46,94.9
2026-08-19 15:11:00,76889.36,1689.7,1689.7,1689.7,1689.7,0,15.0,0.5486,0.000108,-19.46,94.89
2026-08-19 15:12:00,76909.96,1689.7,1689.7,1689.7,1689.7,0,15.0,0.5508,0.000108,-19.45,94.84
2026-08-19 15:13:00,76916.1,1689.7,1689.7,1689.7,1689.7,0,15.0,0.5515,0.000108,-19.44,94.83
2026-08-19 15:14:00,76908.68,1689.7,1689.7,1689.7,1689.7,0,15.0,0.5507,0.000108,-19.45,94.84
2026-08-19 15:15:00,76908.05,1689.7,1689.7,1689.7,1689.7,0,15.0,0.5506,0.000108,-19.45,94.84
2026-08-19 15:16:00,76908.05,1689.7,1689.7,1689.7,1689.7,0,15.0,0.5506,0.000108,-19.45,94.84
2026-08-19 15:17:00,76908.05,1689.7,1689.7,1689.7,1689.7,0,15.0,0.5506,0.000108,-19.45,94.84
2026-08-19 15:18:00,76908.05,1689.7,1689.7,1689.7,1689.7,0,15.0,0.5506,0.000108,-19.45,94.84
2026-08-19 15:19:00,76908.05,1689.7,1689.7,1689.7,1689.7,0,15.0,0.5506,0.000108,-19.45,94.84
2026-08-19 15:20:00,76908.05,1689.7,1689.7,1689.7,1689.7,0,15.0,0.5506,0.000108,-19.45,94.84
2026-08-19 15:21:00,76908.05,1689.7,1689.7,1689.7,1689.7,0,15.0,0.5506,0.000108,-19.45,94.84
2026-08-19 15:22:00,76908.05,1689.7,1689.7,1689.7,1689.7,0,15.0,0.5506,0.000108,-19.45,94.84
2026-08-19 15:23:00,76908.05,1689.7,1689.7,1689.7,1689.7,0,15.0,0.5506,0.000108,-19.45,94.84
2026-08-19 15:24:00,76908.05,1689.7,1689.7,1689.7,1689.7,0,15.0,0.5506,0.000108,-19.45,94.84
2026-08-19 15:25:00,76908.05,1689.7,1689.7,1689.7,1689.7,0,15.0,0.5506,0.000108,-19.45,94.84
2026-08-19 15:26:00,76908.05,1689.7,1689.7,1689.7,1689.7,0,15.0,0.5506,0.000108,-19.45,94.83
2026-08-19 15:27:00,76908.05,1689.7,1689.7,1689.7,1689.7,0,15.0,0.5506,0.000108,-19.45,94.83
2026-08-19 15:28:00,76908.05,1689.7,1689.7,1689.7,1689.7,0,15.0,0.5506,0.000108,-19.45,94.83
2026-08-19 15:29:00,76909.68,1689.7,1689.7,1689.7,1689.7,0,15.0,0.5508,0.000108,-19.45,94.83
2026-08-20 09:17:00,77418.45,1900.0,1900.0,1900.0,1900.0,220,14.73,0.6076,0.000107,-18.79,91.61
2026-08-20 09:18:00,77428.55,1900.0,1900.0,1900.0,1900.0,0,15.0,0.6071,0.000106,-19.14,91.66
2026-08-20 09:19:00,77398.64,1900.0,1900.0,1900.0,1900.0,0,15.0,0.6039,0.000106,-19.18,91.84
2026-08-20 09:20:00,77399.38,1900.0,1900.0,1900.0,1900.0,0,15.0,0.604,0.000106,-19.18,91.83
2026-08-20 09:21:00,77403.72,1900.0,1900.0,1900.0,1900.0,0,15.0,0.6045,0.000106,-19.18,91.8
2026-08-20 09:22:00,77402.16,1900.0,1900.0,1900.0,1900.0,0,15.0,0.6043,0.000106,-19.18,91.81
2026-08-20 09:23:00,77396.99,1900.0,1900.0,1900.0,1900.0,0,15.0,0.6038,0.000106,-19.18,91.84
2026-08-20 09:24:00,77393.34,1900.0,1900.0,1900.0,1900.0,0,15.0,0.6034,0.000106,-19.19,91.86
2026-08-20 09:25:00,77414.33,1900.0,1900.0,1900.0,1900.0,0,15.0,0.6056,0.000106,-19.16,91.74
2026-08-20 09:26:00,77414.26,1900.0,1900.0,1900.0,1900.0,0,15.0,0.6056,0.000106,-19.16,91.74
2026-08-20 09:27:00,77404.67,1900.0,1900.0,1900.0,1900.0,0,15.0,0.6046,0.000106,-19.17,91.79
2026-08-20 09:28:00,77423.57,1900.0,1900.0,1900.0,1900.0,0,15.0,0.6066,0.000106,-19.15,91.68
2026-08-20 09:29:00,77399.89,1900.0,1900.0,1900.0,1900.0,0,15.0,0.6041,0.000106,-19.18,91.82
2026-08-20 09:30:00,77404.99,1900.0,1900.0,1900.0,1900.0,0,15.0,0.6046,0.000106,-19.18,91.79
2026-08-20 09:31:00,77399.86,1900.0,1900.0,1900.0,1900.0,0,15.0,0.6041,0.000106,-19.18,91.82
2026-08-20 09:32:00,77402.46,1900.0,1900.0,1900.0,1900.0,0,15.0,0.6044,0.000106,-19.18,91.8
2026-08-20 09:33:00,77398.04,1900.0,1900.0,1900.0,1900.0,0,15.0,0.6039,0.000106,-19.18,91.83
2026-08-20 09:34:00,77430.22,1900.0,1900.0,1900.0,1900.0,0,15.0,0.6073,0.000106,-19.14,91.64
2026-08-20 09:35:00,77458.8,1900.0,1900.0,1900.0,1900.0,0,15.0,0.6103,0.000105,-19.1,91.46
2026-08-20 09:36:00,77461.54,1900.0,1900.0,1900.0,1900.0,0,15.0,0.6106,0.000105,-19.1,91.44
2026-08-20 09:37:00,77452.5,1900.0,1900.0,1900.0,1900.0,0,15.0,0.6096,0.000105,-19.11,91.5
2026-08-20 09:38:00,77447.04,1900.0,1900.0,1900.0,1900.0,0,15.0,0.6091,0.000105,-19.12,91.53
2026-08-20 09:39:00,77450.18,1900.0,1900.0,1900.0,1900.0,0,15.0,0.6094,0.000105,-19.11,91.51
2026-08-20 09:40:00,77477.19,1900.0,1900.0,1900.0,1900.0,0,15.0,0.6122,0.000105,-19.08,91.34
2026-08-20 09:41:00,77469.8,1900.0,1900.0,1900.0,1900.0,0,15.0,0.6115,0.000105,-19.09,91.39
2026-08-20 09:42:00,77455.29,1900.0,1900.0,1900.0,1900.0,0,15.0,0.6099,0.000105,-19.11,91.48
2026-08-20 09:43:00,77467.15,1900.0,1900.0,1900.0,1900.0,0,15.0,0.6112,0.000105,-19.09,91.4
2026-08-20 09:44:00,77480.26,1900.0,1900.0,1900.0,1900.0,0,15.0,0.6126,0.000105,-19.07,91.32
2026-08-20 09:45:00,77496.81,1900.0,1900.0,1900.0,1900.0,0,15.0,0.6143,0.000105,-19.05,91.21
2026-08-20 09:46:00,77485.83,1900.0,1900.0,1900.0,1900.0,0,15.0,0.6132,0.000105,-19.06,91.28
2026-08-20 09:47:00,77467.75,1900.0,1900.0,1900.0,1900.0,0,15.0,0.6113,0.000105,-19.09,91.39
2026-08-20 09:48:00,77472.74,1900.0,1900.0,1900.0,1900.0,0,15.0,0.6118,0.000105,-19.08,91.36
2026-08-20 09:49:00,77470.53,1900.0,1900.0,1900.0,1900.0,0,15.0,0.6115,0.000105,-19.09,91.37
2026-08-20 09:50:00,77456.38,1900.0,1900.0,1900.0,1900.0,0,15.0,0.6101,0.000105,-19.11,91.46
2026-08-20 09:51:00,77443.47,1900.0,1900.0,1900.0,1900.0,0,15.0,0.6087,0.000105,-19.13,91.54
2026-08-20 09:52:00,77436.9,1900.0,1900.0,1900.0,1900.0,0,15.0,0.608,0.000105,-19.14,91.58
2026-08-20 09:53:00,77434.71,1900.0,1900.0,1900.0,1900.0,0,15.0,0.6078,0.000105,-19.14,91.59
2026-08-20 09:54:00,77452.83,1900.0,1900.0,1900.0,1900.0,0,15.0,0.6097,0.000105,-19.11,91.48
2026-08-20 09:55:00,77460.06,1900.0,1900.0,1900.0,1900.0,0,15.0,0.6105,0.000105,-19.1,91.43
2026-08-20 09:56:00,77470.62,1900.0,1900.0,1900.0,1900.0,0,15.0,0.6116,0.000105,-19.09,91.37
2026-08-20 09:57:00,77469.99,1900.0,1900.0,1900.0,1900.0,0,15.0,0.6115,0.000105,-19.09,91.37
2026-08-20 09:58:00,77454.21,1900.0,1900.0,1900.0,1900.0,0,15.0,0.6098,0.000105,-19.11,91.47
2026-08-20 09:59:00,77452.34,1900.0,1900.0,1900.0,1900.0,0,15.0,0.6096,0.000105,-19.11,91.48
2026-08-20 10:00:00,77454.01,1900.0,1900.0,1900.0,1900.0,0,15.0,0.6098,0.000105,-19.11,91.47
2026-08-20 10:01:00,77460.46,1900.0,1900.0,1900.0,1900.0,0,15.0,0.6105,0.000105,-19.1,91.43
2026-08-20 10:02:00,77458.58,1900.0,1900.0,1900.0,1900.0,0,15.0,0.6103,0.000105,-19.11,91.44
2026-08-20 10:03:00,77437.4,1900.0,1900.0,1900.0,1900.0,0,15.0,0.6081,0.000105,-19.14,91.56
2026-08-20 10:04:00,77448.83,1900.0,1900.0,1900.0,1900.0,0,15.0,0.6093,0.000105,-19.12,91.49
2026-08-20 10:05:00,77462.33,1900.0,1900.0,1900.0,1900.0,0,15.0,0.6107,0.000105,-19.1,91.41
2026-08-20 10:06:00,77457.29,1900.0,1900.0,1900.0,1900.0,0,15.0,0.6102,0.000105,-19.11,91.44
2026-08-20 10:07:00,77470.34,1900.0,1900.0,1900.0,1900.0,0,15.0,0.6115,0.000105,-19.09,91.36
2026-08-20 10:08:00,77449.15,1900.0,1900.0,1900.0,1900.0,0,15.0,0.6093,0.000105,-19.12,91.49
2026-08-20 10:09:00,77480.4,1900.0,1900.0,1900.0,1900.0,0,15.0,0.6126,0.000105,-19.08,91.29
2026-08-20 10:10:00,77493.48,1900.0,1900.0,1900.0,1900.0,0,15.0,0.614,0.000105,-19.06,91.21
2026-08-20 10:11:00,77488.45,1900.0,1900.0,1900.0,1900.0,0,15.0,0.6135,0.000105,-19.06,91.24
2026-08-20 10:12:00,77495.06,1900.0,1900.0,1900.0,1900.0,0,15.0,0.6141,0.000105,-19.06,91.2
2026-08-20 10:13:00,77489.69,1900.0,1900.0,1900.0,1900.0,0,15.0,0.6136,0.000105,-19.06,91.23
2026-08-20 10:14:00,77492.38,1900.0,1900.0,1900.0,1900.0,0,15.0,0.6139,0.000105,-19.06,91.21
2026-08-20 10:15:00,77500.49,1900.0,1900.0,1900.0,1900.0,0,15.0,0.6147,0.000105,-19.05,91.16
2026-08-20 10:16:00,77507.39,1900.0,1900.0,1900.0,1900.0,0,15.0,0.6154,0.000105,-19.04,91.11
2026-08-20 10:17:00,77507.56,1900.0,1900.0,1900.0,1900.0,0,15.0,0.6155,0.000105,-19.04,91.11
2026-08-20 10:18:00,77506.6,1900.0,1900.0,1900.0,1900.0,0,15.0,0.6154,0.000105,-19.04,91.12
2026-08-20 10:19:00,77492.81,1900.0,1900.0,1900.0,1900.0,0,15.0,0.6139,0.000105,-19.06,91.2
2026-08-20 10:20:00,77476.83,1900.0,1900.0,1900.0,1900.0,0,15.0,0.6122,0.000105,-19.08,91.31
2026-08-20 10:21:00,77488.11,1900.0,1900.0,1900.0,1900.0,0,15.0,0.6134,0.000105,-19.07,91.23
2026-08-20 10:22:00,77498.76,1900.0,1900.0,1900.0,1900.0,0,15.0,0.6145,0.000105,-19.05,91.16
2026-08-20 10:23:00,77498.33,1900.0,1900.0,1900.0,1900.0,0,15.0,0.6145,0.000105,-19.05,91.17
2026-08-20 10:24:00,77493.01,1900.0,1900.0,1900.0,1900.0,0,15.0,0.6139,0.000105,-19.06,91.2
2026-08-20 10:25:00,77466.9,1900.0,1900.0,1900.0,1900.0,0,15.0,0.6112,0.000105,-19.1,91.36
2026-08-20 10:26:00,77458.37,1900.0,1900.0,1900.0,1900.0,0,15.0,0.6103,0.000105,-19.11,91.41
2026-08-20 10:27:00,77454.03,1900.0,1900.0,1900.0,1900.0,0,15.0,0.6098,0.000105,-19.12,91.44
2026-08-20 10:28:00,77469.89,1900.0,1900.0,1900.0,1900.0,0,15.0,0.6115,0.000105,-19.1,91.34
2026-08-20 10:29:00,77446.68,1900.0,1900.0,1900.0,1900.0,0,15.0,0.6091,0.000105,-19.13,91.48
2026-08-20 10:30:00,77455.64,1900.0,1900.0,1900.0,1900.0,0,15.0,0.61,0.000105,-19.12,91.43
2026-08-20 10:31:00,77454.89,1900.0,1900.0,1900.0,1900.0,0,15.0,0.6099,0.000105,-19.12,91.43
2026-08-20 10:32:00,77451.9,1900.0,1900.0,1900.0,1900.0,0,15.0,0.6096,0.000105,-19.12,91.45
2026-08-20 10:33:00,77451.26,1900.0,1900.0,1900.0,1900.0,0,15.0,0.6096,0.000105,-19.12,91.45
2026-08-20 10:34:00,77441.21,1900.0,1900.0,1900.0,1900.0,0,15.0,0.6085,0.000105,-19.14,91.51
2026-08-20 10:35:00,77449.18,1900.0,1900.0,1900.0,1900.0,0,15.0,0.6093,0.000105,-19.13,91.46
2026-08-20 10:36:00,77424.36,1900.0,1900.0,1900.0,1900.0,0,15.0,0.6067,0.000106,-19.16,91.61
2026-08-20 10:37:00,77414.08,1900.0,1900.0,1900.0,1900.0,0,15.0,0.6056,0.000106,-19.18,91.67
2026-08-20 10:38:00,77413.58,1900.0,1900.0,1900.0,1900.0,0,15.0,0.6056,0.000106,-19.18,91.67
2026-08-20 10:39:00,77421.87,1900.0,1900.0,1900.0,1900.0,0,15.0,0.6065,0.000106,-19.16,91.62
2026-08-20 10:40:00,77423.15,1900.0,1900.0,1900.0,1900.0,0,15.0,0.6066,0.000106,-19.16,91.61
2026-08-20 10:41:00,77424.36,1900.0,1900.0,1900.0,1900.0,0,15.0,0.6067,0.000106,-19.16,91.61
2026-08-20 10:42:00,77419.58,1900.0,1900.0,1900.0,1900.0,0,15.0,0.6062,0.000106,-19.17,91.63
2026-08-20 10:43:00,77426.26,1900.0,1900.0,1900.0,1900.0,0,15.0,0.6069,0.000106,-19.16,91.59
2026-08-20 10:44:00,77439.99,1900.0,1900.0,1900.0,1900.0,0,15.0,0.6084,0.000105,-19.14,91.51
2026-08-20 10:45:00,77437.32,1900.0,1900.0,1900.0,1900.0,0,15.0,0.6081,0.000106,-19.14,91.53
2026-08-20 10:46:00,77414.89,1900.0,1900.0,1900.0,1900.0,0,15.0,0.6057,0.000106,-19.18,91.66
2026-08-20 10:47:00,77414.71,1900.0,1900.0,1900.0,1900.0,0,15.0,0.6057,0.000106,-19.18,91.66
2026-08-20 10:48:00,77423.79,1900.0,1900.0,1900.0,1900.0,0,15.0,0.6067,0.000106,-19.16,91.6
2026-08-20 10:49:00,77435.99,1900.0,1900.0,1900.0,1900.0,0,15.0,0.608,0.000106,-19.15,91.53
2026-08-20 10:50:00,77436.6,1900.0,1900.0,1900.0,1900.0,0,15.0,0.608,0.000106,-19.15,91.52
2026-08-20 10:51:00,77442.09,1900.0,1900.0,1900.0,1900.0,0,15.0,0.6086,0.000105,-19.14,91.49
2026-08-20 10:52:00,77424.47,1900.0,1900.0,1900.0,1900.0,0,15.0,0.6068,0.000106,-19.16,91.6
2026-08-20 10:53:00,77434.82,1900.0,1900.0,1900.0,1900.0,0,15.0,0.6078,0.000106,-19.15,91.53
2026-08-20 10:54:00,77421.69,1900.0,1900.0,1900.0,1900.0,0,15.0,0.6065,0.000106,-19.17,91.61
2026-08-20 10:55:00,77434.48,1900.0,1900.0,1900.0,1900.0,0,15.0,0.6078,0.000106,-19.15,91.53
2026-08-20 10:56:00,77432.61,1900.0,1900.0,1900.0,1900.0,0,15.0,0.6076,0.000106,-19.15,91.54
2026-08-20 10:57:00,77435.48,1900.0,1900.0,1900.0,1900.0,0,15.0,0.6079,0.000106,-19.15,91.52
2026-08-20 10:58:00,77448.89,1900.0,1900.0,1900.0,1900.0,0,15.0,0.6093,0.000105,-19.13,91.44
2026-08-20 10:59:00,77448.52,1900.0,1900.0,1900.0,1900.0,0,15.0,0.6093,0.000105,-19.13,91.44
2026-08-20 11:00:00,77476.41,1900.0,1900.0,1900.0,1900.0,0,15.0,0.6122,0.000105,-19.09,91.27
2026-08-20 11:01:00,77461.21,1995.0,1995.0,1995.0,1995.0,120,15.5,0.6076,0.000102,-19.8,91.57
2026-08-20 11:02:00,77455.74,1995.0,1995.0,1995.0,1995.0,0,15.0,0.6101,0.000105,-19.12,91.4
2026-08-20 11:03:00,77441.32,1995.0,1995.0,1995.0,1995.0,0,15.0,0.6085,0.000105,-19.14,91.48
2026-08-20 11:04:00,77451.14,1995.0,1995.0,1995.0,1995.0,0,15.0,0.6096,0.000105,-19.13,91.42
2026-08-20 11:05:00,77450.88,1995.0,1995.0,1995.0,1995.0,0,15.0,0.6096,0.000105,-19.13,91.42
2026-08-20 11:06:00,77457.34,1995.0,1995.0,1995.0,1995.0,0,15.0,0.6102,0.000105,-19.12,91.38
2026-08-20 11:07:00,77445.75,1995.0,1995.0,1995.0,1995.0,0,15.0,0.609,0.000105,-19.14,91.45
2026-08-20 11:08:00,77441.38,1995.0,1995.0,1995.0,1995.0,0,15.0,0.6086,0.000106,-19.14,91.48
2026-08-20 11:09:00,77446.82,1995.0,1995.0,1995.0,1995.0,0,15.0,0.6091,0.000105,-19.14,91.44
2026-08-20 11:10:00,77437.67,1995.0,1995.0,1995.0,1995.0,0,15.0,0.6082,0.000106,-19.15,91.5
2026-08-20 11:11:00,77432.33,1995.0,1995.0,1995.0,1995.0,0,15.0,0.6076,0.000106,-19.16,91.53
2026-08-20 11:12:00,77427.75,1995.0,1995.0,1995.0,1995.0,0,15.0,0.6071,0.000106,-19.16,91.56
2026-08-20 11:13:00,77420.75,1995.0,1995.0,1995.0,1995.0,0,15.0,0.6064,0.000106,-19.17,91.6
2026-08-20 11:14:00,77424.68,1995.0,1995.0,1995.0,1995.0,0,15.0,0.6068,0.000106,-19.17,91.57
2026-08-20 11:15:00,77413.07,1995.0,1995.0,1995.0,1995.0,0,15.0,0.6056,0.000106,-19.18,91.64
2026-08-20 11:16:00,77428.42,1995.0,1995.0,1995.0,1995.0,0,15.0,0.6072,0.000106,-19.16,91.55
2026-08-20 11:17:00,77418.13,1995.0,1995.0,1995.0,1995.0,0,15.0,0.6061,0.000106,-19.18,91.61
2026-08-20 11:18:00,77400.96,1995.0,1995.0,1995.0,1995.0,0,15.0,0.6043,0.000106,-19.2,91.71
2026-08-20 11:19:00,77404.32,1995.0,1995.0,1995.0,1995.0,0,15.0,0.6046,0.000106,-19.2,91.69
2026-08-20 11:20:00,77392.8,1995.0,1995.0,1995.0,1995.0,0,15.0,0.6034,0.000106,-19.21,91.75
2026-08-20 11:21:00,77389.45,1995.0,1995.0,1995.0,1995.0,0,15.0,0.6031,0.000106,-19.22,91.77
2026-08-20 11:22:00,77381.59,1995.0,1995.0,1995.0,1995.0,0,15.0,0.6022,0.000106,-19.23,91.82
2026-08-20 11:23:00,77395.17,1995.0,1995.0,1995.0,1995.0,0,15.0,0.6037,0.000106,-19.21,91.74
2026-08-20 11:24:00,77382.09,1995.0,1995.0,1995.0,1995.0,0,15.0,0.6023,0.000106,-19.23,91.81
2026-08-20 11:25:00,77390.66,1995.0,1995.0,1995.0,1995.0,0,15.0,0.6032,0.000106,-19.22,91.76
2026-08-20 11:26:00,77377.41,1995.0,1995.0,1995.0,1995.0,0,15.0,0.6018,0.000106,-19.23,91.84
2026-08-20 11:27:00,77391.42,1995.0,1995.0,1995.0,1995.0,0,15.0,0.6033,0.000106,-19.22,91.76
2026-08-20 11:28:00,77393.18,1995.0,1995.0,1995.0,1995.0,0,15.0,0.6035,0.000106,-19.21,91.74
2026-08-20 11:29:00,77396.78,1995.0,1995.0,1995.0,1995.0,0,15.0,0.6039,0.000106,-19.21,91.72
2026-08-20 11:30:00,77416.35,1995.0,1995.0,1995.0,1995.0,0,15.0,0.6059,0.000106,-19.18,91.61
2026-08-20 11:31:00,77415.06,1995.0,1995.0,1995.0,1995.0,0,15.0,0.6058,0.000106,-19.18,91.61
2026-08-20 11:32:00,77447.48,1995.0,1995.0,1995.0,1995.0,0,15.0,0.6092,0.000105,-19.14,91.42
2026-08-20 11:33:00,77442.73,1995.0,1995.0,1995.0,1995.0,0,15.0,0.6087,0.000106,-19.15,91.45
2026-08-20 11:34:00,77428.74,1995.0,1995.0,1995.0,1995.0,0,15.0,0.6072,0.000106,-19.17,91.53
2026-08-20 11:35:00,77435.43,1995.0,1995.0,1995.0,1995.0,0,15.0,0.608,0.000106,-19.16,91.49
2026-08-20 11:36:00,77431.02,1995.0,1995.0,1995.0,1995.0,0,15.0,0.6075,0.000106,-19.16,91.51
2026-08-20 11:37:00,77418.79,1995.0,1995.0,1995.0,1995.0,0,15.0,0.6062,0.000106,-19.18,91.59
2026-08-20 11:38:00,77427.56,1995.0,1995.0,1995.0,1995.0,0,15.0,0.6071,0.000106,-19.17,91.53
2026-08-20 11:39:00,77428.15,1995.0,1995.0,1995.0,1995.0,0,15.0,0.6072,0.000106,-19.17,91.53
2026-08-20 11:40:00,77422.79,1995.0,1995.0,1995.0,1995.0,0,15.0,0.6066,0.000106,-19.17,91.56
2026-08-20 11:41:00,77418.3,1995.0,1995.0,1995.0,1995.0,0,15.0,0.6061,0.000106,-19.18,91.59
2026-08-20 11:42:00,77427.21,1995.0,1995.0,1995.0,1995.0,0,15.0,0.6071,0.000106,-19.17,91.53
2026-08-20 11:43:00,77432.92,1995.0,1995.0,1995.0,1995.0,0,15.0,0.6077,0.000106,-19.16,91.5
2026-08-20 11:44:00,77426.84,1995.0,1995.0,1995.0,1995.0,0,15.0,0.6071,0.000106,-19.17,91.53
2026-08-20 11:45:00,77432.08,1995.0,1995.0,1995.0,1995.0,0,15.0,0.6076,0.000106,-19.16,91.5
2026-08-20 11:46:00,77443.42,1995.0,1995.0,1995.0,1995.0,0,15.0,0.6088,0.000106,-19.15,91.43
2026-08-20 11:47:00,77454.33,1995.0,1995.0,1995.0,1995.0,0,15.0,0.61,0.000105,-19.13,91.36
2026-08-20 11:48:00,77440.71,1995.0,1995.0,1995.0,1995.0,0,15.0,0.6085,0.000106,-19.15,91.44
2026-08-20 11:49:00,77433.2,1995.0,1995.0,1906.85,1906.85,120,14.73,0.6094,0.000107,-18.79,91.38
2026-08-20 11:50:00,77440.09,1906.85,1906.85,1906.85,1906.85,0,15.0,0.6085,0.000106,-19.15,91.45
2026-08-20 11:51:00,77437.98,1906.85,1906.85,1906.85,1906.85,0,15.0,0.6082,0.000106,-19.16,91.46
2026-08-20 11:52:00,77427.89,1906.85,1906.85,1906.85,1906.85,0,15.0,0.6072,0.000106,-19.17,91.52
2026-08-20 11:53:00,77435.88,1906.85,1906.85,1906.85,1906.85,0,15.0,0.608,0.000106,-19.16,91.47
2026-08-20 11:54:00,77443.51,1906.85,1906.85,1906.85,1906.85,0,15.0,0.6088,0.000106,-19.15,91.42
2026-08-20 11:55:00,77443.37,1906.85,1906.85,1906.85,1906.85,0,15.0,0.6088,0.000106,-19.15,91.42
2026-08-20 11:56:00,77450.59,1906.85,1906.85,1906.85,1906.85,0,15.0,0.6096,0.000105,-19.14,91.38
2026-08-20 11:57:00,77444.7,1906.85,1944.5,1906.85,1939.15,100,15.01,0.6089,0.000105,-19.16,91.42
2026-08-20 11:58:00,77438.43,1939.15,1939.15,1939.15,1939.15,0,15.0,0.6083,0.000106,-19.16,91.45
2026-08-20 11:59:00,77449.84,1939.15,1939.15,1939.15,1939.15,0,15.0,0.6095,0.000105,-19.14,91.38
2026-08-20 12:00:00,77444.36,1939.15,1939.15,1939.15,1939.15,0,15.0,0.6089,0.000106,-19.15,91.41
2026-08-20 12:01:00,77446.02,1939.15,1939.15,1939.15,1939.15,0,15.0,0.6091,0.000106,-19.15,91.4
2026-08-20 12:02:00,77448.39,1939.15,1939.15,1939.15,1939.15,0,15.0,0.6093,0.000105,-19.14,91.38
2026-08-20 12:03:00,77432.27,1939.15,1939.15,1939.15,1939.15,0,15.0,0.6076,0.000106,-19.17,91.48
2026-08-20 12:04:00,77427.25,1939.15,1939.15,1939.15,1939.15,0,15.0,0.6071,0.000106,-19.17,91.51
2026-08-20 12:05:00,77431.46,1939.15,1939.15,1939.15,1939.15,0,15.0,0.6076,0.000106,-19.17,91.48
2026-08-20 12:06:00,77441.4,1939.15,1939.15,1939.15,1939.15,0,15.0,0.6086,0.000106,-19.15,91.42
2026-08-20 12:07:00,77442.65,1939.15,1939.15,1939.15,1939.15,0,15.0,0.6087,0.000106,-19.15,91.41
2026-08-20 12:08:00,77436.7,1939.15,1939.15,1939.15,1939.15,0,15.0,0.6081,0.000106,-19.16,91.45
2026-08-20 12:09:00,77440.72,1939.15,1939.15,1939.15,1939.15,0,15.0,0.6085,0.000106,-19.16,91.42
2026-08-20 12:10:00,77442.03,1939.15,1939.15,1939.15,1939.15,0,15.0,0.6087,0.000106,-19.15,91.42
2026-08-20 12:11:00,77453.26,1939.15,1939.15,1939.15,1939.15,0,15.0,0.6099,0.000105,-19.14,91.35
2026-08-20 12:12:00,77447.31,1939.15,1939.15,1939.15,1939.15,0,15.0,0.6092,0.000106,-19.15,91.38
2026-08-20 12:13:00,77451.55,1939.15,1939.15,1939.15,1939.15,0,15.0,0.6097,0.000105,-19.14,91.35
2026-08-20 12:14:00,77450.32,1939.15,1939.15,1939.15,1939.15,0,15.0,0.6096,0.000105,-19.14,91.36
2026-08-20 12:15:00,77451.05,1939.15,1939.15,1939.15,1939.15,0,15.0,0.6096,0.000105,-19.14,91.36
2026-08-20 12:16:00,77452.34,1939.15,1939.15,1939.15,1939.15,0,15.0,0.6098,0.000105,-19.14,91.35
2026-08-20 12:17:00,77449.43,1939.15,1939.15,1939.15,1939.15,0,15.0,0.6095,0.000105,-19.14,91.36
2026-08-20 12:18:00,77454.53,1939.15,1939.15,1939.15,1939.15,0,15.0,0.61,0.000105,-19.14,91.33
2026-08-20 12:19:00,77448.0,1939.15,1939.15,1939.15,1939.15,0,15.0,0.6093,0.000106,-19.15,91.37
2026-08-20 12:20:00,77441.18,1939.15,1939.15,1939.15,1939.15,0,15.0,0.6086,0.000106,-19.16,91.41
2026-08-20 12:21:00,77431.75,1939.15,1939.15,1939.15,1939.15,0,15.0,0.6076,0.000106,-19.17,91.47
2026-08-20 12:22:00,77441.98,1939.15,1939.15,1939.15,1939.15,0,15.0,0.6087,0.000106,-19.16,91.4
2026-08-20 12:23:00,77434.52,1939.15,1939.15,1939.15,1939.15,0,15.0,0.6079,0.000106,-19.17,91.45
2026-08-20 12:24:00,77443.74,1939.15,1939.15,1939.15,1939.15,0,15.0,0.6089,0.000106,-19.15,91.39
2026-08-20 12:25:00,77439.64,1939.15,1939.15,1939.15,1939.15,0,15.0,0.6084,0.000106,-19.16,91.42
2026-08-20 12:26:00,77427.11,1939.15,1939.15,1939.15,1939.15,0,15.0,0.6071,0.000106,-19.18,91.49
2026-08-20 12:27:00,77438.38,1939.15,1939.15,1939.15,1939.15,0,15.0,0.6083,0.000106,-19.16,91.42
2026-08-20 12:28:00,77435.4,1939.15,1939.15,1939.15,1939.15,0,15.0,0.608,0.000106,-19.17,91.44
2026-08-20 12:29:00,77433.01,1939.15,1939.15,1939.15,1939.15,0,15.0,0.6078,0.000106,-19.17,91.45
2026-08-20 12:30:00,77434.67,1939.15,1939.15,1939.15,1939.15,0,15.0,0.6079,0.000106,-19.17,91.44
2026-08-20 12:31:00,77431.14,1939.15,1939.15,1939.15,1939.15,0,15.0,0.6076,0.000106,-19.17,91.46
2026-08-20 12:32:00,77429.98,1939.15,1939.15,1939.15,1939.15,0,15.0,0.6074,0.000106,-19.17,91.47
2026-08-20 12:33:00,77441.59,1939.15,1939.15,1939.15,1939.15,0,15.0,0.6087,0.000106,-19.16,91.4
2026-08-20 12:34:00,77434.72,1939.15,1939.15,1939.15,1939.15,0,15.0,0.6079,0.000106,-19.17,91.44
2026-08-20 12:35:00,77435.91,1939.15,1939.15,1939.15,1939.15,0,15.0,0.6081,0.000106,-19.17,91.43
2026-08-20 12:36:00,77427.86,1939.15,1939.15,1939.15,1939.15,0,15.0,0.6072,0.000106,-19.18,91.48
2026-08-20 12:37:00,77429.31,1939.15,1939.15,1939.15,1939.15,0,15.0,0.6074,0.000106,-19.18,91.47
2026-08-20 12:38:00,77431.95,1939.15,1939.15,1939.15,1939.15,0,15.0,0.6076,0.000106,-19.17,91.45
2026-08-20 12:39:00,77443.34,1939.15,1939.15,1939.15,1939.15,0,15.0,0.6089,0.000106,-19.16,91.38
2026-08-20 12:40:00,77453.27,1939.15,1939.15,1939.15,1939.15,0,15.0,0.6099,0.000105,-19.14,91.32
2026-08-20 12:41:00,77466.44,1939.15,1939.15,1939.15,1939.15,0,15.0,0.6113,0.000105,-19.12,91.24
2026-08-20 12:42:00,77466.64,1939.15,1939.15,1939.15,1939.15,0,15.0,0.6113,0.000105,-19.12,91.23
2026-08-20 12:43:00,77465.28,1939.15,1939.15,1939.15,1939.15,0,15.0,0.6112,0.000105,-19.13,91.24
2026-08-20 12:44:00,77459.04,1939.15,1939.15,1939.15,1939.15,0,15.0,0.6105,0.000105,-19.14,91.28
2026-08-20 12:45:00,77466.97,1939.15,1939.15,1939.15,1939.15,0,15.0,0.6113,0.000105,-19.12,91.23
2026-08-20 12:46:00,77485.76,1939.15,1939.15,1939.15,1939.15,0,15.0,0.6133,0.000105,-19.1,91.11
2026-08-20 12:47:00,77506.08,1939.15,1939.15,1939.15,1939.15,0,15.0,0.6155,0.000105,-19.07,90.98
2026-08-20 12:48:00,77547.1,1939.15,1939.15,1939.15,1939.15,0,15.0,0.6198,0.000105,-19.0,90.7
2026-08-20 12:49:00,77539.28,1939.15,1939.15,1939.15,1939.15,0,15.0,0.6189,0.000105,-19.02,90.76
2026-08-20 12:50:00,77560.65,1939.15,1939.15,1939.15,1939.15,0,15.0,0.6212,0.000104,-18.98,90.61
2026-08-20 12:51:00,77589.59,1939.15,1939.15,1939.15,1939.15,0,15.0,0.6242,0.000104,-18.94,90.41
2026-08-20 12:52:00,77607.76,1939.15,1939.15,1939.15,1939.15,0,15.0,0.6261,0.000104,-18.91,90.28
2026-08-20 12:53:00,77575.24,1939.15,1939.15,1939.15,1939.15,0,15.0,0.6227,0.000104,-18.96,90.51
2026-08-20 12:54:00,77555.8,1939.15,1939.15,1939.15,1939.15,0,15.0,0.6207,0.000104,-18.99,90.64
2026-08-20 12:55:00,77529.35,1939.15,1939.15,1939.15,1939.15,0,15.0,0.6179,0.000105,-19.03,90.82
2026-08-20 12:56:00,77533.34,1939.15,1939.15,1939.15,1939.15,0,15.0,0.6183,0.000105,-19.03,90.79
2026-08-20 12:57:00,77577.32,1939.15,1939.15,1939.15,1939.15,0,15.0,0.6229,0.000104,-18.96,90.49
2026-08-20 12:58:00,77570.56,1939.15,1939.15,1939.15,1939.15,0,15.0,0.6222,0.000104,-18.97,90.53
2026-08-20 12:59:00,77574.36,1939.15,1939.15,1939.15,1939.15,0,15.0,0.6226,0.000104,-18.96,90.51
2026-08-20 13:00:00,77527.72,1939.15,1939.15,1939.15,1939.15,0,15.0,0.6177,0.000105,-19.04,90.82
2026-08-20 13:01:00,77554.15,1939.15,1939.15,1939.15,1939.15,0,15.0,0.6205,0.000104,-19.0,90.64
2026-08-20 13:02:00,77560.78,1939.15,1939.15,1939.15,1939.15,0,15.0,0.6212,0.000104,-18.99,90.6
2026-08-20 13:03:00,77563.51,1939.15,1939.15,1939.15,1939.15,0,15.0,0.6215,0.000104,-18.98,90.58
2026-08-20 13:04:00,77550.55,1939.15,1939.15,1939.15,1939.15,0,15.0,0.6201,0.000105,-19.0,90.67
2026-08-20 13:05:00,77566.45,1939.15,1939.15,1939.15,1939.15,0,15.0,0.6218,0.000104,-18.98,90.56
2026-08-20 13:06:00,77559.91,1939.15,1939.15,1939.15,1939.15,0,15.0,0.6211,0.000104,-18.99,90.6
2026-08-20 13:07:00,77550.26,1939.15,1939.15,1939.15,1939.15,0,15.0,0.6201,0.000105,-19.0,90.66
2026-08-20 13:08:00,77552.84,1939.15,1939.15,1939.15,1939.15,0,15.0,0.6204,0.000104,-19.0,90.65
2026-08-20 13:09:00,77558.25,1939.15,1939.15,1939.15,1939.15,0,15.0,0.6209,0.000104,-18.99,90.61
2026-08-20 13:10:00,77561.63,1939.15,1939.15,1939.15,1939.15,0,15.0,0.6213,0.000104,-18.99,90.58
2026-08-20 13:11:00,77553.55,1939.15,1939.15,1939.15,1939.15,0,15.0,0.6205,0.000104,-19.0,90.64
2026-08-20 13:12:00,77547.9,1939.15,1939.15,1939.15,1939.15,0,15.0,0.6199,0.000105,-19.01,90.68
2026-08-20 13:13:00,77561.56,1939.15,1939.15,1939.15,1939.15,0,15.0,0.6213,0.000104,-18.99,90.58
2026-08-20 13:14:00,77576.12,1939.15,1939.15,1939.15,1939.15,0,15.0,0.6228,0.000104,-18.96,90.48
2026-08-20 13:15:00,77571.54,1939.15,1939.15,1939.15,1939.15,0,15.0,0.6223,0.000104,-18.97,90.51
2026-08-20 13:16:00,77557.04,1939.15,1939.15,1939.15,1939.15,0,15.0,0.6208,0.000104,-18.99,90.61
2026-08-20 13:17:00,77557.77,1939.15,1939.15,1939.15,1939.15,0,15.0,0.6209,0.000104,-18.99,90.6
2026-08-20 13:18:00,77538.58,1939.15,1939.15,1939.15,1939.15,0,15.0,0.6189,0.000105,-19.02,90.73
2026-08-20 13:19:00,77552.5,1939.15,1939.15,1939.15,1939.15,0,15.0,0.6204,0.000105,-19.0,90.64
2026-08-20 13:20:00,77537.35,1939.15,1939.15,1939.15,1939.15,0,15.0,0.6188,0.000105,-19.03,90.74
2026-08-20 13:21:00,77544.92,1939.15,1939.15,1939.15,1939.15,0,15.0,0.6196,0.000105,-19.01,90.69
2026-08-20 13:22:00,77544.02,1939.15,1939.15,1939.15,1939.15,0,15.0,0.6195,0.000105,-19.02,90.69
2026-08-20 13:23:00,77566.57,1939.15,1939.15,1939.15,1939.15,0,15.0,0.6218,0.000104,-18.98,90.54
2026-08-20 13:24:00,77593.33,1939.15,1939.15,1939.15,1939.15,0,15.0,0.6246,0.000104,-18.94,90.35
2026-08-20 13:25:00,77592.96,1939.15,1939.15,1939.15,1939.15,0,15.0,0.6246,0.000104,-18.94,90.35
2026-08-20 13:26:00,77556.8,1939.15,1939.15,1939.15,1939.15,0,15.0,0.6208,0.000104,-19.0,90.6
2026-08-20 13:27:00,77567.38,1939.15,1939.15,1939.15,1939.15,0,15.0,0.6219,0.000104,-18.98,90.53
2026-08-20 13:28:00,77547.11,1939.15,1939.15,1939.15,1939.15,0,15.0,0.6198,0.000105,-19.01,90.67
2026-08-20 13:29:00,77556.68,1939.15,1939.15,1939.15,1939.15,0,15.0,0.6208,0.000104,-19.0,90.6
2026-08-20 13:30:00,77591.97,1939.15,1939.15,1939.15,1939.15,0,15.0,0.6245,0.000104,-18.94,90.35
2026-08-20 13:31:00,77559.87,1939.15,1939.15,1939.15,1939.15,0,15.0,0.6211,0.000104,-18.99,90.58
2026-08-20 13:32:00,77596.14,1939.15,1939.15,1939.15,1939.15,0,15.0,0.6249,0.000104,-18.93,90.32
2026-08-20 13:33:00,77560.17,1939.15,1939.15,1939.15,1939.15,0,15.0,0.6212,0.000104,-18.99,90.57
2026-08-20 13:34:00,77595.68,1939.15,1939.15,1939.15,1939.15,0,15.0,0.6249,0.000104,-18.94,90.32
2026-08-20 13:35:00,77594.55,1939.15,1939.15,1939.15,1939.15,0,15.0,0.6248,0.000104,-18.94,90.33
2026-08-20 13:36:00,77567.39,1939.15,1939.15,1939.15,1939.15,0,15.0,0.6219,0.000104,-18.98,90.52
2026-08-20 13:37:00,77583.32,1939.15,1939.15,1939.15,1939.15,0,15.0,0.6236,0.000104,-18.96,90.41
2026-08-20 13:38:00,77567.38,1939.15,1939.15,1939.15,1939.15,0,15.0,0.6219,0.000104,-18.98,90.52
2026-08-20 13:39:00,77556.84,1939.15,1939.15,1939.15,1939.15,0,15.0,0.6208,0.000104,-19.0,90.59
2026-08-20 13:40:00,77562.4,1939.15,1939.15,1939.15,1939.15,0,15.0,0.6214,0.000104,-18.99,90.55
2026-08-20 13:41:00,77550.96,1939.15,1939.15,1939.15,1939.15,0,15.0,0.6202,0.000105,-19.01,90.63
2026-08-20 13:42:00,77573.09,1939.15,1939.15,1939.15,1939.15,0,15.0,0.6225,0.000104,-18.97,90.47
2026-08-20 13:43:00,77593.94,1939.15,1939.15,1939.15,1939.15,0,15.0,0.6247,0.000104,-18.94,90.33
2026-08-20 13:44:00,77563.7,1939.15,1939.15,1939.15,1939.15,0,15.0,0.6216,0.000104,-18.99,90.54
2026-08-20 13:45:00,77558.83,1939.15,1939.15,1939.15,1939.15,0,15.0,0.621,0.000104,-19.0,90.57
2026-08-20 13:46:00,77590.92,1939.15,1939.15,1939.15,1939.15,0,15.0,0.6244,0.000104,-18.95,90.35
2026-08-20 13:47:00,77578.59,1939.15,1939.15,1939.15,1939.15,0,15.0,0.6231,0.000104,-18.97,90.43
2026-08-20 13:48:00,77568.35,1939.15,1939.15,1939.15,1939.15,0,15.0,0.622,0.000104,-18.98,90.5
2026-08-20 13:49:00,77586.84,1939.15,1939.15,1939.15,1939.15,0,15.0,0.624,0.000104,-18.95,90.37
2026-08-20 13:50:00,77575.25,1939.15,1939.15,1939.15,1939.15,0,15.0,0.6228,0.000104,-18.97,90.45
2026-08-20 13:51:00,77566.12,1939.15,1939.15,1939.15,1939.15,0,15.0,0.6218,0.000104,-18.99,90.51
2026-08-20 13:52:00,77561.5,1939.15,1939.15,1939.15,1939.15,0,15.0,0.6213,0.000104,-18.99,90.54
2026-08-20 13:53:00,77562.62,1939.15,1939.15,1939.15,1939.15,0,15.0,0.6215,0.000104,-18.99,90.54
2026-08-20 13:54:00,77564.39,1939.15,1939.15,1939.15,1939.15,0,15.0,0.6216,0.000104,-18.99,90.52
2026-08-20 13:55:00,77528.5,1939.15,1939.15,1939.15,1939.15,0,15.0,0.6179,0.000105,-19.05,90.76
2026-08-20 13:56:00,77577.79,1939.15,1939.15,1939.15,1939.15,0,15.0,0.623,0.000104,-18.97,90.43
2026-08-20 13:57:00,77535.28,1939.15,1939.15,1939.15,1939.15,0,15.0,0.6186,0.000105,-19.04,90.72
2026-08-20 13:58:00,77545.11,1939.15,1939.15,1939.15,1939.15,0,15.0,0.6196,0.000105,-19.02,90.65
2026-08-20 13:59:00,77517.17,1939.15,1939.15,1939.15,1939.15,0,15.0,0.6167,0.000105,-19.06,90.84
2026-08-20 14:00:00,77548.29,1939.15,1939.15,1939.15,1939.15,0,15.0,0.62,0.000105,-19.02,90.63
2026-08-20 14:01:00,77549.24,1939.15,1939.15,1939.15,1939.15,0,15.0,0.6201,0.000105,-19.01,90.62
2026-08-20 14:02:00,77516.32,1939.15,1939.15,1939.15,1939.15,0,15.0,0.6166,0.000105,-19.07,90.84
2026-08-20 14:03:00,77510.43,1939.15,1939.15,1939.15,1939.15,0,15.0,0.616,0.000105,-19.07,90.88
2026-08-20 14:04:00,77536.97,1939.15,1939.15,1939.15,1939.15,0,15.0,0.6188,0.000105,-19.03,90.7
2026-08-20 14:05:00,77498.62,1939.15,1939.15,1939.15,1939.15,0,15.0,0.6148,0.000105,-19.09,90.95
2026-08-20 14:06:00,77525.31,1939.15,1939.15,1939.15,1939.15,0,15.0,0.6176,0.000105,-19.05,90.78
2026-08-20 14:07:00,77533.29,1939.15,1939.15,1939.15,1939.15,0,15.0,0.6184,0.000105,-19.04,90.72
2026-08-20 14:08:00,77514.65,1939.15,1939.15,1939.15,1939.15,0,15.0,0.6164,0.000105,-19.07,90.84
2026-08-20 14:09:00,77549.38,1939.15,1939.15,1939.15,1939.15,0,15.0,0.6201,0.000105,-19.02,90.61
2026-08-20 14:10:00,77534.93,1939.15,1939.15,1939.15,1939.15,0,15.0,0.6186,0.000105,-19.04,90.71
2026-08-20 14:11:00,77535.43,1939.15,1939.15,1939.15,1939.15,0,15.0,0.6186,0.000105,-19.04,90.7
2026-08-20 14:12:00,77556.63,1939.15,1939.15,1939.15,1939.15,0,15.0,0.6208,0.000105,-19.0,90.56
2026-08-20 14:13:00,77556.66,1939.15,1939.15,1939.15,1939.15,0,15.0,0.6209,0.000105,-19.0,90.56
2026-08-20 14:14:00,77560.83,1939.15,1939.15,1939.15,1939.15,0,15.0,0.6213,0.000104,-19.0,90.53
2026-08-20 14:15:00,77533.51,1939.15,1939.15,1939.15,1939.15,0,15.0,0.6184,0.000105,-19.04,90.71
2026-08-20 14:16:00,77491.2,1939.15,1939.15,1939.15,1939.15,0,15.0,0.614,0.000105,-19.11,90.99
2026-08-20 14:17:00,77537.01,1939.15,1939.15,1939.15,1939.15,0,15.0,0.6188,0.000105,-19.04,90.69
2026-08-20 14:18:00,77522.95,1939.15,1939.15,1939.15,1939.15,0,15.0,0.6173,0.000105,-19.06,90.78
2026-08-20 14:19:00,77557.86,1939.15,1939.15,1939.15,1939.15,0,15.0,0.621,0.000105,-19.0,90.54
2026-08-20 14:20:00,77545.66,1939.15,1939.15,1939.15,1939.15,0,15.0,0.6197,0.000105,-19.02,90.63
2026-08-20 14:21:00,77528.45,1939.15,1939.15,1939.15,1939.15,0,15.0,0.6179,0.000105,-19.05,90.74
2026-08-20 14:22:00,77537.65,1939.15,1939.15,1939.15,1939.15,0,15.0,0.6189,0.000105,-19.04,90.68
2026-08-20 14:23:00,77539.47,1939.15,1939.15,1939.15,1939.15,0,15.0,0.6191,0.000105,-19.03,90.66
2026-08-20 14:24:00,77572.05,1939.15,1939.15,1939.15,1939.15,0,15.0,0.6225,0.000104,-18.98,90.44
2026-08-20 14:25:00,77538.83,1939.15,1939.15,1939.15,1939.15,0,15.0,0.619,0.000105,-19.03,90.67
2026-08-20 14:26:00,77548.7,1939.15,1939.15,1939.15,1939.15,0,15.0,0.62,0.000105,-19.02,90.6
2026-08-20 14:27:00,77576.12,1939.15,1939.15,1939.15,1939.15,0,15.0,0.6229,0.000104,-18.98,90.41
2026-08-20 14:28:00,77565.44,1939.15,1939.15,1939.15,1939.15,0,15.0,0.6218,0.000104,-18.99,90.48
2026-08-20 14:29:00,77583.78,1939.15,1939.15,1939.15,1939.15,0,15.0,0.6237,0.000104,-18.96,90.35
2026-08-20 14:30:00,77573.08,1939.15,1939.15,1939.15,1939.15,0,15.0,0.6226,0.000104,-18.98,90.43
2026-08-20 14:31:00,77584.88,1939.15,1939.15,1939.15,1939.15,0,15.0,0.6238,0.000104,-18.96,90.35
2026-08-20 14:32:00,77582.22,1939.15,1939.15,1939.15,1939.15,0,15.0,0.6235,0.000104,-18.97,90.36
2026-08-20 14:33:00,77585.82,1939.15,1939.15,1939.15,1939.15,0,15.0,0.6239,0.000104,-18.96,90.34
2026-08-20 14:34:00,77596.2,1939.15,1939.15,1939.15,1939.15,0,15.0,0.625,0.000104,-18.95,90.26
2026-08-20 14:35:00,77573.6,1939.15,1939.15,1939.15,1939.15,0,15.0,0.6226,0.000104,-18.98,90.42
2026-08-20 14:36:00,77565.27,1939.15,1939.15,1939.15,1939.15,0,15.0,0.6218,0.000104,-19.0,90.48
2026-08-20 14:37:00,77572.32,1939.15,1939.15,1939.15,1939.15,0,15.0,0.6225,0.000104,-18.98,90.43
2026-08-20 14:38:00,77574.01,1939.15,1939.15,1939.15,1939.15,0,15.0,0.6227,0.000104,-18.98,90.41
2026-08-20 14:39:00,77584.28,1939.15,1939.15,1939.15,1939.15,0,15.0,0.6238,0.000104,-18.97,90.34
2026-08-20 14:40:00,77586.77,1939.15,1939.15,1939.15,1939.15,0,15.0,0.624,0.000104,-18.96,90.32
2026-08-20 14:41:00,77576.78,1939.15,1939.15,1939.15,1939.15,0,15.0,0.623,0.000104,-18.98,90.39
2026-08-20 14:42:00,77568.22,1939.15,1939.15,1939.15,1939.15,0,15.0,0.6221,0.000104,-18.99,90.45
2026-08-20 14:43:00,77568.91,1939.15,1939.15,1939.15,1939.15,0,15.0,0.6222,0.000104,-18.99,90.44
2026-08-20 14:44:00,77566.22,1939.15,1939.15,1939.15,1939.15,0,15.0,0.6219,0.000104,-19.0,90.46
2026-08-20 14:45:00,77553.74,1939.15,1939.15,1939.15,1939.15,0,15.0,0.6206,0.000105,-19.02,90.55
2026-08-20 14:46:00,77566.38,1939.15,1939.15,1939.15,1939.15,0,15.0,0.6219,0.000104,-19.0,90.46
2026-08-20 14:47:00,77564.65,1939.15,1939.15,1939.15,1939.15,0,15.0,0.6217,0.000104,-19.0,90.47
2026-08-20 14:48:00,77553.91,1939.15,1939.15,1939.15,1939.15,0,15.0,0.6206,0.000105,-19.02,90.54
2026-08-20 14:49:00,77556.0,1939.15,1939.15,1939.15,1939.15,0,15.0,0.6208,0.000105,-19.01,90.53
2026-08-20 14:50:00,77564.98,1939.15,1939.15,1939.15,1939.15,0,15.0,0.6218,0.000104,-19.0,90.47
2026-08-20 14:51:00,77564.05,1939.15,1939.15,1939.15,1939.15,0,15.0,0.6217,0.000104,-19.0,90.47
2026-08-20 14:52:00,77563.79,1939.15,1939.15,1939.15,1939.15,0,15.0,0.6216,0.000104,-19.0,90.47
2026-08-20 14:53:00,77550.46,1939.15,1939.15,1939.15,1939.15,0,15.0,0.6202,0.000105,-19.02,90.56
2026-08-20 14:54:00,77565.92,1939.15,1939.15,1939.15,1939.15,0,15.0,0.6219,0.000104,-19.0,90.45
2026-08-20 14:55:00,77540.5,1939.15,1939.15,1939.15,1939.15,0,15.0,0.6192,0.000105,-19.04,90.63
2026-08-20 14:56:00,77545.53,1939.15,1939.15,1939.15,1939.15,0,15.0,0.6197,0.000105,-19.03,90.59
2026-08-20 14:57:00,77543.96,1939.15,1939.15,1939.15,1939.15,0,15.0,0.6196,0.000105,-19.03,90.6
2026-08-20 14:58:00,77548.54,1939.15,1939.15,1939.15,1939.15,0,15.0,0.6201,0.000105,-19.03,90.57
2026-08-20 14:59:00,77553.86,1939.15,1939.15,1939.15,1939.15,0,15.0,0.6206,0.000105,-19.02,90.53
2026-08-20 15:00:00,77565.74,1939.15,1939.15,1939.15,1939.15,0,15.0,0.6219,0.000104,-19.0,90.45
2026-08-20 15:01:00,77503.6,1939.15,1939.15,1939.15,1939.15,0,15.0,0.6153,0.000105,-19.1,90.87
2026-08-20 15:02:00,77502.4,1939.15,1939.15,1939.15,1939.15,0,15.0,0.6152,0.000105,-19.1,90.87
2026-08-20 15:03:00,77531.07,1939.15,1939.15,1939.15,1939.15,0,15.0,0.6182,0.000105,-19.05,90.68
2026-08-20 15:04:00,77581.0,1939.15,1939.15,1939.15,1939.15,0,15.0,0.6235,0.000104,-18.98,90.34
2026-08-20 15:05:00,77531.68,1939.15,1939.15,1939.15,1939.15,0,15.0,0.6183,0.000105,-19.05,90.68
2026-08-20 15:06:00,77489.83,1939.15,1939.15,1939.15,1939.15,0,15.0,0.6139,0.000105,-19.12,90.95
2026-08-20 15:07:00,77494.99,1939.15,1939.15,1939.15,1939.15,0,15.0,0.6144,0.000105,-19.11,90.91
2026-08-20 15:08:00,77522.56,1939.15,1939.15,1939.15,1939.15,0,15.0,0.6173,0.000105,-19.07,90.73
2026-08-20 15:09:00,77476.59,1939.15,1939.15,1939.15,1939.15,0,15.0,0.6125,0.000105,-19.14,91.03
2026-08-20 15:10:00,77486.23,1939.15,1939.15,1939.15,1939.15,0,15.0,0.6135,0.000105,-19.12,90.97
2026-08-20 15:11:00,77451.12,1939.15,1939.15,1939.15,1939.15,0,15.0,0.6098,0.000106,-19.17,91.19
2026-08-20 15:12:00,77472.9,1939.15,1939.15,1939.15,1939.15,0,15.0,0.6121,0.000105,-19.14,91.05
2026-08-20 15:13:00,77494.72,1939.15,1939.15,1939.15,1939.15,0,15.0,0.6144,0.000105,-19.11,90.91
2026-08-20 15:14:00,77488.19,1939.15,1939.15,1939.15,1939.15,0,15.0,0.6137,0.000105,-19.12,90.95
2026-08-20 15:15:00,77485.29,1939.15,1939.15,1939.15,1939.15,0,15.0,0.6134,0.000105,-19.13,90.97
2026-08-20 15:16:00,77485.29,1939.15,1939.15,1939.15,1939.15,0,15.0,0.6134,0.000105,-19.13,90.97
2026-08-20 15:17:00,77485.29,1939.15,1939.15,1939.15,1939.15,0,15.0,0.6134,0.000105,-19.13,90.97
2026-08-20 15:18:00,77485.29,1939.15,1939.15,1939.15,1939.15,0,15.0,0.6134,0.000105,-19.13,90.97
2026-08-20 15:19:00,77485.29,1939.15,1939.15,1939.15,1939.15,0,15.0,0.6134,0.000105,-19.13,90.97
2026-08-20 15:20:00,77485.29,1939.15,1939.15,1939.15,1939.15,0,15.0,0.6134,0.000105,-19.13,90.96
2026-08-20 15:21:00,77485.29,1939.15,1939.15,1939.15,1939.15,0,15.0,0.6134,0.000105,-19.13,90.96
2026-08-20 15:22:00,77485.29,1939.15,1939.15,1939.15,1939.15,0,15.0,0.6134,0.000105,-19.13,90.96
2026-08-20 15:23:00,77485.29,1939.15,1939.15,1939.15,1939.15,0,15.0,0.6134,0.000105,-19.13,90.96
2026-08-20 15:24:00,77485.29,1939.15,1939.15,1939.15,1939.15,0,15.0,0.6134,0.000105,-19.13,90.96
2026-08-20 15:25:00,77485.29,1939.15,1939.15,1939.15,1939.15,0,15.0,0.6134,0.000105,-19.13,90.96
2026-08-20 15:26:00,77485.29,1939.15,1939.15,1939.15,1939.15,0,15.0,0.6134,0.000105,-19.13,90.96
2026-08-20 15:27:00,77485.29,1939.15,1939.15,1939.15,1939.15,0,15.0,0.6134,0.000105,-19.13,90.96
2026-08-20 15:28:00,77485.29,1939.15,1939.15,1939.15,1939.15,0,15.0,0.6134,0.000105,-19.13,90.96
2026-08-20 15:29:00,77537.72,1939.15,1939.15,1939.15,1939.15,0,15.0,0.619,0.000105,-19.05,90.61
2026-08-21 14:09:00,77506.99,1958.0,1958.0,1958.0,1958.0,20,15.03,0.617,0.000106,-19.39,89.51
2026-08-21 14:10:00,77510.37,1958.0,1958.0,1958.0,1958.0,0,15.0,0.6175,0.000106,-19.34,89.48
2026-08-21 14:11:00,77514.27,1958.0,1958.0,1958.0,1958.0,0,15.0,0.618,0.000106,-19.34,89.45
2026-08-21 14:12:00,77521.72,1958.0,1958.0,1958.0,1958.0,0,15.0,0.6188,0.000106,-19.33,89.4
2026-08-21 14:13:00,77515.22,1958.0,1958.0,1958.0,1958.0,0,15.0,0.6181,0.000106,-19.34,89.44
2026-08-21 14:14:00,77529.84,1958.0,1958.0,1958.0,1958.0,0,15.0,0.6196,0.000106,-19.31,89.34
2026-08-21 14:15:00,77530.16,1958.0,1958.0,1958.0,1958.0,0,15.0,0.6197,0.000106,-19.31,89.34
2026-08-21 14:16:00,77535.15,1958.0,1958.0,1958.0,1958.0,0,15.0,0.6202,0.000106,-19.3,89.3
2026-08-21 14:17:00,77547.14,1958.0,1958.0,1958.0,1958.0,0,15.0,0.6215,0.000106,-19.29,89.22
2026-08-21 14:18:00,77547.3,1958.0,1958.0,1958.0,1958.0,0,15.0,0.6215,0.000106,-19.29,89.22
2026-08-21 14:19:00,77544.65,1958.0,1958.0,1958.0,1958.0,0,15.0,0.6212,0.000106,-19.29,89.24
2026-08-21 14:20:00,77537.03,1958.0,1958.0,1958.0,1958.0,0,15.0,0.6204,0.000106,-19.3,89.29
2026-08-21 14:21:00,77549.76,1958.0,1958.0,1958.0,1958.0,0,15.0,0.6217,0.000106,-19.28,89.2
2026-08-21 14:22:00,77559.78,1958.0,1958.0,1958.0,1958.0,0,15.0,0.6228,0.000106,-19.27,89.13
2026-08-21 14:23:00,77555.28,1958.0,1958.0,1958.0,1958.0,0,15.0,0.6223,0.000106,-19.27,89.16
2026-08-21 14:24:00,77559.97,1958.0,1958.0,1958.0,1958.0,0,15.0,0.6228,0.000106,-19.27,89.13
2026-08-21 14:25:00,77546.49,1958.0,1958.0,1958.0,1958.0,0,15.0,0.6214,0.000106,-19.29,89.22
2026-08-21 14:26:00,77547.1,1958.0,1958.0,1958.0,1958.0,0,15.0,0.6215,0.000106,-19.29,89.21
2026-08-21 14:27:00,77552.32,1958.0,1958.0,1958.0,1958.0,0,15.0,0.622,0.000106,-19.28,89.18
2026-08-21 14:28:00,77544.04,1958.0,1958.0,1958.0,1958.0,0,15.0,0.6211,0.000106,-19.29,89.23
2026-08-21 14:29:00,77560.29,1958.0,1958.0,1958.0,1958.0,0,15.0,0.6229,0.000106,-19.27,89.12
2026-08-21 14:30:00,77570.2,1958.0,1958.0,1958.0,1958.0,0,15.0,0.6239,0.000106,-19.25,89.05
2026-08-21 14:31:00,77564.54,1958.0,1958.0,1958.0,1958.0,0,15.0,0.6233,0.000106,-19.26,89.09
2026-08-21 14:32:00,77550.59,1958.0,1958.0,1958.0,1958.0,0,15.0,0.6218,0.000106,-19.28,89.18
2026-08-21 14:33:00,77553.9,1958.0,1958.0,1958.0,1958.0,0,15.0,0.6222,0.000106,-19.28,89.16
2026-08-21 14:34:00,77548.25,1958.0,1958.0,1958.0,1958.0,0,15.0,0.6216,0.000106,-19.29,89.2
2026-08-21 14:35:00,77543.85,1958.0,1958.0,1958.0,1958.0,0,15.0,0.6211,0.000106,-19.29,89.23
2026-08-21 14:36:00,77542.6,1958.0,1958.0,1958.0,1958.0,0,15.0,0.621,0.000106,-19.3,89.23
2026-08-21 14:37:00,77540.71,1958.0,1958.0,1958.0,1958.0,0,15.0,0.6208,0.000106,-19.3,89.25
2026-08-21 14:38:00,77540.66,1958.0,1958.0,1958.0,1958.0,0,15.0,0.6208,0.000106,-19.3,89.25
2026-08-21 14:39:00,77538.24,1958.0,1958.0,1958.0,1958.0,0,15.0,0.6205,0.000106,-19.3,89.26
2026-08-21 14:40:00,77534.69,1958.0,1958.0,1958.0,1958.0,0,15.0,0.6202,0.000106,-19.31,89.28
2026-08-21 14:41:00,77533.6,1958.0,1958.0,1958.0,1958.0,0,15.0,0.62,0.000106,-19.31,89.29
2026-08-21 14:42:00,77536.8,1958.0,1958.0,1958.0,1958.0,0,15.0,0.6204,0.000106,-19.31,89.27
2026-08-21 14:43:00,77532.92,1958.0,1958.0,1958.0,1958.0,0,15.0,0.62,0.000106,-19.31,89.29
2026-08-21 14:44:00,77536.92,1958.0,1958.0,1958.0,1958.0,0,15.0,0.6204,0.000106,-19.31,89.27
2026-08-21 14:45:00,77549.81,1958.0,1958.0,1958.0,1958.0,0,15.0,0.6218,0.000106,-19.29,89.18
2026-08-21 14:46:00,77547.96,1958.0,1958.0,1958.0,1958.0,0,15.0,0.6216,0.000106,-19.29,89.19
2026-08-21 14:47:00,77548.51,1958.0,1958.0,1958.0,1958.0,0,15.0,0.6216,0.000106,-19.29,89.18
2026-08-21 14:48:00,77556.42,1958.0,1958.0,1958.0,1958.0,0,15.0,0.6225,0.000106,-19.28,89.13
2026-08-21 14:49:00,77549.49,1958.0,1958.0,1958.0,1958.0,0,15.0,0.6217,0.000106,-19.29,89.17
2026-08-21 14:50:00,77554.15,1958.0,1958.0,1958.0,1958.0,0,15.0,0.6222,0.000106,-19.28,89.14
2026-08-21 14:51:00,77553.44,1958.0,1958.0,1958.0,1958.0,0,15.0,0.6222,0.000106,-19.28,89.14
2026-08-21 14:52:00,77546.91,1958.0,1958.0,1958.0,1958.0,0,15.0,0.6215,0.000106,-19.29,89.19
2026-08-21 14:53:00,77546.51,1958.0,1958.0,1958.0,1958.0,0,15.0,0.6214,0.000106,-19.29,89.19
2026-08-21 14:54:00,77548.85,1958.0,1958.0,1958.0,1958.0,0,15.0,0.6217,0.000106,-19.29,89.17
2026-08-21 14:55:00,77547.17,1958.0,1958.0,1958.0,1958.0,0,15.0,0.6215,0.000106,-19.29,89.18
2026-08-21 14:56:00,77537.93,1958.0,1958.0,1958.0,1958.0,0,15.0,0.6205,0.000106,-19.31,89.25
2026-08-21 14:57:00,77531.88,1958.0,1958.0,1958.0,1958.0,0,15.0,0.6199,0.000106,-19.32,89.29
2026-08-21 14:58:00,77535.2,1958.0,1958.0,1958.0,1958.0,0,15.0,0.6202,0.000106,-19.31,89.26
2026-08-21 14:59:00,77534.16,1958.0,1958.0,1958.0,1958.0,0,15.0,0.6201,0.000106,-19.31,89.27
2026-08-21 15:00:00,77539.25,1958.0,1958.0,1958.0,1958.0,0,15.0,0.6207,0.000106,-19.31,89.23
2026-08-21 15:01:00,77544.55,1958.0,1958.0,1958.0,1958.0,0,15.0,0.6212,0.000106,-19.3,89.2
2026-08-21 15:02:00,77551.04,1958.0,1958.0,1958.0,1958.0,0,15.0,0.6219,0.000106,-19.29,89.15
2026-08-21 15:03:00,77537.68,1958.0,1958.0,1958.0,1958.0,0,15.0,0.6205,0.000106,-19.31,89.24
2026-08-21 15:04:00,77538.88,1958.0,1958.0,1958.0,1958.0,0,15.0,0.6206,0.000106,-19.31,89.23
2026-08-21 15:05:00,77529.28,1958.0,1958.0,1958.0,1958.0,0,15.0,0.6196,0.000106,-19.32,89.3
2026-08-21 15:06:00,77545.08,1958.0,1958.0,1958.0,1958.0,0,15.0,0.6213,0.000106,-19.3,89.19
2026-08-21 15:07:00,77546.52,1958.0,1958.0,1958.0,1958.0,0,15.0,0.6214,0.000106,-19.3,89.18
2026-08-21 15:08:00,77539.37,1958.0,1958.0,1958.0,1958.0,0,15.0,0.6207,0.000106,-19.31,89.23
2026-08-21 15:09:00,77527.92,1958.0,1958.0,1958.0,1958.0,0,15.0,0.6195,0.000106,-19.33,89.3
2026-08-21 15:10:00,77513.11,1958.0,1958.0,1958.0,1958.0,0,15.0,0.6179,0.000106,-19.35,89.4
2026-08-21 15:11:00,77517.07,1958.0,1958.0,1958.0,1958.0,0,15.0,0.6183,0.000106,-19.34,89.37
2026-08-21 15:12:00,77489.06,1958.0,1958.0,1958.0,1958.0,0,15.0,0.6153,0.000107,-19.39,89.56
2026-08-21 15:13:00,77508.21,1958.0,1958.0,1958.0,1958.0,0,15.0,0.6174,0.000107,-19.36,89.43
2026-08-21 15:14:00,77518.89,1958.0,1958.0,1958.0,1958.0,0,15.0,0.6185,0.000106,-19.34,89.36
2026-08-21 15:15:00,77522.47,1958.0,1958.0,1958.0,1958.0,0,15.0,0.6189,0.000106,-19.34,89.33
2026-08-21 15:16:00,77522.47,1958.0,1958.0,1958.0,1958.0,0,15.0,0.6189,0.000106,-19.34,89.33
2026-08-21 15:17:00,77522.47,1958.0,1958.0,1958.0,1958.0,0,15.0,0.6189,0.000106,-19.34,89.33
2026-08-21 15:18:00,77522.47,1958.0,1958.0,1958.0,1958.0,0,15.0,0.6189,0.000106,-19.34,89.33
2026-08-21 15:19:00,77522.47,1958.0,1958.0,1958.0,1958.0,0,15.0,0.6189,0.000106,-19.34,89.33
2026-08-21 15:20:00,77522.47,1958.0,2015.75,1958.0,2015.75,20,15.58,0.6152,0.000103,-20.15,89.6
2026-08-21 15:21:00,77522.47,2015.75,2015.75,2015.75,2015.75,0,15.0,0.6189,0.000106,-19.34,89.33
2026-08-21 15:22:00,77522.47,2015.75,2015.75,2015.75,2015.75,0,15.0,0.6189,0.000106,-19.34,89.33
2026-08-21 15:23:00,77522.47,2015.75,2015.75,2015.75,2015.75,0,15.0,0.6189,0.000106,-19.34,89.32
2026-08-21 15:24:00,77522.47,2015.75,2015.75,2015.75,2015.75,0,15.0,0.6189,0.000106,-19.34,89.32
2026-08-21 15:25:00,77522.47,2015.75,2015.75,2015.75,2015.75,0,15.0,0.6189,0.000106,-19.34,89.32
2026-08-21 15:26:00,77522.47,2015.75,2015.75,2015.75,2015.75,0,15.0,0.6189,0.000106,-19.34,89.32
2026-08-21 15:27:00,77522.47,2015.75,2015.75,2015.75,2015.75,0,15.0,0.6189,0.000106,-19.34,89.32
2026-08-21 15:28:00,77522.47,2015.75,2015.75,2015.75,2015.75,0,15.0,0.6189,0.000106,-19.34,89.32
2026-08-21 15:29:00,77540.83,2015.75,2015.75,2015.75,2015.75,0,15.0,0.6209,0.000106,-19.31,89.19
2026-08-24 09:18:00,77767.93,2100.0,2100.0,2100.0,2100.0,80,15.4,0.647,0.000105,-20.25,83.75
2026-08-24 09:19:00,77745.36,2100.0,2100.0,2100.0,2100.0,20,15.58,0.6432,0.000104,-20.55,84.05
2026-08-24 09:20:00,77765.21,2100.0,2100.0,2100.0,2100.0,0,15.0,0.65,0.000107,-19.65,83.47
2026-08-24 09:21:00,77744.47,2100.0,2100.0,2100.0,2100.0,0,15.0,0.6478,0.000108,-19.69,83.64
2026-08-24 09:22:00,77746.98,2100.0,2100.0,2027.8,2027.8,20,14.7,0.6507,0.00011,-19.24,83.39
2026-08-24 09:23:00,77760.69,2027.8,2027.8,2027.8,2027.8,0,15.0,0.6496,0.000108,-19.66,83.5
2026-08-24 09:24:00,77740.26,2027.8,2027.8,2027.8,2027.8,0,15.0,0.6474,0.000108,-19.7,83.68
2026-08-24 09:25:00,77747.79,2027.8,2027.8,2027.8,2027.8,0,15.0,0.6482,0.000108,-19.68,83.61
2026-08-24 09:26:00,77738.26,2027.8,2027.8,2027.8,2027.8,0,15.0,0.6472,0.000108,-19.71,83.69
2026-08-24 09:27:00,77742.11,2027.8,2027.8,2027.8,2027.8,0,15.0,0.6476,0.000108,-19.7,83.66
2026-08-24 09:28:00,77700.58,2027.8,2027.8,2027.8,2027.8,0,15.0,0.6431,0.000108,-19.79,84.0
2026-08-24 09:29:00,77701.6,2027.8,2027.8,2027.8,2027.8,0,15.0,0.6432,0.000108,-19.78,83.99
2026-08-24 09:30:00,77694.99,2027.8,2027.8,2027.8,2027.8,0,15.0,0.6425,0.000108,-19.8,84.05
2026-08-24 09:31:00,77671.61,2027.8,2027.8,2027.8,2027.8,0,15.0,0.6399,0.000109,-19.85,84.23
2026-08-24 09:32:00,77666.71,2027.8,2027.8,2027.8,2027.8,0,15.0,0.6394,0.000109,-19.86,84.27
2026-08-24 09:33:00,77656.33,2027.8,2027.8,2027.8,2027.8,0,15.0,0.6383,0.000109,-19.88,84.35
2026-08-24 09:34:00,77649.64,2027.8,2027.8,2027.8,2027.8,0,15.0,0.6376,0.000109,-19.89,84.41
2026-08-24 09:35:00,77659.11,2027.8,2027.8,2027.8,2027.8,0,15.0,0.6386,0.000109,-19.87,84.33
2026-08-24 09:36:00,77657.27,2027.8,2027.8,2027.8,2027.8,0,15.0,0.6384,0.000109,-19.88,84.34
2026-08-24 09:37:00,77682.97,2027.8,2027.8,2027.8,2027.8,0,15.0,0.6412,0.000109,-19.82,84.14
2026-08-24 09:38:00,77683.66,2027.8,2027.8,2027.8,2027.8,0,15.0,0.6413,0.000109,-19.82,84.13
2026-08-24 09:39:00,77684.09,2027.8,2027.8,2027.8,2027.8,0,15.0,0.6413,0.000109,-19.82,84.13
2026-08-24 09:40:00,77670.33,2027.8,2027.8,2027.8,2027.8,0,15.0,0.6398,0.000109,-19.85,84.24
2026-08-24 09:41:00,77662.81,2027.8,2027.8,2027.8,2027.8,0,15.0,0.639,0.000109,-19.87,84.29
2026-08-24 09:42:00,77651.19,2027.8,2027.8,2027.8,2027.8,0,15.0,0.6377,0.000109,-19.89,84.39
2026-08-24 09:43:00,77668.25,2027.8,2027.8,2027.8,2027.8,0,15.0,0.6396,0.000109,-19.86,84.25
2026-08-24 09:44:00,77676.77,2027.8,2027.8,2027.8,2027.8,0,15.0,0.6405,0.000109,-19.84,84.18
2026-08-24 09:45:00,77679.49,2027.8,2027.8,2027.8,2027.8,0,15.0,0.6408,0.000109,-19.83,84.16
2026-08-24 09:46:00,77662.9,2027.8,2027.8,2027.8,2027.8,0,15.0,0.639,0.000109,-19.87,84.29
2026-08-24 09:47:00,77662.43,2027.8,2027.8,2027.8,2027.8,0,15.0,0.639,0.000109,-19.87,84.29
2026-08-24 09:48:00,77660.46,2027.8,2027.8,2027.8,2027.8,0,15.0,0.6388,0.000109,-19.87,84.31
2026-08-24 09:49:00,77646.27,2027.8,2027.8,2027.8,2027.8,0,15.0,0.6372,0.000109,-19.9,84.42
2026-08-24 09:50:00,77651.53,2027.8,2027.8,2027.8,2027.8,0,15.0,0.6378,0.000109,-19.89,84.37
2026-08-24 09:51:00,77652.01,2027.8,2027.8,2027.8,2027.8,0,15.0,0.6378,0.000109,-19.89,84.37
2026-08-24 09:52:00,77650.7,2027.8,2027.8,2027.8,2027.8,0,15.0,0.6377,0.000109,-19.89,84.38
2026-08-24 09:53:00,77635.87,2027.8,2027.8,2027.8,2027.8,0,15.0,0.6361,0.000109,-19.92,84.49
2026-08-24 09:54:00,77628.09,2027.8,2027.8,2027.8,2027.8,0,15.0,0.6352,0.000109,-19.94,84.55
2026-08-24 09:55:00,77635.87,2027.8,2027.8,2027.8,2027.8,0,15.0,0.6361,0.000109,-19.92,84.49
2026-08-24 09:56:00,77634.71,2027.8,2027.8,2027.8,2027.8,0,15.0,0.636,0.000109,-19.93,84.5
2026-08-24 09:57:00,77639.13,2027.8,2027.8,2027.8,2027.8,0,15.0,0.6364,0.000109,-19.92,84.46
2026-08-24 09:58:00,77608.06,2027.8,2027.8,2027.8,2027.8,0,15.0,0.633,0.00011,-19.98,84.7
2026-08-24 09:59:00,77609.19,2027.8,2027.8,2027.8,2027.8,0,15.0,0.6332,0.00011,-19.98,84.69
2026-08-24 10:00:00,77618.79,2027.8,2027.8,2027.8,2027.8,0,15.0,0.6342,0.000109,-19.96,84.62
2026-08-24 10:01:00,77617.29,2027.8,2027.8,2027.8,2027.8,0,15.0,0.6341,0.000109,-19.96,84.63
2026-08-24 10:02:00,77631.7,2027.8,2027.8,2027.8,2027.8,0,15.0,0.6356,0.000109,-19.93,84.52
2026-08-24 10:03:00,77621.94,2027.8,2027.8,2027.8,2027.8,0,15.0,0.6346,0.000109,-19.95,84.59
2026-08-24 10:04:00,77622.01,2027.8,2027.8,2027.8,2027.8,0,15.0,0.6346,0.000109,-19.95,84.59
2026-08-24 10:05:00,77618.53,2027.8,2027.8,2027.8,2027.8,0,15.0,0.6342,0.000109,-19.96,84.62
2026-08-24 10:06:00,77615.28,2027.8,2027.8,2027.8,2027.8,0,15.0,0.6338,0.000109,-19.97,84.64
2026-08-24 10:07:00,77608.47,2027.8,2027.8,2027.8,2027.8,0,15.0,0.6331,0.00011,-19.98,84.69
2026-08-24 10:08:00,77609.07,2027.8,2027.8,2027.8,2027.8,0,15.0,0.6332,0.00011,-19.98,84.69
2026-08-24 10:09:00,77617.26,2027.8,2027.8,2027.8,2027.8,0,15.0,0.6341,0.000109,-19.96,84.62
2026-08-24 10:10:00,77623.08,2027.8,2027.8,2027.8,2027.8,0,15.0,0.6347,0.000109,-19.95,84.58
2026-08-24 10:11:00,77615.65,2027.8,2027.8,2027.8,2027.8,0,15.0,0.6339,0.000109,-19.97,84.63
2026-08-24 10:12:00,77613.94,2027.8,2027.8,2027.8,2027.8,0,15.0,0.6337,0.00011,-19.97,84.64
2026-08-24 10:13:00,77623.44,2027.8,2027.8,2027.8,2027.8,0,15.0,0.6348,0.000109,-19.95,84.57
2026-08-24 10:14:00,77631.25,2027.8,2027.8,2027.8,2027.8,0,15.0,0.6356,0.000109,-19.94,84.51
2026-08-24 10:15:00,77619.86,2027.8,2027.8,2027.8,2027.8,0,15.0,0.6344,0.000109,-19.96,84.6
2026-08-24 10:16:00,77634.05,2027.8,2027.8,2027.8,2027.8,0,15.0,0.6359,0.000109,-19.93,84.48
2026-08-24 10:17:00,77624.51,2027.8,2027.8,2027.8,2027.8,0,15.0,0.6349,0.000109,-19.95,84.56
2026-08-24 10:18:00,77634.63,2027.8,2027.8,2027.8,2027.8,0,15.0,0.636,0.000109,-19.93,84.48
2026-08-24 10:19:00,77629.23,2027.8,2027.8,2027.8,2027.8,0,15.0,0.6354,0.000109,-19.94,84.52
2026-08-24 10:20:00,77631.82,2027.8,2027.8,2027.8,2027.8,0,15.0,0.6357,0.000109,-19.94,84.5
2026-08-24 10:21:00,77649.67,2027.8,2027.8,2027.8,2027.8,0,15.0,0.6376,0.000109,-19.9,84.36
2026-08-24 10:22:00,77637.58,2027.8,2027.8,2027.8,2027.8,0,15.0,0.6363,0.000109,-19.93,84.45
2026-08-24 10:23:00,77634.32,2027.8,2027.8,2027.8,2027.8,0,15.0,0.636,0.000109,-19.93,84.48
2026-08-24 10:24:00,77633.58,2027.8,2027.8,2027.8,2027.8,0,15.0,0.6359,0.000109,-19.93,84.48
2026-08-24 10:25:00,77631.21,2027.8,2027.8,2027.8,2027.8,0,15.0,0.6356,0.000109,-19.94,84.5
2026-08-24 10:26:00,77629.38,2027.8,2027.8,2027.8,2027.8,0,15.0,0.6354,0.000109,-19.94,84.51
2026-08-24 10:27:00,77633.6,2027.8,2027.8,2027.8,2027.8,0,15.0,0.6359,0.000109,-19.93,84.48
2026-08-24 10:28:00,77624.59,2027.8,2027.8,2027.8,2027.8,0,15.0,0.6349,0.000109,-19.95,84.55
2026-08-24 10:29:00,77629.32,2027.8,2027.8,2027.8,2027.8,0,15.0,0.6354,0.000109,-19.94,84.51
2026-08-24 10:30:00,77633.51,2027.8,2027.8,2027.8,2027.8,0,15.0,0.6359,0.000109,-19.93,84.47
2026-08-24 10:31:00,77636.13,2027.8,2027.8,2027.8,2027.8,0,15.0,0.6362,0.000109,-19.93,84.45
2026-08-24 10:32:00,77620.44,2027.8,2027.8,2027.8,2027.8,0,15.0,0.6344,0.000109,-19.96,84.57
2026-08-24 10:33:00,77635.77,2027.8,2027.8,2027.8,2027.8,0,15.0,0.6361,0.000109,-19.93,84.45
2026-08-24 10:34:00,77636.55,2027.8,2027.8,2027.8,2027.8,0,15.0,0.6362,0.000109,-19.93,84.45
2026-08-24 10:35:00,77642.75,2027.8,2027.8,2027.8,2027.8,0,15.0,0.6369,0.000109,-19.92,84.4
2026-08-24 10:36:00,77638.52,2027.8,2027.8,2027.8,2027.8,0,15.0,0.6364,0.000109,-19.93,84.43
2026-08-24 10:37:00,77653.45,2027.8,2027.8,2027.8,2027.8,0,15.0,0.6381,0.000109,-19.9,84.31
2026-08-24 10:38:00,77657.9,2027.8,2027.8,2027.8,2027.8,0,15.0,0.6385,0.000109,-19.89,84.27
2026-08-24 10:39:00,77646.61,2027.8,2027.8,2027.8,2027.8,0,15.0,0.6373,0.000109,-19.91,84.36
2026-08-24 10:40:00,77637.55,2027.8,2027.8,2027.8,2027.8,0,15.0,0.6363,0.000109,-19.93,84.43
2026-08-24 10:41:00,77633.92,2027.8,2027.8,2027.8,2027.8,0,15.0,0.6359,0.000109,-19.94,84.46
2026-08-24 10:42:00,77628.4,2027.8,2027.8,2027.8,2027.8,0,15.0,0.6353,0.000109,-19.95,84.5
2026-08-24 10:43:00,77627.59,2027.8,2027.8,2027.8,2027.8,0,15.0,0.6352,0.000109,-19.95,84.51
2026-08-24 10:44:00,77640.59,2027.8,2027.8,2027.8,2027.8,0,15.0,0.6367,0.000109,-19.92,84.4
2026-08-24 10:45:00,77636.22,2027.8,2027.8,2027.8,2027.8,0,15.0,0.6362,0.000109,-19.93,84.44
2026-08-24 10:46:00,77627.45,2027.8,2027.8,2027.8,2027.8,0,15.0,0.6352,0.000109,-19.95,84.5
2026-08-24 10:47:00,77622.47,2027.8,2027.8,2027.8,2027.8,0,15.0,0.6347,0.000109,-19.96,84.54
2026-08-24 10:48:00,77617.26,2027.8,2027.8,2027.8,2027.8,0,15.0,0.6341,0.00011,-19.97,84.58
2026-08-24 10:49:00,77601.13,2027.8,2027.8,2027.8,2027.8,0,15.0,0.6324,0.00011,-20.0,84.7
2026-08-24 10:50:00,77603.35,2027.8,2027.8,2027.8,2027.8,0,15.0,0.6326,0.00011,-20.0,84.69
2026-08-24 10:51:00,77593.73,2027.8,2027.8,2027.8,2027.8,0,15.0,0.6315,0.00011,-20.02,84.76
2026-08-24 10:52:00,77583.06,2027.8,2027.8,2027.8,2027.8,0,15.0,0.6304,0.00011,-20.04,84.84
2026-08-24 10:53:00,77584.14,2027.8,2027.8,2027.8,2027.8,0,15.0,0.6305,0.00011,-20.04,84.83
2026-08-24 10:54:00,77602.38,2027.8,2027.8,2027.8,2027.8,0,15.0,0.6325,0.00011,-20.0,84.69
2026-08-24 10:55:00,77603.21,2027.8,2027.8,2027.8,2027.8,0,15.0,0.6326,0.00011,-20.0,84.68
2026-08-24 10:56:00,77596.13,2027.8,2027.8,2027.8,2027.8,0,15.0,0.6318,0.00011,-20.01,84.73
2026-08-24 10:57:00,77591.46,2027.8,2027.8,2027.8,2027.8,0,15.0,0.6313,0.00011,-20.02,84.77
2026-08-24 10:58:00,77576.07,2027.8,2027.8,2027.8,2027.8,0,15.0,0.6296,0.00011,-20.05,84.88
2026-08-24 10:59:00,77527.09,2027.8,2027.8,2027.8,2027.8,0,15.0,0.6242,0.000111,-20.14,85.23
2026-08-24 11:00:00,77533.06,2027.8,2027.8,2027.8,2027.8,0,15.0,0.6249,0.000111,-20.13,85.19
2026-08-24 11:01:00,77536.05,2027.8,2027.8,2027.8,2027.8,0,15.0,0.6252,0.000111,-20.13,85.17
2026-08-24 11:02:00,77531.54,2027.8,2027.8,2027.8,2027.8,0,15.0,0.6247,0.000111,-20.14,85.2
2026-08-24 11:03:00,77479.62,2027.8,2027.8,2027.8,2027.8,0,15.0,0.6189,0.000111,-20.23,85.56
2026-08-24 11:04:00,77472.6,2027.8,2027.8,2027.8,2027.8,0,15.0,0.6182,0.000111,-20.24,85.61
2026-08-24 11:05:00,77453.28,2027.8,2027.8,2027.8,2027.8,0,15.0,0.616,0.000112,-20.27,85.73
2026-08-24 11:06:00,77465.94,2027.8,2027.8,2027.8,2027.8,0,15.0,0.6174,0.000111,-20.25,85.65
2026-08-24 11:07:00,77456.84,2027.8,2027.8,2027.8,2027.8,0,15.0,0.6164,0.000111,-20.27,85.71
2026-08-24 11:08:00,77460.8,2027.8,2027.8,2027.8,2027.8,0,15.0,0.6169,0.000111,-20.26,85.68
2026-08-24 11:09:00,77438.76,2027.8,2027.8,2027.8,2027.8,0,15.0,0.6144,0.000112,-20.3,85.82
2026-08-24 11:10:00,77447.94,2027.8,2027.8,2027.8,2027.8,0,15.0,0.6154,0.000112,-20.28,85.76
2026-08-24 11:11:00,77449.97,2027.8,2027.8,2027.8,2027.8,0,15.0,0.6157,0.000112,-20.28,85.75
2026-08-24 11:12:00,77425.32,2027.8,2027.8,2027.8,2027.8,0,15.0,0.6129,0.000112,-20.32,85.91
2026-08-24 11:13:00,77426.81,2027.8,2027.8,2027.8,2027.8,0,15.0,0.6131,0.000112,-20.32,85.9
2026-08-24 11:14:00,77410.01,2027.8,2027.8,2027.8,2027.8,0,15.0,0.6112,0.000112,-20.35,86.0
2026-08-24 11:15:00,77410.87,2027.8,2027.8,2027.8,2027.8,0,15.0,0.6113,0.000112,-20.35,86.0
2026-08-24 11:16:00,77431.05,2027.8,2027.8,2027.8,2027.8,0,15.0,0.6135,0.000112,-20.31,85.87
2026-08-24 11:17:00,77420.46,2027.8,2027.8,2027.8,2027.8,0,15.0,0.6124,0.000112,-20.33,85.93
2026-08-24 11:18:00,77429.55,2027.8,2027.8,2027.8,2027.8,0,15.0,0.6134,0.000112,-20.32,85.87
2026-08-24 11:19:00,77436.83,2027.8,2027.8,2027.8,2027.8,0,15.0,0.6142,0.000112,-20.31,85.83
2026-08-24 11:20:00,77438.8,2027.8,2027.8,2027.8,2027.8,0,15.0,0.6144,0.000112,-20.3,85.81
2026-08-24 11:21:00,77424.92,2027.8,2027.8,2027.8,2027.8,0,15.0,0.6129,0.000112,-20.33,85.9
2026-08-24 11:22:00,77409.11,2027.8,2027.8,2027.8,2027.8,0,15.0,0.6111,0.000112,-20.35,86.0
2026-08-24 11:23:00,77393.92,2027.8,2027.8,2027.8,2027.8,0,15.0,0.6094,0.000112,-20.38,86.09
2026-08-24 11:24:00,77398.44,2027.8,2027.8,2027.8,2027.8,0,15.0,0.6099,0.000112,-20.37,86.06
2026-08-24 11:25:00,77387.52,2027.8,2027.8,2027.8,2027.8,0,15.0,0.6087,0.000112,-20.39,86.13
2026-08-24 11:26:00,77367.42,2027.8,2027.8,2027.8,2027.8,0,15.0,0.6064,0.000112,-20.42,86.25
2026-08-24 11:27:00,77389.69,2027.8,2027.8,2027.8,2027.8,0,15.0,0.6089,0.000112,-20.38,86.11
2026-08-24 11:28:00,77385.45,2027.8,2027.8,2027.8,2027.8,0,15.0,0.6085,0.000112,-20.39,86.14
2026-08-24 11:29:00,77399.9,2027.8,2027.8,2027.8,2027.8,0,15.0,0.6101,0.000112,-20.37,86.05
2026-08-24 11:30:00,77378.75,2027.8,2027.8,2027.8,2027.8,0,15.0,0.6077,0.000112,-20.4,86.18
2026-08-24 11:31:00,77329.23,2027.8,2027.8,2027.8,2027.8,0,15.0,0.6021,0.000113,-20.48,86.47
2026-08-24 11:32:00,77326.45,2027.8,2027.8,2027.8,2027.8,0,15.0,0.6018,0.000113,-20.48,86.48
2026-08-24 11:33:00,77318.53,2027.8,2027.8,2027.8,2027.8,0,15.0,0.6009,0.000113,-20.49,86.53
2026-08-24 11:34:00,77320.87,2027.8,2027.8,2027.8,2027.8,0,15.0,0.6012,0.000113,-20.49,86.51
2026-08-24 11:35:00,77320.75,2027.8,2027.8,2027.8,2027.8,0,15.0,0.6012,0.000113,-20.49,86.51
2026-08-24 11:36:00,77313.65,2027.8,2027.8,2027.8,2027.8,0,15.0,0.6004,0.000113,-20.5,86.55
2026-08-24 11:37:00,77312.15,2027.8,2027.8,2027.8,2027.8,0,15.0,0.6002,0.000113,-20.5,86.56
2026-08-24 11:38:00,77324.53,2027.8,2027.8,2027.8,2027.8,0,15.0,0.6016,0.000113,-20.49,86.49
2026-08-24 11:39:00,77330.78,2027.8,2027.8,2027.8,2027.8,0,15.0,0.6023,0.000113,-20.48,86.45
2026-08-24 11:40:00,77328.98,2027.8,2027.8,2027.8,2027.8,0,15.0,0.6021,0.000113,-20.48,86.46
2026-08-24 11:41:00,77329.29,2027.8,2027.8,2027.8,2027.8,0,15.0,0.6021,0.000113,-20.48,86.46
2026-08-24 11:42:00,77355.28,2027.8,2027.8,2027.8,2027.8,0,15.0,0.6051,0.000113,-20.44,86.31
2026-08-24 11:43:00,77349.23,2027.8,2027.8,2027.8,2027.8,0,15.0,0.6044,0.000113,-20.45,86.34
2026-08-24 11:44:00,77337.47,2027.8,2027.8,1775.0,1775.0,100,14.78,0.6044,0.000114,-20.14,86.33
2026-08-24 11:45:00,77356.12,1775.0,1775.0,1775.0,1775.0,0,15.0,0.6052,0.000113,-20.44,86.3
2026-08-24 11:46:00,77360.1,1775.0,1775.0,1775.0,1775.0,0,15.0,0.6056,0.000113,-20.43,86.27
2026-08-24 11:47:00,77363.22,1775.0,1775.0,1775.0,1775.0,0,15.0,0.606,0.000113,-20.43,86.25
2026-08-24 11:48:00,77357.86,1775.0,1775.0,1775.0,1775.0,0,15.0,0.6054,0.000113,-20.44,86.29
2026-08-24 11:49:00,77358.53,1775.0,1775.0,1775.0,1775.0,0,15.0,0.6054,0.000113,-20.44,86.28
2026-08-24 11:50:00,77364.03,1775.0,1775.0,1775.0,1775.0,0,15.0,0.6061,0.000113,-20.43,86.25
2026-08-24 11:51:00,77352.34,1775.0,1775.0,1775.0,1775.0,0,15.0,0.6048,0.000113,-20.45,86.31
2026-08-24 11:52:00,77352.95,1775.0,1775.0,1775.0,1775.0,0,15.0,0.6048,0.000113,-20.45,86.31
2026-08-24 11:53:00,77347.8,1775.0,1775.0,1775.0,1775.0,0,15.0,0.6042,0.000113,-20.45,86.34
2026-08-24 11:54:00,77345.25,1775.0,1775.0,1775.0,1775.0,0,15.0,0.604,0.000113,-20.46,86.35
2026-08-24 11:55:00,77355.72,1775.0,1775.0,1775.0,1775.0,0,15.0,0.6051,0.000113,-20.44,86.29
2026-08-24 11:56:00,77351.12,1775.0,1775.0,1775.0,1775.0,0,15.0,0.6046,0.000113,-20.45,86.32
2026-08-24 11:57:00,77337.08,1775.0,1775.0,1775.0,1775.0,0,15.0,0.603,0.000113,-20.47,86.4
2026-08-24 11:58:00,77327.7,1775.0,1775.0,1775.0,1775.0,0,15.0,0.602,0.000113,-20.49,86.45
2026-08-24 11:59:00,77317.41,1775.0,1775.0,1775.0,1775.0,0,15.0,0.6008,0.000113,-20.5,86.51
2026-08-24 12:00:00,77322.76,1775.0,1775.0,1775.0,1775.0,0,15.0,0.6014,0.000113,-20.49,86.48
2026-08-24 12:01:00,77323.69,1775.0,1775.0,1775.0,1775.0,0,15.0,0.6015,0.000113,-20.49,86.47
2026-08-24 12:02:00,77324.51,1775.0,1775.0,1775.0,1775.0,0,15.0,0.6016,0.000113,-20.49,86.46
2026-08-24 12:03:00,77335.85,1775.0,1775.0,1775.0,1775.0,0,15.0,0.6029,0.000113,-20.47,86.4
2026-08-24 12:04:00,77336.92,1775.0,1781.8,1775.0,1781.8,20,14.86,0.6038,0.000114,-20.27,86.34
2026-08-24 12:05:00,77330.96,1781.8,1781.8,1781.8,1781.8,0,15.0,0.6024,0.000113,-20.48,86.42
2026-08-24 12:06:00,77324.56,1781.8,1781.8,1781.8,1781.8,0,15.0,0.6016,0.000113,-20.49,86.46
2026-08-24 12:07:00,77339.2,1781.8,1781.8,1781.8,1781.8,0,15.0,0.6033,0.000113,-20.47,86.38
2026-08-24 12:08:00,77340.82,1781.8,1781.8,1781.8,1781.8,0,15.0,0.6035,0.000113,-20.47,86.37
2026-08-24 12:09:00,77349.96,1781.8,1781.8,1781.8,1781.8,0,15.0,0.6045,0.000113,-20.45,86.31
2026-08-24 12:10:00,77361.09,1781.8,1781.8,1781.8,1781.8,0,15.0,0.6058,0.000113,-20.44,86.24
2026-08-24 12:11:00,77354.71,1781.8,1781.8,1781.8,1781.8,0,15.0,0.605,0.000113,-20.45,86.28
2026-08-24 12:12:00,77351.91,1781.8,1781.8,1781.8,1781.8,0,15.0,0.6047,0.000113,-20.45,86.3
2026-08-24 12:13:00,77348.8,1781.8,1781.8,1781.8,1781.8,0,15.0,0.6044,0.000113,-20.46,86.31
2026-08-24 12:14:00,77352.5,1781.8,1781.8,1781.8,1781.8,0,15.0,0.6048,0.000113,-20.45,86.29
2026-08-24 12:15:00,77355.67,1781.8,1781.8,1781.8,1781.8,0,15.0,0.6052,0.000113,-20.45,86.27
2026-08-24 12:16:00,77342.59,1781.8,1781.8,1781.8,1781.8,0,15.0,0.6037,0.000113,-20.47,86.35
2026-08-24 12:17:00,77339.1,1781.8,1781.8,1781.8,1781.8,0,15.0,0.6033,0.000113,-20.47,86.37
2026-08-24 12:18:00,77341.61,1781.8,1781.8,1781.8,1781.8,0,15.0,0.6036,0.000113,-20.47,86.35
2026-08-24 12:19:00,77341.11,1781.8,1781.8,1781.8,1781.8,0,15.0,0.6035,0.000113,-20.47,86.35
2026-08-24 12:20:00,77343.86,1781.8,1785.0,1781.8,1785.0,240,14.85,0.6047,0.000114,-20.25,86.28
2026-08-24 12:21:00,77345.49,1785.0,1785.0,1785.0,1785.0,0,15.0,0.604,0.000113,-20.46,86.32
2026-08-24 12:22:00,77347.14,1785.0,1785.0,1785.0,1785.0,0,15.0,0.6042,0.000113,-20.46,86.31
2026-08-24 12:23:00,77354.47,1785.0,1785.0,1785.0,1785.0,0,15.0,0.605,0.000113,-20.45,86.27
2026-08-24 12:24:00,77352.19,1785.0,1785.0,1785.0,1785.0,0,15.0,0.6048,0.000113,-20.45,86.28
2026-08-24 12:25:00,77349.31,1785.0,1785.0,1785.0,1785.0,0,15.0,0.6044,0.000113,-20.46,86.3
2026-08-24 12:26:00,77355.63,1785.0,1785.0,1785.0,1785.0,0,15.0,0.6052,0.000113,-20.45,86.26
2026-08-24 12:27:00,77347.0,1785.0,1785.0,1785.0,1785.0,0,15.0,0.6042,0.000113,-20.46,86.31
2026-08-24 12:28:00,77344.68,1785.0,1785.0,1785.0,1785.0,0,15.0,0.6039,0.000113,-20.47,86.32
2026-08-24 12:29:00,77318.17,1785.0,1785.0,1785.0,1785.0,0,15.0,0.6009,0.000113,-20.51,86.47
2026-08-24 12:30:00,77327.03,1785.0,1785.0,1785.0,1785.0,0,15.0,0.6019,0.000113,-20.49,86.42
2026-08-24 12:31:00,77321.27,1785.0,1785.0,1785.0,1785.0,0,15.0,0.6013,0.000113,-20.5,86.45
2026-08-24 12:32:00,77317.8,1785.0,1785.0,1785.0,1785.0,0,15.0,0.6009,0.000113,-20.51,86.47
2026-08-24 12:33:00,77310.77,1785.0,1785.0,1785.0,1785.0,0,15.0,0.6001,0.000113,-20.52,86.51
2026-08-24 12:34:00,77312.02,1785.0,1785.0,1785.0,1785.0,0,15.0,0.6002,0.000113,-20.52,86.5
2026-08-24 12:35:00,77317.41,1785.0,1785.0,1785.0,1785.0,0,15.0,0.6009,0.000113,-20.51,86.47
2026-08-24 12:36:00,77319.38,1785.0,1785.0,1785.0,1785.0,0,15.0,0.6011,0.000113,-20.51,86.46
2026-08-24 12:37:00,77321.19,1785.0,1785.0,1785.0,1785.0,0,15.0,0.6013,0.000113,-20.5,86.45
2026-08-24 12:38:00,77302.99,1785.0,1785.0,1785.0,1785.0,0,15.0,0.5992,0.000113,-20.53,86.55
2026-08-24 12:39:00,77294.26,1785.0,1785.0,1785.0,1785.0,0,15.0,0.5982,0.000113,-20.54,86.6
2026-08-24 12:40:00,77286.26,1785.0,1785.0,1785.0,1785.0,0,15.0,0.5973,0.000113,-20.56,86.64
2026-08-24 12:41:00,77293.09,1785.0,1785.0,1785.0,1785.0,0,15.0,0.5981,0.000113,-20.55,86.6
2026-08-24 12:42:00,77285.5,1785.0,1785.0,1785.0,1785.0,0,15.0,0.5972,0.000113,-20.56,86.64
2026-08-24 12:43:00,77281.26,1785.0,1785.0,1785.0,1785.0,0,15.0,0.5968,0.000113,-20.56,86.66
2026-08-24 12:44:00,77287.93,1785.0,1785.0,1785.0,1785.0,0,15.0,0.5975,0.000113,-20.55,86.63
2026-08-24 12:45:00,77291.63,1785.0,1785.0,1785.0,1785.0,0,15.0,0.5979,0.000113,-20.55,86.6
2026-08-24 12:46:00,77297.13,1785.0,1785.0,1785.0,1785.0,0,15.0,0.5986,0.000113,-20.54,86.57
2026-08-24 12:47:00,77294.83,1785.0,1785.0,1785.0,1785.0,0,15.0,0.5983,0.000113,-20.54,86.58
2026-08-24 12:48:00,77295.04,1785.0,1785.0,1785.0,1785.0,0,15.0,0.5983,0.000113,-20.54,86.58
2026-08-24 12:49:00,77305.36,1785.0,1785.0,1785.0,1785.0,0,15.0,0.5995,0.000113,-20.53,86.52
2026-08-24 12:50:00,77293.52,1785.0,1785.0,1785.0,1785.0,0,15.0,0.5982,0.000113,-20.55,86.59
2026-08-24 12:51:00,77300.75,1785.0,1785.0,1785.0,1785.0,0,15.0,0.599,0.000113,-20.54,86.55
2026-08-24 12:52:00,77300.8,1785.0,1785.0,1785.0,1785.0,0,15.0,0.599,0.000113,-20.54,86.55
2026-08-24 12:53:00,77288.04,1785.0,1785.0,1785.0,1785.0,0,15.0,0.5975,0.000113,-20.56,86.62
2026-08-24 12:54:00,77299.57,1785.0,1785.0,1785.0,1785.0,0,15.0,0.5989,0.000113,-20.54,86.55
2026-08-24 12:55:00,77316.98,1785.0,1785.0,1785.0,1785.0,0,15.0,0.6008,0.000113,-20.51,86.45
2026-08-24 12:56:00,77307.48,1785.0,1785.0,1785.0,1785.0,0,15.0,0.5998,0.000113,-20.53,86.51
2026-08-24 12:57:00,77305.4,1785.0,1785.0,1785.0,1785.0,0,15.0,0.5995,0.000113,-20.53,86.52
2026-08-24 12:58:00,77302.58,1785.0,1785.0,1785.0,1785.0,0,15.0,0.5992,0.000113,-20.54,86.53
2026-08-24 12:59:00,77299.66,1785.0,1785.0,1785.0,1785.0,0,15.0,0.5989,0.000113,-20.54,86.55
2026-08-24 13:00:00,77294.68,1785.0,1785.0,1785.0,1785.0,0,15.0,0.5983,0.000113,-20.55,86.57
2026-08-24 13:01:00,77286.24,1785.0,1785.0,1785.0,1785.0,0,15.0,0.5974,0.000113,-20.56,86.62
2026-08-24 13:02:00,77274.42,1785.0,1785.0,1785.0,1785.0,0,15.0,0.596,0.000114,-20.58,86.68
2026-08-24 13:03:00,77256.07,1785.0,1785.0,1785.0,1785.0,0,15.0,0.5939,0.000114,-20.6,86.78
2026-08-24 13:04:00,77254.02,1785.0,1785.0,1785.0,1785.0,0,15.0,0.5937,0.000114,-20.61,86.79
2026-08-24 13:05:00,77231.0,1785.0,1785.0,1785.0,1785.0,0,15.0,0.5911,0.000114,-20.64,86.9
2026-08-24 13:06:00,77218.24,1785.0,1785.0,1785.0,1785.0,0,15.0,0.5896,0.000114,-20.65,86.96
2026-08-24 13:07:00,77214.2,1785.0,1785.0,1785.0,1785.0,0,15.0,0.5892,0.000114,-20.66,86.98
2026-08-24 13:08:00,77225.47,1785.0,1785.0,1785.0,1785.0,0,15.0,0.5904,0.000114,-20.64,86.93
2026-08-24 13:09:00,77230.8,1785.0,1785.0,1716.95,1720.0,100,14.89,0.5916,0.000115,-20.48,86.87
2026-08-24 13:10:00,77222.0,1720.0,1720.0,1720.0,1720.0,0,15.0,0.5901,0.000114,-20.65,86.94
2026-08-24 13:11:00,77225.4,1720.0,1720.0,1707.5,1707.5,20,14.78,0.5915,0.000116,-20.33,86.86
2026-08-24 13:12:00,77241.74,1707.5,1707.5,1707.5,1707.5,0,15.0,0.5923,0.000114,-20.62,86.84
2026-08-24 13:13:00,77244.16,1707.5,1707.5,1707.5,1707.5,0,15.0,0.5926,0.000114,-20.62,86.83
2026-08-24 13:14:00,77252.38,1707.5,1707.5,1707.5,1707.5,0,15.0,0.5935,0.000114,-20.61,86.78
2026-08-24 13:15:00,77243.53,1707.5,1707.5,1707.5,1707.5,0,15.0,0.5925,0.000114,-20.62,86.83
2026-08-24 13:16:00,77245.66,1707.5,1707.5,1707.5,1707.5,0,15.0,0.5928,0.000114,-20.62,86.82
2026-08-24 13:17:00,77248.31,1707.5,1707.5,1707.5,1707.5,0,15.0,0.5931,0.000114,-20.62,86.8
2026-08-24 13:18:00,77259.32,1707.5,1707.5,1707.5,1707.5,0,15.0,0.5943,0.000114,-20.6,86.74
2026-08-24 13:19:00,77270.45,1707.5,1707.5,1707.5,1707.5,0,15.0,0.5956,0.000114,-20.59,86.68
2026-08-24 13:20:00,77275.1,1707.5,1707.5,1707.5,1707.5,0,15.0,0.5961,0.000114,-20.58,86.66
2026-08-24 13:21:00,77282.59,1707.5,1707.5,1707.5,1707.5,0,15.0,0.597,0.000114,-20.57,86.62
2026-08-24 13:22:00,77281.86,1707.5,1707.5,1707.5,1707.5,0,15.0,0.5969,0.000114,-20.57,86.62
2026-08-24 13:23:00,77284.45,1707.5,1707.5,1707.5,1707.5,0,15.0,0.5972,0.000113,-20.57,86.61
2026-08-24 13:24:00,77288.05,1707.5,1707.5,1707.5,1707.5,0,15.0,0.5976,0.000113,-20.56,86.58
2026-08-24 13:25:00,77283.04,1707.5,1707.5,1707.5,1707.5,0,15.0,0.597,0.000114,-20.57,86.61
2026-08-24 13:26:00,77295.64,1707.5,1707.5,1707.5,1707.5,0,15.0,0.5984,0.000113,-20.55,86.54
2026-08-24 13:27:00,77297.9,1707.5,1707.5,1707.5,1707.5,0,15.0,0.5987,0.000113,-20.55,86.53
2026-08-24 13:28:00,77308.33,1707.5,1707.5,1707.5,1707.5,0,15.0,0.5999,0.000113,-20.53,86.47
2026-08-24 13:29:00,77303.31,1707.5,1707.5,1707.5,1707.5,0,15.0,0.5993,0.000113,-20.54,86.5
2026-08-24 13:30:00,77303.2,1707.5,1707.5,1707.5,1707.5,0,15.0,0.5993,0.000113,-20.54,86.5
2026-08-24 13:31:00,77292.16,1707.5,1707.5,1707.5,1707.5,0,15.0,0.5981,0.000113,-20.56,86.56
2026-08-24 13:32:00,77282.33,1707.5,1707.5,1707.5,1707.5,0,15.0,0.5969,0.000114,-20.57,86.61
2026-08-24 13:33:00,77258.54,1707.5,1707.5,1707.5,1707.5,0,15.0,0.5942,0.000114,-20.61,86.73
2026-08-24 13:34:00,77261.27,1707.5,1707.5,1707.5,1707.5,0,15.0,0.5945,0.000114,-20.6,86.72
2026-08-24 13:35:00,77270.07,1707.5,1707.5,1707.5,1707.5,0,15.0,0.5955,0.000114,-20.59,86.67
2026-08-24 13:36:00,77263.24,1707.5,1707.5,1707.5,1707.5,0,15.0,0.5948,0.000114,-20.6,86.71
2026-08-24 13:37:00,77279.21,1707.5,1707.5,1707.5,1707.5,0,15.0,0.5966,0.000114,-20.58,86.62
2026-08-24 13:38:00,77284.25,1707.5,1707.5,1707.5,1707.5,0,15.0,0.5972,0.000114,-20.57,86.59
2026-08-24 13:39:00,77279.62,1707.5,1707.5,1707.5,1707.5,0,15.0,0.5966,0.000114,-20.58,86.62
2026-08-24 13:40:00,77273.66,1707.5,1707.5,1707.5,1707.5,0,15.0,0.596,0.000114,-20.59,86.65
2026-08-24 13:41:00,77277.62,1707.5,1707.5,1707.5,1707.5,0,15.0,0.5964,0.000114,-20.58,86.62
2026-08-24 13:42:00,77266.3,1707.5,1707.5,1707.5,1707.5,0,15.0,0.5951,0.000114,-20.6,86.68
2026-08-24 13:43:00,77266.87,1707.5,1707.5,1707.5,1707.5,0,15.0,0.5952,0.000114,-20.6,86.68
2026-08-24 13:44:00,77265.78,1707.5,1707.5,1707.5,1707.5,0,15.0,0.5951,0.000114,-20.6,86.68
2026-08-24 13:45:00,77271.59,1707.5,1707.5,1707.5,1707.5,0,15.0,0.5957,0.000114,-20.59,86.65
2026-08-24 13:46:00,77273.72,1707.5,1707.5,1707.5,1707.5,0,15.0,0.596,0.000114,-20.59,86.64
2026-08-24 13:47:00,77268.45,1707.5,1707.5,1707.5,1707.5,0,15.0,0.5954,0.000114,-20.6,86.67
2026-08-24 13:48:00,77261.93,1707.5,1707.5,1707.5,1707.5,0,15.0,0.5946,0.000114,-20.6,86.7
2026-08-24 13:49:00,77266.2,1707.5,1707.5,1707.5,1707.5,0,15.0,0.5951,0.000114,-20.6,86.68
2026-08-24 13:50:00,77281.3,1707.5,1707.5,1707.5,1707.5,0,15.0,0.5968,0.000114,-20.58,86.59
2026-08-24 13:51:00,77269.52,1707.5,1707.5,1707.5,1707.5,0,15.0,0.5955,0.000114,-20.6,86.66
2026-08-24 13:52:00,77264.45,1707.5,1707.5,1707.5,1707.5,0,15.0,0.5949,0.000114,-20.6,86.68
2026-08-24 13:53:00,77255.02,1707.5,1707.5,1707.5,1707.5,0,15.0,0.5939,0.000114,-20.62,86.73
2026-08-24 13:54:00,77243.59,1707.5,1707.5,1707.5,1707.5,0,15.0,0.5926,0.000114,-20.63,86.79
2026-08-24 13:55:00,77238.12,1707.5,1707.5,1707.5,1707.5,0,15.0,0.5919,0.000114,-20.64,86.82
2026-08-24 13:56:00,77236.95,1707.5,1707.5,1707.5,1707.5,0,15.0,0.5918,0.000114,-20.64,86.82
2026-08-24 13:57:00,77249.52,1707.5,1707.5,1707.5,1707.5,0,15.0,0.5932,0.000114,-20.62,86.76
2026-08-24 13:58:00,77249.76,1707.5,1707.5,1707.5,1707.5,0,15.0,0.5933,0.000114,-20.62,86.75
2026-08-24 13:59:00,77250.71,1707.5,1707.5,1707.5,1707.5,0,15.0,0.5934,0.000114,-20.62,86.75
2026-08-24 14:00:00,77248.71,1707.5,1707.5,1707.5,1707.5,0,15.0,0.5931,0.000114,-20.63,86.76
2026-08-24 14:01:00,77267.78,1707.5,1707.5,1707.5,1707.5,0,15.0,0.5953,0.000114,-20.6,86.66
2026-08-24 14:02:00,77265.29,1707.5,1707.5,1707.5,1707.5,0,15.0,0.595,0.000114,-20.6,86.67
2026-08-24 14:03:00,77257.21,1707.5,1707.5,1707.5,1707.5,0,15.0,0.5941,0.000114,-20.61,86.71
2026-08-24 14:04:00,77263.44,1707.5,1707.5,1707.5,1707.5,0,15.0,0.5948,0.000114,-20.61,86.68
2026-08-24 14:05:00,77267.95,1707.5,1707.5,1707.5,1707.5,0,15.0,0.5953,0.000114,-20.6,86.65
2026-08-24 14:06:00,77250.89,1707.5,1707.5,1707.5,1707.5,0,15.0,0.5934,0.000114,-20.62,86.74
2026-08-24 14:07:00,77258.89,1707.5,1707.5,1707.5,1707.5,0,15.0,0.5943,0.000114,-20.61,86.7
2026-08-24 14:08:00,77260.37,1707.5,1707.5,1707.5,1707.5,0,15.0,0.5945,0.000114,-20.61,86.69
2026-08-24 14:09:00,77257.4,1707.5,1707.5,1707.5,1707.5,0,15.0,0.5941,0.000114,-20.62,86.7
2026-08-24 14:10:00,77246.59,1707.5,1707.5,1707.5,1707.5,0,15.0,0.5929,0.000114,-20.63,86.76
2026-08-24 14:11:00,77238.81,1707.5,1707.5,1707.5,1707.5,0,15.0,0.592,0.000114,-20.64,86.8
2026-08-24 14:12:00,77230.55,1707.5,1707.5,1707.5,1707.5,0,15.0,0.5911,0.000114,-20.65,86.84
2026-08-24 14:13:00,77228.38,1707.5,1707.5,1707.5,1707.5,0,15.0,0.5908,0.000114,-20.66,86.85
2026-08-24 14:14:00,77220.91,1707.5,1707.5,1707.5,1707.5,0,15.0,0.59,0.000114,-20.67,86.88
2026-08-24 14:15:00,77214.36,1707.5,1707.5,1707.5,1707.5,0,15.0,0.5892,0.000114,-20.67,86.91
2026-08-24 14:16:00,77222.74,1707.5,1707.5,1707.5,1707.5,0,15.0,0.5902,0.000114,-20.66,86.87
2026-08-24 14:17:00,77212.47,1707.5,1707.5,1707.5,1707.5,0,15.0,0.589,0.000114,-20.68,86.92
2026-08-24 14:18:00,77226.53,1707.5,1707.5,1707.5,1707.5,0,15.0,0.5906,0.000114,-20.66,86.85
2026-08-24 14:19:00,77221.94,1707.5,1707.5,1707.5,1707.5,0,15.0,0.5901,0.000114,-20.67,86.87
2026-08-24 14:20:00,77232.0,1707.5,1707.5,1707.5,1707.5,0,15.0,0.5913,0.000114,-20.65,86.82
2026-08-24 14:21:00,77233.13,1707.5,1707.5,1707.5,1707.5,0,15.0,0.5914,0.000114,-20.65,86.81
2026-08-24 14:22:00,77237.2,1707.5,1707.5,1707.5,1707.5,0,15.0,0.5919,0.000114,-20.65,86.79
2026-08-24 14:23:00,77227.73,1707.5,1707.5,1707.5,1707.5,0,15.0,0.5908,0.000114,-20.66,86.84
2026-08-24 14:24:00,77215.39,1707.5,1707.5,1707.5,1707.5,0,15.0,0.5894,0.000114,-20.68,86.9
2026-08-24 14:25:00,77223.8,1707.5,1707.5,1707.5,1707.5,0,15.0,0.5903,0.000114,-20.66,86.86
2026-08-24 14:26:00,77236.26,1707.5,1707.5,1707.5,1707.5,0,15.0,0.5917,0.000114,-20.65,86.79
2026-08-24 14:27:00,77253.44,1707.5,1707.5,1707.5,1707.5,0,15.0,0.5937,0.000114,-20.63,86.7
2026-08-24 14:28:00,77249.11,1707.5,1707.5,1707.5,1707.5,0,15.0,0.5932,0.000114,-20.63,86.73
2026-08-24 14:29:00,77240.9,1707.5,1707.5,1707.5,1707.5,0,15.0,0.5923,0.000114,-20.64,86.77
2026-08-24 14:30:00,77272.94,1707.5,1707.5,1707.5,1707.5,0,15.0,0.5959,0.000114,-20.6,86.6
2026-08-24 14:31:00,77276.04,1707.5,1707.5,1707.5,1707.5,0,15.0,0.5963,0.000114,-20.59,86.58
2026-08-24 14:32:00,77288.2,1707.5,1707.5,1707.5,1707.5,0,15.0,0.5977,0.000114,-20.58,86.52
2026-08-24 14:33:00,77280.31,1707.5,1707.5,1707.5,1707.5,0,15.0,0.5968,0.000114,-20.59,86.56
2026-08-24 14:34:00,77290.45,1707.5,1707.5,1707.5,1707.5,0,15.0,0.5979,0.000114,-20.58,86.5
2026-08-24 14:35:00,77284.05,1707.5,1707.5,1707.5,1707.5,0,15.0,0.5972,0.000114,-20.58,86.53
2026-08-24 14:36:00,77292.76,1707.5,1707.5,1707.5,1707.5,0,15.0,0.5982,0.000113,-20.57,86.49
2026-08-24 14:37:00,77289.02,1707.5,1707.5,1707.5,1707.5,0,15.0,0.5978,0.000114,-20.58,86.51
2026-08-24 14:38:00,77283.23,1707.5,1707.5,1707.5,1707.5,0,15.0,0.5971,0.000114,-20.59,86.54
2026-08-24 14:39:00,77275.48,1707.5,1707.5,1707.5,1707.5,0,15.0,0.5962,0.000114,-20.6,86.58
2026-08-24 14:40:00,77262.89,1707.5,1707.5,1707.5,1707.5,0,15.0,0.5948,0.000114,-20.62,86.64
2026-08-24 14:41:00,77270.33,1707.5,1707.5,1707.5,1707.5,0,15.0,0.5956,0.000114,-20.61,86.6
2026-08-24 14:42:00,77248.57,1707.5,1707.5,1707.5,1707.5,0,15.0,0.5932,0.000114,-20.64,86.71
2026-08-24 14:43:00,77257.84,1707.5,1707.5,1707.5,1707.5,0,15.0,0.5942,0.000114,-20.62,86.67
2026-08-24 14:44:00,77269.91,1707.5,1707.5,1707.5,1707.5,0,15.0,0.5956,0.000114,-20.61,86.6
2026-08-24 14:45:00,77256.73,1707.5,1707.5,1707.5,1707.5,0,15.0,0.5941,0.000114,-20.62,86.67
2026-08-24 14:46:00,77247.04,1707.5,1707.5,1707.5,1707.5,0,15.0,0.593,0.000114,-20.64,86.72
2026-08-24 14:47:00,77251.51,1707.5,1707.5,1707.5,1707.5,0,15.0,0.5935,0.000114,-20.63,86.69
2026-08-24 14:48:00,77263.95,1707.5,1707.5,1707.5,1707.5,0,15.0,0.5949,0.000114,-20.62,86.63
2026-08-24 14:49:00,77247.68,1707.5,1707.5,1707.5,1707.5,0,15.0,0.5931,0.000114,-20.64,86.71
2026-08-24 14:50:00,77250.77,1707.5,1707.5,1707.5,1707.5,0,15.0,0.5934,0.000114,-20.63,86.7
2026-08-24 14:51:00,77261.61,1707.5,1707.5,1707.5,1707.5,0,15.0,0.5947,0.000114,-20.62,86.64
2026-08-24 14:52:00,77265.81,1707.5,1707.5,1707.5,1707.5,0,15.0,0.5951,0.000114,-20.61,86.62
2026-08-24 14:53:00,77275.18,1707.5,1707.5,1707.5,1707.5,0,15.0,0.5962,0.000114,-20.6,86.56
2026-08-24 14:54:00,77282.49,1707.5,1707.5,1707.5,1707.5,0,15.0,0.597,0.000114,-20.59,86.52
2026-08-24 14:55:00,77288.25,1707.5,1707.5,1707.5,1707.5,0,15.0,0.5977,0.000114,-20.58,86.49
2026-08-24 14:56:00,77285.84,1707.5,1707.5,1707.5,1707.5,0,15.0,0.5974,0.000114,-20.59,86.5
2026-08-24 14:57:00,77289.08,1707.5,1707.5,1707.5,1707.5,0,15.0,0.5978,0.000114,-20.58,86.49
2026-08-24 14:58:00,77284.76,1707.5,1792.85,1707.5,1792.85,40,15.38,0.5953,0.000111,-21.14,86.62
2026-08-24 14:59:00,77289.29,1792.85,1792.85,1792.85,1792.85,0,15.0,0.5978,0.000114,-20.58,86.48
2026-08-24 15:00:00,77294.01,1792.85,1792.85,1792.85,1792.85,0,15.0,0.5984,0.000114,-20.58,86.46
2026-08-24 15:01:00,77294.58,1792.85,1793.0,1788.95,1793.0,40,15.32,0.5967,0.000111,-21.03,86.55
2026-08-24 15:02:00,77310.38,1793.0,1793.0,1793.0,1793.0,0,15.0,0.6002,0.000113,-20.55,86.36
2026-08-24 15:03:00,77311.51,1793.0,1793.0,1792.0,1792.0,80,15.19,0.5993,0.000112,-20.82,86.42
2026-08-24 15:04:00,77305.52,1792.0,1792.0,1792.0,1792.0,0,15.0,0.5997,0.000113,-20.56,86.39
2026-08-24 15:05:00,77276.98,1792.0,1792.0,1792.0,1792.0,0,15.0,0.5964,0.000114,-20.6,86.54
2026-08-24 15:06:00,77269.13,1792.0,1792.0,1792.0,1792.0,0,15.0,0.5955,0.000114,-20.61,86.58
2026-08-24 15:07:00,77284.09,1792.0,1792.0,1792.0,1792.0,0,15.0,0.5972,0.000114,-20.59,86.5
2026-08-24 15:08:00,77302.35,1792.0,1792.0,1792.0,1792.0,0,15.0,0.5993,0.000113,-20.57,86.4
2026-08-24 15:09:00,77316.84,1792.0,1792.0,1792.0,1792.0,0,15.0,0.6009,0.000113,-20.54,86.32
2026-08-24 15:10:00,77304.73,1792.0,1792.0,1792.0,1792.0,0,15.0,0.5996,0.000113,-20.56,86.39
2026-08-24 15:11:00,77297.43,1792.0,1792.0,1792.0,1792.0,0,15.0,0.5988,0.000113,-20.57,86.43
2026-08-24 15:12:00,77294.28,1792.0,1792.0,1792.0,1792.0,0,15.0,0.5984,0.000114,-20.58,86.44
2026-08-24 15:13:00,77304.16,1792.0,1792.0,1792.0,1792.0,0,15.0,0.5995,0.000113,-20.56,86.39
2026-08-24 15:14:00,77328.1,1792.0,1792.0,1792.0,1792.0,0,15.0,0.6022,0.000113,-20.53,86.25
2026-08-24 15:15:00,77328.1,1792.0,1792.0,1792.0,1792.0,0,15.0,0.6022,0.000113,-20.53,86.25
2026-08-24 15:16:00,77328.1,1792.0,1792.0,1792.0,1792.0,0,15.0,0.6022,0.000113,-20.53,86.25
2026-08-24 15:17:00,77328.1,1792.0,1792.0,1792.0,1792.0,0,15.0,0.6022,0.000113,-20.53,86.25
2026-08-24 15:18:00,77328.1,1792.0,1792.0,1792.0,1792.0,0,15.0,0.6022,0.000113,-20.53,86.25
2026-08-24 15:19:00,77328.1,1792.0,1792.0,1792.0,1792.0,0,15.0,0.6022,0.000113,-20.53,86.25
2026-08-24 15:20:00,77328.1,1792.0,1792.0,1792.0,1792.0,0,15.0,0.6022,0.000113,-20.53,86.24
2026-08-24 15:21:00,77328.1,1792.0,1792.0,1792.0,1792.0,0,15.0,0.6022,0.000113,-20.53,86.24
2026-08-24 15:22:00,77328.1,1792.0,1792.0,1792.0,1792.0,0,15.0,0.6022,0.000113,-20.53,86.24
2026-08-24 15:23:00,77328.1,1792.0,1792.0,1792.0,1792.0,0,15.0,0.6022,0.000113,-20.53,86.24
2026-08-24 15:24:00,77328.1,1792.0,1792.0,1792.0,1792.0,0,15.0,0.6022,0.000113,-20.53,86.24
2026-08-24 15:25:00,77328.1,1792.0,1792.0,1792.0,1792.0,0,15.0,0.6022,0.000113,-20.53,86.24
2026-08-24 15:26:00,77328.1,1792.0,1792.0,1792.0,1792.0,0,15.0,0.6022,0.000113,-20.53,86.24
2026-08-24 15:27:00,77328.1,1792.0,1792.0,1792.0,1792.0,0,15.0,0.6022,0.000113,-20.53,86.24
2026-08-24 15:28:00,77370.13,1792.0,1792.0,1792.0,1792.0,0,15.0,0.607,0.000113,-20.47,85.99
2026-08-24 15:29:00,77370.13,1792.0,1792.0,1792.0,1792.0,0,15.0,0.607,0.000113,-20.47,85.99
2026-08-25 09:16:00,77196.9,1628.65,1636.4,1622.65,1632.4,260,14.3,0.5918,0.000121,-19.94,85.66
2026-08-25 09:17:00,77227.83,1634.85,1707.5,1634.85,1707.5,100,14.97,0.592,0.000116,-20.87,85.68
2026-08-25 09:18:00,77281.79,1707.5,1707.5,1707.5,1707.5,0,15.0,0.5981,0.000115,-20.85,85.41
2026-08-25 09:19:00,77325.46,1707.5,1754.25,1707.5,1754.25,20,14.83,0.6041,0.000116,-20.53,85.1
2026-08-25 09:20:00,77346.91,1754.25,1754.25,1754.25,1754.25,0,15.0,0.6055,0.000114,-20.75,85.03
2026-08-25 09:21:00,77364.18,1754.25,1796.55,1754.25,1796.55,20,15.05,0.6072,0.000114,-20.8,84.95
2026-08-25 09:22:00,77332.24,1796.55,1796.55,1796.55,1796.55,0,15.0,0.6039,0.000114,-20.77,85.12
2026-08-25 09:23:00,77334.01,1796.55,1796.55,1774.15,1774.15,20,15.01,0.604,0.000114,-20.78,85.11
2026-08-25 09:24:00,77311.69,1774.15,1774.15,1774.15,1774.15,0,15.0,0.6015,0.000115,-20.8,85.23
2026-08-25 09:25:00,77313.38,1774.15,1774.15,1774.15,1774.15,0,15.0,0.6017,0.000115,-20.8,85.22
2026-08-25 09:26:00,77333.39,1774.15,1774.15,1774.15,1774.15,0,15.0,0.604,0.000114,-20.77,85.11
2026-08-25 09:27:00,77349.35,1774.15,1774.15,1774.15,1774.15,0,15.0,0.6058,0.000114,-20.75,85.01
2026-08-25 09:28:00,77336.19,1774.15,1774.15,1774.15,1774.15,0,15.0,0.6043,0.000114,-20.77,85.09
2026-08-25 09:29:00,77338.61,1774.15,1774.15,1774.15,1774.15,0,15.0,0.6046,0.000114,-20.76,85.07
2026-08-25 09:30:00,77348.85,1774.15,1774.15,1774.15,1774.15,0,15.0,0.6058,0.000114,-20.75,85.01
2026-08-25 09:31:00,77361.23,1774.15,1774.15,1774.15,1774.15,0,15.0,0.6072,0.000114,-20.73,84.94
2026-08-25 09:32:00,77362.53,1774.15,1774.15,1774.15,1774.15,0,15.0,0.6073,0.000114,-20.73,84.93
2026-08-25 09:33:00,77362.52,1774.15,1774.15,1774.15,1774.15,0,15.0,0.6073,0.000114,-20.73,84.93
2026-08-25 09:34:00,77371.36,1774.15,1774.15,1774.15,1774.15,0,15.0,0.6083,0.000114,-20.71,84.87
2026-08-25 09:35:00,77370.48,1774.15,1774.15,1774.15,1774.15,0,15.0,0.6082,0.000114,-20.71,84.87
2026-08-25 09:36:00,77348.38,1774.15,1774.15,1774.15,1774.15,0,15.0,0.6057,0.000114,-20.75,85.01
2026-08-25 09:37:00,77325.13,1774.15,1774.15,1774.15,1774.15,0,15.0,0.6031,0.000115,-20.79,85.14
2026-08-25 09:38:00,77316.12,1774.15,1774.15,1774.15,1774.15,0,15.0,0.602,0.000115,-20.8,85.19
2026-08-25 09:39:00,77310.83,1774.15,1774.15,1774.15,1774.15,0,15.0,0.6014,0.000115,-20.81,85.22
2026-08-25 09:40:00,77288.34,1774.15,1774.15,1774.15,1774.15,0,15.0,0.5988,0.000115,-20.84,85.35
2026-08-25 09:41:00,77270.5,1774.15,1774.15,1774.15,1774.15,0,15.0,0.5968,0.000115,-20.87,85.44
2026-08-25 09:42:00,77262.88,1774.15,1774.15,1774.15,1774.15,0,15.0,0.5959,0.000115,-20.88,85.48
2026-08-25 09:43:00,77259.46,1774.15,1774.15,1774.15,1774.15,0,15.0,0.5955,0.000115,-20.89,85.5
2026-08-25 09:44:00,77245.92,1774.15,1774.15,1774.15,1774.15,0,15.0,0.594,0.000115,-20.9,85.57
2026-08-25 09:45:00,77225.69,1774.15,1774.15,1774.15,1774.15,0,15.0,0.5916,0.000116,-20.93,85.67
2026-08-25 09:46:00,77235.86,1774.15,1774.15,1774.15,1774.15,0,15.0,0.5928,0.000115,-20.92,85.62
2026-08-25 09:47:00,77267.13,1774.15,1774.15,1774.15,1774.15,0,15.0,0.5964,0.000115,-20.88,85.46
2026-08-25 09:48:00,77245.14,1774.15,1774.15,1723.05,1723.05,20,15.04,0.5937,0.000115,-20.96,85.58
2026-08-25 09:49:00,77233.47,1723.05,1723.05,1723.05,1723.05,0,15.0,0.5925,0.000116,-20.92,85.63
2026-08-25 09:50:00,77236.55,1723.05,1723.05,1723.05,1723.05,0,15.0,0.5929,0.000115,-20.92,85.61
2026-08-25 09:51:00,77225.94,1723.05,1723.05,1723.05,1723.05,0,15.0,0.5917,0.000116,-20.93,85.67
2026-08-25 09:52:00,77193.88,1723.05,1723.05,1723.05,1723.05,0,15.0,0.5879,0.000116,-20.98,85.82
2026-08-25 09:53:00,77175.23,1723.05,1723.05,1723.05,1723.05,0,15.0,0.5858,0.000116,-21.0,85.91
2026-08-25 09:54:00,77185.13,1723.05,1723.05,1723.05,1723.05,0,15.0,0.5869,0.000116,-20.99,85.86
2026-08-25 09:55:00,77177.41,1723.05,1723.05,1723.05,1723.05,0,15.0,0.586,0.000116,-21.0,85.9
2026-08-25 09:56:00,77190.09,1723.05,1723.05,1723.05,1723.05,0,15.0,0.5875,0.000116,-20.98,85.84
2026-08-25 09:57:00,77211.29,1723.05,1723.05,1723.05,1723.05,0,15.0,0.59,0.000116,-20.96,85.73
2026-08-25 09:58:00,77201.42,1723.05,1723.05,1723.05,1723.05,0,15.0,0.5888,0.000116,-20.97,85.78
2026-08-25 09:59:00,77193.17,1723.05,1723.05,1723.05,1723.05,0,15.0,0.5879,0.000116,-20.98,85.82
2026-08-25 10:00:00,77191.55,1723.05,1723.05,1723.05,1723.05,0,15.0,0.5877,0.000116,-20.98,85.83
2026-08-25 10:01:00,77182.14,1723.05,1723.05,1677.65,1677.65,20,14.94,0.5869,0.000116,-20.91,85.86
2026-08-25 10:02:00,77175.47,1677.65,1677.65,1677.65,1677.65,0,15.0,0.5858,0.000116,-21.0,85.9
2026-08-25 10:03:00,77186.7,1677.65,1677.65,1677.65,1677.65,0,15.0,0.5871,0.000116,-20.99,85.85
2026-08-25 10:04:00,77207.81,1677.65,1677.65,1677.65,1677.65,0,15.0,0.5896,0.000116,-20.96,85.74
2026-08-25 10:05:00,77222.43,1677.65,1677.65,1677.65,1677.65,0,15.0,0.5913,0.000116,-20.94,85.67
2026-08-25 10:06:00,77216.31,1677.65,1690.05,1677.65,1690.0,100,14.85,0.5913,0.000117,-20.73,85.66
2026-08-25 10:07:00,77194.48,1690.0,1690.0,1690.0,1690.0,0,15.0,0.588,0.000116,-20.98,85.81
2026-08-25 10:08:00,77196.96,1690.0,1690.0,1676.3,1676.3,20,14.82,0.5892,0.000117,-20.72,85.75
2026-08-25 10:09:00,77183.14,1676.3,1676.3,1675.15,1675.15,20,14.9,0.5872,0.000117,-20.86,85.84
2026-08-25 10:10:00,77193.09,1675.15,1675.15,1675.15,1675.15,0,15.0,0.5879,0.000116,-20.98,85.81
2026-08-25 10:11:00,77208.92,1675.15,1675.15,1675.15,1675.15,0,15.0,0.5897,0.000116,-20.96,85.73
2026-08-25 10:12:00,77190.63,1675.15,1678.75,1675.15,1678.75,20,14.9,0.5881,0.000117,-20.83,85.79
2026-08-25 10:13:00,77192.14,1678.75,1678.75,1678.75,1678.75,0,15.0,0.5878,0.000116,-20.98,85.81
2026-08-25 10:14:00,77203.4,1678.75,1678.75,1678.75,1678.75,0,15.0,0.5891,0.000116,-20.97,85.76
2026-08-25 10:15:00,77197.96,1678.75,1678.75,1678.75,1678.75,0,15.0,0.5884,0.000116,-20.98,85.78
2026-08-25 10:16:00,77192.51,1678.75,1678.75,1678.75,1678.75,0,15.0,0.5878,0.000116,-20.98,85.81
2026-08-25 10:17:00,77177.91,1678.75,1678.75,1678.75,1678.75,0,15.0,0.5861,0.000116,-21.0,85.88
2026-08-25 10:18:00,77175.72,1678.75,1678.75,1678.75,1678.75,0,15.0,0.5859,0.000116,-21.01,85.88
2026-08-25 10:19:00,77168.94,1678.75,1678.75,1678.75,1678.75,0,15.0,0.5851,0.000116,-21.02,85.92
2026-08-25 10:20:00,77168.87,1678.75,1678.75,1678.75,1678.75,0,15.0,0.5851,0.000116,-21.02,85.91
2026-08-25 10:21:00,77165.16,1678.75,1678.75,1678.75,1678.75,0,15.0,0.5846,0.000116,-21.02,85.93
2026-08-25 10:22:00,77157.65,1678.75,1678.75,1659.3,1659.3,40,14.9,0.5842,0.000117,-20.88,85.94
2026-08-25 10:23:00,77136.7,1659.3,1659.3,1655.85,1655.85,20,15.0,0.5813,0.000116,-21.05,86.06
2026-08-25 10:24:00,77138.85,1655.85,1655.85,1655.85,1655.85,0,15.0,0.5816,0.000116,-21.05,86.05
2026-08-25 10:25:00,77140.39,1655.85,1655.85,1655.85,1655.85,0,15.0,0.5818,0.000116,-21.05,86.04
2026-08-25 10:26:00,77135.88,1655.85,1655.85,1655.85,1655.85,0,15.0,0.5812,0.000116,-21.06,86.06
2026-08-25 10:27:00,77136.02,1655.85,1655.85,1655.85,1655.85,0,15.0,0.5813,0.000116,-21.06,86.06
2026-08-25 10:28:00,77152.62,1655.85,1655.85,1652.65,1653.25,40,14.86,0.5838,0.000117,-20.84,85.95
2026-08-25 10:29:00,77149.71,1653.25,1653.25,1653.25,1653.25,0,15.0,0.5828,0.000116,-21.04,85.99
2026-08-25 10:30:00,77154.76,1653.25,1653.25,1653.25,1653.25,0,15.0,0.5834,0.000116,-21.04,85.97
2026-08-25 10:31:00,77166.72,1653.25,1653.25,1653.25,1653.25,0,15.0,0.5848,0.000116,-21.02,85.91
2026-08-25 10:32:00,77159.76,1653.25,1680.55,1653.25,1680.55,40,15.13,0.5834,0.000115,-21.22,85.97
2026-08-25 10:33:00,77171.35,1680.55,1680.55,1680.55,1680.55,0,15.0,0.5854,0.000116,-21.02,85.89
2026-08-25 10:34:00,77178.16,1680.55,1680.55,1680.55,1680.55,0,15.0,0.5862,0.000116,-21.01,85.86
2026-08-25 10:35:00,77173.01,1680.55,1680.55,1680.55,1680.55,0,15.0,0.5856,0.000116,-21.01,85.88
2026-08-25 10:36:00,77157.44,1680.55,1680.55,1680.55,1680.55,0,15.0,0.5838,0.000116,-21.03,85.95
2026-08-25 10:37:00,77168.58,1680.55,1680.55,1680.55,1680.55,0,15.0,0.585,0.000116,-21.02,85.9
2026-08-25 10:38:00,77162.23,1680.55,1680.55,1680.55,1680.55,0,15.0,0.5843,0.000116,-21.03,85.93
2026-08-25 10:39:00,77181.32,1680.55,1680.55,1680.55,1680.55,0,15.0,0.5865,0.000116,-21.0,85.84
2026-08-25 10:40:00,77171.17,1680.55,1680.55,1680.55,1680.55,0,15.0,0.5854,0.000116,-21.02,85.88
2026-08-25 10:41:00,77171.84,1680.55,1680.55,1680.55,1680.55,0,15.0,0.5854,0.000116,-21.02,85.88
2026-08-25 10:42:00,77174.61,1680.55,1680.55,1680.55,1680.55,0,15.0,0.5858,0.000116,-21.01,85.87
2026-08-25 10:43:00,77189.36,1680.55,1680.55,1680.55,1680.55,0,15.0,0.5875,0.000116,-21.0,85.79
2026-08-25 10:44:00,77198.47,1680.55,1680.55,1680.55,1680.55,0,15.0,0.5885,0.000116,-20.98,85.75
2026-08-25 10:45:00,77201.07,1680.55,1680.55,1680.55,1680.55,0,15.0,0.5888,0.000116,-20.98,85.74
2026-08-25 10:46:00,77209.88,1680.55,1680.55,1680.55,1680.55,0,15.0,0.5898,0.000116,-20.97,85.69
2026-08-25 10:47:00,77233.3,1680.55,1680.55,1680.55,1680.55,0,15.0,0.5926,0.000116,-20.94,85.57
2026-08-25 10:48:00,77254.25,1680.55,1680.55,1680.55,1680.55,0,15.0,0.595,0.000115,-20.91,85.46
2026-08-25 10:49:00,77259.8,1680.55,1680.55,1680.55,1680.55,0,15.0,0.5956,0.000115,-20.9,85.43
2026-08-25 10:50:00,77272.68,1680.55,1717.0,1680.55,1717.0,20,14.78,0.5983,0.000117,-20.56,85.29
2026-08-25 10:51:00,77286.63,1717.0,1717.0,1717.0,1717.0,0,15.0,0.5987,0.000115,-20.86,85.28
2026-08-25 10:52:00,77282.36,1717.0,1717.0,1717.0,1717.0,0,15.0,0.5982,0.000115,-20.87,85.31
2026-08-25 10:53:00,77269.67,1717.0,1717.0,1717.0,1717.0,0,15.0,0.5968,0.000115,-20.89,85.37
2026-08-25 10:54:00,77252.89,1717.0,1717.0,1717.0,1717.0,0,15.0,0.5948,0.000115,-20.91,85.46
2026-08-25 10:55:00,77257.71,1717.0,1717.0,1717.0,1717.0,0,15.0,0.5954,0.000115,-20.9,85.44
2026-08-25 10:56:00,77241.86,1717.0,1717.0,1717.0,1717.0,0,15.0,0.5936,0.000116,-20.93,85.52
2026-08-25 10:57:00,77237.96,1717.0,1717.0,1717.0,1717.0,0,15.0,0.5931,0.000116,-20.93,85.54
2026-08-25 10:58:00,77221.25,1717.0,1717.0,1717.0,1717.0,0,15.0,0.5912,0.000116,-20.96,85.62
2026-08-25 10:59:00,77218.13,1717.0,1717.0,1717.0,1717.0,0,15.0,0.5908,0.000116,-20.96,85.64
2026-08-25 11:00:00,77222.2,1717.0,1717.0,1717.0,1717.0,0,15.0,0.5913,0.000116,-20.96,85.62
2026-08-25 11:01:00,77213.34,1717.0,1717.0,1717.0,1717.0,0,15.0,0.5903,0.000116,-20.97,85.66
2026-08-25 11:02:00,77197.93,1717.0,1717.0,1675.0,1675.0,20,14.81,0.5894,0.000117,-20.71,85.68
2026-08-25 11:03:00,77200.37,1675.0,1675.0,1675.0,1675.0,0,15.0,0.5888,0.000116,-20.99,85.72
2026-08-25 11:04:00,77193.47,1675.0,1675.0,1675.0,1675.0,0,15.0,0.588,0.000116,-20.99,85.75
2026-08-25 11:05:00,77198.19,1675.0,1675.0,1675.0,1675.0,0,15.0,0.5885,0.000116,-20.99,85.73
2026-08-25 11:06:00,77202.2,1675.0,1675.0,1675.0,1675.0,0,15.0,0.589,0.000116,-20.98,85.71
2026-08-25 11:07:00,77215.44,1675.0,1675.0,1675.0,1675.0,0,15.0,0.5905,0.000116,-20.97,85.64
2026-08-25 11:08:00,77204.39,1675.0,1675.0,1675.0,1675.0,0,15.0,0.5892,0.000116,-20.98,85.7
2026-08-25 11:09:00,77198.6,1675.0,1675.0,1675.0,1675.0,0,15.0,0.5886,0.000116,-20.99,85.72
2026-08-25 11:10:00,77199.88,1675.0,1675.0,1675.0,1675.0,0,15.0,0.5887,0.000116,-20.99,85.72
2026-08-25 11:11:00,77184.59,1675.0,1675.0,1675.0,1675.0,0,15.0,0.5869,0.000116,-21.01,85.79
2026-08-25 11:12:00,77178.06,1675.0,1675.0,1675.0,1675.0,0,15.0,0.5862,0.000116,-21.02,85.82
2026-08-25 11:13:00,77180.96,1675.0,1675.0,1675.0,1675.0,0,15.0,0.5865,0.000116,-21.01,85.8
2026-08-25 11:14:00,77202.96,1675.0,1675.0,1675.0,1675.0,0,15.0,0.5891,0.000116,-20.98,85.7
2026-08-25 11:15:00,77214.45,1675.0,1675.0,1675.0,1675.0,0,15.0,0.5904,0.000116,-20.97,85.64
2026-08-25 11:16:00,77219.06,1675.0,1675.0,1675.0,1675.0,0,15.0,0.5909,0.000116,-20.96,85.61
2026-08-25 11:17:00,77208.6,1675.0,1675.0,1675.0,1675.0,0,15.0,0.5897,0.000116,-20.98,85.67
2026-08-25 11:18:00,77225.19,1675.0,1702.75,1675.0,1702.75,20,14.95,0.5919,0.000116,-20.88,85.57
2026-08-25 11:19:00,77212.34,1702.75,1702.75,1702.75,1702.75,0,15.0,0.5902,0.000116,-20.97,85.65
2026-08-25 11:20:00,77221.73,1702.75,1702.75,1702.75,1702.75,0,15.0,0.5913,0.000116,-20.96,85.6
2026-08-25 11:21:00,77233.95,1702.75,1702.75,1702.75,1702.75,0,15.0,0.5927,0.000116,-20.94,85.53
2026-08-25 11:22:00,77250.02,1702.75,1702.75,1702.75,1702.75,0,15.0,0.5945,0.000115,-20.92,85.45
2026-08-25 11:23:00,77233.42,1702.75,1702.75,1702.75,1702.75,0,15.0,0.5926,0.000116,-20.95,85.53
2026-08-25 11:24:00,77238.2,1702.75,1702.75,1702.75,1702.75,0,15.0,0.5932,0.000116,-20.94,85.51
2026-08-25 11:25:00,77240.66,1702.75,1702.75,1702.75,1702.75,0,15.0,0.5934,0.000116,-20.94,85.5
2026-08-25 11:26:00,77244.81,1702.75,1702.75,1702.75,1702.75,0,15.0,0.5939,0.000116,-20.93,85.47
2026-08-25 11:27:00,77234.01,1702.75,1702.75,1702.75,1702.75,0,15.0,0.5927,0.000116,-20.95,85.53
2026-08-25 11:28:00,77233.37,1702.75,1702.75,1702.75,1702.75,0,15.0,0.5926,0.000116,-20.95,85.53
2026-08-25 11:29:00,77228.05,1702.75,1702.75,1702.75,1702.75,0,15.0,0.592,0.000116,-20.95,85.56
2026-08-25 11:30:00,77230.32,1702.75,1702.75,1702.75,1702.75,0,15.0,0.5923,0.000116,-20.95,85.54
2026-08-25 11:31:00,77244.35,1702.75,1702.75,1702.75,1702.75,0,15.0,0.5939,0.000116,-20.93,85.47
2026-08-25 11:32:00,77242.06,1702.75,1702.75,1702.75,1702.75,0,15.0,0.5936,0.000116,-20.94,85.48
2026-08-25 11:33:00,77245.01,1702.75,1702.75,1702.75,1702.75,0,15.0,0.594,0.000116,-20.93,85.46
2026-08-25 11:34:00,77238.29,1702.75,1702.75,1702.75,1702.75,0,15.0,0.5932,0.000116,-20.94,85.5
2026-08-25 11:35:00,77218.02,1702.75,1702.75,1702.75,1702.75,0,15.0,0.5908,0.000116,-20.97,85.6
2026-08-25 11:36:00,77220.67,1702.75,1702.75,1702.75,1702.75,0,15.0,0.5911,0.000116,-20.97,85.59
2026-08-25 11:37:00,77206.98,1702.75,1702.75,1702.75,1702.75,0,15.0,0.5896,0.000116,-20.98,85.65
2026-08-25 11:38:00,77220.03,1702.75,1702.75,1702.75,1702.75,0,15.0,0.5911,0.000116,-20.97,85.59
2026-08-25 11:39:00,77233.6,1702.75,1702.75,1702.75,1702.75,0,15.0,0.5926,0.000116,-20.95,85.52
2026-08-25 11:40:00,77234.89,1702.75,1702.75,1702.75,1702.75,0,15.0,0.5928,0.000116,-20.95,85.51
2026-08-25 11:41:00,77237.59,1702.75,1702.75,1702.75,1702.75,0,15.0,0.5931,0.000116,-20.94,85.49
2026-08-25 11:42:00,77238.17,1702.75,1702.75,1702.75,1702.75,0,15.0,0.5932,0.000116,-20.94,85.49
2026-08-25 11:43:00,77238.34,1702.75,1702.75,1702.75,1702.75,0,15.0,0.5932,0.000116,-20.94,85.49
2026-08-25 11:44:00,77238.58,1702.75,1702.75,1702.75,1702.75,0,15.0,0.5932,0.000116,-20.94,85.49
2026-08-25 11:45:00,77234.05,1702.75,1702.75,1702.75,1702.75,0,15.0,0.5927,0.000116,-20.95,85.51
2026-08-25 11:46:00,77203.22,1702.75,1702.75,1702.75,1702.75,0,15.0,0.5891,0.000116,-20.99,85.66
2026-08-25 11:47:00,77204.88,1702.75,1702.75,1702.75,1702.75,0,15.0,0.5893,0.000116,-20.99,85.65
2026-08-25 11:48:00,77197.44,1702.75,1702.75,1702.75,1702.75,0,15.0,0.5885,0.000116,-21.0,85.69
2026-08-25 11:49:00,77211.33,1702.75,1702.75,1702.75,1702.75,0,15.0,0.5901,0.000116,-20.98,85.62
2026-08-25 11:50:00,77203.31,1702.75,1702.75,1702.75,1702.75,0,15.0,0.5891,0.000116,-20.99,85.66
2026-08-25 11:51:00,77210.98,1702.75,1702.75,1702.75,1702.75,0,15.0,0.59,0.000116,-20.98,85.62
2026-08-25 11:52:00,77230.03,1702.75,1702.75,1702.75,1702.75,0,15.0,0.5922,0.000116,-20.96,85.52
2026-08-25 11:53:00,77247.43,1702.75,1702.75,1702.75,1702.75,0,15.0,0.5943,0.000116,-20.93,85.43
2026-08-25 11:54:00,77267.9,1702.75,1702.75,1702.75,1702.75,0,15.0,0.5966,0.000115,-20.9,85.32
2026-08-25 11:55:00,77335.08,1702.75,1702.75,1702.75,1702.75,0,15.0,0.6043,0.000115,-20.8,84.94
2026-08-25 11:56:00,77326.94,1702.75,1702.75,1702.75,1702.75,0,15.0,0.6034,0.000115,-20.82,84.99
2026-08-25 11:57:00,77321.93,1702.75,1702.75,1702.75,1702.75,0,15.0,0.6028,0.000115,-20.82,85.02
2026-08-25 11:58:00,77344.36,1702.75,1702.75,1702.75,1702.75,0,15.0,0.6054,0.000115,-20.79,84.89
2026-08-25 11:59:00,77337.57,1702.75,1702.75,1702.75,1702.75,0,15.0,0.6046,0.000115,-20.8,84.92
2026-08-25 12:00:00,77310.73,1702.75,1702.75,1702.75,1702.75,0,15.0,0.6016,0.000115,-20.84,85.08
2026-08-25 12:01:00,77292.22,1702.75,1760.7,1702.75,1760.7,20,15.17,0.5985,0.000114,-21.12,85.24
2026-08-25 12:02:00,77313.45,1760.7,1760.7,1760.7,1760.7,0,15.0,0.6019,0.000115,-20.84,85.06
2026-08-25 12:03:00,77338.79,1760.7,1760.7,1760.7,1760.7,0,15.0,0.6048,0.000115,-20.8,84.91
2026-08-25 12:04:00,77343.34,1760.7,1760.7,1760.7,1760.7,0,15.0,0.6053,0.000115,-20.79,84.88
2026-08-25 12:05:00,77318.99,1760.7,1760.7,1760.7,1760.7,0,15.0,0.6025,0.000115,-20.83,85.03
2026-08-25 12:06:00,77326.46,1760.7,1760.7,1760.7,1760.7,0,15.0,0.6034,0.000115,-20.82,84.98
2026-08-25 12:07:00,77333.02,1760.7,1760.7,1760.7,1760.7,0,15.0,0.6041,0.000115,-20.81,84.94
2026-08-25 12:08:00,77330.18,1760.7,1760.7,1760.7,1760.7,0,15.0,0.6038,0.000115,-20.81,84.96
2026-08-25 12:09:00,77309.1,1760.7,1774.95,1760.7,1774.95,20,15.22,0.6001,0.000113,-21.17,85.15
2026-08-25 12:10:00,77301.57,1774.95,1774.95,1774.95,1774.95,0,15.0,0.6005,0.000115,-20.86,85.12
2026-08-25 12:11:00,77305.58,1774.95,1774.95,1774.95,1774.95,0,15.0,0.601,0.000115,-20.85,85.1
2026-08-25 12:12:00,77315.92,1774.95,1774.95,1774.95,1774.95,0,15.0,0.6022,0.000115,-20.84,85.04
2026-08-25 12:13:00,77320.04,1774.95,1774.95,1774.95,1774.95,0,15.0,0.6026,0.000115,-20.83,85.01
2026-08-25 12:14:00,77317.05,1774.95,1774.95,1774.95,1774.95,0,15.0,0.6023,0.000115,-20.84,85.03
2026-08-25 12:15:00,77333.97,1774.95,1774.95,1774.95,1774.95,0,15.0,0.6042,0.000115,-20.81,84.93
2026-08-25 12:16:00,77331.51,1774.95,1774.95,1774.95,1774.95,0,15.0,0.604,0.000115,-20.81,84.94
2026-08-25 12:17:00,77331.15,1774.95,1774.95,1774.95,1774.95,0,15.0,0.6039,0.000115,-20.81,84.94
2026-08-25 12:18:00,77325.69,1774.95,1774.95,1774.95,1774.95,0,15.0,0.6033,0.000115,-20.82,84.97
2026-08-25 12:19:00,77332.75,1774.95,1774.95,1774.95,1774.95,0,15.0,0.6041,0.000115,-20.81,84.93
2026-08-25 12:20:00,77330.9,1774.95,1774.95,1774.95,1774.95,0,15.0,0.6039,0.000115,-20.82,84.94
2026-08-25 12:21:00,77323.01,1774.95,1774.95,1774.95,1774.95,0,15.0,0.603,0.000115,-20.83,84.99
2026-08-25 12:22:00,77301.98,1774.95,1774.95,1774.95,1774.95,0,15.0,0.6006,0.000115,-20.86,85.11
2026-08-25 12:23:00,77313.96,1774.95,1774.95,1774.95,1774.95,0,15.0,0.602,0.000115,-20.84,85.04
2026-08-25 12:24:00,77304.62,1774.95,1774.95,1774.95,1774.95,0,15.0,0.6009,0.000115,-20.86,85.09
2026-08-25 12:25:00,77322.01,1774.95,1774.95,1774.95,1774.95,0,15.0,0.6029,0.000115,-20.83,84.99
2026-08-25 12:26:00,77315.24,1774.95,1774.95,1774.95,1774.95,0,15.0,0.6021,0.000115,-20.84,85.03
2026-08-25 12:27:00,77309.04,1774.95,1774.95,1774.95,1774.95,0,15.0,0.6014,0.000115,-20.85,85.06
2026-08-25 12:28:00,77317.65,1774.95,1774.95,1774.95,1774.95,0,15.0,0.6024,0.000115,-20.84,85.01
2026-08-25 12:29:00,77308.84,1774.95,1774.95,1774.95,1774.95,0,15.0,0.6014,0.000115,-20.85,85.06
2026-08-25 12:30:00,77283.21,1774.95,1774.95,1774.95,1774.95,0,15.0,0.5984,0.000115,-20.89,85.2
2026-08-25 12:31:00,77299.13,1774.95,1774.95,1774.95,1774.95,0,15.0,0.6003,0.000115,-20.87,85.11
2026-08-25 12:32:00,77302.84,1774.95,1774.95,1774.95,1774.95,0,15.0,0.6007,0.000115,-20.86,85.09
2026-08-25 12:33:00,77298.67,1774.95,1774.95,1774.95,1774.95,0,15.0,0.6002,0.000115,-20.87,85.11
2026-08-25 12:34:00,77307.69,1774.95,1774.95,1774.95,1774.95,0,15.0,0.6012,0.000115,-20.85,85.06
2026-08-25 12:35:00,77296.04,1774.95,1774.95,1774.95,1774.95,0,15.0,0.5999,0.000115,-20.87,85.13
2026-08-25 12:36:00,77297.82,1774.95,1774.95,1774.95,1774.95,0,15.0,0.6001,0.000115,-20.87,85.11
2026-08-25 12:37:00,77286.42,1774.95,1774.95,1774.95,1774.95,0,15.0,0.5988,0.000115,-20.89,85.18
2026-08-25 12:38:00,77264.48,1774.95,1774.95,1774.95,1774.95,0,15.0,0.5963,0.000115,-20.92,85.3
2026-08-25 12:39:00,77278.15,1774.95,1774.95,1774.95,1774.95,0,15.0,0.5978,0.000115,-20.9,85.22
2026-08-25 12:40:00,77264.83,1774.95,1774.95,1774.95,1774.95,0,15.0,0.5963,0.000115,-20.92,85.29
2026-08-25 12:41:00,77271.38,1774.95,1774.95,1774.95,1774.95,0,15.0,0.5971,0.000115,-20.91,85.25
2026-08-25 12:42:00,77270.63,1774.95,1774.95,1774.95,1774.95,0,15.0,0.597,0.000115,-20.91,85.26
2026-08-25 12:43:00,77256.36,1774.95,1774.95,1774.95,1774.95,0,15.0,0.5953,0.000116,-20.93,85.33
2026-08-25 12:44:00,77267.45,1774.95,1774.95,1774.95,1774.95,0,15.0,0.5966,0.000115,-20.92,85.27
2026-08-25 12:45:00,77276.96,1774.95,1774.95,1774.95,1774.95,0,15.0,0.5977,0.000115,-20.9,85.22
2026-08-25 12:46:00,77260.6,1774.95,1774.95,1774.95,1774.95,0,15.0,0.5958,0.000115,-20.93,85.31
2026-08-25 12:47:00,77245.39,1774.95,1774.95,1774.95,1774.95,0,15.0,0.5941,0.000116,-20.95,85.39
2026-08-25 12:48:00,77259.15,1774.95,1774.95,1774.95,1774.95,0,15.0,0.5957,0.000115,-20.93,85.31
2026-08-25 12:49:00,77267.21,1774.95,1774.95,1774.95,1774.95,0,15.0,0.5966,0.000115,-20.92,85.27
2026-08-25 12:50:00,77261.37,1774.95,1774.95,1774.95,1774.95,0,15.0,0.5959,0.000115,-20.93,85.3
2026-08-25 12:51:00,77258.1,1774.95,1774.95,1774.95,1774.95,0,15.0,0.5955,0.000116,-20.93,85.32
2026-08-25 12:52:00,77271.38,1774.95,1774.95,1774.95,1774.95,0,15.0,0.5971,0.000115,-20.91,85.24
2026-08-25 12:53:00,77274.56,1774.95,1774.95,1774.95,1774.95,0,15.0,0.5974,0.000115,-20.91,85.23
2026-08-25 12:54:00,77262.45,1774.95,1774.95,1774.95,1774.95,0,15.0,0.5961,0.000115,-20.93,85.29
2026-08-25 12:55:00,77259.54,1774.95,1774.95,1774.95,1774.95,0,15.0,0.5957,0.000116,-20.93,85.3
2026-08-25 12:56:00,77255.33,1774.95,1774.95,1774.95,1774.95,0,15.0,0.5952,0.000116,-20.94,85.33
2026-08-25 12:57:00,77275.43,1774.95,1774.95,1774.95,1774.95,0,15.0,0.5976,0.000115,-20.91,85.22
2026-08-25 12:58:00,77262.46,1774.95,1774.95,1774.95,1774.95,0,15.0,0.5961,0.000115,-20.93,85.29
2026-08-25 12:59:00,77267.4,1774.95,1774.95,1774.95,1774.95,0,15.0,0.5966,0.000115,-20.92,85.26
2026-08-25 13:00:00,77261.94,1774.95,1774.95,1774.95,1774.95,0,15.0,0.596,0.000115,-20.93,85.29
2026-08-25 13:01:00,77216.58,1774.95,1774.95,1774.95,1774.95,0,15.0,0.5908,0.000116,-20.99,85.52
2026-08-25 13:02:00,77219.81,1774.95,1774.95,1774.95,1774.95,0,15.0,0.5911,0.000116,-20.99,85.5
2026-08-25 13:03:00,77215.51,1774.95,1774.95,1774.95,1774.95,0,15.0,0.5906,0.000116,-20.99,85.52
2026-08-25 13:04:00,77216.08,1774.95,1774.95,1774.95,1774.95,0,15.0,0.5907,0.000116,-20.99,85.52
2026-08-25 13:05:00,77213.34,1774.95,1774.95,1774.95,1774.95,0,15.0,0.5904,0.000116,-21.0,85.53
2026-08-25 13:06:00,77208.89,1774.95,1774.95,1774.95,1774.95,0,15.0,0.5899,0.000116,-21.0,85.55
2026-08-25 13:07:00,77206.41,1774.95,1774.95,1774.95,1774.95,0,15.0,0.5896,0.000116,-21.01,85.56
2026-08-25 13:08:00,77217.3,1774.95,1774.95,1774.95,1774.95,0,15.0,0.5908,0.000116,-20.99,85.51
2026-08-25 13:09:00,77203.53,1774.95,1774.95,1774.95,1774.95,0,15.0,0.5892,0.000116,-21.01,85.58
2026-08-25 13:10:00,77211.35,1774.95,1774.95,1774.95,1774.95,0,15.0,0.5902,0.000116,-21.0,85.54
2026-08-25 13:11:00,77217.61,1774.95,1774.95,1774.95,1774.95,0,15.0,0.5909,0.000116,-20.99,85.5
2026-08-25 13:12:00,77207.02,1774.95,1774.95,1774.95,1774.95,0,15.0,0.5897,0.000116,-21.01,85.56
2026-08-25 13:13:00,77188.34,1774.95,1774.95,1774.95,1774.95,0,15.0,0.5875,0.000116,-21.03,85.65
2026-08-25 13:14:00,77171.78,1774.95,1774.95,1774.95,1774.95,0,15.0,0.5856,0.000116,-21.05,85.72
2026-08-25 13:15:00,77174.21,1774.95,1774.95,1774.95,1774.95,0,15.0,0.5858,0.000116,-21.05,85.71
2026-08-25 13:16:00,77166.91,1774.95,1774.95,1774.95,1774.95,0,15.0,0.585,0.000116,-21.06,85.74
2026-08-25 13:17:00,77178.67,1774.95,1774.95,1774.95,1774.95,0,15.0,0.5864,0.000116,-21.05,85.69
2026-08-25 13:18:00,77175.82,1774.95,1774.95,1774.95,1774.95,0,15.0,0.586,0.000116,-21.05,85.7
2026-08-25 13:19:00,77165.85,1774.95,1774.95,1774.95,1774.95,0,15.0,0.5849,0.000116,-21.06,85.75
2026-08-25 13:20:00,77163.89,1774.95,1774.95,1774.95,1774.95,0,15.0,0.5846,0.000116,-21.07,85.75
2026-08-25 13:21:00,77163.25,1774.95,1774.95,1774.95,1774.95,0,15.0,0.5846,0.000116,-21.07,85.76
2026-08-25 13:22:00,77156.61,1774.95,1774.95,1774.95,1774.95,0,15.0,0.5838,0.000117,-21.08,85.79
2026-08-25 13:23:00,77160.4,1774.95,1774.95,1774.95,1774.95,0,15.0,0.5842,0.000117,-21.07,85.77
2026-08-25 13:24:00,77142.68,1774.95,1774.95,1774.95,1774.95,0,15.0,0.5822,0.000117,-21.09,85.85
2026-08-25 13:25:00,77143.03,1774.95,1774.95,1774.95,1774.95,0,15.0,0.5822,0.000117,-21.09,85.84
2026-08-25 13:26:00,77139.04,1774.95,1774.95,1774.95,1774.95,0,15.0,0.5818,0.000117,-21.1,85.86
2026-08-25 13:27:00,77165.17,1774.95,1774.95,1774.95,1774.95,0,15.0,0.5848,0.000116,-21.07,85.74
2026-08-25 13:28:00,77160.23,1774.95,1774.95,1774.95,1774.95,0,15.0,0.5842,0.000117,-21.07,85.76
2026-08-25 13:29:00,77163.05,1774.95,1774.95,1774.95,1774.95,0,15.0,0.5846,0.000116,-21.07,85.75
2026-08-25 13:30:00,77164.25,1774.95,1774.95,1774.95,1774.95,0,15.0,0.5847,0.000116,-21.07,85.74
2026-08-25 13:31:00,77167.42,1774.95,1774.95,1774.95,1774.95,0,15.0,0.5851,0.000116,-21.06,85.73
2026-08-25 13:32:00,77168.91,1774.95,1774.95,1774.95,1774.95,0,15.0,0.5852,0.000116,-21.06,85.72
2026-08-25 13:33:00,77170.11,1774.95,1774.95,1774.95,1774.95,0,15.0,0.5854,0.000116,-21.06,85.71
2026-08-25 13:34:00,77168.73,1774.95,1774.95,1774.95,1774.95,0,15.0,0.5852,0.000116,-21.06,85.72
2026-08-25 13:35:00,77159.34,1774.95,1774.95,1774.95,1774.95,0,15.0,0.5841,0.000117,-21.07,85.76
2026-08-25 13:36:00,77176.99,1774.95,1774.95,1774.95,1774.95,0,15.0,0.5862,0.000116,-21.05,85.68
2026-08-25 13:37:00,77175.14,1774.95,1774.95,1774.95,1774.95,0,15.0,0.586,0.000116,-21.06,85.68
2026-08-25 13:38:00,77176.74,1774.95,1774.95,1774.95,1774.95,0,15.0,0.5862,0.000116,-21.05,85.68
2026-08-25 13:39:00,77186.47,1774.95,1774.95,1774.95,1774.95,0,15.0,0.5873,0.000116,-21.04,85.63
2026-08-25 13:40:00,77187.12,1774.95,1774.95,1774.95,1774.95,0,15.0,0.5874,0.000116,-21.04,85.62
2026-08-25 13:41:00,77196.19,1774.95,1774.95,1774.95,1774.95,0,15.0,0.5884,0.000116,-21.03,85.58
2026-08-25 13:42:00,77207.48,1774.95,1774.95,1774.95,1774.95,0,15.0,0.5897,0.000116,-21.01,85.52
2026-08-25 13:43:00,77199.03,1774.95,1774.95,1774.95,1774.95,0,15.0,0.5888,0.000116,-21.03,85.56
2026-08-25 13:44:00,77193.71,1774.95,1774.95,1774.95,1774.95,0,15.0,0.5881,0.000116,-21.03,85.59
2026-08-25 13:45:00,77191.84,1774.95,1774.95,1774.95,1774.95,0,15.0,0.5879,0.000116,-21.04,85.6
2026-08-25 13:46:00,77183.14,1774.95,1774.95,1774.95,1774.95,0,15.0,0.5869,0.000116,-21.05,85.64
2026-08-25 13:47:00,77180.85,1774.95,1774.95,1774.95,1774.95,0,15.0,0.5866,0.000116,-21.05,85.65
2026-08-25 13:48:00,77190.35,1774.95,1774.95,1774.95,1774.95,0,15.0,0.5877,0.000116,-21.04,85.6
2026-08-25 13:49:00,77178.05,1774.95,1774.95,1774.95,1774.95,0,15.0,0.5863,0.000116,-21.05,85.66
2026-08-25 13:50:00,77172.65,1774.95,1774.95,1774.95,1774.95,0,15.0,0.5857,0.000116,-21.06,85.68
2026-08-25 13:51:00,77194.66,1774.95,1774.95,1774.95,1774.95,0,15.0,0.5883,0.000116,-21.03,85.58
2026-08-25 13:52:00,77207.49,1774.95,1774.95,1774.95,1774.95,0,15.0,0.5897,0.000116,-21.02,85.51
2026-08-25 13:53:00,77255.01,1774.95,1774.95,1774.95,1774.95,0,15.0,0.5953,0.000116,-20.95,85.27
2026-08-25 13:54:00,77301.97,1774.95,1774.95,1774.95,1774.95,0,15.0,0.6007,0.000115,-20.88,85.01
2026-08-25 13:55:00,77288.33,1774.95,1774.95,1774.95,1774.95,0,15.0,0.5991,0.000115,-20.9,85.09
2026-08-25 13:56:00,77269.75,1774.95,1774.95,1774.95,1774.95,0,15.0,0.597,0.000115,-20.93,85.19
2026-08-25 13:57:00,77267.29,1774.95,1774.95,1774.95,1774.95,0,15.0,0.5967,0.000116,-20.93,85.2
2026-08-25 13:58:00,77244.58,1774.95,1774.95,1774.95,1774.95,0,15.0,0.594,0.000116,-20.97,85.32
2026-08-25 13:59:00,77248.17,1774.95,1774.95,1725.0,1725.0,20,15.08,0.594,0.000115,-21.08,85.32
2026-08-25 14:00:00,77242.9,1725.0,1725.0,1725.0,1725.0,0,15.0,0.5939,0.000116,-20.97,85.33
2026-08-25 14:01:00,77209.5,1725.0,1725.0,1725.0,1725.0,0,15.0,0.59,0.000116,-21.02,85.49
2026-08-25 14:02:00,77232.16,1725.0,1725.0,1725.0,1725.0,0,15.0,0.5926,0.000116,-20.99,85.38
2026-08-25 14:03:00,77199.29,1725.0,1725.0,1725.0,1725.0,0,15.0,0.5888,0.000116,-21.03,85.54
2026-08-25 14:04:00,77245.77,1725.0,1725.0,1725.0,1725.0,0,15.0,0.5942,0.000116,-20.97,85.31
2026-08-25 14:05:00,77257.74,1725.0,1725.0,1725.0,1725.0,0,15.0,0.5956,0.000116,-20.95,85.24
2026-08-25 14:06:00,77248.4,1725.0,1725.0,1725.0,1725.0,0,15.0,0.5945,0.000116,-20.96,85.29
2026-08-25 14:07:00,77260.83,1725.0,1725.0,1725.0,1725.0,0,15.0,0.5959,0.000116,-20.95,85.22
2026-08-25 14:08:00,77242.99,1725.0,1725.0,1725.0,1725.0,0,15.0,0.5939,0.000116,-20.97,85.32
2026-08-25 14:09:00,77241.48,1725.0,1725.0,1725.0,1725.0,0,15.0,0.5937,0.000116,-20.97,85.32
2026-08-25 14:10:00,77251.98,1725.0,1725.0,1725.0,1725.0,0,15.0,0.5949,0.000116,-20.96,85.27
2026-08-25 14:11:00,77260.41,1725.0,1725.0,1725.0,1725.0,0,15.0,0.5959,0.000116,-20.95,85.22
2026-08-25 14:12:00,77257.36,1725.0,1725.0,1725.0,1725.0,0,15.0,0.5955,0.000116,-20.95,85.24
2026-08-25 14:13:00,77254.12,1725.0,1725.0,1725.0,1725.0,0,15.0,0.5952,0.000116,-20.96,85.25
2026-08-25 14:14:00,77248.23,1725.0,1725.0,1725.0,1725.0,0,15.0,0.5945,0.000116,-20.97,85.28
2026-08-25 14:15:00,77252.72,1725.0,1725.0,1725.0,1725.0,0,15.0,0.595,0.000116,-20.96,85.26
2026-08-25 14:16:00,77247.61,1725.0,1725.0,1725.0,1725.0,0,15.0,0.5944,0.000116,-20.97,85.28
2026-08-25 14:17:00,77241.48,1725.0,1725.0,1725.0,1725.0,0,15.0,0.5937,0.000116,-20.98,85.32
2026-08-25 14:18:00,77250.43,1725.0,1725.0,1725.0,1725.0,0,15.0,0.5947,0.000116,-20.96,85.27
2026-08-25 14:19:00,77255.23,1725.0,1725.0,1725.0,1725.0,0,15.0,0.5953,0.000116,-20.96,85.24
2026-08-25 14:20:00,77272.6,1725.0,1725.0,1725.0,1725.0,0,15.0,0.5973,0.000115,-20.93,85.15
2026-08-25 14:21:00,77253.68,1725.0,1725.0,1725.0,1725.0,0,15.0,0.5951,0.000116,-20.96,85.25
2026-08-25 14:22:00,77256.82,1725.0,1725.0,1725.0,1725.0,0,15.0,0.5955,0.000116,-20.96,85.23
2026-08-25 14:23:00,77284.32,1725.0,1725.0,1725.0,1725.0,0,15.0,0.5987,0.000115,-20.92,85.08
2026-08-25 14:24:00,77257.55,1725.0,1725.0,1725.0,1725.0,0,15.0,0.5956,0.000116,-20.95,85.22
2026-08-25 14:25:00,77273.23,1725.0,1725.0,1725.0,1725.0,0,15.0,0.5974,0.000115,-20.93,85.14
2026-08-25 14:26:00,77279.01,1725.0,1725.0,1725.0,1725.0,0,15.0,0.5981,0.000115,-20.92,85.11
2026-08-25 14:27:00,77297.3,1725.0,1776.0,1725.0,1775.95,40,15.34,0.5983,0.000113,-21.4,85.11
2026-08-25 14:28:00,77321.05,1775.95,1785.0,1775.95,1785.0,180,15.28,0.6013,0.000113,-21.27,84.96
2026-08-25 14:29:00,77327.33,1785.0,1785.0,1785.0,1785.0,0,15.0,0.6036,0.000115,-20.85,84.83
2026-08-25 14:30:00,77317.55,1785.0,1785.0,1785.0,1785.0,0,15.0,0.6025,0.000115,-20.87,84.89
2026-08-25 14:31:00,77402.64,1785.0,1785.0,1785.0,1785.0,0,15.0,0.6122,0.000114,-20.73,84.37
2026-08-25 14:32:00,77412.5,1785.0,1785.0,1785.0,1785.0,0,15.0,0.6134,0.000114,-20.71,84.3
2026-08-25 14:33:00,77409.03,1785.0,1785.0,1785.0,1785.0,0,15.0,0.613,0.000114,-20.72,84.33
2026-08-25 14:34:00,77381.56,1785.0,1785.0,1785.0,1785.0,0,15.0,0.6098,0.000114,-20.76,84.5
2026-08-25 14:35:00,77408.06,1785.0,1785.0,1785.0,1785.0,0,15.0,0.6129,0.000114,-20.72,84.33
2026-08-25 14:36:00,77378.41,1785.0,1785.0,1785.0,1785.0,0,15.0,0.6095,0.000114,-20.77,84.52
2026-08-25 14:37:00,77358.8,1785.0,1785.0,1785.0,1785.0,0,15.0,0.6072,0.000115,-20.8,84.63
2026-08-25 14:38:00,77368.56,1785.0,1785.0,1785.0,1785.0,0,15.0,0.6084,0.000114,-20.79,84.57
2026-08-25 14:39:00,77377.09,1785.0,1785.0,1785.0,1785.0,0,15.0,0.6093,0.000114,-20.77,84.52
2026-08-25 14:40:00,77382.31,1785.0,1785.0,1785.0,1785.0,0,15.0,0.6099,0.000114,-20.76,84.49
2026-08-25 14:41:00,77412.34,1785.0,1785.0,1785.0,1785.0,0,15.0,0.6134,0.000114,-20.71,84.3
2026-08-25 14:42:00,77406.56,1785.0,1785.0,1785.0,1785.0,0,15.0,0.6127,0.000114,-20.72,84.33
2026-08-25 14:43:00,77396.37,1785.0,1785.0,1785.0,1785.0,0,15.0,0.6115,0.000114,-20.74,84.4
2026-08-25 14:44:00,77399.46,1785.0,1785.0,1785.0,1785.0,0,15.0,0.6119,0.000114,-20.74,84.38
2026-08-25 14:45:00,77417.92,1785.0,1785.0,1785.0,1785.0,0,15.0,0.614,0.000114,-20.71,84.26
2026-08-25 14:46:00,77408.8,1785.0,1785.0,1785.0,1785.0,0,15.0,0.613,0.000114,-20.72,84.31
2026-08-25 14:47:00,77410.78,1785.0,1785.0,1785.0,1785.0,0,15.0,0.6132,0.000114,-20.72,84.3
2026-08-25 14:48:00,77434.36,1785.0,1785.0,1785.0,1785.0,0,15.0,0.6159,0.000114,-20.68,84.15
2026-08-25 14:49:00,77456.43,1785.0,1785.0,1785.0,1785.0,0,15.0,0.6184,0.000113,-20.64,84.0
2026-08-25 14:50:00,77446.14,1785.0,1785.0,1785.0,1785.0,0,15.0,0.6172,0.000114,-20.66,84.07
2026-08-25 14:51:00,77466.56,1785.0,1965.0,1785.0,1965.0,20,16.36,0.6111,0.000105,-22.66,84.5
2026-08-25 14:52:00,77518.09,1965.0,1965.0,1965.0,1965.0,0,15.0,0.6254,0.000113,-20.53,83.57
2026-08-25 14:53:00,77511.46,1965.0,1965.0,1965.0,1965.0,0,15.0,0.6246,0.000113,-20.54,83.61
2026-08-25 14:54:00,77501.57,1965.0,1965.0,1965.0,1965.0,0,15.0,0.6235,0.000113,-20.56,83.68
2026-08-25 14:55:00,77509.7,1965.0,1965.0,1965.0,1965.0,0,15.0,0.6244,0.000113,-20.54,83.62
2026-08-25 14:56:00,77520.38,1965.0,1965.0,1965.0,1965.0,0,15.0,0.6256,0.000113,-20.52,83.55
2026-08-25 14:57:00,77511.15,1965.0,1965.0,1965.0,1965.0,0,15.0,0.6246,0.000113,-20.54,83.61
2026-08-25 14:58:00,77521.19,1965.0,1965.0,1965.0,1965.0,0,15.0,0.6257,0.000113,-20.52,83.54
2026-08-25 14:59:00,77539.74,1965.0,1989.0,1965.0,1989.0,20,16.12,0.6202,0.000105,-22.17,83.95
2026-08-25 15:00:00,77529.21,1989.0,1989.0,1989.0,1989.0,0,15.0,0.6266,0.000113,-20.51,83.48
2026-08-25 15:01:00,77500.62,1989.0,1989.0,1989.0,1989.0,0,15.0,0.6234,0.000113,-20.56,83.68
2026-08-25 15:02:00,77534.94,1989.0,1989.0,1989.0,1989.0,0,15.0,0.6273,0.000112,-20.5,83.43
2026-08-25 15:03:00,77510.26,1989.0,1989.0,1982.35,1982.35,40,16.25,0.6163,0.000105,-22.43,84.19
2026-08-25 15:04:00,77545.11,1982.35,1982.35,1982.35,1982.35,0,15.0,0.6284,0.000112,-20.48,83.36
2026-08-25 15:05:00,77526.89,1982.35,1982.35,1982.35,1982.35,0,15.0,0.6264,0.000113,-20.51,83.49
2026-08-25 15:06:00,77517.36,1982.35,1982.35,1982.35,1982.35,0,15.0,0.6253,0.000113,-20.53,83.56
2026-08-25 15:07:00,77511.58,1982.35,1982.35,1982.35,1982.35,0,15.0,0.6247,0.000113,-20.54,83.6
2026-08-25 15:08:00,77504.79,1982.35,1982.35,1982.35,1982.35,0,15.0,0.6239,0.000113,-20.55,83.64
2026-08-25 15:09:00,77517.67,1982.35,1982.35,1982.35,1982.35,0,15.0,0.6253,0.000113,-20.53,83.55
2026-08-25 15:10:00,77538.75,1982.35,1982.35,1982.35,1982.35,0,15.0,0.6277,0.000112,-20.49,83.4
2026-08-25 15:11:00,77562.06,1982.35,1982.35,1982.35,1982.35,0,15.0,0.6303,0.000112,-20.44,83.22
2026-08-25 15:12:00,77559.71,1982.35,1982.35,1982.35,1982.35,0,15.0,0.6301,0.000112,-20.45,83.24
2026-08-25 15:13:00,77546.76,1982.35,1982.35,1982.35,1982.35,0,15.0,0.6286,0.000112,-20.47,83.34
2026-08-25 15:14:00,77526.75,1982.35,1982.35,1982.35,1982.35,0,15.0,0.6264,0.000113,-20.51,83.48
2026-08-25 15:15:00,77529.94,1982.35,1982.35,1982.35,1982.35,0,15.0,0.6267,0.000113,-20.51,83.46
2026-08-25 15:16:00,77529.94,1982.35,1982.35,1982.35,1982.35,0,15.0,0.6267,0.000113,-20.51,83.46
2026-08-25 15:17:00,77529.94,1982.35,1982.35,1982.35,1982.35,0,15.0,0.6267,0.000113,-20.51,83.45
2026-08-25 15:18:00,77529.94,1982.35,1982.35,1982.35,1982.35,0,15.0,0.6267,0.000113,-20.51,83.45
2026-08-25 15:19:00,77529.94,1982.35,1982.35,1982.35,1982.35,0,15.0,0.6267,0.000113,-20.51,83.45
2026-08-25 15:20:00,77529.94,1982.35,1982.35,1982.35,1982.35,0,15.0,0.6267,0.000113,-20.51,83.45
2026-08-25 15:21:00,77529.94,1982.35,1982.35,1982.35,1982.35,0,15.0,0.6267,0.000113,-20.51,83.45
2026-08-25 15:22:00,77529.94,1982.35,1982.35,1982.35,1982.35,0,15.0,0.6267,0.000113,-20.51,83.45
2026-08-25 15:23:00,77529.94,1982.35,1982.35,1982.35,1982.35,0,15.0,0.6267,0.000113,-20.51,83.45
2026-08-25 15:24:00,77529.94,1982.35,1982.35,1982.35,1982.35,0,15.0,0.6267,0.000113,-20.51,83.45
2026-08-25 15:25:00,77529.94,1982.35,1982.35,1982.35,1982.35,0,15.0,0.6267,0.000113,-20.51,83.45
2026-08-25 15:26:00,77529.94,1982.35,1982.35,1982.35,1982.35,0,15.0,0.6267,0.000113,-20.51,83.45
2026-08-25 15:27:00,77529.94,1982.35,1982.35,1982.35,1982.35,0,15.0,0.6267,0.000113,-20.51,83.44
2026-08-25 15:28:00,77529.94,1982.35,1982.35,1982.35,1982.35,0,15.0,0.6267,0.000113,-20.51,83.44
2026-08-25 15:29:00,77656.09,1982.35,1982.35,1982.35,1982.35,0,15.0,0.6409,0.000111,-20.25,82.47
2026-08-26 09:21:00,77910.45,2180.0,2180.0,2180.0,2180.0,80,15.75,0.6636,0.000104,-21.05,79.72
2026-08-26 09:22:00,77903.87,2180.0,2180.0,2180.0,2180.0,0,15.0,0.6698,0.000108,-19.89,79.11
2026-08-26 09:23:00,77904.64,2180.0,2180.0,2180.0,2180.0,0,15.0,0.6699,0.000108,-19.89,79.1
2026-08-26 09:24:00,77934.7,2180.0,2180.0,2180.0,2180.0,0,15.0,0.6732,0.000108,-19.81,78.8
2026-08-26 09:25:00,77916.39,2180.0,2180.0,2180.0,2180.0,0,15.0,0.6712,0.000108,-19.86,78.98
2026-08-26 09:26:00,77929.64,2180.0,2245.0,2180.0,2245.0,20,16.4,0.6599,0.0001,-22.03,80.08
2026-08-26 09:27:00,77920.97,2245.0,2245.0,2245.0,2245.0,0,15.0,0.6717,0.000108,-19.84,78.93
2026-08-26 09:28:00,77914.88,2245.0,2245.0,2245.0,2245.0,0,15.0,0.671,0.000108,-19.86,78.99
2026-08-26 09:29:00,77906.72,2245.0,2245.0,2245.0,2245.0,0,15.0,0.6701,0.000108,-19.88,79.07
2026-08-26 09:30:00,77891.88,2245.0,2245.0,2245.0,2245.0,0,15.0,0.6685,0.000109,-19.92,79.21
2026-08-26 09:31:00,77888.42,2245.0,2245.0,2245.0,2245.0,0,15.0,0.6682,0.000109,-19.93,79.25
2026-08-26 09:32:00,77903.69,2245.0,2245.0,2245.0,2245.0,0,15.0,0.6698,0.000108,-19.89,79.1
2026-08-26 09:33:00,77899.55,2245.0,2245.0,2245.0,2245.0,0,15.0,0.6694,0.000108,-19.9,79.14
2026-08-26 09:34:00,77895.65,2245.0,2245.0,2245.0,2245.0,0,15.0,0.6689,0.000109,-19.91,79.17
2026-08-26 09:35:00,77899.72,2245.0,2245.0,2245.0,2245.0,0,15.0,0.6694,0.000108,-19.9,79.13
2026-08-26 09:36:00,77878.93,2245.0,2245.0,2245.0,2245.0,0,15.0,0.6671,0.000109,-19.96,79.33
2026-08-26 09:37:00,77889.83,2245.0,2245.0,2245.0,2245.0,0,15.0,0.6683,0.000109,-19.93,79.23
2026-08-26 09:38:00,77910.43,2245.0,2245.0,2245.0,2245.0,0,15.0,0.6706,0.000108,-19.87,79.03
2026-08-26 09:39:00,77910.31,2245.0,2245.0,2245.0,2245.0,0,15.0,0.6705,0.000108,-19.88,79.03
2026-08-26 09:40:00,77934.36,2245.0,2245.0,2245.0,2245.0,0,15.0,0.6731,0.000108,-19.81,78.79
2026-08-26 09:41:00,77953.11,2245.0,2245.0,2245.0,2245.0,0,15.0,0.6752,0.000108,-19.76,78.6
2026-08-26 09:42:00,77950.03,2245.0,2245.0,2245.0,2245.0,0,15.0,0.6748,0.000108,-19.77,78.63
2026-08-26 09:43:00,77957.41,2245.0,2245.0,2245.0,2245.0,0,15.0,0.6756,0.000108,-19.75,78.55
2026-08-26 09:44:00,77960.57,2245.0,2245.0,2245.0,2245.0,0,15.0,0.676,0.000108,-19.74,78.52
2026-08-26 09:45:00,77969.0,2245.0,2245.0,2245.0,2245.0,0,15.0,0.6769,0.000107,-19.72,78.43
2026-08-26 09:46:00,77975.75,2245.0,2245.0,2245.0,2245.0,0,15.0,0.6776,0.000107,-19.7,78.37
2026-08-26 09:47:00,77978.47,2245.0,2245.0,2245.0,2245.0,0,15.0,0.6779,0.000107,-19.69,78.34
2026-08-26 09:48:00,77976.85,2245.0,2245.0,2245.0,2245.0,0,15.0,0.6777,0.000107,-19.7,78.35
2026-08-26 09:49:00,77961.97,2245.0,2245.0,2245.0,2245.0,0,15.0,0.6761,0.000107,-19.74,78.5
2026-08-26 09:50:00,77949.42,2245.0,2245.0,2245.0,2245.0,0,15.0,0.6748,0.000108,-19.77,78.63
2026-08-26 09:51:00,77953.1,2245.0,2245.0,2245.0,2245.0,0,15.0,0.6752,0.000108,-19.76,78.59
2026-08-26 09:52:00,77937.6,2245.0,2245.0,2245.0,2245.0,0,15.0,0.6735,0.000108,-19.81,78.74
2026-08-26 09:53:00,77933.24,2245.0,2245.0,2245.0,2245.0,0,15.0,0.673,0.000108,-19.82,78.78
2026-08-26 09:54:00,77934.63,2245.0,2245.0,2245.0,2245.0,0,15.0,0.6732,0.000108,-19.81,78.77
2026-08-26 09:55:00,77951.82,2245.0,2245.0,2245.0,2245.0,0,15.0,0.6751,0.000108,-19.77,78.6
2026-08-26 09:56:00,77966.4,2245.0,2245.0,2245.0,2245.0,0,15.0,0.6766,0.000107,-19.73,78.45
2026-08-26 09:57:00,77967.89,2245.0,2245.0,2245.0,2245.0,0,15.0,0.6768,0.000107,-19.72,78.43
2026-08-26 09:58:00,77956.11,2245.0,2245.0,2245.0,2245.0,0,15.0,0.6755,0.000108,-19.76,78.55
2026-08-26 09:59:00,77955.12,2245.0,2245.0,2245.0,2245.0,0,15.0,0.6754,0.000108,-19.76,78.56
2026-08-26 10:00:00,77948.6,2245.0,2245.0,2245.0,2245.0,0,15.0,0.6747,0.000108,-19.78,78.62
2026-08-26 10:01:00,77933.64,2245.0,2245.0,2245.0,2245.0,0,15.0,0.6731,0.000108,-19.82,78.77
2026-08-26 10:02:00,77911.59,2245.0,2245.0,2245.0,2245.0,0,15.0,0.6707,0.000108,-19.88,78.99
2026-08-26 10:03:00,77927.18,2245.0,2245.0,2245.0,2245.0,0,15.0,0.6724,0.000108,-19.84,78.83
2026-08-26 10:04:00,77921.89,2245.0,2245.0,2245.0,2245.0,0,15.0,0.6718,0.000108,-19.85,78.88
2026-08-26 10:05:00,77912.41,2245.0,2245.0,2245.0,2245.0,0,15.0,0.6708,0.000108,-19.87,78.98
2026-08-26 10:06:00,77908.27,2245.0,2245.0,2245.0,2245.0,0,15.0,0.6704,0.000108,-19.89,79.02
2026-08-26 10:07:00,77882.42,2245.0,2245.0,2245.0,2245.0,0,15.0,0.6676,0.000109,-19.95,79.26
2026-08-26 10:08:00,77875.85,2245.0,2245.0,2245.0,2245.0,0,15.0,0.6669,0.000109,-19.97,79.33
2026-08-26 10:09:00,77877.01,2245.0,2245.0,2245.0,2245.0,0,15.0,0.667,0.000109,-19.97,79.31
2026-08-26 10:10:00,77873.85,2245.0,2245.0,2245.0,2245.0,0,15.0,0.6666,0.000109,-19.98,79.34
2026-08-26 10:11:00,77836.74,2245.0,2245.0,2245.0,2245.0,0,15.0,0.6626,0.00011,-20.07,79.69
2026-08-26 10:12:00,77850.31,2245.0,2245.0,2245.0,2245.0,0,15.0,0.6641,0.000109,-20.04,79.56
2026-08-26 10:13:00,77855.98,2245.0,2245.0,2245.0,2245.0,0,15.0,0.6647,0.000109,-20.02,79.51
2026-08-26 10:14:00,77859.61,2245.0,2245.0,2245.0,2245.0,0,15.0,0.6651,0.000109,-20.01,79.47
2026-08-26 10:15:00,77866.46,2245.0,2245.0,2245.0,2245.0,0,15.0,0.6658,0.000109,-20.0,79.41
2026-08-26 10:16:00,77845.36,2245.0,2245.0,2245.0,2245.0,0,15.0,0.6635,0.000109,-20.05,79.61
2026-08-26 10:17:00,77798.15,2245.0,2245.0,2245.0,2245.0,0,15.0,0.6584,0.00011,-20.17,80.04
2026-08-26 10:18:00,77785.92,2245.0,2245.0,2245.0,2245.0,0,15.0,0.657,0.00011,-20.2,80.15
2026-08-26 10:19:00,77779.79,2245.0,2245.0,2245.0,2245.0,0,15.0,0.6563,0.00011,-20.21,80.21
2026-08-26 10:20:00,77758.87,2245.0,2245.0,2245.0,2245.0,0,15.0,0.654,0.000111,-20.26,80.39
2026-08-26 10:21:00,77737.05,2245.0,2245.0,2245.0,2245.0,0,15.0,0.6516,0.000111,-20.32,80.58
2026-08-26 10:22:00,77752.78,2245.0,2245.0,2245.0,2245.0,0,15.0,0.6534,0.000111,-20.28,80.44
2026-08-26 10:23:00,77719.0,2245.0,2245.0,2245.0,2245.0,0,15.0,0.6496,0.000111,-20.36,80.74
2026-08-26 10:24:00,77729.5,2245.0,2245.0,2245.0,2245.0,0,15.0,0.6508,0.000111,-20.33,80.64
2026-08-26 10:25:00,77728.4,2245.0,2245.0,2245.0,2245.0,0,15.0,0.6506,0.000111,-20.34,80.65
2026-08-26 10:26:00,77705.78,2245.0,2245.0,2245.0,2245.0,0,15.0,0.6481,0.000112,-20.39,80.85
2026-08-26 10:27:00,77716.65,2245.0,2245.0,2245.0,2245.0,0,15.0,0.6493,0.000111,-20.37,80.75
2026-08-26 10:28:00,77728.03,2245.0,2245.0,2245.0,2245.0,0,15.0,0.6506,0.000111,-20.34,80.65
2026-08-26 10:29:00,77730.39,2245.0,2245.0,2245.0,2245.0,0,15.0,0.6509,0.000111,-20.33,80.63
2026-08-26 10:30:00,77745.35,2245.0,2245.0,2245.0,2245.0,0,15.0,0.6525,0.000111,-20.3,80.5
2026-08-26 10:31:00,77770.03,2245.0,2245.0,2245.0,2245.0,0,15.0,0.6553,0.000111,-20.24,80.28
2026-08-26 10:32:00,77780.31,2245.0,2245.0,2245.0,2245.0,0,15.0,0.6564,0.00011,-20.22,80.19
2026-08-26 10:33:00,77790.0,2245.0,2245.0,2245.0,2245.0,0,15.0,0.6575,0.00011,-20.19,80.1
2026-08-26 10:34:00,77786.4,2245.0,2245.0,2245.0,2245.0,0,15.0,0.6571,0.00011,-20.2,80.13
2026-08-26 10:35:00,77794.09,2245.0,2245.0,2245.0,2245.0,0,15.0,0.6579,0.00011,-20.18,80.06
2026-08-26 10:36:00,77793.03,2245.0,2245.0,2245.0,2245.0,0,15.0,0.6578,0.00011,-20.18,80.07
2026-08-26 10:37:00,77780.75,2245.0,2245.0,2245.0,2245.0,0,15.0,0.6565,0.00011,-20.22,80.18
2026-08-26 10:38:00,77785.42,2245.0,2245.0,2245.0,2245.0,0,15.0,0.657,0.00011,-20.2,80.13
2026-08-26 10:39:00,77790.21,2245.0,2245.0,2245.0,2245.0,0,15.0,0.6575,0.00011,-20.19,80.09
2026-08-26 10:40:00,77788.4,2245.0,2245.0,2245.0,2245.0,0,15.0,0.6573,0.00011,-20.2,80.11
2026-08-26 10:41:00,77786.9,2245.0,2245.0,2245.0,2245.0,0,15.0,0.6572,0.00011,-20.2,80.12
2026-08-26 10:42:00,77801.73,2245.0,2245.0,2245.0,2245.0,0,15.0,0.6588,0.00011,-20.16,79.98
2026-08-26 10:43:00,77814.11,2245.0,2245.0,2245.0,2245.0,0,15.0,0.6602,0.00011,-20.13,79.87
2026-08-26 10:44:00,77810.61,2245.0,2245.0,2245.0,2245.0,0,15.0,0.6598,0.00011,-20.14,79.9
2026-08-26 10:45:00,77774.51,2245.0,2245.0,2245.0,2245.0,0,15.0,0.6558,0.000111,-20.23,80.22
2026-08-26 10:46:00,77772.28,2245.0,2245.0,2245.0,2245.0,0,15.0,0.6555,0.000111,-20.24,80.24
2026-08-26 10:47:00,77775.67,2100.0,2100.0,2100.0,2100.0,40,15.87,0.6486,0.000105,-21.58,80.86
2026-08-26 10:48:00,77775.71,2100.0,2100.0,2100.0,2100.0,0,15.0,0.6559,0.000111,-20.23,80.21
2026-08-26 10:49:00,77784.0,2100.0,2100.0,2100.0,2100.0,0,15.0,0.6568,0.00011,-20.21,80.14
2026-08-26 10:50:00,77782.13,2100.0,2100.0,2100.0,2100.0,0,15.0,0.6566,0.00011,-20.21,80.15
2026-08-26 10:51:00,77768.66,2100.0,2100.0,2100.0,2100.0,0,15.0,0.6552,0.000111,-20.25,80.27
2026-08-26 10:52:00,77787.25,2100.0,2100.0,2100.0,2100.0,0,15.0,0.6572,0.00011,-20.2,80.1
2026-08-26 10:53:00,77778.13,2100.0,2100.0,2100.0,2100.0,0,15.0,0.6562,0.00011,-20.22,80.18
2026-08-26 10:54:00,77787.71,2100.0,2100.0,2100.0,2100.0,0,15.0,0.6573,0.00011,-20.2,80.1
2026-08-26 10:55:00,77779.37,2100.0,2100.0,2100.0,2100.0,0,15.0,0.6563,0.00011,-20.22,80.17
2026-08-26 10:56:00,77787.79,2100.0,2100.0,2100.0,2100.0,0,15.0,0.6573,0.00011,-20.2,80.09
2026-08-26 10:57:00,77811.35,2100.0,2100.0,2100.0,2100.0,0,15.0,0.6599,0.00011,-20.14,79.88
2026-08-26 10:58:00,77804.71,2100.0,2100.0,2100.0,2100.0,0,15.0,0.6591,0.00011,-20.16,79.94
2026-08-26 10:59:00,77787.42,2100.0,2100.0,2100.0,2100.0,0,15.0,0.6572,0.00011,-20.2,80.09
2026-08-26 11:00:00,77785.24,2100.0,2100.0,2100.0,2100.0,0,15.0,0.657,0.00011,-20.21,80.11
2026-08-26 11:01:00,77767.9,2100.0,2100.0,2100.0,2100.0,0,15.0,0.6551,0.000111,-20.25,80.27
2026-08-26 11:02:00,77781.87,2100.0,2100.0,2100.0,2100.0,0,15.0,0.6566,0.00011,-20.22,80.14
2026-08-26 11:03:00,77773.63,2100.0,2100.0,2100.0,2100.0,0,15.0,0.6557,0.000111,-20.24,80.21
2026-08-26 11:04:00,77760.74,2100.0,2100.0,2100.0,2100.0,0,15.0,0.6543,0.000111,-20.27,80.33
2026-08-26 11:05:00,77770.45,2100.0,2100.0,2100.0,2100.0,0,15.0,0.6554,0.000111,-20.25,80.24
2026-08-26 11:06:00,77745.31,2100.0,2100.0,2100.0,2100.0,0,15.0,0.6526,0.000111,-20.31,80.46
2026-08-26 11:07:00,77750.75,2100.0,2100.0,2100.0,2100.0,0,15.0,0.6532,0.000111,-20.29,80.41
2026-08-26 11:08:00,77770.22,2100.0,2100.0,2100.0,2100.0,0,15.0,0.6554,0.000111,-20.25,80.24
2026-08-26 11:09:00,77776.6,2100.0,2100.0,2100.0,2100.0,0,15.0,0.6561,0.000111,-20.23,80.18
2026-08-26 11:10:00,77796.93,2100.0,2100.0,2100.0,2100.0,0,15.0,0.6583,0.00011,-20.18,80.0
2026-08-26 11:11:00,77787.91,2100.0,2100.0,2100.0,2100.0,0,15.0,0.6573,0.00011,-20.2,80.08
2026-08-26 11:12:00,77810.5,2100.0,2100.0,2100.0,2100.0,0,15.0,0.6598,0.00011,-20.15,79.87
2026-08-26 11:13:00,77802.04,2100.0,2100.0,2100.0,2100.0,0,15.0,0.6589,0.00011,-20.17,79.95
2026-08-26 11:14:00,77812.58,2100.0,2100.0,2100.0,2100.0,0,15.0,0.66,0.00011,-20.14,79.85
2026-08-26 11:15:00,77814.73,2100.0,2100.0,2100.0,2100.0,0,15.0,0.6603,0.00011,-20.14,79.83
2026-08-26 11:16:00,77795.24,2100.0,2100.0,2100.0,2100.0,0,15.0,0.6581,0.00011,-20.19,80.0
2026-08-26 11:17:00,77774.33,2100.0,2100.0,2100.0,2100.0,0,15.0,0.6558,0.000111,-20.24,80.19
2026-08-26 11:18:00,77738.51,2100.0,2100.0,2100.0,2100.0,0,15.0,0.6519,0.000111,-20.33,80.51
2026-08-26 11:19:00,77755.16,2100.0,2100.0,2100.0,2100.0,0,15.0,0.6537,0.000111,-20.29,80.36
2026-08-26 11:20:00,77746.19,2100.0,2100.0,2100.0,2100.0,0,15.0,0.6527,0.000111,-20.31,80.44
2026-08-26 11:21:00,77753.1,2100.0,2100.0,2100.0,2100.0,0,15.0,0.6535,0.000111,-20.29,80.38
2026-08-26 11:22:00,77717.93,2100.0,2100.0,2100.0,2100.0,0,15.0,0.6496,0.000111,-20.37,80.68
2026-08-26 11:23:00,77715.47,2100.0,2100.0,2100.0,2100.0,0,15.0,0.6493,0.000111,-20.38,80.7
2026-08-26 11:24:00,77720.05,2100.0,2100.0,2100.0,2100.0,0,15.0,0.6498,0.000111,-20.37,80.66
2026-08-26 11:25:00,77727.81,2100.0,2100.0,2100.0,2100.0,0,15.0,0.6507,0.000111,-20.35,80.59
2026-08-26 11:26:00,77740.24,2100.0,2100.0,2100.0,2100.0,0,15.0,0.6521,0.000111,-20.32,80.48
2026-08-26 11:27:00,77730.39,2100.0,2100.0,2100.0,2100.0,0,15.0,0.651,0.000111,-20.35,80.57
2026-08-26 11:28:00,77747.19,2100.0,2100.0,2100.0,2100.0,0,15.0,0.6528,0.000111,-20.31,80.42
2026-08-26 11:29:00,77737.2,2100.0,2100.0,2100.0,2100.0,0,15.0,0.6517,0.000111,-20.33,80.51
2026-08-26 11:30:00,77738.32,2100.0,2100.0,2100.0,2100.0,0,15.0,0.6519,0.000111,-20.33,80.5
2026-08-26 11:31:00,77713.88,2100.0,2100.0,2100.0,2100.0,0,15.0,0.6491,0.000111,-20.39,80.71
2026-08-26 11:32:00,77717.63,2100.0,2100.0,2100.0,2100.0,0,15.0,0.6496,0.000111,-20.38,80.67
2026-08-26 11:33:00,77714.23,2100.0,2100.0,2100.0,2100.0,0,15.0,0.6492,0.000111,-20.39,80.7
2026-08-26 11:34:00,77717.57,2100.0,2100.0,2100.0,2100.0,0,15.0,0.6496,0.000111,-20.38,80.67
2026-08-26 11:35:00,77744.09,2100.0,2100.0,2100.0,2100.0,0,15.0,0.6525,0.000111,-20.32,80.44
2026-08-26 11:36:00,77742.37,2100.0,2100.0,2100.0,2100.0,0,15.0,0.6523,0.000111,-20.32,80.45
2026-08-26 11:37:00,77763.9,2100.0,2100.0,2100.0,2100.0,0,15.0,0.6547,0.000111,-20.27,80.26
2026-08-26 11:38:00,77758.51,2100.0,2100.0,2100.0,2100.0,0,15.0,0.6541,0.000111,-20.28,80.31
2026-08-26 11:39:00,77750.39,2100.0,2100.0,2100.0,2100.0,0,15.0,0.6532,0.000111,-20.3,80.38
2026-08-26 11:40:00,77750.52,2100.0,2100.0,2100.0,2100.0,0,15.0,0.6532,0.000111,-20.3,80.38
2026-08-26 11:41:00,77747.12,2100.0,2100.0,2100.0,2100.0,0,15.0,0.6529,0.000111,-20.31,80.41
2026-08-26 11:42:00,77750.32,2100.0,2100.0,2100.0,2100.0,0,15.0,0.6532,0.000111,-20.3,80.38
2026-08-26 11:43:00,77754.57,2100.0,2100.0,2100.0,2100.0,0,15.0,0.6537,0.000111,-20.29,80.34
2026-08-26 11:44:00,77750.2,2100.0,2100.0,2100.0,2100.0,0,15.0,0.6532,0.000111,-20.3,80.38
2026-08-26 11:45:00,77754.02,2100.0,2100.0,2100.0,2100.0,0,15.0,0.6536,0.000111,-20.29,80.34
2026-08-26 11:46:00,77744.86,2100.0,2100.0,2100.0,2100.0,0,15.0,0.6526,0.000111,-20.32,80.42
2026-08-26 11:47:00,77743.42,2100.0,2100.0,2100.0,2100.0,0,15.0,0.6525,0.000111,-20.32,80.43
2026-08-26 11:48:00,77726.3,2100.0,2100.0,2100.0,2100.0,0,15.0,0.6506,0.000111,-20.36,80.58
2026-08-26 11:49:00,77724.25,2100.0,2100.0,2100.0,2100.0,0,15.0,0.6503,0.000111,-20.37,80.6
2026-08-26 11:50:00,77720.54,2100.0,2100.0,2100.0,2100.0,0,15.0,0.6499,0.000111,-20.37,80.63
2026-08-26 11:51:00,77715.42,2100.0,2100.0,2100.0,2100.0,0,15.0,0.6493,0.000111,-20.39,80.67
2026-08-26 11:52:00,77714.56,2100.0,2100.0,2100.0,2100.0,0,15.0,0.6492,0.000112,-20.39,80.68
2026-08-26 11:53:00,77695.27,2100.0,2100.0,2100.0,2100.0,0,15.0,0.6471,0.000112,-20.43,80.84
2026-08-26 11:54:00,77678.87,2100.0,2100.0,2100.0,2100.0,0,15.0,0.6453,0.000112,-20.47,80.98
2026-08-26 11:55:00,77691.16,2100.0,2100.0,2100.0,2100.0,0,15.0,0.6466,0.000112,-20.44,80.87
2026-08-26 11:56:00,77706.45,2100.0,2100.0,2100.0,2100.0,0,15.0,0.6484,0.000112,-20.41,80.74
2026-08-26 11:57:00,77705.57,2100.0,2100.0,2100.0,2100.0,0,15.0,0.6483,0.000112,-20.41,80.75
2026-08-26 11:58:00,77700.64,2100.0,2100.0,2100.0,2100.0,0,15.0,0.6477,0.000112,-20.42,80.79
2026-08-26 11:59:00,77691.36,2100.0,2100.0,2100.0,2100.0,0,15.0,0.6467,0.000112,-20.44,80.87
2026-08-26 12:00:00,77668.04,2100.0,2100.0,2100.0,2100.0,0,15.0,0.6441,0.000112,-20.5,81.06
2026-08-26 12:01:00,77670.33,2100.0,2100.0,2100.0,2100.0,0,15.0,0.6443,0.000112,-20.49,81.04
2026-08-26 12:02:00,77655.81,2100.0,2100.0,2100.0,2100.0,0,15.0,0.6427,0.000112,-20.52,81.16
2026-08-26 12:03:00,77641.75,2100.0,2100.0,2100.0,2100.0,0,15.0,0.6411,0.000113,-20.56,81.27
2026-08-26 12:04:00,77650.07,2100.0,2100.0,2100.0,2100.0,0,15.0,0.642,0.000112,-20.54,81.2
2026-08-26 12:05:00,77661.87,2100.0,2100.0,2100.0,2100.0,0,15.0,0.6434,0.000112,-20.51,81.11
2026-08-26 12:06:00,77663.94,2100.0,2100.0,2100.0,2100.0,0,15.0,0.6436,0.000112,-20.51,81.09
2026-08-26 12:07:00,77648.09,2100.0,2100.0,2100.0,2100.0,0,15.0,0.6418,0.000112,-20.54,81.22
2026-08-26 12:08:00,77650.45,2100.0,2100.0,2100.0,2100.0,0,15.0,0.6421,0.000112,-20.54,81.2
2026-08-26 12:09:00,77638.41,2100.0,2100.0,2100.0,2100.0,0,15.0,0.6407,0.000113,-20.56,81.29
2026-08-26 12:10:00,77634.03,2100.0,2100.0,2100.0,2100.0,0,15.0,0.6403,0.000113,-20.57,81.33
2026-08-26 12:11:00,77631.27,2100.0,2100.0,2100.0,2100.0,0,15.0,0.6399,0.000113,-20.58,81.35
2026-08-26 12:12:00,77628.69,2100.0,2100.0,2100.0,2100.0,0,15.0,0.6397,0.000113,-20.59,81.37
2026-08-26 12:13:00,77644.07,2100.0,2100.0,2100.0,2100.0,0,15.0,0.6414,0.000113,-20.55,81.24
2026-08-26 12:14:00,77671.32,2100.0,2100.0,2100.0,2100.0,0,15.0,0.6444,0.000112,-20.49,81.02
2026-08-26 12:15:00,77660.23,2100.0,2100.0,2100.0,2100.0,0,15.0,0.6432,0.000112,-20.52,81.11
2026-08-26 12:16:00,77674.53,2100.0,2100.0,2100.0,2100.0,0,15.0,0.6448,0.000112,-20.49,80.99
2026-08-26 12:17:00,77681.01,2100.0,2100.0,2100.0,2100.0,0,15.0,0.6455,0.000112,-20.47,80.93
2026-08-26 12:18:00,77688.2,2100.0,2100.0,2100.0,2100.0,0,15.0,0.6463,0.000112,-20.46,80.87
2026-08-26 12:19:00,77692.11,2100.0,2100.0,2100.0,2100.0,0,15.0,0.6468,0.000112,-20.45,80.84
2026-08-26 12:20:00,77688.68,2100.0,2100.0,2100.0,2100.0,0,15.0,0.6464,0.000112,-20.45,80.87
2026-08-26 12:21:00,77677.17,2100.0,2100.0,2100.0,2100.0,0,15.0,0.6451,0.000112,-20.48,80.96
2026-08-26 12:22:00,77682.02,2100.0,2100.0,2100.0,2100.0,0,15.0,0.6457,0.000112,-20.47,80.92
2026-08-26 12:23:00,77680.43,2100.0,2100.0,2100.0,2100.0,0,15.0,0.6455,0.000112,-20.47,80.93
2026-08-26 12:24:00,77705.53,2100.0,2100.0,2100.0,2100.0,0,15.0,0.6483,0.000112,-20.42,80.72
2026-08-26 12:25:00,77694.67,2100.0,2100.0,2100.0,2100.0,0,15.0,0.6471,0.000112,-20.44,80.81
2026-08-26 12:26:00,77684.24,2100.0,2100.0,2100.0,2100.0,0,15.0,0.6459,0.000112,-20.47,80.9
2026-08-26 12:27:00,77667.72,2100.0,2100.0,2100.0,2100.0,0,15.0,0.6441,0.000112,-20.5,81.03
2026-08-26 12:28:00,77661.47,2100.0,2100.0,2100.0,2100.0,0,15.0,0.6434,0.000112,-20.52,81.09
2026-08-26 12:29:00,77679.02,2100.0,2100.0,2100.0,2100.0,0,15.0,0.6453,0.000112,-20.48,80.94
2026-08-26 12:30:00,77659.38,2100.0,2100.0,2100.0,2100.0,0,15.0,0.6431,0.000112,-20.52,81.1
2026-08-26 12:31:00,77653.26,2100.0,2100.0,2100.0,2100.0,0,15.0,0.6424,0.000112,-20.54,81.15
2026-08-26 12:32:00,77649.6,2100.0,2100.0,2100.0,2100.0,0,15.0,0.642,0.000112,-20.55,81.18
2026-08-26 12:33:00,77651.65,2100.0,2100.0,2100.0,2100.0,0,15.0,0.6423,0.000112,-20.54,81.16
2026-08-26 12:34:00,77675.41,2100.0,2100.0,2100.0,2100.0,0,15.0,0.6449,0.000112,-20.49,80.96
2026-08-26 12:35:00,77680.06,2100.0,2100.0,2100.0,2100.0,0,15.0,0.6455,0.000112,-20.48,80.92
2026-08-26 12:36:00,77687.14,2100.0,2100.0,2100.0,2100.0,0,15.0,0.6463,0.000112,-20.46,80.86
2026-08-26 12:37:00,77689.18,2100.0,2100.0,2100.0,2100.0,0,15.0,0.6465,0.000112,-20.46,80.84
2026-08-26 12:38:00,77681.42,2100.0,2100.0,2100.0,2100.0,0,15.0,0.6456,0.000112,-20.48,80.91
2026-08-26 12:39:00,77674.9,2100.0,2100.0,2100.0,2100.0,0,15.0,0.6449,0.000112,-20.49,80.96
2026-08-26 12:40:00,77662.84,2100.0,2100.0,2100.0,2100.0,0,15.0,0.6435,0.000112,-20.52,81.06
2026-08-26 12:41:00,77653.25,2100.0,2100.0,2100.0,2100.0,0,15.0,0.6425,0.000112,-20.54,81.14
2026-08-26 12:42:00,77667.05,2100.0,2100.0,2100.0,2100.0,0,15.0,0.644,0.000112,-20.51,81.02
2026-08-26 12:43:00,77684.74,2100.0,2100.0,2100.0,2100.0,0,15.0,0.646,0.000112,-20.47,80.88
2026-08-26 12:44:00,77679.43,2100.0,2100.0,2100.0,2100.0,0,15.0,0.6454,0.000112,-20.48,80.92
2026-08-26 12:45:00,77672.93,2100.0,2100.0,2100.0,2100.0,0,15.0,0.6447,0.000112,-20.5,80.97
2026-08-26 12:46:00,77684.37,2100.0,2100.0,2100.0,2100.0,0,15.0,0.646,0.000112,-20.47,80.88
2026-08-26 12:47:00,77660.46,2100.0,2100.0,2100.0,2100.0,0,15.0,0.6433,0.000112,-20.52,81.07
2026-08-26 12:48:00,77674.38,2100.0,2100.0,2100.0,2100.0,0,15.0,0.6448,0.000112,-20.49,80.96
2026-08-26 12:49:00,77669.81,2100.0,2100.0,2100.0,2100.0,0,15.0,0.6443,0.000112,-20.5,80.99
2026-08-26 12:50:00,77655.51,2100.0,2100.0,2100.0,2100.0,0,15.0,0.6427,0.000112,-20.54,81.11
2026-08-26 12:51:00,77651.27,2100.0,2100.0,2100.0,2100.0,0,15.0,0.6423,0.000112,-20.55,81.14
2026-08-26 12:52:00,77653.98,2100.0,2100.0,2100.0,2100.0,0,15.0,0.6426,0.000112,-20.54,81.12
2026-08-26 12:53:00,77643.06,2100.0,2100.0,2100.0,2100.0,0,15.0,0.6413,0.000113,-20.56,81.21
2026-08-26 12:54:00,77649.61,2100.0,2100.0,2100.0,2100.0,0,15.0,0.6421,0.000113,-20.55,81.15
2026-08-26 12:55:00,77661.96,2100.0,2100.0,2100.0,2100.0,0,15.0,0.6435,0.000112,-20.52,81.05
2026-08-26 12:56:00,77669.28,2100.0,2100.0,2100.0,2100.0,0,15.0,0.6443,0.000112,-20.51,80.99
2026-08-26 12:57:00,77665.5,2100.0,2100.0,2100.0,2100.0,0,15.0,0.6439,0.000112,-20.52,81.02
2026-08-26 12:58:00,77672.45,2100.0,2100.0,2100.0,2100.0,0,15.0,0.6446,0.000112,-20.5,80.96
2026-08-26 12:59:00,77669.16,2100.0,2100.0,2100.0,2100.0,0,15.0,0.6443,0.000112,-20.51,80.99
2026-08-26 13:00:00,77666.32,2100.0,2100.0,2100.0,2100.0,0,15.0,0.644,0.000112,-20.51,81.01
2026-08-26 13:01:00,77641.64,2100.0,2100.0,2100.0,2100.0,0,15.0,0.6412,0.000113,-20.57,81.21
2026-08-26 13:02:00,77625.58,2100.0,2100.0,2100.0,2100.0,0,15.0,0.6394,0.000113,-20.6,81.34
2026-08-26 13:03:00,77640.53,2100.0,2100.0,2100.0,2100.0,0,15.0,0.6411,0.000113,-20.57,81.22
2026-08-26 13:04:00,77649.87,2100.0,2100.0,2100.0,2100.0,0,15.0,0.6421,0.000113,-20.55,81.14
2026-08-26 13:05:00,77663.04,2100.0,2100.0,2100.0,2100.0,0,15.0,0.6436,0.000112,-20.52,81.03
2026-08-26 13:06:00,77664.88,2100.0,2100.0,2100.0,2100.0,0,15.0,0.6438,0.000112,-20.52,81.02
2026-08-26 13:07:00,77661.98,2100.0,2100.0,2100.0,2100.0,0,15.0,0.6435,0.000112,-20.53,81.04
2026-08-26 13:08:00,77656.2,2100.0,2100.0,2100.0,2100.0,0,15.0,0.6428,0.000112,-20.54,81.09
2026-08-26 13:09:00,77642.51,2100.0,2100.0,2100.0,2100.0,0,15.0,0.6413,0.000113,-20.57,81.2
2026-08-26 13:10:00,77627.03,2100.0,2100.0,2100.0,2100.0,0,15.0,0.6396,0.000113,-20.6,81.32
2026-08-26 13:11:00,77637.33,2100.0,2100.0,2100.0,2100.0,0,15.0,0.6407,0.000113,-20.58,81.24
2026-08-26 13:12:00,77638.78,2100.0,2100.0,2100.0,2100.0,0,15.0,0.6409,0.000113,-20.58,81.22
2026-08-26 13:13:00,77636.25,2100.0,2100.0,2100.0,2100.0,0,15.0,0.6406,0.000113,-20.58,81.24
2026-08-26 13:14:00,77626.14,2100.0,2100.0,2100.0,2100.0,0,15.0,0.6395,0.000113,-20.61,81.32
2026-08-26 13:15:00,77619.98,2100.0,2100.0,2100.0,2100.0,0,15.0,0.6388,0.000113,-20.62,81.37
2026-08-26 13:16:00,77604.96,2100.0,2100.0,2100.0,2100.0,0,15.0,0.6371,0.000113,-20.65,81.49
2026-08-26 13:17:00,77587.17,2100.0,2100.0,2100.0,2100.0,0,15.0,0.6351,0.000113,-20.69,81.63
2026-08-26 13:18:00,77608.18,2100.0,2100.0,2100.0,2100.0,0,15.0,0.6374,0.000113,-20.65,81.46
2026-08-26 13:19:00,77604.98,2100.0,2100.0,2100.0,2100.0,0,15.0,0.6371,0.000113,-20.65,81.49
2026-08-26 13:20:00,77578.75,2100.0,2100.0,2100.0,2100.0,0,15.0,0.6341,0.000114,-20.71,81.69
2026-08-26 13:21:00,77587.6,2100.0,2100.0,2100.0,2100.0,0,15.0,0.6351,0.000113,-20.69,81.62
2026-08-26 13:22:00,77596.92,2100.0,2100.0,2100.0,2100.0,0,15.0,0.6362,0.000113,-20.67,81.55
2026-08-26 13:23:00,77585.33,2100.0,2100.0,2100.0,2100.0,0,15.0,0.6349,0.000113,-20.7,81.63
2026-08-26 13:24:00,77583.99,2100.0,2100.0,2100.0,2100.0,0,15.0,0.6347,0.000113,-20.7,81.64
2026-08-26 13:25:00,77596.93,2100.0,2100.0,2100.0,2100.0,0,15.0,0.6362,0.000113,-20.67,81.54
2026-08-26 13:26:00,77580.59,2100.0,2100.0,2100.0,2100.0,0,15.0,0.6343,0.000114,-20.71,81.67
2026-08-26 13:27:00,77581.31,2100.0,2100.0,2100.0,2100.0,0,15.0,0.6344,0.000114,-20.71,81.66
2026-08-26 13:28:00,77603.67,2100.0,2100.0,2100.0,2100.0,0,15.0,0.6369,0.000113,-20.66,81.49
2026-08-26 13:29:00,77587.18,2100.0,2100.0,2100.0,2100.0,0,15.0,0.6351,0.000113,-20.69,81.61
2026-08-26 13:30:00,77601.18,2100.0,2100.0,2100.0,2100.0,0,15.0,0.6367,0.000113,-20.66,81.5
2026-08-26 13:31:00,77589.86,2100.0,2100.0,2100.0,2100.0,0,15.0,0.6354,0.000113,-20.69,81.59
2026-08-26 13:32:00,77582.69,2100.0,2100.0,2100.0,2100.0,0,15.0,0.6346,0.000113,-20.7,81.65
2026-08-26 13:33:00,77581.64,2100.0,2100.0,2100.0,2100.0,0,15.0,0.6344,0.000114,-20.71,81.65
2026-08-26 13:34:00,77590.28,2100.0,2100.0,2100.0,2100.0,0,15.0,0.6354,0.000113,-20.69,81.58
2026-08-26 13:35:00,77590.36,2100.0,2100.0,2100.0,2100.0,0,15.0,0.6354,0.000113,-20.69,81.58
2026-08-26 13:36:00,77586.31,2100.0,2100.0,2100.0,2100.0,0,15.0,0.635,0.000113,-20.7,81.61
2026-08-26 13:37:00,77591.27,2100.0,2100.0,2100.0,2100.0,0,15.0,0.6355,0.000113,-20.69,81.57
2026-08-26 13:38:00,77596.86,2100.0,2100.0,2100.0,2100.0,0,15.0,0.6362,0.000113,-20.68,81.53
2026-08-26 13:39:00,77603.92,2100.0,2100.0,2100.0,2100.0,0,15.0,0.637,0.000113,-20.66,81.47
2026-08-26 13:40:00,77587.26,2100.0,2100.0,2100.0,2100.0,0,15.0,0.6351,0.000113,-20.7,81.6
2026-08-26 13:41:00,77605.84,2100.0,2100.0,2100.0,2100.0,0,15.0,0.6372,0.000113,-20.66,81.46
2026-08-26 13:42:00,77577.99,2100.0,2100.0,2100.0,2100.0,0,15.0,0.634,0.000114,-20.72,81.67
2026-08-26 13:43:00,77591.82,2100.0,2100.0,2100.0,2100.0,0,15.0,0.6356,0.000113,-20.69,81.56
2026-08-26 13:44:00,77584.72,2100.0,2100.0,2100.0,2100.0,0,15.0,0.6348,0.000113,-20.7,81.62
2026-08-26 13:45:00,77579.2,2100.0,2100.0,2100.0,2100.0,0,15.0,0.6342,0.000114,-20.71,81.66
2026-08-26 13:46:00,77579.81,2100.0,2100.0,2100.0,2100.0,0,15.0,0.6343,0.000114,-20.71,81.65
2026-08-26 13:47:00,77576.68,2100.0,2100.0,2100.0,2100.0,0,15.0,0.6339,0.000114,-20.72,81.68
2026-08-26 13:48:00,77578.94,2100.0,2100.0,2100.0,2100.0,0,15.0,0.6342,0.000114,-20.72,81.66
2026-08-26 13:49:00,77575.89,2100.0,2100.0,2100.0,2100.0,0,15.0,0.6338,0.000114,-20.72,81.68
2026-08-26 13:50:00,77584.22,2100.0,2100.0,2100.0,2100.0,0,15.0,0.6348,0.000113,-20.7,81.61
2026-08-26 13:51:00,77571.1,2100.0,2100.0,2100.0,2100.0,0,15.0,0.6333,0.000114,-20.73,81.71
2026-08-26 13:52:00,77605.8,2100.0,2100.0,2100.0,2100.0,0,15.0,0.6372,0.000113,-20.66,81.44
2026-08-26 13:53:00,77582.16,2100.0,2100.0,2100.0,2100.0,0,15.0,0.6345,0.000114,-20.71,81.63
2026-08-26 13:54:00,77585.49,2100.0,2100.0,2100.0,2100.0,0,15.0,0.6349,0.000113,-20.7,81.6
2026-08-26 13:55:00,77594.71,2100.0,2100.0,2100.0,2100.0,0,15.0,0.636,0.000113,-20.68,81.53
2026-08-26 13:56:00,77584.09,2100.0,2100.0,2100.0,2100.0,0,15.0,0.6348,0.000114,-20.71,81.61
2026-08-26 13:57:00,77572.65,2100.0,2100.0,2100.0,2100.0,0,15.0,0.6335,0.000114,-20.73,81.7
2026-08-26 13:58:00,77591.7,2100.0,2100.0,2100.0,2100.0,0,15.0,0.6356,0.000113,-20.69,81.55
2026-08-26 13:59:00,77594.28,2100.0,2100.0,1999.0,1999.0,20,16.08,0.628,0.000107,-22.35,82.12
2026-08-26 14:00:00,77593.11,1999.0,1999.0,1999.0,1999.0,0,15.0,0.6358,0.000113,-20.69,81.53
2026-08-26 14:01:00,77601.99,1999.0,1999.0,1999.0,1999.0,0,15.0,0.6368,0.000113,-20.67,81.46
2026-08-26 14:02:00,77586.87,1999.0,1999.0,1999.0,1999.0,0,15.0,0.6351,0.000113,-20.7,81.58
2026-08-26 14:03:00,77620.14,1999.0,1999.0,1999.0,1999.0,0,15.0,0.6389,0.000113,-20.63,81.32
2026-08-26 14:04:00,77612.73,1999.0,1999.0,1999.0,1999.0,0,15.0,0.638,0.000113,-20.65,81.38
2026-08-26 14:05:00,77598.03,1999.0,1999.0,1999.0,1999.0,0,15.0,0.6364,0.000113,-20.68,81.49
2026-08-26 14:06:00,77603.65,1999.0,1999.0,1999.0,1999.0,0,15.0,0.637,0.000113,-20.67,81.45
2026-08-26 14:07:00,77573.24,1999.0,1999.0,1999.0,1999.0,0,15.0,0.6335,0.000114,-20.73,81.68
2026-08-26 14:08:00,77580.91,1999.0,1999.0,1999.0,1999.0,0,15.0,0.6344,0.000114,-20.72,81.62
2026-08-26 14:09:00,77609.76,1999.0,1999.0,1999.0,1999.0,0,15.0,0.6377,0.000113,-20.65,81.39
2026-08-26 14:10:00,77606.32,1999.0,1999.0,1999.0,1999.0,0,15.0,0.6373,0.000113,-20.66,81.42
2026-08-26 14:11:00,77600.42,1999.0,1999.0,1999.0,1999.0,0,15.0,0.6366,0.000113,-20.67,81.47
2026-08-26 14:12:00,77650.65,1999.0,1999.0,1999.0,1999.0,0,15.0,0.6423,0.000113,-20.57,81.06
2026-08-26 14:13:00,77626.99,1999.0,1999.0,1999.0,1999.0,0,15.0,0.6396,0.000113,-20.62,81.25
2026-08-26 14:14:00,77614.25,1999.0,1999.0,1999.0,1999.0,0,15.0,0.6382,0.000113,-20.65,81.35
2026-08-26 14:15:00,77622.91,1999.0,1999.0,1999.0,1999.0,0,15.0,0.6392,0.000113,-20.63,81.28
2026-08-26 14:16:00,77626.84,1999.0,1999.0,1999.0,1999.0,0,15.0,0.6396,0.000113,-20.62,81.25
2026-08-26 14:17:00,77628.05,1999.0,1999.0,1999.0,1999.0,0,15.0,0.6398,0.000113,-20.62,81.24
2026-08-26 14:18:00,77635.89,1999.0,1999.0,1999.0,1999.0,0,15.0,0.6407,0.000113,-20.6,81.18
2026-08-26 14:19:00,77633.51,1999.0,1999.0,1999.0,1999.0,0,15.0,0.6404,0.000113,-20.6,81.19
2026-08-26 14:20:00,77630.98,1999.0,1999.0,1999.0,1999.0,0,15.0,0.6401,0.000113,-20.61,81.21
2026-08-26 14:21:00,77633.96,1999.0,1999.0,1999.0,1999.0,0,15.0,0.6404,0.000113,-20.6,81.19
2026-08-26 14:22:00,77634.63,1999.0,1999.0,1999.0,1999.0,0,15.0,0.6405,0.000113,-20.6,81.18
2026-08-26 14:23:00,77630.9,1999.0,1999.0,1999.0,1999.0,0,15.0,0.6401,0.000113,-20.61,81.21
2026-08-26 14:24:00,77615.08,1999.0,1999.0,1999.0,1999.0,0,15.0,0.6383,0.000113,-20.65,81.34
2026-08-26 14:25:00,77613.57,1999.0,1999.0,1999.0,1999.0,0,15.0,0.6381,0.000113,-20.65,81.35
2026-08-26 14:26:00,77617.37,1999.0,1999.0,1999.0,1999.0,0,15.0,0.6386,0.000113,-20.64,81.32
2026-08-26 14:27:00,77608.51,1999.0,1999.0,1999.0,1999.0,0,15.0,0.6376,0.000113,-20.66,81.38
2026-08-26 14:28:00,77592.59,1999.0,1999.0,1999.0,1999.0,0,15.0,0.6358,0.000113,-20.7,81.51
2026-08-26 14:29:00,77605.27,1999.0,1999.0,1999.0,1999.0,0,15.0,0.6372,0.000113,-20.67,81.41
2026-08-26 14:30:00,77600.33,1999.0,1999.0,1999.0,1999.0,0,15.0,0.6367,0.000113,-20.68,81.45
2026-08-26 14:31:00,77623.0,1999.0,1999.0,1999.0,1999.0,0,15.0,0.6392,0.000113,-20.63,81.27
2026-08-26 14:32:00,77607.31,1999.0,1999.0,1999.0,1999.0,0,15.0,0.6374,0.000113,-20.66,81.39
2026-08-26 14:33:00,77611.58,1999.0,1999.0,1999.0,1999.0,0,15.0,0.6379,0.000113,-20.66,81.35
2026-08-26 14:34:00,77637.06,1999.0,1999.0,1999.0,1999.0,0,15.0,0.6408,0.000113,-20.6,81.15
2026-08-26 14:35:00,77626.46,1999.0,1999.0,1999.0,1999.0,0,15.0,0.6396,0.000113,-20.62,81.23
2026-08-26 14:36:00,77625.51,1999.0,1999.0,1999.0,1999.0,0,15.0,0.6395,0.000113,-20.63,81.24
2026-08-26 14:37:00,77628.66,1999.0,1999.0,1999.0,1999.0,0,15.0,0.6399,0.000113,-20.62,81.21
2026-08-26 14:38:00,77625.07,1999.0,1999.0,1999.0,1999.0,0,15.0,0.6395,0.000113,-20.63,81.24
2026-08-26 14:39:00,77628.69,1999.0,1999.0,1999.0,1999.0,0,15.0,0.6399,0.000113,-20.62,81.21
2026-08-26 14:40:00,77629.68,1999.0,1999.0,1999.0,1999.0,0,15.0,0.64,0.000113,-20.62,81.2
2026-08-26 14:41:00,77634.32,1999.0,1999.0,1999.0,1999.0,0,15.0,0.6405,0.000113,-20.61,81.16
2026-08-26 14:42:00,77630.96,1999.0,1999.0,1999.0,1999.0,0,15.0,0.6401,0.000113,-20.62,81.19
2026-08-26 14:43:00,77637.09,1999.0,1999.0,1999.0,1999.0,0,15.0,0.6408,0.000113,-20.6,81.14
2026-08-26 14:44:00,77626.18,1999.0,1999.0,1999.0,1999.0,0,15.0,0.6396,0.000113,-20.63,81.23
2026-08-26 14:45:00,77635.71,1999.0,1999.0,1999.0,1999.0,0,15.0,0.6407,0.000113,-20.61,81.15
2026-08-26 14:46:00,77641.99,1999.0,1999.0,1999.0,1999.0,0,15.0,0.6414,0.000113,-20.59,81.1
2026-08-26 14:47:00,77669.27,1999.0,1999.0,1999.0,1999.0,0,15.0,0.6445,0.000112,-20.53,80.87
2026-08-26 14:48:00,77644.83,1999.0,1999.0,1999.0,1999.0,0,15.0,0.6417,0.000113,-20.59,81.07
2026-08-26 14:49:00,77666.87,1999.0,1999.0,1999.0,1999.0,0,15.0,0.6442,0.000112,-20.54,80.89
2026-08-26 14:50:00,77664.34,1999.0,1999.0,1999.0,1999.0,0,15.0,0.6439,0.000112,-20.54,80.91
2026-08-26 14:51:00,77668.15,1999.0,1999.0,1999.0,1999.0,0,15.0,0.6443,0.000112,-20.53,80.88
2026-08-26 14:52:00,77657.85,1999.0,1999.0,1999.0,1999.0,0,15.0,0.6432,0.000113,-20.56,80.96
2026-08-26 14:53:00,77670.84,1999.0,1999.0,1999.0,1999.0,0,15.0,0.6446,0.000112,-20.53,80.85
2026-08-26 14:54:00,77668.85,1999.0,1999.0,1999.0,1999.0,0,15.0,0.6444,0.000112,-20.53,80.87
2026-08-26 14:55:00,77647.89,1999.0,1999.0,1999.0,1999.0,0,15.0,0.6421,0.000113,-20.58,81.04
2026-08-26 14:56:00,77655.79,1999.0,1999.0,1999.0,1999.0,0,15.0,0.643,0.000113,-20.56,80.97
2026-08-26 14:57:00,77682.92,1999.0,1999.0,1999.0,1999.0,0,15.0,0.646,0.000112,-20.5,80.75
2026-08-26 14:58:00,77666.38,1999.0,1999.0,1999.0,1999.0,0,15.0,0.6442,0.000112,-20.54,80.88
2026-08-26 14:59:00,77656.56,1999.0,1999.0,1999.0,1999.0,0,15.0,0.643,0.000113,-20.56,80.96
2026-08-26 15:00:00,77614.03,1999.0,1999.0,1999.0,1999.0,0,15.0,0.6382,0.000113,-20.66,81.31
2026-08-26 15:01:00,77638.76,1999.0,1999.0,1999.0,1999.0,0,15.0,0.641,0.000113,-20.6,81.11
2026-08-26 15:02:00,77637.49,1999.0,1999.0,1999.0,1999.0,0,15.0,0.6409,0.000113,-20.61,81.12
2026-08-26 15:03:00,77639.21,1999.0,1999.0,1999.0,1999.0,0,15.0,0.6411,0.000113,-20.6,81.1
2026-08-26 15:04:00,77652.77,1999.0,1999.0,1999.0,1999.0,0,15.0,0.6426,0.000113,-20.57,80.99
2026-08-26 15:05:00,77622.76,1999.0,1999.0,1999.0,1999.0,0,15.0,0.6392,0.000113,-20.64,81.23
2026-08-26 15:06:00,77590.53,1999.0,1999.0,1999.0,1999.0,0,15.0,0.6356,0.000114,-20.71,81.48
2026-08-26 15:07:00,77604.92,1999.0,1999.0,1999.0,1999.0,0,15.0,0.6372,0.000113,-20.68,81.37
2026-08-26 15:08:00,77607.03,1999.0,1999.0,1999.0,1999.0,0,15.0,0.6375,0.000113,-20.67,81.35
2026-08-26 15:09:00,77611.36,1999.0,1999.0,1999.0,1999.0,0,15.0,0.638,0.000113,-20.66,81.32
2026-08-26 15:10:00,77620.74,1999.0,1999.0,1999.0,1999.0,0,15.0,0.639,0.000113,-20.64,81.24
2026-08-26 15:11:00,77617.06,1999.0,1999.0,1999.0,1999.0,0,15.0,0.6386,0.000113,-20.65,81.27
2026-08-26 15:12:00,77614.11,1999.0,1999.0,1999.0,1999.0,0,15.0,0.6383,0.000113,-20.66,81.29
2026-08-26 15:13:00,77641.94,1999.0,1999.0,1999.0,1999.0,0,15.0,0.6414,0.000113,-20.6,81.07
2026-08-26 15:14:00,77604.38,1999.0,1999.0,1999.0,1999.0,0,15.0,0.6372,0.000113,-20.68,81.37
2026-08-26 15:15:00,77614.31,1999.0,1999.0,1999.0,1999.0,0,15.0,0.6383,0.000113,-20.66,81.29
2026-08-26 15:16:00,77614.31,1999.0,1999.0,1999.0,1999.0,0,15.0,0.6383,0.000113,-20.66,81.29
2026-08-26 15:17:00,77614.31,1999.0,1999.0,1999.0,1999.0,0,15.0,0.6383,0.000113,-20.66,81.29
2026-08-26 15:18:00,77614.31,1999.0,1999.0,1999.0,1999.0,0,15.0,0.6383,0.000113,-20.66,81.28
2026-08-26 15:19:00,77614.31,1999.0,1999.0,1999.0,1999.0,0,15.0,0.6383,0.000113,-20.66,81.28
2026-08-26 15:20:00,77614.31,1999.0,1999.0,1999.0,1999.0,0,15.0,0.6383,0.000113,-20.66,81.28
2026-08-26 15:21:00,77614.31,1999.0,1999.0,1999.0,1999.0,0,15.0,0.6383,0.000113,-20.66,81.28
2026-08-26 15:22:00,77614.31,1999.0,1999.0,1999.0,1999.0,0,15.0,0.6383,0.000113,-20.66,81.28
2026-08-26 15:23:00,77614.31,1999.0,1999.0,1999.0,1999.0,0,15.0,0.6383,0.000113,-20.66,81.28
2026-08-26 15:24:00,77614.31,1999.0,1999.0,1999.0,1999.0,0,15.0,0.6383,0.000113,-20.66,81.28
2026-08-26 15:25:00,77614.31,1999.0,1999.0,1999.0,1999.0,0,15.0,0.6383,0.000113,-20.66,81.28
2026-08-26 15:26:00,77614.31,1999.0,1999.0,1999.0,1999.0,0,15.0,0.6383,0.000113,-20.66,81.28
2026-08-26 15:27:00,77614.31,1999.0,1999.0,1999.0,1999.0,0,15.0,0.6383,0.000113,-20.66,81.27
2026-08-26 15:28:00,77472.94,1999.0,1999.0,1999.0,1999.0,0,15.0,0.6222,0.000115,-20.95,82.33
2026-08-26 15:29:00,77472.94,1999.0,1999.0,1999.0,1999.0,0,15.0,0.6222,0.000115,-20.95,82.33
2026-08-27 09:37:00,77401.14,1850.0,1850.0,1850.0,1850.0,20,15.95,0.6094,0.000111,-22.82,82.02
2026-08-27 09:38:00,77391.6,1850.0,1850.0,1850.0,1850.0,0,15.0,0.6141,0.000118,-21.37,81.71
2026-08-27 09:39:00,77389.84,1850.0,1850.0,1850.0,1850.0,0,15.0,0.6139,0.000118,-21.38,81.72
2026-08-27 09:40:00,77409.94,1850.0,1850.0,1850.0,1850.0,0,15.0,0.6163,0.000117,-21.34,81.59
2026-08-27 09:41:00,77395.73,1850.0,1850.0,1850.0,1850.0,0,15.0,0.6146,0.000117,-21.36,81.68
2026-08-27 09:42:00,77416.23,1850.0,1850.0,1850.0,1850.0,0,15.0,0.617,0.000117,-21.33,81.55
2026-08-27 09:43:00,77427.64,1850.0,1850.0,1850.0,1850.0,0,15.0,0.6184,0.000117,-21.31,81.47
2026-08-27 09:44:00,77446.09,1850.0,1850.0,1850.0,1850.0,0,15.0,0.6205,0.000117,-21.27,81.34
2026-08-27 09:45:00,77464.14,1850.0,1850.0,1850.0,1850.0,0,15.0,0.6227,0.000117,-21.23,81.22
2026-08-27 09:46:00,77466.59,1850.0,1850.0,1850.0,1850.0,0,15.0,0.6229,0.000117,-21.23,81.2
2026-08-27 09:47:00,77491.41,1850.0,1850.0,1850.0,1850.0,0,15.0,0.6258,0.000116,-21.18,81.02
2026-08-27 09:48:00,77498.8,1850.0,1850.0,1850.0,1850.0,0,15.0,0.6267,0.000116,-21.17,80.97
2026-08-27 09:49:00,77506.41,1850.0,1850.0,1850.0,1850.0,0,15.0,0.6276,0.000116,-21.15,80.91
2026-08-27 09:50:00,77462.63,1850.0,1850.0,1850.0,1850.0,0,15.0,0.6225,0.000117,-21.24,81.22
2026-08-27 09:51:00,77459.32,1850.0,1850.0,1850.0,1850.0,0,15.0,0.6221,0.000117,-21.25,81.24
2026-08-27 09:52:00,77454.66,1850.0,1850.0,1850.0,1850.0,0,15.0,0.6216,0.000117,-21.26,81.28
2026-08-27 09:53:00,77478.31,1850.0,1850.0,1850.0,1850.0,0,15.0,0.6243,0.000116,-21.21,81.11
2026-08-27 09:54:00,77459.35,1850.0,1850.0,1850.0,1850.0,0,15.0,0.6221,0.000117,-21.25,81.24
2026-08-27 09:55:00,77447.8,1850.0,1850.0,1850.0,1850.0,0,15.0,0.6208,0.000117,-21.27,81.32
2026-08-27 09:56:00,77421.07,1850.0,1850.0,1850.0,1850.0,0,15.0,0.6176,0.000117,-21.32,81.5
2026-08-27 09:57:00,77437.11,1850.0,1850.0,1850.0,1850.0,0,15.0,0.6195,0.000117,-21.29,81.39
2026-08-27 09:58:00,77376.97,1850.0,1850.0,1850.0,1850.0,0,15.0,0.6125,0.000118,-21.4,81.79
2026-08-27 09:59:00,77411.45,1850.0,1850.0,1850.0,1850.0,0,15.0,0.6165,0.000117,-21.34,81.56
2026-08-27 10:00:00,77384.88,1850.0,1850.0,1850.0,1850.0,0,15.0,0.6134,0.000118,-21.39,81.73
2026-08-27 10:01:00,77342.16,1850.0,1850.0,1850.0,1850.0,0,15.0,0.6083,0.000118,-21.47,82.0
2026-08-27 10:02:00,77394.63,1850.0,1850.0,1850.0,1850.0,0,15.0,0.6145,0.000118,-21.37,81.67
2026-08-27 10:03:00,77358.56,1850.0,1850.0,1850.0,1850.0,0,15.0,0.6103,0.000118,-21.44,81.9
2026-08-27 10:04:00,77389.69,1850.0,1850.0,1850.0,1850.0,0,15.0,0.614,0.000118,-21.38,81.7
2026-08-27 10:05:00,77369.38,1850.0,1850.0,1850.0,1850.0,0,15.0,0.6116,0.000118,-21.42,81.83
2026-08-27 10:06:00,77370.12,1850.0,1850.0,1850.0,1850.0,0,15.0,0.6117,0.000118,-21.42,81.82
2026-08-27 10:07:00,77383.06,1850.0,1850.0,1850.0,1850.0,0,15.0,0.6132,0.000118,-21.39,81.74
2026-08-27 10:08:00,77380.19,1850.0,1850.0,1850.0,1850.0,0,15.0,0.6128,0.000118,-21.4,81.76
2026-08-27 10:09:00,77395.9,1850.0,1850.0,1850.0,1850.0,0,15.0,0.6147,0.000118,-21.37,81.65
2026-08-27 10:10:00,77394.18,1850.0,1850.0,1850.0,1850.0,0,15.0,0.6145,0.000118,-21.38,81.66
2026-08-27 10:11:00,77377.4,1850.0,1850.0,1850.0,1850.0,0,15.0,0.6125,0.000118,-21.41,81.77
2026-08-27 10:12:00,77378.82,1850.0,1850.0,1850.0,1850.0,0,15.0,0.6127,0.000118,-21.4,81.76
2026-08-27 10:13:00,77368.48,1850.0,1850.0,1850.0,1850.0,0,15.0,0.6115,0.000118,-21.42,81.83
2026-08-27 10:14:00,77360.58,1850.0,1850.0,1850.0,1850.0,0,15.0,0.6105,0.000118,-21.44,81.87
2026-08-27 10:15:00,77381.22,1850.0,1850.0,1850.0,1850.0,0,15.0,0.613,0.000118,-21.4,81.74
2026-08-27 10:16:00,77361.61,1850.0,1850.0,1850.0,1850.0,0,15.0,0.6107,0.000118,-21.44,81.87
2026-08-27 10:17:00,77359.25,1850.0,1850.0,1850.0,1850.0,0,15.0,0.6104,0.000118,-21.44,81.88
2026-08-27 10:18:00,77364.55,1850.0,1850.0,1850.0,1850.0,0,15.0,0.611,0.000118,-21.43,81.84
2026-08-27 10:19:00,77366.94,1850.0,1850.0,1850.0,1850.0,0,15.0,0.6113,0.000118,-21.43,81.83
2026-08-27 10:20:00,77358.09,1850.0,1850.0,1850.0,1850.0,0,15.0,0.6103,0.000118,-21.44,81.88
2026-08-27 10:21:00,77352.03,1850.0,1850.0,1850.0,1850.0,0,15.0,0.6095,0.000118,-21.45,81.92
2026-08-27 10:22:00,77355.23,1850.0,1850.0,1850.0,1850.0,0,15.0,0.6099,0.000118,-21.45,81.9
2026-08-27 10:23:00,77357.51,1850.0,1850.0,1850.0,1850.0,0,15.0,0.6102,0.000118,-21.44,81.88
2026-08-27 10:24:00,77332.4,1850.0,1850.0,1850.0,1850.0,0,15.0,0.6072,0.000118,-21.49,82.04
2026-08-27 10:25:00,77336.18,1850.0,1850.0,1850.0,1850.0,0,15.0,0.6077,0.000118,-21.48,82.01
2026-08-27 10:26:00,77348.25,1850.0,1850.0,1850.0,1850.0,0,15.0,0.6091,0.000118,-21.46,81.94
2026-08-27 10:27:00,77340.65,1850.0,1850.0,1850.0,1850.0,0,15.0,0.6082,0.000118,-21.48,81.98
2026-08-27 10:28:00,77355.24,1850.0,1850.0,1850.0,1850.0,0,15.0,0.6099,0.000118,-21.45,81.89
2026-08-27 10:29:00,77335.89,1850.0,1850.0,1850.0,1850.0,0,15.0,0.6076,0.000118,-21.48,82.01
2026-08-27 10:30:00,77318.47,1850.0,1850.0,1850.0,1850.0,0,15.0,0.6056,0.000118,-21.51,82.11
2026-08-27 10:31:00,77358.75,1850.0,1850.0,1850.0,1850.0,0,15.0,0.6103,0.000118,-21.44,81.87
2026-08-27 10:32:00,77346.41,1850.0,1850.0,1850.0,1850.0,0,15.0,0.6089,0.000118,-21.47,81.94
2026-08-27 10:33:00,77350.48,1850.0,1850.0,1850.0,1850.0,0,15.0,0.6094,0.000118,-21.46,81.92
2026-08-27 10:34:00,77364.16,1850.0,1850.0,1850.0,1850.0,0,15.0,0.611,0.000118,-21.44,81.83
2026-08-27 10:35:00,77361.78,1850.0,1850.0,1850.0,1850.0,0,15.0,0.6107,0.000118,-21.44,81.84
2026-08-27 10:36:00,77365.43,1850.0,1850.0,1850.0,1850.0,0,15.0,0.6111,0.000118,-21.43,81.82
2026-08-27 10:37:00,77349.7,1850.0,1850.0,1850.0,1850.0,0,15.0,0.6093,0.000118,-21.46,81.92
2026-08-27 10:38:00,77350.45,1850.0,1850.0,1796.0,1796.0,20,15.68,0.6054,0.000113,-22.5,82.15
2026-08-27 10:39:00,77334.94,1796.0,1796.0,1796.0,1796.0,0,15.0,0.6075,0.000118,-21.49,82.01
2026-08-27 10:40:00,77338.49,1796.0,1796.0,1796.0,1796.0,0,15.0,0.608,0.000118,-21.48,81.98
2026-08-27 10:41:00,77338.79,1796.0,1796.0,1796.0,1796.0,0,15.0,0.608,0.000118,-21.48,81.98
2026-08-27 10:42:00,77350.16,1796.0,1796.0,1796.0,1796.0,0,15.0,0.6093,0.000118,-21.46,81.91
2026-08-27 10:43:00,77339.79,1796.0,1796.0,1796.0,1796.0,0,15.0,0.6081,0.000118,-21.48,81.97
2026-08-27 10:44:00,77304.67,1796.0,1796.0,1796.0,1796.0,0,15.0,0.604,0.000119,-21.54,82.18
2026-08-27 10:45:00,77294.74,1796.0,1796.0,1796.0,1796.0,0,15.0,0.6028,0.000119,-21.56,82.24
2026-08-27 10:46:00,77315.49,1796.0,1796.0,1796.0,1796.0,0,15.0,0.6052,0.000119,-21.52,82.12
2026-08-27 10:47:00,77329.96,1796.0,1796.0,1796.0,1796.0,0,15.0,0.607,0.000118,-21.5,82.03
2026-08-27 10:48:00,77318.47,1796.0,1796.0,1796.0,1796.0,0,15.0,0.6056,0.000119,-21.52,82.1
2026-08-27 10:49:00,77321.24,1796.0,1796.0,1796.0,1796.0,0,15.0,0.6059,0.000118,-21.51,82.08
2026-08-27 10:50:00,77301.69,1796.0,1796.0,1796.0,1796.0,0,15.0,0.6036,0.000119,-21.55,82.19
2026-08-27 10:51:00,77275.97,1796.0,1796.0,1721.55,1721.55,60,15.32,0.5988,0.000117,-22.08,82.44
2026-08-27 10:52:00,77283.32,1721.55,1721.55,1721.55,1721.55,0,15.0,0.6014,0.000119,-21.58,82.3
2026-08-27 10:53:00,77272.98,1721.55,1724.25,1721.55,1721.55,140,15.34,0.5983,0.000117,-22.12,82.46
2026-08-27 10:54:00,77285.89,1730.0,1730.0,1730.0,1730.0,200,15.35,0.5998,0.000116,-22.11,82.39
2026-08-27 10:55:00,77275.91,1730.0,1730.0,1730.0,1730.0,0,15.0,0.6006,0.000119,-21.59,82.34
2026-08-27 10:56:00,77277.71,1730.0,1730.0,1725.85,1725.85,20,15.36,0.5988,0.000116,-22.14,82.44
2026-08-27 10:57:00,77278.69,1725.85,1725.85,1725.85,1725.85,0,15.0,0.6009,0.000119,-21.59,82.32
2026-08-27 10:58:00,77266.61,1725.85,1727.4,1721.2,1721.2,140,15.39,0.5973,0.000116,-22.2,82.5
2026-08-27 10:59:00,77272.87,1721.2,1721.2,1721.2,1721.2,0,15.0,0.6002,0.000119,-21.6,82.35
2026-08-27 11:00:00,77269.72,1721.2,1725.55,1721.2,1725.55,40,15.42,0.5975,0.000116,-22.24,82.49
2026-08-27 11:01:00,77246.57,1725.55,1725.55,1725.55,1725.55,0,15.0,0.5971,0.000119,-21.64,82.49
2026-08-27 11:02:00,77273.52,1725.55,1725.55,1725.55,1725.55,0,15.0,0.6003,0.000119,-21.6,82.34
2026-08-27 11:03:00,77279.23,1725.55,1744.0,1725.55,1744.0,80,15.57,0.5978,0.000115,-22.46,82.48
2026-08-27 11:04:00,77287.52,1744.0,1744.0,1744.0,1744.0,0,15.0,0.6019,0.000119,-21.57,82.26
2026-08-27 11:05:00,77285.7,1744.0,1749.9,1744.0,1749.9,60,15.6,0.5984,0.000115,-22.49,82.45
2026-08-27 11:06:00,77279.35,1749.9,1749.9,1745.55,1745.55,80,15.59,0.5978,0.000115,-22.49,82.48
2026-08-27 11:07:00,77284.02,1745.55,1745.55,1745.55,1745.55,0,15.0,0.6015,0.000119,-21.58,82.28
2026-08-27 11:08:00,77277.79,1745.55,1745.55,1745.55,1745.55,0,15.0,0.6008,0.000119,-21.59,82.31
2026-08-27 11:09:00,77277.96,1745.55,1745.55,1745.55,1745.55,0,15.0,0.6008,0.000119,-21.59,82.31
2026-08-27 11:10:00,77269.95,1745.55,1745.55,1745.55,1745.55,0,15.0,0.5999,0.000119,-21.6,82.35
2026-08-27 11:11:00,77267.19,1745.55,1745.55,1745.55,1745.55,0,15.0,0.5995,0.000119,-21.61,82.37
2026-08-27 11:12:00,77259.24,1745.55,1745.55,1745.55,1745.55,0,15.0,0.5986,0.000119,-21.62,82.41
2026-08-27 11:13:00,77257.19,1745.55,1745.55,1745.55,1745.55,0,15.0,0.5983,0.000119,-21.63,82.42
2026-08-27 11:14:00,77257.72,1745.55,1745.55,1745.55,1745.55,0,15.0,0.5984,0.000119,-21.63,82.42
2026-08-27 11:15:00,77247.63,1745.55,1745.55,1745.55,1745.55,0,15.0,0.5972,0.000119,-21.64,82.47
2026-08-27 11:16:00,77242.27,1745.55,1745.55,1745.55,1745.55,0,15.0,0.5966,0.000119,-21.65,82.5
2026-08-27 11:17:00,77242.14,1745.55,1745.55,1745.55,1745.55,0,15.0,0.5966,0.000119,-21.65,82.5
2026-08-27 11:18:00,77223.84,1745.55,1745.55,1701.0,1701.0,20,15.46,0.592,0.000116,-22.37,82.72
2026-08-27 11:19:00,77215.42,1701.0,1701.0,1701.0,1701.0,0,15.0,0.5934,0.00012,-21.69,82.64
2026-08-27 11:20:00,77206.94,1701.0,1701.0,1701.0,1701.0,0,15.0,0.5923,0.00012,-21.7,82.68
2026-08-27 11:21:00,77213.75,1701.0,1701.0,1701.0,1701.0,0,15.0,0.5932,0.00012,-21.69,82.65
2026-08-27 11:22:00,77213.91,1701.0,1701.0,1701.0,1701.0,0,15.0,0.5932,0.00012,-21.69,82.64
2026-08-27 11:23:00,77199.87,1701.0,1701.0,1701.0,1701.0,0,15.0,0.5915,0.00012,-21.72,82.71
2026-08-27 11:24:00,77193.58,1701.0,1701.0,1701.0,1701.0,0,15.0,0.5907,0.00012,-21.73,82.75
2026-08-27 11:25:00,77194.2,1701.0,1701.0,1701.0,1701.0,0,15.0,0.5908,0.00012,-21.72,82.74
2026-08-27 11:26:00,77213.91,1701.0,1701.0,1701.0,1701.0,0,15.0,0.5932,0.00012,-21.7,82.64
2026-08-27 11:27:00,77199.3,1701.0,1701.0,1701.0,1701.0,0,15.0,0.5914,0.00012,-21.72,82.71
2026-08-27 11:28:00,77203.8,1701.0,1701.0,1701.0,1701.0,0,15.0,0.592,0.00012,-21.71,82.69
2026-08-27 11:29:00,77204.99,1701.0,1701.0,1701.0,1701.0,0,15.0,0.5921,0.00012,-21.71,82.68
2026-08-27 11:30:00,77189.97,1701.0,1701.0,1701.0,1701.0,0,15.0,0.5903,0.00012,-21.73,82.76
2026-08-27 11:31:00,77218.85,1701.0,1701.0,1701.0,1701.0,0,15.0,0.5938,0.00012,-21.69,82.61
2026-08-27 11:32:00,77217.95,1701.0,1704.2,1701.0,1704.2,80,15.53,0.591,0.000116,-22.51,82.75
2026-08-27 11:33:00,77231.31,1704.2,1704.2,1704.2,1704.2,0,15.0,0.5953,0.00012,-21.67,82.54
2026-08-27 11:34:00,77257.53,1704.2,1728.75,1704.2,1728.75,20,15.55,0.5955,0.000115,-22.47,82.56
2026-08-27 11:35:00,77266.58,1728.75,1728.75,1728.75,1728.75,0,15.0,0.5995,0.000119,-21.62,82.35
2026-08-27 11:36:00,77254.91,1728.75,1729.65,1728.15,1728.15,60,15.56,0.5951,0.000115,-22.5,82.57
2026-08-27 11:37:00,77237.53,1728.15,1728.15,1725.7,1725.7,20,15.66,0.5926,0.000115,-22.67,82.68
2026-08-27 11:38:00,77239.42,1725.7,1734.95,1725.7,1730.3,100,15.7,0.5927,0.000114,-22.73,82.68
2026-08-27 11:39:00,77251.57,1730.3,1730.3,1726.5,1726.7,40,15.57,0.5947,0.000115,-22.51,82.59
2026-08-27 11:40:00,77270.8,1726.7,1726.7,1726.7,1726.7,0,15.0,0.6,0.000119,-21.61,82.32
2026-08-27 11:41:00,77251.71,1726.7,1726.7,1726.7,1726.7,0,15.0,0.5977,0.000119,-21.64,82.42
2026-08-27 11:42:00,77233.29,1726.7,1726.7,1726.7,1726.7,0,15.0,0.5955,0.00012,-21.67,82.52
2026-08-27 11:43:00,77230.19,1726.7,1726.7,1726.7,1726.7,0,15.0,0.5952,0.00012,-21.68,82.54
2026-08-27 11:44:00,77231.85,1726.7,1726.7,1726.7,1726.7,0,15.0,0.5954,0.00012,-21.67,82.53
2026-08-27 11:45:00,77239.62,1726.7,1726.7,1726.7,1726.7,0,15.0,0.5963,0.000119,-21.66,82.48
2026-08-27 11:46:00,77212.06,1726.7,1726.7,1726.7,1726.7,0,15.0,0.593,0.00012,-21.7,82.63
2026-08-27 11:47:00,77235.82,1726.7,1726.7,1726.7,1726.7,0,15.0,0.5958,0.00012,-21.67,82.5
2026-08-27 11:48:00,77234.66,1726.7,1726.7,1726.7,1726.7,0,15.0,0.5957,0.00012,-21.67,82.51
2026-08-27 11:49:00,77218.96,1726.7,1726.7,1726.7,1726.7,0,15.0,0.5938,0.00012,-21.69,82.59
2026-08-27 11:50:00,77210.77,1726.7,1726.7,1726.7,1726.7,0,15.0,0.5928,0.00012,-21.71,82.63
2026-08-27 11:51:00,77221.84,1726.7,1726.7,1726.7,1726.7,0,15.0,0.5942,0.00012,-21.69,82.57
2026-08-27 11:52:00,77235.61,1726.7,1726.7,1726.7,1726.7,0,15.0,0.5958,0.00012,-21.67,82.5
2026-08-27 11:53:00,77245.9,1726.7,1726.7,1726.7,1726.7,0,15.0,0.597,0.000119,-21.65,82.44
2026-08-27 11:54:00,77240.23,1726.7,1726.7,1726.7,1726.7,0,15.0,0.5964,0.000119,-21.66,82.47
2026-08-27 11:55:00,77260.69,1726.7,1726.7,1726.7,1726.7,0,15.0,0.5988,0.000119,-21.63,82.36
2026-08-27 11:56:00,77250.06,1726.7,1726.7,1726.7,1726.7,0,15.0,0.5975,0.000119,-21.65,82.41
2026-08-27 11:57:00,77250.82,1726.7,1726.7,1726.7,1726.7,0,15.0,0.5976,0.000119,-21.65,82.41
2026-08-27 11:58:00,77262.18,1726.7,1726.7,1726.7,1726.7,0,15.0,0.599,0.000119,-21.63,82.35
2026-08-27 11:59:00,77258.84,1726.7,1726.7,1726.7,1726.7,0,15.0,0.5986,0.000119,-21.64,82.36
2026-08-27 12:00:00,77233.01,1726.7,1726.7,1726.7,1726.7,0,15.0,0.5955,0.00012,-21.68,82.5
2026-08-27 12:01:00,77231.47,1726.7,1726.7,1726.7,1726.7,20,15.72,0.5917,0.000114,-22.78,82.7
2026-08-27 12:02:00,77216.97,1726.7,1726.7,1726.7,1726.7,0,15.0,0.5936,0.00012,-21.7,82.58
2026-08-27 12:03:00,77223.67,1726.7,1726.7,1726.7,1726.7,0,15.0,0.5944,0.00012,-21.69,82.55
2026-08-27 12:04:00,77229.67,1726.7,1726.7,1726.7,1726.7,0,15.0,0.5951,0.00012,-21.68,82.52
2026-08-27 12:05:00,77217.47,1726.7,1726.7,1726.7,1726.7,0,15.0,0.5937,0.00012,-21.7,82.58
2026-08-27 12:06:00,77217.45,1726.7,1726.7,1726.7,1726.7,0,15.0,0.5937,0.00012,-21.7,82.58
2026-08-27 12:07:00,77192.2,1726.7,1726.7,1726.7,1726.7,0,15.0,0.5906,0.00012,-21.74,82.71
2026-08-27 12:08:00,77192.36,1700.0,1700.0,1700.0,1700.0,20,15.67,0.5874,0.000115,-22.76,82.87
2026-08-27 12:09:00,77208.58,1700.0,1700.0,1700.0,1700.0,0,15.0,0.5926,0.00012,-21.72,82.62
2026-08-27 12:10:00,77222.63,1700.0,1700.0,1700.0,1700.0,0,15.0,0.5943,0.00012,-21.69,82.55
2026-08-27 12:11:00,77208.38,1700.0,1700.0,1700.0,1700.0,0,15.0,0.5926,0.00012,-21.72,82.62
2026-08-27 12:12:00,77207.59,1700.0,1700.0,1700.0,1700.0,0,15.0,0.5925,0.00012,-21.72,82.62
2026-08-27 12:13:00,77225.41,1700.0,1700.0,1700.0,1700.0,0,15.0,0.5946,0.00012,-21.69,82.53
2026-08-27 12:14:00,77256.52,1700.0,1700.0,1700.0,1700.0,0,15.0,0.5983,0.000119,-21.64,82.36
2026-08-27 12:15:00,77235.6,1700.0,1700.0,1700.0,1700.0,0,15.0,0.5958,0.00012,-21.68,82.47
2026-08-27 12:16:00,77242.07,1700.0,1730.0,1700.0,1730.0,20,15.69,0.5931,0.000115,-22.71,82.62
2026-08-27 12:17:00,77266.63,1730.0,1730.0,1730.0,1730.0,0,15.0,0.5995,0.000119,-21.63,82.3
2026-08-27 12:18:00,77240.57,1730.0,1730.0,1730.0,1730.0,0,15.0,0.5964,0.00012,-21.67,82.44
2026-08-27 12:19:00,77222.69,1730.0,1730.0,1730.0,1730.0,0,15.0,0.5943,0.00012,-21.7,82.54
2026-08-27 12:20:00,77203.39,1730.0,1730.0,1730.0,1730.0,0,15.0,0.592,0.00012,-21.73,82.64
2026-08-27 12:21:00,77219.42,1730.0,1730.0,1730.0,1730.0,0,15.0,0.5939,0.00012,-21.7,82.55
2026-08-27 12:22:00,77211.65,1730.0,1730.0,1730.0,1730.0,0,15.0,0.593,0.00012,-21.71,82.59
2026-08-27 12:23:00,77206.73,1730.0,1730.0,1730.0,1730.0,0,15.0,0.5924,0.00012,-21.72,82.62
2026-08-27 12:24:00,77203.98,1730.0,1730.0,1730.0,1730.0,0,15.0,0.5921,0.00012,-21.73,82.63
2026-08-27 12:25:00,77228.69,1730.0,1730.0,1730.0,1730.0,0,15.0,0.595,0.00012,-21.69,82.5
2026-08-27 12:26:00,77241.75,1730.0,1730.0,1730.0,1730.0,0,15.0,0.5966,0.00012,-21.67,82.43
2026-08-27 12:27:00,77270.66,1730.0,1730.0,1730.0,1730.0,0,15.0,0.6,0.000119,-21.62,82.27
2026-08-27 12:28:00,77254.83,1730.0,1730.0,1730.0,1730.0,0,15.0,0.5981,0.000119,-21.65,82.35
2026-08-27 12:29:00,77252.95,1730.0,1730.0,1730.0,1730.0,0,15.0,0.5979,0.000119,-21.65,82.36
2026-08-27 12:30:00,77242.77,1730.0,1730.0,1730.0,1730.0,0,15.0,0.5967,0.00012,-21.67,82.42
2026-08-27 12:31:00,77244.83,1730.0,1730.0,1730.0,1730.0,0,15.0,0.597,0.000119,-21.67,82.41
2026-08-27 12:32:00,77235.61,1730.0,1730.0,1730.0,1730.0,0,15.0,0.5959,0.00012,-21.68,82.45
2026-08-27 12:33:00,77228.17,1730.0,1730.0,1730.0,1730.0,0,15.0,0.595,0.00012,-21.69,82.49
2026-08-27 12:34:00,77250.8,1730.0,1730.0,1730.0,1730.0,0,15.0,0.5977,0.000119,-21.66,82.37
2026-08-27 12:35:00,77247.45,1730.0,1730.0,1730.0,1730.0,0,15.0,0.5973,0.000119,-21.66,82.39
2026-08-27 12:36:00,77255.43,1730.0,1730.0,1730.0,1730.0,0,15.0,0.5982,0.000119,-21.65,82.34
2026-08-27 12:37:00,77283.63,1730.0,1730.0,1730.0,1730.0,0,15.0,0.6016,0.000119,-21.61,82.18
2026-08-27 12:38:00,77304.9,1730.0,1730.0,1730.0,1730.0,0,15.0,0.6041,0.000119,-21.57,82.06
2026-08-27 12:39:00,77310.62,1730.0,1730.0,1730.0,1730.0,0,15.0,0.6048,0.000119,-21.56,82.02
2026-08-27 12:40:00,77309.19,1730.0,1730.0,1730.0,1730.0,0,15.0,0.6046,0.000119,-21.56,82.03
2026-08-27 12:41:00,77315.23,1730.0,1730.0,1730.0,1730.0,0,15.0,0.6054,0.000119,-21.55,81.99
2026-08-27 12:42:00,77306.55,1730.0,1730.0,1730.0,1730.0,0,15.0,0.6043,0.000119,-21.57,82.04
2026-08-27 12:43:00,77288.55,1730.0,1730.0,1730.0,1730.0,0,15.0,0.6022,0.000119,-21.6,82.15
2026-08-27 12:44:00,77304.22,1730.0,1730.0,1730.0,1730.0,0,15.0,0.604,0.000119,-21.57,82.06
2026-08-27 12:45:00,77310.12,1730.0,1730.0,1730.0,1730.0,0,15.0,0.6047,0.000119,-21.56,82.02
2026-08-27 12:46:00,77304.27,1730.0,1730.0,1730.0,1730.0,0,15.0,0.6041,0.000119,-21.57,82.05
2026-08-27 12:47:00,77293.26,1730.0,1730.0,1730.0,1730.0,0,15.0,0.6027,0.000119,-21.59,82.12
2026-08-27 12:48:00,77287.66,1730.0,1730.0,1730.0,1730.0,0,15.0,0.6021,0.000119,-21.6,82.15
2026-08-27 12:49:00,77316.99,1730.0,1730.0,1730.0,1730.0,0,15.0,0.6056,0.000119,-21.55,81.98
2026-08-27 12:50:00,77308.83,1730.0,1730.0,1730.0,1730.0,0,15.0,0.6046,0.000119,-21.57,82.02
2026-08-27 12:51:00,77326.69,1730.0,1730.0,1730.0,1730.0,0,15.0,0.6067,0.000119,-21.54,81.92
2026-08-27 12:52:00,77331.69,1730.0,1800.0,1730.0,1800.0,100,15.89,0.6022,0.000112,-22.9,82.18
2026-08-27 12:53:00,77361.12,1800.0,1810.0,1800.0,1810.0,100,15.8,0.6061,0.000113,-22.7,81.99
2026-08-27 12:54:00,77361.65,1810.0,1810.0,1810.0,1810.0,0,15.0,0.6109,0.000118,-21.48,81.7
2026-08-27 12:55:00,77353.56,1810.0,1810.0,1810.0,1810.0,0,15.0,0.6099,0.000118,-21.49,81.75
2026-08-27 12:56:00,77354.99,1810.0,1810.0,1810.0,1810.0,0,15.0,0.6101,0.000118,-21.49,81.74
2026-08-27 12:57:00,77359.19,1810.0,1810.0,1810.0,1810.0,0,15.0,0.6106,0.000118,-21.48,81.71
2026-08-27 12:58:00,77360.06,1810.0,1810.0,1810.0,1810.0,0,15.0,0.6107,0.000118,-21.48,81.7
2026-08-27 12:59:00,77348.2,1810.0,1810.0,1810.0,1810.0,0,15.0,0.6093,0.000118,-21.5,81.77
2026-08-27 13:00:00,77346.79,1810.0,1810.0,1810.0,1810.0,0,15.0,0.6091,0.000118,-21.5,81.78
2026-08-27 13:01:00,77346.38,1810.0,1810.0,1810.0,1810.0,0,15.0,0.6091,0.000118,-21.5,81.78
2026-08-27 13:02:00,77355.72,1810.0,1810.0,1810.0,1810.0,0,15.0,0.6102,0.000118,-21.49,81.72
2026-08-27 13:03:00,77354.57,1810.0,1810.0,1810.0,1810.0,0,15.0,0.61,0.000118,-21.49,81.73
2026-08-27 13:04:00,77350.44,1810.0,1810.0,1810.0,1810.0,0,15.0,0.6096,0.000118,-21.5,81.76
2026-08-27 13:05:00,77333.89,1810.0,1810.0,1810.0,1810.0,0,15.0,0.6076,0.000119,-21.53,81.86
2026-08-27 13:06:00,77331.99,1810.0,1810.0,1810.0,1810.0,0,15.0,0.6074,0.000119,-21.53,81.87
2026-08-27 13:07:00,77329.43,1810.0,1810.0,1810.0,1810.0,0,15.0,0.6071,0.000119,-21.54,81.88
2026-08-27 13:08:00,77337.96,1810.0,1810.0,1810.0,1810.0,0,15.0,0.6081,0.000118,-21.52,81.83
2026-08-27 13:09:00,77347.9,1810.0,1810.0,1810.0,1810.0,0,15.0,0.6093,0.000118,-21.5,81.77
2026-08-27 13:10:00,77345.53,1810.0,1810.0,1810.0,1810.0,0,15.0,0.609,0.000118,-21.51,81.78
2026-08-27 13:11:00,77354.96,1810.0,1810.0,1810.0,1810.0,0,15.0,0.6101,0.000118,-21.49,81.72
2026-08-27 13:12:00,77384.52,1810.0,1810.0,1810.0,1810.0,0,15.0,0.6136,0.000118,-21.44,81.53
2026-08-27 13:13:00,77378.09,1810.0,1810.0,1810.0,1810.0,0,15.0,0.6128,0.000118,-21.45,81.57
2026-08-27 13:14:00,77380.11,1810.0,1810.0,1810.0,1810.0,0,15.0,0.6131,0.000118,-21.45,81.56
2026-08-27 13:15:00,77382.68,1810.0,1810.0,1810.0,1810.0,0,15.0,0.6134,0.000118,-21.44,81.54
2026-08-27 13:16:00,77383.95,1810.0,1810.0,1810.0,1810.0,0,15.0,0.6135,0.000118,-21.44,81.53
2026-08-27 13:17:00,77345.37,1810.0,1810.0,1810.0,1810.0,0,15.0,0.609,0.000118,-21.51,81.77
2026-08-27 13:18:00,77360.0,1810.0,1810.0,1810.0,1810.0,0,15.0,0.6107,0.000118,-21.48,81.68
2026-08-27 13:19:00,77360.65,1810.0,1810.0,1810.0,1810.0,0,15.0,0.6108,0.000118,-21.48,81.68
2026-08-27 13:20:00,77362.13,1810.0,1810.0,1810.0,1810.0,0,15.0,0.611,0.000118,-21.48,81.67
2026-08-27 13:21:00,77364.2,1810.0,1810.0,1810.0,1810.0,0,15.0,0.6112,0.000118,-21.48,81.65
2026-08-27 13:22:00,77348.18,1810.0,1810.0,1810.0,1810.0,0,15.0,0.6093,0.000118,-21.51,81.75
2026-08-27 13:23:00,77377.08,1810.0,1810.0,1810.0,1810.0,0,15.0,0.6127,0.000118,-21.46,81.57
2026-08-27 13:24:00,77385.45,1810.0,1810.0,1810.0,1810.0,0,15.0,0.6137,0.000118,-21.44,81.51
2026-08-27 13:25:00,77357.0,1810.0,1810.0,1810.0,1810.0,0,15.0,0.6104,0.000118,-21.49,81.69
2026-08-27 13:26:00,77370.56,1810.0,1810.0,1810.0,1810.0,0,15.0,0.612,0.000118,-21.47,81.61
2026-08-27 13:27:00,77357.74,1810.0,1810.0,1810.0,1810.0,0,15.0,0.6104,0.000118,-21.49,81.69
2026-08-27 13:28:00,77362.68,1810.0,1810.0,1810.0,1810.0,0,15.0,0.611,0.000118,-21.48,81.65
2026-08-27 13:29:00,77353.81,1810.0,1810.0,1810.0,1810.0,0,15.0,0.61,0.000118,-21.5,81.71
2026-08-27 13:30:00,77331.12,1810.0,1810.0,1810.0,1810.0,0,15.0,0.6073,0.000119,-21.54,81.85
2026-08-27 13:31:00,77323.71,1810.0,1810.0,1810.0,1810.0,0,15.0,0.6064,0.000119,-21.55,81.89
2026-08-27 13:32:00,77299.42,1810.0,1810.0,1810.0,1810.0,0,15.0,0.6035,0.000119,-21.59,82.03
2026-08-27 13:33:00,77340.0,1810.0,1810.0,1810.0,1810.0,0,15.0,0.6084,0.000118,-21.52,81.79
2026-08-27 13:34:00,77334.86,1810.0,1810.0,1810.0,1810.0,0,15.0,0.6077,0.000119,-21.53,81.82
2026-08-27 13:35:00,77340.64,1810.0,1810.0,1810.0,1810.0,0,15.0,0.6084,0.000118,-21.52,81.78
2026-08-27 13:36:00,77321.96,1810.0,1810.0,1810.0,1810.0,0,15.0,0.6062,0.000119,-21.56,81.9
2026-08-27 13:37:00,77331.21,1810.0,1810.0,1810.0,1810.0,0,15.0,0.6073,0.000119,-21.54,81.84
2026-08-27 13:38:00,77342.36,1810.0,1810.0,1810.0,1810.0,0,15.0,0.6086,0.000118,-21.52,81.77
2026-08-27 13:39:00,77347.59,1810.0,1810.0,1810.0,1810.0,0,15.0,0.6093,0.000118,-21.51,81.74
2026-08-27 13:40:00,77341.18,1810.0,1810.0,1810.0,1810.0,0,15.0,0.6085,0.000118,-21.52,81.77
2026-08-27 13:41:00,77328.92,1810.0,1810.0,1810.0,1810.0,0,15.0,0.607,0.000119,-21.55,81.85
2026-08-27 13:42:00,77312.29,1810.0,1810.0,1810.0,1810.0,0,15.0,0.6051,0.000119,-21.57,81.95
2026-08-27 13:43:00,77296.59,1810.0,1810.0,1810.0,1810.0,0,15.0,0.6032,0.000119,-21.6,82.04
2026-08-27 13:44:00,77297.02,1810.0,1810.0,1810.0,1810.0,0,15.0,0.6033,0.000119,-21.6,82.03
2026-08-27 13:45:00,77268.26,1810.0,1810.0,1810.0,1810.0,0,15.0,0.5998,0.000119,-21.65,82.2
2026-08-27 13:46:00,77289.55,1810.0,1810.0,1810.0,1810.0,0,15.0,0.6024,0.000119,-21.61,82.08
2026-08-27 13:47:00,77274.81,1810.0,1810.0,1810.0,1810.0,0,15.0,0.6006,0.000119,-21.64,82.16
2026-08-27 13:48:00,77222.75,1810.0,1810.0,1723.55,1723.55,60,15.76,0.5906,0.000114,-22.88,82.64
2026-08-27 13:49:00,77233.26,1723.55,1723.55,1723.55,1723.55,0,15.0,0.5957,0.00012,-21.7,82.39
2026-08-27 13:50:00,77217.87,1723.55,1723.55,1723.55,1723.55,0,15.0,0.5938,0.00012,-21.73,82.47
2026-08-27 13:51:00,77201.12,1723.55,1723.55,1723.55,1723.55,0,15.0,0.5918,0.00012,-21.75,82.55
2026-08-27 13:52:00,77207.62,1723.55,1723.55,1723.55,1723.55,0,15.0,0.5926,0.00012,-21.74,82.52
2026-08-27 13:53:00,77218.06,1723.55,1723.55,1723.55,1723.55,0,15.0,0.5938,0.00012,-21.73,82.46
2026-08-27 13:54:00,77211.61,1723.55,1723.55,1723.55,1723.55,0,15.0,0.5931,0.00012,-21.74,82.49
2026-08-27 13:55:00,77186.75,1723.55,1723.55,1723.55,1723.55,0,15.0,0.5901,0.00012,-21.78,82.62
2026-08-27 13:56:00,77200.36,1723.55,1723.55,1712.05,1712.05,20,15.78,0.5879,0.000114,-22.95,82.74
2026-08-27 13:57:00,77181.43,1712.05,1712.05,1712.05,1712.05,0,15.0,0.5894,0.00012,-21.78,82.64
2026-08-27 13:58:00,77175.63,1712.05,1712.05,1712.05,1712.05,0,15.0,0.5887,0.00012,-21.79,82.67
2026-08-27 13:59:00,77185.93,1712.05,1712.05,1712.05,1712.05,0,15.0,0.59,0.00012,-21.78,82.62
2026-08-27 14:00:00,77177.71,1712.05,1712.05,1712.05,1712.05,0,15.0,0.589,0.00012,-21.79,82.66
2026-08-27 14:01:00,77170.48,1712.05,1712.05,1695.0,1695.0,20,15.79,0.5845,0.000115,-23.0,82.87
2026-08-27 14:02:00,77171.86,1695.0,1695.0,1695.0,1695.0,0,15.0,0.5883,0.00012,-21.8,82.69
2026-08-27 14:03:00,77163.96,1695.0,1703.0,1695.0,1703.0,20,15.93,0.5831,0.000114,-23.23,82.92
2026-08-27 14:04:00,77169.44,1703.0,1703.0,1703.0,1703.0,0,15.0,0.588,0.00012,-21.8,82.7
2026-08-27 14:05:00,77175.65,1703.0,1703.0,1696.0,1696.0,20,15.77,0.5852,0.000115,-22.96,82.84
2026-08-27 14:06:00,77171.18,1696.0,1696.0,1696.0,1696.0,0,15.0,0.5882,0.00012,-21.8,82.68
2026-08-27 14:07:00,77156.23,1696.0,1696.0,1696.0,1696.0,0,15.0,0.5864,0.000121,-21.82,82.76
2026-08-27 14:08:00,77142.37,1696.0,1696.0,1696.0,1696.0,120,16.0,0.5804,0.000113,-23.36,83.02
2026-08-27 14:09:00,77150.84,1696.0,1696.0,1696.0,1696.0,0,15.0,0.5858,0.000121,-21.83,82.78
2026-08-27 14:10:00,77161.65,1696.0,1696.0,1696.0,1696.0,0,15.0,0.5871,0.000121,-21.81,82.73
2026-08-27 14:11:00,77189.41,1696.0,1696.0,1696.0,1696.0,0,15.0,0.5904,0.00012,-21.78,82.59
2026-08-27 14:12:00,77192.66,1696.0,1696.0,1696.0,1696.0,0,15.0,0.5908,0.00012,-21.77,82.57
2026-08-27 14:13:00,77205.85,1696.0,1696.0,1696.0,1696.0,0,15.0,0.5924,0.00012,-21.75,82.5
2026-08-27 14:14:00,77179.93,1696.0,1696.0,1696.0,1696.0,0,15.0,0.5893,0.00012,-21.79,82.63
2026-08-27 14:15:00,77152.98,1696.0,1696.0,1696.0,1696.0,0,15.0,0.586,0.000121,-21.83,82.76
2026-08-27 14:16:00,77193.33,1696.0,1696.0,1696.0,1696.0,0,15.0,0.5909,0.00012,-21.77,82.56
2026-08-27 14:17:00,77187.17,1696.0,1696.0,1696.0,1696.0,0,15.0,0.5902,0.00012,-21.78,82.59
2026-08-27 14:18:00,77200.88,1696.0,1713.0,1696.0,1713.0,20,15.79,0.588,0.000114,-22.97,82.72
2026-08-27 14:19:00,77216.47,1713.0,1713.0,1713.0,1713.0,0,15.0,0.5937,0.00012,-21.74,82.44
2026-08-27 14:20:00,77205.47,1713.0,1713.0,1713.0,1713.0,0,15.0,0.5924,0.00012,-21.75,82.5
2026-08-27 14:21:00,77214.49,1713.0,1713.0,1713.0,1713.0,0,15.0,0.5934,0.00012,-21.74,82.45
2026-08-27 14:22:00,77223.73,1713.0,1713.0,1713.0,1713.0,0,15.0,0.5945,0.00012,-21.73,82.4
2026-08-27 14:23:00,77234.07,1713.0,1713.0,1713.0,1713.0,0,15.0,0.5958,0.00012,-21.71,82.34
2026-08-27 14:24:00,77241.44,1713.0,1713.0,1713.0,1713.0,0,15.0,0.5967,0.00012,-21.7,82.3
2026-08-27 14:25:00,77228.44,1713.0,1713.0,1713.0,1713.0,0,15.0,0.5951,0.00012,-21.72,82.37
2026-08-27 14:26:00,77230.84,1713.0,1744.45,1713.0,1744.45,100,15.96,0.5906,0.000113,-23.19,82.61
2026-08-27 14:27:00,77241.88,1744.45,1744.45,1744.45,1744.45,0,15.0,0.5967,0.00012,-21.7,82.3
2026-08-27 14:28:00,77261.84,1744.45,1744.45,1744.45,1744.45,0,15.0,0.5991,0.000119,-21.67,82.19
2026-08-27 14:29:00,77261.16,1744.45,1744.45,1744.45,1744.45,0,15.0,0.599,0.000119,-21.67,82.19
2026-08-27 14:30:00,77281.62,1744.45,1744.45,1744.45,1744.45,0,15.0,0.6015,0.000119,-21.64,82.07
2026-08-27 14:31:00,77255.23,1744.45,1744.45,1744.45,1744.45,0,15.0,0.5983,0.00012,-21.68,82.22
2026-08-27 14:32:00,77203.97,1744.45,1744.45,1744.45,1744.45,0,15.0,0.5922,0.00012,-21.76,82.49
2026-08-27 14:33:00,77230.9,1744.45,1744.45,1744.45,1744.45,0,15.0,0.5954,0.00012,-21.72,82.35
2026-08-27 14:34:00,77257.32,1744.45,1744.45,1744.45,1744.45,0,15.0,0.5986,0.00012,-21.68,82.21
2026-08-27 14:35:00,77207.25,1744.45,1744.45,1744.45,1744.45,0,15.0,0.5926,0.00012,-21.76,82.47
2026-08-27 14:36:00,77198.76,1744.45,1744.45,1744.45,1744.45,0,15.0,0.5916,0.00012,-21.77,82.52
2026-08-27 14:37:00,77237.85,1744.45,1744.45,1744.45,1744.45,0,15.0,0.5963,0.00012,-21.71,82.31
2026-08-27 14:38:00,77215.81,1744.45,1744.45,1744.45,1744.45,0,15.0,0.5936,0.00012,-21.74,82.43
2026-08-27 14:39:00,77254.82,1744.45,1744.45,1744.45,1744.45,0,15.0,0.5983,0.00012,-21.68,82.22
2026-08-27 14:40:00,77229.04,1744.45,1744.45,1744.45,1744.45,0,15.0,0.5952,0.00012,-21.72,82.35
2026-08-27 14:41:00,77208.66,1744.45,1744.45,1744.45,1744.45,0,15.0,0.5928,0.00012,-21.76,82.46
2026-08-27 14:42:00,77203.78,1744.45,1744.45,1744.45,1744.45,0,15.0,0.5922,0.00012,-21.76,82.48
2026-08-27 14:43:00,77201.54,1744.45,1744.45,1744.45,1744.45,0,15.0,0.5919,0.00012,-21.77,82.49
2026-08-27 14:44:00,77200.25,1744.45,1744.45,1744.45,1744.45,0,15.0,0.5918,0.00012,-21.77,82.5
2026-08-27 14:45:00,77208.41,1744.45,1744.45,1744.45,1744.45,0,15.0,0.5927,0.00012,-21.76,82.46
2026-08-27 14:46:00,77217.8,1744.45,1744.45,1744.45,1744.45,0,15.0,0.5939,0.00012,-21.74,82.41
2026-08-27 14:47:00,77239.67,1744.45,1744.45,1744.45,1744.45,0,15.0,0.5965,0.00012,-21.71,82.29
2026-08-27 14:48:00,77240.94,1744.45,1744.45,1744.45,1744.45,0,15.0,0.5966,0.00012,-21.71,82.28
2026-08-27 14:49:00,77235.67,1744.45,1744.45,1744.45,1744.45,0,15.0,0.596,0.00012,-21.72,82.31
2026-08-27 14:50:00,77254.38,1744.45,1744.45,1744.45,1744.45,0,15.0,0.5982,0.00012,-21.69,82.21
2026-08-27 14:51:00,77226.8,1744.45,1744.45,1744.45,1744.45,0,15.0,0.5949,0.00012,-21.73,82.35
2026-08-27 14:52:00,77260.97,1744.45,1744.45,1744.45,1744.45,0,15.0,0.599,0.00012,-21.68,82.17
2026-08-27 14:53:00,77242.19,1744.45,1744.45,1744.45,1744.45,0,15.0,0.5968,0.00012,-21.71,82.27
2026-08-27 14:54:00,77197.96,1744.45,1744.45,1744.45,1744.45,0,15.0,0.5915,0.00012,-21.77,82.5
2026-08-27 14:55:00,77229.69,1744.45,1744.45,1744.45,1744.45,0,15.0,0.5953,0.00012,-21.73,82.33
2026-08-27 14:56:00,77242.05,1744.45,1744.45,1744.45,1744.45,0,15.0,0.5968,0.00012,-21.71,82.27
2026-08-27 14:57:00,77220.54,1744.45,1744.45,1744.45,1744.45,0,15.0,0.5942,0.00012,-21.74,82.38
2026-08-27 14:58:00,77214.9,1744.45,1744.45,1744.45,1744.45,0,15.0,0.5935,0.00012,-21.75,82.41
2026-08-27 14:59:00,77245.54,1744.45,1744.45,1744.45,1744.45,0,15.0,0.5972,0.00012,-21.7,82.24
2026-08-27 15:00:00,77238.58,1744.45,1744.45,1744.45,1744.45,0,15.0,0.5964,0.00012,-21.71,82.28
2026-08-27 15:01:00,77265.68,1744.45,1744.45,1744.45,1744.45,0,15.0,0.5996,0.000119,-21.67,82.13
2026-08-27 15:02:00,77252.51,1744.45,1744.45,1744.45,1744.45,0,15.0,0.598,0.00012,-21.69,82.2
2026-08-27 15:03:00,77240.04,1744.45,1744.45,1744.45,1744.45,0,15.0,0.5965,0.00012,-21.71,82.27
2026-08-27 15:04:00,77213.18,1744.45,1749.5,1744.45,1749.5,20,16.16,0.5878,0.000112,-23.52,82.69
2026-08-27 15:05:00,77218.19,1749.5,1749.5,1749.5,1749.5,0,15.0,0.5939,0.00012,-21.75,82.38
2026-08-27 15:06:00,77182.57,1749.5,1749.5,1749.5,1749.5,0,15.0,0.5896,0.00012,-21.8,82.57
2026-08-27 15:07:00,77209.25,1749.5,1749.5,1749.5,1749.5,0,15.0,0.5929,0.00012,-21.76,82.43
2026-08-27 15:08:00,77205.26,1749.5,1749.5,1749.5,1749.5,0,15.0,0.5924,0.00012,-21.77,82.45
2026-08-27 15:09:00,77208.08,1749.5,1749.5,1749.5,1749.5,0,15.0,0.5927,0.00012,-21.76,82.43
2026-08-27 15:10:00,77210.5,1749.5,1749.5,1749.5,1749.5,0,15.0,0.593,0.00012,-21.76,82.42
2026-08-27 15:11:00,77211.58,1749.5,1749.5,1749.5,1749.5,0,15.0,0.5931,0.00012,-21.76,82.41
2026-08-27 15:12:00,77184.94,1749.5,1749.5,1749.5,1749.5,0,15.0,0.5899,0.00012,-21.8,82.55
2026-08-27 15:13:00,77203.44,1749.5,1749.5,1749.5,1749.5,0,15.0,0.5922,0.00012,-21.77,82.45
2026-08-27 15:14:00,77181.61,1749.5,1749.5,1749.5,1749.5,0,15.0,0.5895,0.00012,-21.8,82.56
2026-08-27 15:15:00,77182.91,1749.5,1749.5,1749.5,1749.5,0,15.0,0.5897,0.00012,-21.8,82.55
2026-08-27 15:16:00,77182.91,1749.5,1749.5,1749.5,1749.5,0,15.0,0.5897,0.00012,-21.8,82.55
2026-08-27 15:17:00,77182.91,1749.5,1749.5,1749.5,1749.5,0,15.0,0.5897,0.00012,-21.8,82.55
2026-08-27 15:18:00,77182.91,1749.5,1749.5,1749.5,1749.5,0,15.0,0.5897,0.00012,-21.8,82.55
2026-08-27 15:19:00,77182.91,1749.5,1749.5,1749.5,1749.5,0,15.0,0.5897,0.00012,-21.8,82.55
2026-08-27 15:20:00,77182.91,1749.5,1749.5,1749.5,1749.5,0,15.0,0.5897,0.00012,-21.8,82.55
2026-08-27 15:21:00,77182.91,1749.5,1749.5,1749.5,1749.5,0,15.0,0.5897,0.00012,-21.8,82.55
2026-08-27 15:22:00,77182.91,1749.5,1749.5,1749.5,1749.5,0,15.0,0.5897,0.00012,-21.8,82.55
2026-08-27 15:23:00,77182.91,1749.5,1749.5,1749.5,1749.5,0,15.0,0.5897,0.00012,-21.8,82.55
2026-08-27 15:24:00,77182.91,1749.5,1749.5,1749.5,1749.5,0,15.0,0.5897,0.00012,-21.8,82.54
2026-08-27 15:25:00,77182.91,1749.5,1749.5,1745.45,1745.45,20,16.33,0.5837,0.000111,-23.83,82.84
2026-08-27 15:26:00,77182.91,1745.45,1745.45,1745.45,1745.45,0,15.0,0.5897,0.00012,-21.8,82.54
2026-08-27 15:27:00,77182.91,1745.45,1745.45,1637.9,1637.9,20,15.03,0.5896,0.00012,-21.85,82.55
2026-08-27 15:28:00,77182.91,1637.9,1637.9,1637.9,1637.9,0,15.0,0.5897,0.00012,-21.81,82.54
2026-08-27 15:29:00,76933.59,1637.9,1637.9,1637.9,1637.9,0,15.0,0.5594,0.000123,-22.1,83.54
2026-08-28 09:15:00,77111.24,1545.7,1717.3,1492.1,1671.05,2440,16.15,0.5773,0.000114,-23.96,81.95
2026-08-28 09:16:00,77146.82,1671.05,1671.05,1632.5,1648.0,640,15.61,0.5836,0.000118,-23.09,81.71
2026-08-28 09:17:00,77143.19,1640.75,1667.2,1640.5,1649.6,660,15.66,0.583,0.000117,-23.17,81.73
2026-08-28 09:18:00,77109.52,1649.6,1649.6,1634.0,1640.2,80,15.78,0.5785,0.000117,-23.4,81.89
2026-08-28 09:19:00,77093.65,1640.2,1640.2,1640.2,1640.2,0,15.0,0.5799,0.000123,-22.22,81.82
2026-08-28 09:20:00,77077.65,1640.2,1640.2,1603.65,1603.65,40,15.56,0.5756,0.000119,-23.1,81.98
2026-08-28 09:21:00,77127.58,1603.65,1603.65,1603.65,1603.65,0,15.0,0.584,0.000123,-22.18,81.66
2026-08-28 09:22:00,77107.46,1657.1,1660.1,1657.1,1657.35,140,16.01,0.5774,0.000115,-23.75,81.94
2026-08-28 09:23:00,77119.13,1657.35,1657.35,1636.75,1649.7,120,15.83,0.5794,0.000116,-23.47,81.86
2026-08-28 09:24:00,77162.74,1649.7,1675.5,1649.7,1674.95,100,15.83,0.5845,0.000116,-23.41,81.67
2026-08-28 09:25:00,77209.73,1678.15,1703.3,1674.7,1703.3,100,15.84,0.5899,0.000116,-23.35,81.46
2026-08-28 09:26:00,77208.94,1720.3,1720.3,1720.3,1720.3,20,16.05,0.5888,0.000114,-23.69,81.51
2026-08-28 09:27:00,77242.93,1720.3,1750.15,1720.3,1750.15,60,16.18,0.5921,0.000113,-23.83,81.39
2026-08-28 09:28:00,77221.24,1750.15,1750.15,1750.15,1750.15,0,15.0,0.5955,0.000122,-22.04,81.19
2026-08-28 09:29:00,77232.15,1750.15,1750.15,1750.15,1750.15,0,15.0,0.5968,0.000121,-22.02,81.13
2026-08-28 09:30:00,77207.44,1750.15,1750.15,1750.15,1750.15,0,15.0,0.5938,0.000122,-22.06,81.26
2026-08-28 09:31:00,77206.63,1750.15,1750.15,1750.15,1750.15,0,15.0,0.5937,0.000122,-22.06,81.26
2026-08-28 09:32:00,77227.17,1750.15,1750.15,1721.1,1721.1,40,15.94,0.5915,0.000115,-23.48,81.4
2026-08-28 09:33:00,77220.3,1721.1,1726.1,1721.1,1722.8,40,16.0,0.5904,0.000114,-23.6,81.44
2026-08-28 09:34:00,77227.55,1722.8,1722.8,1722.8,1722.8,0,15.0,0.5963,0.000122,-22.03,81.15
2026-08-28 09:35:00,77215.24,1722.8,1722.8,1722.8,1722.8,0,15.0,0.5948,0.000122,-22.05,81.21
2026-08-28 09:36:00,77196.75,1722.8,1722.95,1722.8,1722.95,20,16.17,0.5869,0.000113,-23.9,81.58
2026-08-28 09:37:00,77198.73,1722.95,1722.95,1722.95,1722.95,0,15.0,0.5928,0.000122,-22.08,81.3
2026-08-28 09:38:00,77192.07,1722.95,1722.95,1722.95,1722.95,0,15.0,0.5919,0.000122,-22.09,81.33
2026-08-28 09:39:00,77211.13,1722.95,1722.95,1709.0,1710.95,80,15.92,0.5897,0.000115,-23.49,81.46
2026-08-28 09:40:00,77220.2,1708.55,1719.75,1708.55,1719.75,40,15.97,0.5905,0.000115,-23.54,81.43
2026-08-28 09:41:00,77228.24,1719.75,1719.75,1719.75,1719.75,0,15.0,0.5963,0.000122,-22.03,81.14
2026-08-28 09:42:00,77246.7,1719.75,1738.5,1719.75,1736.6,100,15.99,0.5935,0.000114,-23.53,81.3
2026-08-28 09:43:00,77283.23,1736.6,1736.6,1736.6,1736.6,0,15.0,0.603,0.000121,-21.94,80.83
2026-08-28 09:44:00,77267.64,1736.6,1736.6,1736.6,1736.6,0,15.0,0.6011,0.000121,-21.97,80.91
2026-08-28 09:45:00,77256.62,1736.6,1736.6,1736.6,1736.6,0,15.0,0.5998,0.000121,-21.99,80.98
2026-08-28 09:46:00,77246.8,1736.6,1736.6,1736.6,1736.6,0,15.0,0.5986,0.000121,-22.0,81.03
2026-08-28 09:47:00,77233.9,1736.6,1736.6,1736.6,1736.6,0,15.0,0.597,0.000121,-22.03,81.1
2026-08-28 09:48:00,77231.91,1736.6,1736.6,1736.6,1736.6,0,15.0,0.5968,0.000121,-22.03,81.11
2026-08-28 09:49:00,77215.73,1736.6,1736.6,1736.6,1736.6,0,15.0,0.5948,0.000122,-22.06,81.2
2026-08-28 09:50:00,77217.51,1736.6,1736.6,1736.6,1736.6,0,15.0,0.5951,0.000122,-22.05,81.18
2026-08-28 09:51:00,77209.86,1736.6,1736.6,1736.6,1736.6,0,15.0,0.5941,0.000122,-22.06,81.22
2026-08-28 09:52:00,77209.29,1736.6,1736.6,1736.6,1736.6,0,15.0,0.5941,0.000122,-22.07,81.23
2026-08-28 09:53:00,77224.08,1736.6,1736.6,1736.6,1736.6,0,15.0,0.5959,0.000122,-22.04,81.15
2026-08-28 09:54:00,77242.93,1736.6,1736.6,1736.6,1736.6,0,15.0,0.5981,0.000121,-22.01,81.04
2026-08-28 09:55:00,77257.96,1736.6,1736.6,1736.6,1736.6,0,15.0,0.6,0.000121,-21.99,80.96
2026-08-28 09:56:00,77255.15,1736.6,1736.6,1736.6,1736.6,0,15.0,0.5996,0.000121,-21.99,80.97
2026-08-28 09:57:00,77266.89,1736.6,1736.6,1736.6,1736.6,0,15.0,0.6011,0.000121,-21.97,80.91
2026-08-28 09:58:00,77271.17,1736.6,1736.6,1736.6,1736.6,0,15.0,0.6016,0.000121,-21.97,80.88
2026-08-28 09:59:00,77258.25,1736.6,1736.6,1736.6,1736.6,0,15.0,0.6,0.000121,-21.99,80.95
2026-08-28 10:00:00,77241.46,1736.6,1736.6,1736.6,1736.6,0,15.0,0.598,0.000121,-22.02,81.04
2026-08-28 10:01:00,77225.08,1736.6,1736.6,1736.6,1736.6,0,15.0,0.596,0.000122,-22.04,81.13
2026-08-28 10:02:00,77240.25,1736.6,1736.6,1736.6,1736.6,0,15.0,0.5978,0.000121,-22.02,81.05
2026-08-28 10:03:00,77240.08,1736.6,1736.6,1736.6,1736.6,0,15.0,0.5978,0.000121,-22.02,81.05
2026-08-28 10:04:00,77228.34,1736.6,1736.6,1736.6,1736.6,0,15.0,0.5964,0.000122,-22.04,81.11
2026-08-28 10:05:00,77226.55,1736.6,1736.6,1736.6,1736.6,0,15.0,0.5962,0.000122,-22.04,81.12
2026-08-28 10:06:00,77215.45,1736.6,1736.6,1719.35,1719.35,40,16.0,0.5899,0.000114,-23.61,81.43
2026-08-28 10:07:00,77238.74,1719.35,1719.35,1719.35,1719.35,0,15.0,0.5977,0.000121,-22.02,81.05
2026-08-28 10:08:00,77264.78,1719.35,1719.35,1719.35,1719.35,0,15.0,0.6008,0.000121,-21.98,80.91
2026-08-28 10:09:00,77252.43,1719.35,1719.35,1719.35,1719.35,0,15.0,0.5993,0.000121,-22.0,80.97
2026-08-28 10:10:00,77244.5,1719.35,1719.35,1719.35,1719.35,0,15.0,0.5984,0.000121,-22.01,81.02
2026-08-28 10:11:00,77249.34,1719.35,1719.35,1719.35,1719.35,0,15.0,0.5989,0.000121,-22.01,80.99
2026-08-28 10:12:00,77271.52,1719.35,1719.35,1719.35,1719.35,0,15.0,0.6016,0.000121,-21.97,80.86
2026-08-28 10:13:00,77266.93,1719.35,1719.35,1719.35,1719.35,0,15.0,0.6011,0.000121,-21.98,80.89
2026-08-28 10:14:00,77286.69,1719.35,1719.35,1719.35,1719.35,0,15.0,0.6035,0.000121,-21.95,80.77
2026-08-28 10:15:00,77302.39,1719.35,1719.35,1719.35,1719.35,0,15.0,0.6054,0.000121,-21.92,80.68
2026-08-28 10:16:00,77311.29,1719.35,1719.35,1719.35,1719.35,0,15.0,0.6064,0.000121,-21.9,80.62
2026-08-28 10:17:00,77333.81,1719.35,1819.0,1719.35,1819.0,20,16.36,0.6014,0.000111,-23.99,80.93
2026-08-28 10:18:00,77311.86,1819.0,1819.0,1819.0,1819.0,0,15.0,0.6065,0.000121,-21.9,80.62
2026-08-28 10:19:00,77291.98,1819.0,1819.0,1819.0,1819.0,0,15.0,0.6041,0.000121,-21.94,80.74
2026-08-28 10:20:00,77294.84,1819.0,1819.0,1819.0,1819.0,0,15.0,0.6045,0.000121,-21.93,80.72
2026-08-28 10:21:00,77287.27,1819.0,1819.0,1819.0,1819.0,0,15.0,0.6035,0.000121,-21.95,80.76
2026-08-28 10:22:00,77291.4,1819.0,1819.0,1819.0,1819.0,0,15.0,0.604,0.000121,-21.94,80.74
2026-08-28 10:23:00,77301.26,1819.0,1819.0,1819.0,1819.0,0,15.0,0.6052,0.000121,-21.92,80.68
2026-08-28 10:24:00,77299.64,1819.0,1819.0,1819.0,1819.0,0,15.0,0.605,0.000121,-21.93,80.69
2026-08-28 10:25:00,77291.0,1819.0,1819.0,1752.95,1752.95,140,15.87,0.5992,0.000115,-23.29,81.0
2026-08-28 10:26:00,77293.02,1752.95,1786.9,1752.95,1786.9,20,16.27,0.5974,0.000112,-23.92,81.1
2026-08-28 10:27:00,77290.62,1786.9,1786.9,1786.9,1786.9,0,15.0,0.604,0.000121,-21.94,80.74
2026-08-28 10:28:00,77295.21,1786.9,1786.9,1786.9,1786.9,0,15.0,0.6045,0.000121,-21.93,80.71
2026-08-28 10:29:00,77299.24,1786.9,1786.9,1786.9,1786.9,0,15.0,0.605,0.000121,-21.93,80.68
2026-08-28 10:30:00,77294.82,1786.9,1786.9,1786.9,1786.9,0,15.0,0.6045,0.000121,-21.94,80.71
2026-08-28 10:31:00,77277.61,1786.9,1786.9,1786.9,1786.9,0,15.0,0.6024,0.000121,-21.97,80.81
2026-08-28 10:32:00,77291.65,1786.9,1786.9,1786.9,1786.9,0,15.0,0.6041,0.000121,-21.94,80.72
2026-08-28 10:33:00,77278.79,1786.9,1786.9,1786.9,1786.9,0,15.0,0.6025,0.000121,-21.96,80.8
2026-08-28 10:34:00,77277.19,1786.9,1786.9,1786.9,1786.9,0,15.0,0.6023,0.000121,-21.97,80.81
2026-08-28 10:35:00,77264.57,1786.9,1786.9,1786.9,1786.9,0,15.0,0.6008,0.000121,-21.99,80.88
2026-08-28 10:36:00,77269.76,1786.9,1786.9,1786.9,1786.9,0,15.0,0.6014,0.000121,-21.98,80.85
2026-08-28 10:37:00,77268.97,1786.9,1786.9,1786.9,1786.9,0,15.0,0.6014,0.000121,-21.98,80.85
2026-08-28 10:38:00,77265.3,1786.9,1786.9,1786.9,1786.9,0,15.0,0.6009,0.000121,-21.99,80.87
2026-08-28 10:39:00,77267.65,1786.9,1786.9,1786.9,1786.9,0,15.0,0.6012,0.000121,-21.98,80.86
2026-08-28 10:40:00,77282.06,1786.9,1786.9,1786.9,1786.9,0,15.0,0.6029,0.000121,-21.96,80.77
2026-08-28 10:41:00,77284.74,1786.9,1786.9,1786.9,1786.9,0,15.0,0.6033,0.000121,-21.96,80.75
2026-08-28 10:42:00,77279.6,1786.9,1786.9,1786.9,1786.9,0,15.0,0.6026,0.000121,-21.96,80.78
2026-08-28 10:43:00,77267.01,1786.9,1786.9,1786.9,1786.9,0,15.0,0.6011,0.000121,-21.99,80.85
2026-08-28 10:44:00,77250.09,1786.9,1786.9,1786.9,1786.9,0,15.0,0.5991,0.000121,-22.02,80.95
2026-08-28 10:45:00,77243.67,1786.9,1786.9,1786.9,1786.9,0,15.0,0.5983,0.000121,-22.03,80.98
2026-08-28 10:46:00,77237.99,1786.9,1786.9,1786.9,1786.9,0,15.0,0.5976,0.000121,-22.04,81.01
2026-08-28 10:47:00,77254.74,1786.9,1786.9,1786.9,1786.9,0,15.0,0.5996,0.000121,-22.01,80.92
2026-08-28 10:48:00,77262.71,1786.9,1786.9,1786.9,1786.9,0,15.0,0.6006,0.000121,-22.0,80.87
2026-08-28 10:49:00,77273.9,1786.9,1786.9,1786.9,1786.9,0,15.0,0.602,0.000121,-21.98,80.81
2026-08-28 10:50:00,77293.57,1786.9,1786.9,1786.9,1786.9,0,15.0,0.6043,0.000121,-21.94,80.69
2026-08-28 10:51:00,77287.93,1786.9,1786.9,1786.9,1786.9,0,15.0,0.6037,0.000121,-21.95,80.72
2026-08-28 10:52:00,77281.55,1786.9,1786.9,1786.9,1786.9,0,15.0,0.6029,0.000121,-21.96,80.76
2026-08-28 10:53:00,77261.68,1786.9,1786.9,1786.9,1786.9,0,15.0,0.6005,0.000121,-22.0,80.87
2026-08-28 10:54:00,77249.03,1786.9,1786.9,1786.9,1786.9,0,15.0,0.599,0.000121,-22.02,80.94
2026-08-28 10:55:00,77231.05,1786.9,1786.9,1786.9,1786.9,0,15.0,0.5968,0.000122,-22.05,81.04
2026-08-28 10:56:00,77246.48,1786.9,1786.9,1786.9,1786.9,0,15.0,0.5986,0.000121,-22.02,80.96
2026-08-28 10:57:00,77249.8,1786.9,1786.9,1786.9,1786.9,0,15.0,0.5991,0.000121,-22.02,80.94
2026-08-28 10:58:00,77264.35,1786.9,1786.9,1786.9,1786.9,0,15.0,0.6008,0.000121,-22.0,80.85
2026-08-28 10:59:00,77252.38,1786.9,1786.9,1786.9,1786.9,0,15.0,0.5994,0.000121,-22.02,80.92
2026-08-28 11:00:00,77242.51,1786.9,1786.9,1786.9,1786.9,0,15.0,0.5982,0.000121,-22.03,80.97
2026-08-28 11:01:00,77255.77,1786.9,1786.9,1786.9,1786.9,0,15.0,0.5998,0.000121,-22.01,80.9
2026-08-28 11:02:00,77262.12,1786.9,1786.9,1786.9,1786.9,0,15.0,0.6006,0.000121,-22.0,80.86
2026-08-28 11:03:00,77258.62,1786.9,1786.9,1786.9,1786.9,0,15.0,0.6001,0.000121,-22.01,80.88
2026-08-28 11:04:00,77254.84,1786.9,1786.9,1786.9,1786.9,0,15.0,0.5997,0.000121,-22.01,80.9
2026-08-28 11:05:00,77254.11,1786.9,1786.9,1786.9,1786.9,0,15.0,0.5996,0.000121,-22.01,80.9
2026-08-28 11:06:00,77244.26,1786.9,1786.9,1786.9,1786.9,0,15.0,0.5984,0.000121,-22.03,80.96
2026-08-28 11:07:00,77226.31,1786.9,1786.9,1786.9,1786.9,0,15.0,0.5962,0.000122,-22.06,81.05
2026-08-28 11:08:00,77231.82,1786.9,1786.9,1786.9,1786.9,0,15.0,0.5969,0.000122,-22.05,81.02
2026-08-28 11:09:00,77201.85,1786.9,1786.9,1715.05,1715.05,80,16.06,0.5881,0.000114,-23.74,81.44
2026-08-28 11:10:00,77206.46,1715.05,1715.05,1715.05,1715.05,0,15.0,0.5938,0.000122,-22.09,81.16
2026-08-28 11:11:00,77197.89,1715.05,1715.05,1715.05,1715.05,0,15.0,0.5928,0.000122,-22.11,81.2
2026-08-28 11:12:00,77229.94,1715.05,1715.05,1715.05,1715.05,0,15.0,0.5967,0.000122,-22.06,81.03
2026-08-28 11:13:00,77240.09,1715.05,1715.05,1715.05,1715.05,0,15.0,0.5979,0.000122,-22.04,80.97
2026-08-28 11:14:00,77250.31,1715.05,1715.05,1715.05,1715.05,0,15.0,0.5991,0.000121,-22.02,80.92
2026-08-28 11:15:00,77244.03,1715.05,1715.05,1715.05,1715.05,0,15.0,0.5984,0.000121,-22.03,80.95
2026-08-28 11:16:00,77246.54,1715.05,1715.05,1715.05,1715.05,0,15.0,0.5987,0.000121,-22.03,80.93
2026-08-28 11:17:00,77234.62,1715.05,1715.05,1715.05,1715.05,0,15.0,0.5972,0.000122,-22.05,81.0
2026-08-28 11:18:00,77215.38,1715.05,1715.05,1715.05,1715.05,0,15.0,0.5949,0.000122,-22.08,81.1
2026-08-28 11:19:00,77222.89,1715.05,1715.05,1715.05,1715.05,0,15.0,0.5958,0.000122,-22.07,81.06
2026-08-28 11:20:00,77216.11,1715.05,1715.05,1715.05,1715.05,0,15.0,0.595,0.000122,-22.08,81.1
2026-08-28 11:21:00,77208.29,1715.05,1715.05,1715.05,1715.05,0,15.0,0.594,0.000122,-22.09,81.14
2026-08-28 11:22:00,77202.49,1715.05,1715.05,1715.05,1715.05,0,15.0,0.5933,0.000122,-22.1,81.16
2026-08-28 11:23:00,77197.58,1715.05,1715.05,1715.05,1715.05,0,15.0,0.5927,0.000122,-22.11,81.19
2026-08-28 11:24:00,77189.46,1715.05,1715.05,1715.05,1715.05,0,15.0,0.5917,0.000122,-22.12,81.23
2026-08-28 11:25:00,77183.63,1715.05,1715.05,1715.05,1715.05,0,15.0,0.591,0.000122,-22.13,81.26
2026-08-28 11:26:00,77153.86,1715.05,1715.05,1715.05,1715.05,0,15.0,0.5874,0.000122,-22.18,81.4
2026-08-28 11:27:00,77151.51,1715.05,1715.05,1715.05,1715.05,0,15.0,0.5871,0.000123,-22.18,81.41
2026-08-28 11:28:00,77142.93,1715.05,1715.05,1715.05,1715.05,0,15.0,0.586,0.000123,-22.19,81.45
2026-08-28 11:29:00,77115.7,1715.05,1715.05,1715.05,1715.05,0,15.0,0.5827,0.000123,-22.23,81.58
2026-08-28 11:30:00,77124.0,1715.05,1715.05,1646.0,1646.0,20,15.78,0.5803,0.000117,-23.42,81.69
2026-08-28 11:31:00,77121.92,1646.0,1646.0,1646.0,1646.0,0,15.0,0.5835,0.000123,-22.22,81.55
2026-08-28 11:32:00,77121.52,1646.0,1646.0,1639.95,1639.95,20,15.72,0.5803,0.000117,-23.33,81.69
2026-08-28 11:33:00,77084.34,1639.95,1639.95,1610.0,1610.0,20,15.62,0.5763,0.000118,-23.22,81.82
2026-08-28 11:34:00,77079.87,1610.0,1610.0,1610.0,1610.0,0,15.0,0.5783,0.000123,-22.28,81.73
2026-08-28 11:35:00,77053.74,1610.0,1610.0,1610.0,1610.0,0,15.0,0.5751,0.000123,-22.31,81.84
2026-08-28 11:36:00,77041.14,1610.0,1610.0,1610.0,1610.0,0,15.0,0.5735,0.000124,-22.33,81.89
2026-08-28 11:37:00,77060.63,1610.0,1610.0,1610.0,1610.0,0,15.0,0.5759,0.000123,-22.3,81.81
2026-08-28 11:38:00,77060.17,1610.0,1610.0,1608.2,1608.2,100,15.77,0.5729,0.000118,-23.48,81.93
2026-08-28 11:39:00,77059.73,1608.2,1608.2,1608.2,1608.2,0,15.0,0.5758,0.000123,-22.31,81.81
2026-08-28 11:40:00,77061.48,1608.2,1608.2,1608.2,1608.2,0,15.0,0.576,0.000123,-22.3,81.8
2026-08-28 11:41:00,77070.25,1608.2,1608.2,1608.2,1608.2,0,15.0,0.5771,0.000123,-22.29,81.77
2026-08-28 11:42:00,77060.57,1608.2,1608.2,1608.2,1608.2,0,15.0,0.5759,0.000123,-22.31,81.8
2026-08-28 11:43:00,77071.36,1608.2,1608.2,1608.2,1608.2,0,15.0,0.5773,0.000123,-22.29,81.76
2026-08-28 11:44:00,77085.67,1608.2,1608.2,1608.2,1608.2,0,15.0,0.579,0.000123,-22.27,81.7
2026-08-28 11:45:00,77073.12,1608.2,1608.2,1608.2,1608.2,0,15.0,0.5775,0.000123,-22.29,81.75
2026-08-28 11:46:00,77069.81,1608.2,1608.2,1608.2,1608.2,0,15.0,0.5771,0.000123,-22.29,81.76
2026-08-28 11:47:00,77060.02,1608.2,1608.2,1608.2,1608.2,0,15.0,0.5759,0.000123,-22.31,81.8
2026-08-28 11:48:00,77072.32,1608.2,1608.2,1608.2,1608.2,0,15.0,0.5774,0.000123,-22.29,81.75
2026-08-28 11:49:00,77081.35,1608.2,1608.2,1608.2,1608.2,0,15.0,0.5785,0.000123,-22.28,81.71
2026-08-28 11:50:00,77087.96,1608.2,1608.2,1608.2,1608.2,0,15.0,0.5793,0.000123,-22.27,81.68
2026-08-28 11:51:00,77088.72,1608.2,1608.2,1608.2,1608.2,0,15.0,0.5794,0.000123,-22.27,81.68
2026-08-28 11:52:00,77068.23,1608.2,1608.2,1608.2,1608.2,0,15.0,0.5769,0.000123,-22.3,81.76
2026-08-28 11:53:00,77062.92,1608.2,1608.2,1608.2,1608.2,0,15.0,0.5762,0.000123,-22.31,81.78
2026-08-28 11:54:00,77066.49,1608.2,1608.2,1608.2,1608.2,0,15.0,0.5767,0.000123,-22.3,81.77
2026-08-28 11:55:00,77060.04,1608.2,1608.2,1608.2,1608.2,0,15.0,0.5759,0.000123,-22.31,81.79
2026-08-28 11:56:00,77036.12,1608.2,1608.2,1608.2,1608.2,0,15.0,0.5729,0.000124,-22.34,81.89
2026-08-28 11:57:00,76992.72,1608.2,1608.2,1539.05,1539.05,60,15.4,0.5662,0.000121,-22.99,82.1
2026-08-28 11:58:00,77008.52,1539.05,1539.05,1539.05,1539.05,0,15.0,0.5695,0.000124,-22.37,81.99
2026-08-28 11:59:00,77009.7,1539.05,1568.6,1539.05,1563.45,100,15.58,0.5676,0.000119,-23.25,82.06
2026-08-28 12:00:00,77010.39,1563.45,1563.45,1563.45,1563.45,0,15.0,0.5697,0.000124,-22.37,81.98
2026-08-28 12:01:00,77009.57,1563.45,1563.45,1563.45,1563.45,0,15.0,0.5696,0.000124,-22.37,81.98
2026-08-28 12:02:00,77010.19,1563.45,1563.45,1563.45,1563.45,0,15.0,0.5697,0.000124,-22.37,81.98
2026-08-28 12:03:00,77006.83,1563.45,1563.45,1563.45,1563.45,0,15.0,0.5693,0.000124,-22.37,81.99
2026-08-28 12:04:00,77029.07,1563.45,1566.5,1563.45,1566.5,40,15.48,0.5703,0.00012,-23.09,81.98
2026-08-28 12:05:00,77012.22,1566.5,1579.2,1564.6,1576.65,120,15.72,0.5674,0.000118,-23.47,82.06
2026-08-28 12:06:00,77028.52,1576.65,1576.65,1576.65,1576.65,0,15.0,0.572,0.000124,-22.35,81.91
2026-08-28 12:07:00,77037.26,1576.65,1576.65,1576.6,1576.65,40,15.55,0.571,0.000119,-23.18,81.95
2026-08-28 12:08:00,77050.5,1576.65,1576.65,1576.65,1576.65,0,15.0,0.5747,0.000124,-22.32,81.82
2026-08-28 12:09:00,77022.94,1576.65,1576.65,1576.65,1576.65,0,15.0,0.5713,0.000124,-22.36,81.92
2026-08-28 12:10:00,77011.26,1576.65,1576.65,1576.65,1576.65,0,15.0,0.5699,0.000124,-22.37,81.97
2026-08-28 12:11:00,77006.76,1576.65,1576.65,1576.65,1576.65,0,15.0,0.5693,0.000124,-22.38,81.98
2026-08-28 12:12:00,77001.6,1576.65,1576.65,1564.35,1564.35,40,15.65,0.5664,0.000119,-23.37,82.08
2026-08-28 12:13:00,77010.52,1564.35,1564.35,1564.35,1564.35,0,15.0,0.5698,0.000124,-22.37,81.97
2026-08-28 12:14:00,77027.69,1564.35,1579.4,1564.35,1579.4,40,15.65,0.5695,0.000119,-23.35,81.99
2026-08-28 12:15:00,77033.23,1579.4,1579.4,1579.4,1579.4,0,15.0,0.5726,0.000124,-22.35,81.88
2026-08-28 12:16:00,77024.75,1579.4,1579.4,1579.4,1579.4,0,15.0,0.5715,0.000124,-22.36,81.91
2026-08-28 12:17:00,77037.84,1579.4,1579.4,1579.4,1579.4,0,15.0,0.5731,0.000124,-22.34,81.86
2026-08-28 12:18:00,77033.45,1579.4,1579.4,1574.1,1574.35,60,15.55,0.5706,0.000119,-23.19,81.95
2026-08-28 12:19:00,77026.42,1574.35,1583.7,1574.35,1575.0,60,15.6,0.5695,0.000119,-23.28,81.99
2026-08-28 12:20:00,77052.39,1575.0,1575.0,1575.0,1575.0,0,15.0,0.575,0.000124,-22.33,81.8
2026-08-28 12:21:00,77046.67,1575.0,1587.6,1575.0,1587.6,20,15.62,0.5719,0.000119,-23.28,81.91
2026-08-28 12:22:00,77045.93,1587.6,1587.6,1575.9,1575.9,20,15.48,0.5723,0.00012,-23.07,81.9
2026-08-28 12:23:00,77023.6,1575.9,1575.9,1575.9,1575.9,0,15.0,0.5714,0.000124,-22.36,81.91
2026-08-28 12:24:00,77031.16,1575.9,1575.9,1575.9,1575.9,0,15.0,0.5723,0.000124,-22.35,81.88
2026-08-28 12:25:00,77033.52,1575.9,1575.9,1575.9,1575.9,0,15.0,0.5726,0.000124,-22.35,81.87
2026-08-28 12:26:00,77037.56,1575.9,1581.3,1575.9,1581.3,40,15.61,0.5709,0.000119,-23.28,81.94
2026-08-28 12:27:00,77045.92,1581.3,1583.15,1578.6,1583.15,80,15.57,0.572,0.000119,-23.21,81.9
2026-08-28 12:28:00,77047.88,1583.15,1584.8,1574.0,1583.25,80,15.56,0.5723,0.000119,-23.19,81.89
2026-08-28 12:29:00,77052.9,1583.25,1587.25,1575.95,1587.25,120,15.57,0.5728,0.000119,-23.21,81.88
2026-08-28 12:30:00,77061.01,1587.25,1587.25,1587.25,1587.25,0,15.0,0.576,0.000123,-22.32,81.75
2026-08-28 12:31:00,77062.07,1587.25,1587.25,1587.25,1587.25,0,15.0,0.5762,0.000123,-22.32,81.75
2026-08-28 12:32:00,77072.43,1587.25,1587.25,1587.25,1587.25,0,15.0,0.5774,0.000123,-22.3,81.7
2026-08-28 12:33:00,77068.83,1587.25,1587.25,1587.25,1587.25,0,15.0,0.577,0.000123,-22.31,81.72
2026-08-28 12:34:00,77075.07,1587.25,1587.25,1587.25,1587.25,0,15.0,0.5778,0.000123,-22.3,81.69
2026-08-28 12:35:00,77079.81,1587.25,1587.25,1587.25,1587.25,0,15.0,0.5783,0.000123,-22.3,81.67
2026-08-28 12:36:00,77082.15,1587.25,1587.25,1587.25,1587.25,0,15.0,0.5786,0.000123,-22.29,81.66
2026-08-28 12:37:00,77084.08,1587.25,1587.25,1587.25,1587.25,0,15.0,0.5789,0.000123,-22.29,81.65
2026-08-28 12:38:00,77087.1,1587.25,1587.25,1587.25,1587.25,0,15.0,0.5792,0.000123,-22.29,81.63
2026-08-28 12:39:00,77095.84,1587.25,1587.25,1587.25,1587.25,0,15.0,0.5803,0.000123,-22.28,81.59
2026-08-28 12:40:00,77080.56,1587.25,1587.25,1587.25,1587.25,0,15.0,0.5784,0.000123,-22.3,81.66
2026-08-28 12:41:00,77088.24,1587.25,1587.25,1587.25,1587.25,0,15.0,0.5794,0.000123,-22.29,81.62
2026-08-28 12:42:00,77098.95,1587.25,1587.25,1587.25,1587.25,0,15.0,0.5807,0.000123,-22.27,81.58
2026-08-28 12:43:00,77092.95,1587.25,1587.25,1587.25,1587.25,0,15.0,0.58,0.000123,-22.28,81.6
2026-08-28 12:44:00,77089.83,1587.25,1587.25,1587.25,1587.25,0,15.0,0.5796,0.000123,-22.29,81.61
2026-08-28 12:45:00,77083.45,1587.25,1593.45,1587.25,1593.45,20,15.44,0.577,0.00012,-22.96,81.72
2026-08-28 12:46:00,77085.37,1593.45,1593.45,1593.45,1593.45,0,15.0,0.579,0.000123,-22.29,81.63
2026-08-28 12:47:00,77089.6,1593.45,1593.45,1593.45,1593.45,0,15.0,0.5796,0.000123,-22.29,81.61
2026-08-28 12:48:00,77091.12,1593.45,1593.45,1593.45,1593.45,0,15.0,0.5798,0.000123,-22.28,81.6
2026-08-28 12:49:00,77098.36,1593.45,1593.45,1593.45,1593.45,0,15.0,0.5806,0.000123,-22.28,81.57
2026-08-28 12:50:00,77090.76,1593.45,1604.95,1593.45,1604.95,20,15.53,0.5775,0.000119,-23.1,81.7
2026-08-28 12:51:00,77092.79,1604.95,1604.95,1604.95,1604.95,0,15.0,0.58,0.000123,-22.28,81.59
2026-08-28 12:52:00,77100.54,1604.95,1604.95,1604.95,1604.95,0,15.0,0.5809,0.000123,-22.27,81.56
2026-08-28 12:53:00,77095.62,1604.95,1604.95,1604.95,1604.95,0,15.0,0.5803,0.000123,-22.28,81.58
2026-08-28 12:54:00,77083.48,1604.95,1604.95,1604.95,1604.95,0,15.0,0.5788,0.000123,-22.3,81.63
2026-08-28 12:55:00,77074.31,1604.95,1604.95,1604.95,1604.95,0,15.0,0.5777,0.000123,-22.31,81.67
2026-08-28 12:56:00,77078.06,1604.95,1604.95,1580.4,1580.4,20,15.32,0.5768,0.000121,-22.79,81.71
2026-08-28 12:57:00,77066.6,1580.4,1614.95,1580.4,1614.95,20,15.82,0.5735,0.000117,-23.58,81.83
2026-08-28 12:58:00,77070.56,1589.55,1592.35,1576.5,1592.35,120,15.52,0.5752,0.000119,-23.11,81.77
2026-08-28 12:59:00,77057.14,1592.35,1592.35,1574.7,1574.7,20,15.39,0.574,0.000121,-22.94,81.8
2026-08-28 13:00:00,77048.0,1574.7,1574.7,1574.7,1574.7,0,15.0,0.5744,0.000124,-22.34,81.77
2026-08-28 13:01:00,77040.51,1574.7,1574.7,1574.7,1574.7,0,15.0,0.5735,0.000124,-22.35,81.8
2026-08-28 13:02:00,77043.31,1574.7,1574.7,1574.7,1574.7,0,15.0,0.5739,0.000124,-22.35,81.79
2026-08-28 13:03:00,77041.68,1574.7,1574.7,1574.7,1574.7,20,15.5,0.5717,0.00012,-23.12,81.87
2026-08-28 13:04:00,77031.95,1574.7,1574.7,1574.7,1574.7,0,15.0,0.5725,0.000124,-22.36,81.83
2026-08-28 13:05:00,77031.55,1574.7,1574.7,1574.7,1574.7,0,15.0,0.5724,0.000124,-22.36,81.83
2026-08-28 13:06:00,77031.36,1574.7,1574.7,1574.7,1574.7,0,15.0,0.5724,0.000124,-22.36,81.83
2026-08-28 13:07:00,77044.48,1574.7,1574.7,1574.7,1574.7,0,15.0,0.574,0.000124,-22.35,81.78
2026-08-28 13:08:00,77052.87,1574.7,1590.0,1574.7,1590.0,20,15.61,0.5727,0.000119,-23.28,81.84
2026-08-28 13:09:00,77063.28,1590.0,1607.45,1590.0,1607.45,20,15.75,0.5734,0.000118,-23.49,81.82
2026-08-28 13:10:00,77069.74,1607.45,1607.45,1596.95,1602.2,80,15.64,0.5746,0.000119,-23.31,81.78
2026-08-28 13:11:00,77081.57,1602.2,1602.2,1602.2,1602.2,0,15.0,0.5786,0.000123,-22.3,81.62
2026-08-28 13:12:00,77068.36,1602.2,1602.2,1593.85,1596.65,80,15.59,0.5746,0.000119,-23.22,81.77
2026-08-28 13:13:00,77072.96,1596.65,1596.65,1590.0,1590.0,20,15.47,0.5756,0.00012,-23.04,81.74
2026-08-28 13:14:00,77067.87,1590.0,1590.0,1590.0,1590.0,0,15.0,0.5769,0.000124,-22.32,81.68
2026-08-28 13:15:00,77055.85,1590.0,1590.0,1583.05,1583.05,40,15.51,0.5734,0.00012,-23.12,81.81
2026-08-28 13:16:00,77057.82,1583.05,1595.0,1583.05,1595.0,20,15.64,0.5732,0.000119,-23.32,81.82
2026-08-28 13:17:00,77062.25,1595.0,1597.2,1595.0,1597.2,40,15.64,0.5737,0.000119,-23.31,81.8
2026-08-28 13:18:00,77068.44,1599.85,1599.85,1599.85,1599.85,20,15.63,0.5745,0.000119,-23.29,81.77
2026-08-28 13:19:00,77071.67,1599.85,1599.85,1599.85,1599.85,20,15.6,0.575,0.000119,-23.25,81.76
2026-08-28 13:20:00,77076.65,1599.85,1599.85,1599.85,1599.85,0,15.0,0.578,0.000123,-22.31,81.63
2026-08-28 13:21:00,77070.97,1599.85,1599.85,1599.85,1599.85,0,15.0,0.5773,0.000123,-22.32,81.66
2026-08-28 13:22:00,77082.43,1599.85,1613.3,1599.85,1613.3,60,15.69,0.5759,0.000118,-23.37,81.73
2026-08-28 13:23:00,77072.97,1613.3,1613.3,1613.3,1613.3,0,15.0,0.5775,0.000123,-22.32,81.64
2026-08-28 13:24:00,77078.66,1613.3,1613.3,1613.3,1613.3,0,15.0,0.5782,0.000123,-22.31,81.62
2026-08-28 13:25:00,77085.31,1613.3,1613.3,1613.3,1613.3,0,15.0,0.5791,0.000123,-22.3,81.59
2026-08-28 13:26:00,77092.12,1613.3,1613.3,1613.3,1613.3,0,15.0,0.5799,0.000123,-22.29,81.56
2026-08-28 13:27:00,77061.62,1613.3,1620.0,1610.5,1612.45,100,15.83,0.5729,0.000117,-23.61,81.82
2026-08-28 13:28:00,77054.81,1612.45,1612.45,1612.45,1612.45,0,15.0,0.5753,0.000124,-22.34,81.71
2026-08-28 13:29:00,77043.01,1612.45,1612.45,1576.0,1576.0,40,15.51,0.5719,0.00012,-23.15,81.84
2026-08-28 13:30:00,77052.12,1576.0,1576.0,1576.0,1576.0,0,15.0,0.575,0.000124,-22.35,81.72
2026-08-28 13:31:00,77044.86,1576.0,1576.0,1576.0,1576.0,0,15.0,0.5741,0.000124,-22.36,81.75
2026-08-28 13:32:00,77049.99,1576.0,1576.0,1576.0,1576.0,0,15.0,0.5747,0.000124,-22.35,81.73
2026-08-28 13:33:00,77073.38,1576.0,1576.0,1576.0,1576.0,0,15.0,0.5776,0.000123,-22.32,81.63
2026-08-28 13:34:00,77077.32,1576.0,1576.0,1576.0,1576.0,0,15.0,0.5781,0.000123,-22.32,81.61
2026-08-28 13:35:00,77075.89,1576.0,1576.0,1576.0,1576.0,0,15.0,0.5779,0.000123,-22.32,81.62
2026-08-28 13:36:00,77079.02,1576.0,1576.0,1576.0,1576.0,0,15.0,0.5783,0.000123,-22.31,81.61
2026-08-28 13:37:00,77093.31,1576.0,1576.0,1576.0,1576.0,0,15.0,0.5801,0.000123,-22.3,81.54
2026-08-28 13:38:00,77096.71,1576.0,1576.0,1576.0,1576.0,0,15.0,0.5805,0.000123,-22.29,81.53
2026-08-28 13:39:00,77094.05,1576.0,1576.0,1576.0,1576.0,0,15.0,0.5802,0.000123,-22.3,81.54
2026-08-28 13:40:00,77104.29,1576.0,1576.0,1576.0,1576.0,0,15.0,0.5814,0.000123,-22.28,81.49
2026-08-28 13:41:00,77092.36,1576.0,1576.0,1576.0,1576.0,0,15.0,0.58,0.000123,-22.3,81.54
2026-08-28 13:42:00,77090.86,1576.0,1576.0,1576.0,1576.0,0,15.0,0.5798,0.000123,-22.3,81.55
2026-08-28 13:43:00,77089.73,1576.0,1631.35,1576.0,1631.35,60,15.87,0.5761,0.000117,-23.64,81.7
2026-08-28 13:44:00,77097.51,1631.35,1631.35,1631.35,1631.35,0,15.0,0.5806,0.000123,-22.29,81.52
2026-08-28 13:45:00,77093.2,1631.35,1631.35,1631.35,1631.35,0,15.0,0.5801,0.000123,-22.3,81.53
2026-08-28 13:46:00,77090.16,1631.35,1631.35,1631.35,1631.35,0,15.0,0.5797,0.000123,-22.3,81.55
2026-08-28 13:47:00,77084.66,1631.35,1631.35,1631.35,1631.35,0,15.0,0.579,0.000123,-22.31,81.57
2026-08-28 13:48:00,77064.53,1631.35,1631.35,1631.35,1631.35,0,15.0,0.5765,0.000124,-22.34,81.65
2026-08-28 13:49:00,77063.86,1631.35,1631.35,1631.35,1631.35,0,15.0,0.5764,0.000124,-22.34,81.65
2026-08-28 13:50:00,77069.19,1631.35,1631.35,1631.35,1631.35,0,15.0,0.5771,0.000124,-22.33,81.63
2026-08-28 13:51:00,77049.5,1631.35,1631.35,1631.35,1631.35,0,15.0,0.5747,0.000124,-22.36,81.71
2026-08-28 13:52:00,77061.41,1631.35,1631.35,1631.35,1631.35,0,15.0,0.5761,0.000124,-22.34,81.66
2026-08-28 13:53:00,77055.88,1631.35,1631.35,1631.35,1631.35,0,15.0,0.5755,0.000124,-22.35,81.68
2026-08-28 13:54:00,77057.77,1631.35,1631.35,1631.35,1631.35,0,15.0,0.5757,0.000124,-22.35,81.67
2026-08-28 13:55:00,77052.67,1631.35,1631.35,1631.35,1631.35,0,15.0,0.5751,0.000124,-22.35,81.69
2026-08-28 13:56:00,77057.15,1631.35,1631.35,1631.35,1631.35,0,15.0,0.5756,0.000124,-22.35,81.67
2026-08-28 13:57:00,77073.71,1631.35,1631.35,1631.35,1631.35,0,15.0,0.5777,0.000124,-22.33,81.61
2026-08-28 13:58:00,77091.31,1631.35,1631.35,1631.35,1631.35,0,15.0,0.5798,0.000123,-22.3,81.53
2026-08-28 13:59:00,77087.5,1631.35,1631.35,1631.35,1631.35,0,15.0,0.5794,0.000123,-22.31,81.54
2026-08-28 14:00:00,77087.35,1631.35,1631.35,1631.35,1631.35,0,15.0,0.5794,0.000123,-22.31,81.54
2026-08-28 14:01:00,77079.69,1631.35,1631.35,1631.35,1631.35,0,15.0,0.5784,0.000123,-22.32,81.58
2026-08-28 14:02:00,77084.02,1631.35,1631.35,1631.35,1631.35,0,15.0,0.5789,0.000123,-22.32,81.56
2026-08-28 14:03:00,77079.77,1631.35,1631.35,1631.35,1631.35,0,15.0,0.5784,0.000123,-22.32,81.57
2026-08-28 14:04:00,77067.9,1631.35,1631.35,1631.35,1631.35,0,15.0,0.577,0.000124,-22.34,81.62
2026-08-28 14:05:00,77064.28,1631.35,1631.35,1631.35,1631.35,0,15.0,0.5765,0.000124,-22.34,81.64
2026-08-28 14:06:00,77053.32,1631.35,1631.35,1631.35,1631.35,0,15.0,0.5752,0.000124,-22.36,81.68
2026-08-28 14:07:00,77068.23,1631.35,1631.35,1631.35,1631.35,0,15.0,0.577,0.000124,-22.34,81.62
2026-08-28 14:08:00,77063.41,1631.35,1631.35,1631.35,1631.35,0,15.0,0.5764,0.000124,-22.34,81.64
2026-08-28 14:09:00,77067.77,1631.35,1631.35,1631.35,1631.35,0,15.0,0.5769,0.000124,-22.34,81.62
2026-08-28 14:10:00,77083.42,1631.35,1631.35,1603.7,1603.7,20,15.58,0.5765,0.000119,-23.21,81.65
2026-08-28 14:11:00,77084.99,1603.7,1616.0,1603.7,1615.35,60,15.71,0.5762,0.000118,-23.41,81.67
2026-08-28 14:12:00,77087.54,1615.35,1615.35,1610.0,1610.0,20,15.63,0.5768,0.000119,-23.28,81.64
2026-08-28 14:13:00,77092.75,1610.0,1610.0,1610.0,1610.0,0,15.0,0.58,0.000123,-22.31,81.51
2026-08-28 14:14:00,77101.94,1610.0,1610.0,1610.0,1610.0,0,15.0,0.5812,0.000123,-22.3,81.46
2026-08-28 14:15:00,77097.26,1610.0,1610.0,1610.0,1610.0,0,15.0,0.5806,0.000123,-22.3,81.48
2026-08-28 14:16:00,77105.07,1610.0,1610.0,1610.0,1610.0,0,15.0,0.5816,0.000123,-22.29,81.45
2026-08-28 14:17:00,77115.95,1610.0,1610.0,1610.0,1610.0,0,15.0,0.5829,0.000123,-22.28,81.4
2026-08-28 14:18:00,77112.72,1610.0,1610.0,1610.0,1610.0,0,15.0,0.5825,0.000123,-22.28,81.41
2026-08-28 14:19:00,77092.91,1610.0,1610.0,1610.0,1610.0,0,15.0,0.5801,0.000123,-22.31,81.5
2026-08-28 14:20:00,77096.81,1610.0,1610.0,1610.0,1610.0,0,15.0,0.5805,0.000123,-22.3,81.48
2026-08-28 14:21:00,77101.9,1610.0,1610.0,1610.0,1610.0,0,15.0,0.5812,0.000123,-22.3,81.46
2026-08-28 14:22:00,77098.34,1610.0,1610.0,1610.0,1610.0,0,15.0,0.5807,0.000123,-22.3,81.47
2026-08-28 14:23:00,77107.84,1610.0,1610.0,1610.0,1610.0,0,15.0,0.5819,0.000123,-22.29,81.43
2026-08-28 14:24:00,77110.86,1610.0,1610.0,1610.0,1610.0,0,15.0,0.5823,0.000123,-22.29,81.41
2026-08-28 14:25:00,77117.49,1610.0,1610.0,1610.0,1610.0,0,15.0,0.5831,0.000123,-22.28,81.38
2026-08-28 14:26:00,77106.18,1610.0,1610.0,1610.0,1610.0,0,15.0,0.5817,0.000123,-22.29,81.43
2026-08-28 14:27:00,77108.65,1610.0,1610.0,1610.0,1610.0,0,15.0,0.582,0.000123,-22.29,81.42
2026-08-28 14:28:00,77116.13,1610.0,1610.0,1610.0,1610.0,0,15.0,0.5829,0.000123,-22.28,81.39
2026-08-28 14:29:00,77127.83,1610.0,1610.0,1610.0,1610.0,0,15.0,0.5844,0.000123,-22.26,81.33
2026-08-28 14:30:00,77137.32,1610.0,1610.0,1610.0,1610.0,0,15.0,0.5855,0.000123,-22.25,81.29
2026-08-28 14:31:00,77133.69,1610.0,1610.0,1610.0,1610.0,0,15.0,0.5851,0.000123,-22.26,81.3
2026-08-28 14:32:00,77117.01,1610.0,1610.0,1610.0,1610.0,0,15.0,0.583,0.000123,-22.28,81.38
2026-08-28 14:33:00,77122.63,1610.0,1610.0,1610.0,1610.0,0,15.0,0.5837,0.000123,-22.27,81.35
2026-08-28 14:34:00,77139.9,1610.0,1610.0,1610.0,1610.0,0,15.0,0.5859,0.000123,-22.25,81.27
2026-08-28 14:35:00,77119.03,1610.0,1610.0,1610.0,1610.0,0,15.0,0.5833,0.000123,-22.28,81.37
2026-08-28 14:36:00,77132.08,1610.0,1610.0,1610.0,1610.0,0,15.0,0.5849,0.000123,-22.26,81.3
2026-08-28 14:37:00,77120.23,1610.0,1610.0,1610.0,1610.0,0,15.0,0.5834,0.000123,-22.28,81.36
2026-08-28 14:38:00,77132.68,1610.0,1610.0,1610.0,1610.0,0,15.0,0.585,0.000123,-22.26,81.3
2026-08-28 14:39:00,77123.13,1610.0,1610.0,1610.0,1610.0,0,15.0,0.5838,0.000123,-22.27,81.34
2026-08-28 14:40:00,77121.9,1610.0,1610.0,1610.0,1610.0,0,15.0,0.5836,0.000123,-22.28,81.35
2026-08-28 14:41:00,77112.73,1610.0,1610.0,1610.0,1610.0,0,15.0,0.5825,0.000123,-22.29,81.39
2026-08-28 14:42:00,77112.41,1610.0,1610.0,1610.0,1610.0,0,15.0,0.5825,0.000123,-22.29,81.39
2026-08-28 14:43:00,77118.66,1610.0,1610.0,1610.0,1610.0,0,15.0,0.5833,0.000123,-22.28,81.36
2026-08-28 14:44:00,77122.28,1610.0,1610.0,1610.0,1610.0,0,15.0,0.5837,0.000123,-22.28,81.34
2026-08-28 14:45:00,77114.29,1610.0,1610.0,1610.0,1610.0,0,15.0,0.5827,0.000123,-22.29,81.38
2026-08-28 14:46:00,77108.54,1610.0,1610.0,1610.0,1610.0,0,15.0,0.582,0.000123,-22.3,81.4
2026-08-28 14:47:00,77112.81,1610.0,1610.0,1610.0,1610.0,0,15.0,0.5825,0.000123,-22.29,81.38
2026-08-28 14:48:00,77131.28,1610.0,1610.0,1610.0,1610.0,0,15.0,0.5848,0.000123,-22.26,81.29
2026-08-28 14:49:00,77148.59,1610.0,1610.0,1610.0,1610.0,0,15.0,0.5869,0.000123,-22.24,81.21
2026-08-28 14:50:00,77160.07,1610.0,1610.0,1610.0,1610.0,0,15.0,0.5884,0.000123,-22.22,81.15
2026-08-28 14:51:00,77163.63,1610.0,1610.0,1610.0,1610.0,0,15.0,0.5888,0.000123,-22.22,81.14
2026-08-28 14:52:00,77171.65,1610.0,1610.0,1610.0,1610.0,0,15.0,0.5898,0.000123,-22.21,81.1
2026-08-28 14:53:00,77178.88,1610.0,1610.0,1610.0,1610.0,0,15.0,0.5907,0.000123,-22.2,81.06
2026-08-28 14:54:00,77181.42,1610.0,1610.0,1610.0,1610.0,0,15.0,0.591,0.000122,-22.19,81.04
2026-08-28 14:55:00,77177.48,1610.0,1610.0,1610.0,1610.0,0,15.0,0.5905,0.000123,-22.2,81.06
2026-08-28 14:56:00,77169.15,1610.0,1610.0,1610.0,1610.0,0,15.0,0.5895,0.000123,-22.21,81.1
2026-08-28 14:57:00,77164.6,1610.0,1610.0,1610.0,1610.0,0,15.0,0.5889,0.000123,-22.22,81.13
2026-08-28 14:58:00,77163.24,1610.0,1610.0,1610.0,1610.0,0,15.0,0.5887,0.000123,-22.22,81.13
2026-08-28 14:59:00,77157.71,1610.0,1610.0,1610.0,1610.0,0,15.0,0.5881,0.000123,-22.23,81.16
2026-08-28 15:00:00,77136.03,1610.0,1610.0,1610.0,1610.0,0,15.0,0.5854,0.000123,-22.26,81.26
2026-08-28 15:01:00,77121.06,1610.0,1610.0,1610.0,1610.0,0,15.0,0.5836,0.000123,-22.28,81.33
2026-08-28 15:02:00,77093.46,1610.0,1610.0,1610.0,1610.0,0,15.0,0.5802,0.000123,-22.32,81.45
2026-08-28 15:03:00,77081.01,1610.0,1610.0,1610.0,1610.0,0,15.0,0.5786,0.000124,-22.34,81.5
2026-08-28 15:04:00,77085.71,1610.0,1610.0,1610.0,1610.0,0,15.0,0.5792,0.000123,-22.33,81.48
2026-08-28 15:05:00,77089.67,1610.0,1610.0,1610.0,1610.0,0,15.0,0.5797,0.000123,-22.33,81.46
2026-08-28 15:06:00,77086.28,1610.0,1610.0,1610.0,1610.0,0,15.0,0.5793,0.000123,-22.33,81.48
2026-08-28 15:07:00,77091.61,1610.0,1610.0,1610.0,1610.0,0,15.0,0.5799,0.000123,-22.32,81.45
2026-08-28 15:08:00,77102.3,1610.0,1661.6,1610.0,1661.6,160,16.17,0.5765,0.000115,-24.11,81.61
2026-08-28 15:09:00,77136.99,1661.6,1661.6,1661.6,1661.6,0,15.0,0.5855,0.000123,-22.26,81.25
2026-08-28 15:10:00,77150.54,1661.6,1679.4,1661.6,1679.4,40,16.04,0.5825,0.000115,-23.86,81.4
2026-08-28 15:11:00,77215.44,1679.4,1679.4,1679.4,1679.4,0,15.0,0.5952,0.000122,-22.15,80.85
2026-08-28 15:12:00,77241.55,1750.4,1750.4,1739.8,1739.8,200,16.13,0.5926,0.000114,-23.86,81.01
2026-08-28 15:13:00,77225.48,1733.3,1733.3,1725.35,1725.35,40,16.07,0.591,0.000114,-23.79,81.07
2026-08-28 15:14:00,77194.59,1719.0,1719.0,1714.05,1716.05,120,16.17,0.587,0.000114,-24.0,81.23
2026-08-28 15:15:00,77194.59,1716.05,1716.05,1706.15,1706.75,60,16.06,0.5875,0.000115,-23.83,81.21
2026-08-28 15:16:00,77194.59,1706.75,1706.75,1706.75,1706.75,0,15.0,0.5926,0.000122,-22.18,80.95
2026-08-28 15:17:00,77194.59,1706.75,1706.75,1706.75,1706.75,0,15.0,0.5926,0.000122,-22.18,80.95
2026-08-28 15:18:00,77194.59,1706.75,1706.75,1706.75,1706.75,0,15.0,0.5926,0.000122,-22.18,80.95
2026-08-28 15:19:00,77194.59,1706.75,1706.75,1706.75,1706.75,0,15.0,0.5926,0.000122,-22.18,80.95
2026-08-28 15:20:00,77194.59,1706.75,1756.0,1706.75,1756.0,40,16.67,0.5849,0.000111,-24.77,81.32
2026-08-28 15:21:00,77194.59,1756.0,1758.75,1756.0,1758.75,20,16.7,0.5848,0.00011,-24.82,81.33
2026-08-28 15:22:00,77194.59,1758.75,1758.75,1758.75,1758.75,0,15.0,0.5926,0.000122,-22.18,80.95
2026-08-28 15:23:00,77194.59,1758.75,1758.75,1758.75,1758.75,0,15.0,0.5926,0.000122,-22.18,80.95
2026-08-28 15:24:00,77194.59,1758.75,1758.75,1758.75,1758.75,0,15.0,0.5926,0.000122,-22.18,80.94
2026-08-28 15:25:00,77194.59,1758.75,1758.75,1758.75,1758.75,0,15.0,0.5926,0.000122,-22.18,80.94
2026-08-28 15:26:00,77194.59,1758.75,1758.75,1730.0,1730.0,80,16.35,0.5863,0.000113,-24.28,81.25
2026-08-28 15:27:00,77194.59,1730.0,1730.0,1730.0,1730.0,0,15.0,0.5926,0.000122,-22.18,80.94
2026-08-28 15:28:00,77264.51,1730.0,1730.0,1730.0,1730.0,0,15.0,0.6012,0.000122,-22.07,80.56
2026-08-28 15:29:00,77264.51,1738.7,1738.7,1729.45,1729.45,40,15.84,0.5967,0.000116,-23.37,80.8
2026-08-31 09:34:00,76991.36,1435.0,1435.0,1435.0,1435.0,20,14.95,0.571,0.000132,-23.61,77.47
2026-08-31 09:35:00,76961.73,1419.7,1419.7,1419.7,1419.7,20,14.97,0.567,0.000132,-23.68,77.58
2026-08-31 09:36:00,76973.08,1419.7,1419.7,1419.7,1419.7,0,15.0,0.5684,0.000131,-23.72,77.54
2026-08-31 09:37:00,76995.53,1419.7,1419.7,1419.7,1419.7,0,15.0,0.5713,0.000131,-23.69,77.46
2026-08-31 09:38:00,76966.89,1419.7,1419.7,1419.7,1419.7,0,15.0,0.5676,0.000131,-23.73,77.56
2026-08-31 09:39:00,76959.81,1419.7,1419.7,1419.7,1419.7,0,15.0,0.5667,0.000131,-23.74,77.59
2026-08-31 09:40:00,76961.43,1419.7,1419.7,1419.7,1419.7,0,15.0,0.5669,0.000131,-23.74,77.58
2026-08-31 09:41:00,76938.78,1419.7,1419.7,1400.0,1400.0,20,14.88,0.5643,0.000133,-23.57,77.64
2026-08-31 09:42:00,76910.8,1400.0,1400.0,1400.0,1400.0,0,15.0,0.5602,0.000132,-23.8,77.75
2026-08-31 09:43:00,76893.03,1400.0,1400.0,1400.0,1400.0,0,15.0,0.5579,0.000132,-23.81,77.8
2026-08-31 09:44:00,76876.7,1400.0,1400.0,1400.0,1400.0,0,15.0,0.5557,0.000132,-23.83,77.84
2026-08-31 09:45:00,76889.46,1400.0,1400.0,1400.0,1400.0,0,15.0,0.5574,0.000132,-23.82,77.81
2026-08-31 09:46:00,76909.7,1400.0,1400.0,1400.0,1400.0,0,15.0,0.5601,0.000132,-23.8,77.74
2026-08-31 09:47:00,76914.52,1400.0,1400.0,1400.0,1400.0,0,15.0,0.5607,0.000132,-23.79,77.73
2026-08-31 09:48:00,76884.24,1400.0,1400.0,1400.0,1400.0,0,15.0,0.5567,0.000132,-23.82,77.82
2026-08-31 09:49:00,76896.55,1400.0,1411.35,1400.0,1411.35,20,15.34,0.5573,0.000129,-24.36,77.81
2026-08-31 09:50:00,76904.5,1411.35,1411.35,1411.35,1411.35,0,15.0,0.5594,0.000132,-23.8,77.76
2026-08-31 09:51:00,76913.95,1411.35,1411.35,1411.35,1411.35,0,15.0,0.5606,0.000132,-23.8,77.73
2026-08-31 09:52:00,76865.6,1411.35,1411.35,1411.35,1411.35,0,15.0,0.5542,0.000132,-23.84,77.87
2026-08-31 09:53:00,76883.88,1411.35,1411.35,1411.35,1411.35,0,15.0,0.5567,0.000132,-23.83,77.81
2026-08-31 09:54:00,76876.62,1411.35,1411.35,1411.35,1411.35,0,15.0,0.5557,0.000132,-23.83,77.83
2026-08-31 09:55:00,76867.15,1411.35,1411.35,1411.35,1411.35,0,15.0,0.5544,0.000132,-23.84,77.86
2026-08-31 09:56:00,76846.4,1411.35,1411.35,1411.35,1411.35,0,15.0,0.5517,0.000132,-23.86,77.91
2026-08-31 09:57:00,76850.88,1411.35,1411.35,1411.35,1411.35,0,15.0,0.5523,0.000132,-23.86,77.9
2026-08-31 09:58:00,76869.8,1411.35,1411.35,1411.35,1411.35,0,15.0,0.5548,0.000132,-23.84,77.85
2026-08-31 09:59:00,76874.11,1411.35,1411.35,1411.35,1411.35,0,15.0,0.5554,0.000132,-23.84,77.83
2026-08-31 10:00:00,76889.7,1411.35,1411.35,1411.35,1411.35,0,15.0,0.5574,0.000132,-23.82,77.79
2026-08-31 10:01:00,76879.37,1411.35,1411.35,1411.35,1411.35,0,15.0,0.5561,0.000132,-23.83,77.82
2026-08-31 10:02:00,76893.04,1411.35,1411.35,1411.35,1411.35,0,15.0,0.5579,0.000132,-23.82,77.78
2026-08-31 10:03:00,76880.26,1411.35,1411.35,1411.35,1411.35,0,15.0,0.5562,0.000132,-23.83,77.81
2026-08-31 10:04:00,76900.98,1411.35,1411.35,1411.35,1411.35,0,15.0,0.5589,0.000132,-23.81,77.75
2026-08-31 10:05:00,76921.5,1411.35,1411.35,1411.35,1411.35,0,15.0,0.5616,0.000132,-23.79,77.69
2026-08-31 10:06:00,76932.93,1411.35,1411.35,1411.35,1411.35,0,15.0,0.5631,0.000132,-23.78,77.65
2026-08-31 10:07:00,76924.15,1411.35,1411.35,1411.35,1411.35,0,15.0,0.562,0.000132,-23.79,77.67
2026-08-31 10:08:00,76919.66,1411.35,1411.35,1411.35,1411.35,0,15.0,0.5614,0.000132,-23.79,77.69
2026-08-31 10:09:00,76883.75,1411.35,1411.35,1411.35,1411.35,0,15.0,0.5567,0.000132,-23.83,77.8
2026-08-31 10:10:00,76844.94,1411.35,1411.35,1411.35,1411.35,0,15.0,0.5515,0.000133,-23.87,77.9
2026-08-31 10:11:00,76831.34,1411.35,1411.35,1411.35,1411.35,0,15.0,0.5497,0.000133,-23.88,77.93
2026-08-31 10:12:00,76816.14,1411.35,1411.35,1360.0,1360.0,40,15.25,0.5471,0.000131,-24.3,77.98
2026-08-31 10:13:00,76845.45,1360.0,1360.0,1360.0,1360.0,0,15.0,0.5516,0.000133,-23.87,77.9
2026-08-31 10:14:00,76841.1,1360.0,1360.0,1360.0,1360.0,0,15.0,0.551,0.000133,-23.87,77.91
2026-08-31 10:15:00,76839.23,1360.0,1360.0,1360.0,1360.0,0,15.0,0.5508,0.000133,-23.88,77.91
2026-08-31 10:16:00,76822.02,1360.0,1360.0,1360.0,1360.0,0,15.0,0.5485,0.000133,-23.89,77.95
2026-08-31 10:17:00,76817.41,1360.0,1360.0,1360.0,1360.0,0,15.0,0.5479,0.000133,-23.9,77.96
2026-08-31 10:18:00,76827.26,1360.0,1360.0,1360.0,1360.0,0,15.0,0.5492,0.000133,-23.89,77.93
2026-08-31 10:19:00,76816.56,1360.0,1360.0,1360.0,1360.0,0,15.0,0.5478,0.000133,-23.9,77.96
2026-08-31 10:20:00,76805.98,1360.0,1360.0,1356.2,1356.2,200,15.28,0.5458,0.00013,-24.35,78.0
2026-08-31 10:21:00,76803.38,1356.2,1356.2,1356.2,1356.2,0,15.0,0.546,0.000133,-23.91,77.99
2026-08-31 10:22:00,76812.03,1356.2,1389.5,1356.2,1389.5,40,15.66,0.5457,0.000127,-24.97,78.0
2026-08-31 10:23:00,76801.2,1389.5,1389.5,1389.5,1389.5,0,15.0,0.5457,0.000133,-23.91,77.99
2026-08-31 10:24:00,76798.73,1389.5,1389.5,1389.5,1389.5,0,15.0,0.5454,0.000133,-23.91,77.99
2026-08-31 10:25:00,76801.21,1389.5,1389.5,1389.5,1389.5,0,15.0,0.5457,0.000133,-23.91,77.99
2026-08-31 10:26:00,76843.09,1389.5,1389.5,1389.5,1389.5,0,15.0,0.5513,0.000133,-23.88,77.89
2026-08-31 10:27:00,76850.75,1389.5,1389.5,1389.5,1389.5,0,15.0,0.5523,0.000133,-23.87,77.87
2026-08-31 10:28:00,76868.42,1389.5,1389.5,1389.5,1389.5,0,15.0,0.5546,0.000132,-23.85,77.82
2026-08-31 10:29:00,76856.88,1389.5,1389.5,1389.5,1389.5,0,15.0,0.5531,0.000132,-23.87,77.85
2026-08-31 10:30:00,76859.54,1389.5,1389.5,1389.5,1389.5,0,15.0,0.5535,0.000132,-23.86,77.84
2026-08-31 10:31:00,76851.8,1389.5,1389.5,1389.5,1389.5,0,15.0,0.5524,0.000133,-23.87,77.86
2026-08-31 10:32:00,76839.25,1389.5,1389.5,1389.5,1389.5,0,15.0,0.5508,0.000133,-23.88,77.89
2026-08-31 10:33:00,76817.01,1389.5,1389.5,1389.5,1389.5,0,15.0,0.5478,0.000133,-23.9,77.94
2026-08-31 10:34:00,76795.43,1389.5,1389.5,1389.5,1389.5,0,15.0,0.545,0.000133,-23.92,77.99
2026-08-31 10:35:00,76796.48,1389.5,1389.5,1389.5,1389.5,0,15.0,0.5451,0.000133,-23.92,77.99
2026-08-31 10:36:00,76797.78,1389.5,1389.5,1385.75,1385.75,20,15.72,0.5438,0.000127,-25.07,78.02
2026-08-31 10:37:00,76786.54,1385.75,1385.75,1385.75,1385.75,20,15.79,0.5423,0.000126,-25.21,78.04
2026-08-31 10:38:00,76759.16,1385.75,1385.75,1350.0,1350.0,20,15.53,0.5392,0.000129,-24.79,78.07
2026-08-31 10:39:00,76775.63,1350.0,1350.0,1350.0,1350.0,0,15.0,0.5423,0.000133,-23.94,78.02
2026-08-31 10:40:00,76764.42,1350.0,1350.0,1350.0,1350.0,0,15.0,0.5408,0.000133,-23.94,78.04
2026-08-31 10:41:00,76775.5,1350.0,1350.0,1350.0,1350.0,0,15.0,0.5423,0.000133,-23.94,78.02
2026-08-31 10:42:00,76779.16,1350.0,1350.0,1350.0,1350.0,0,15.0,0.5428,0.000133,-23.93,78.01
2026-08-31 10:43:00,76800.07,1350.0,1350.0,1350.0,1350.0,0,15.0,0.5456,0.000133,-23.92,77.97
2026-08-31 10:44:00,76799.67,1350.0,1350.0,1350.0,1350.0,0,15.0,0.5455,0.000133,-23.92,77.97
2026-08-31 10:45:00,76803.44,1350.0,1350.0,1350.0,1350.0,0,15.0,0.546,0.000133,-23.92,77.96
2026-08-31 10:46:00,76796.21,1350.0,1350.0,1350.0,1350.0,0,15.0,0.5451,0.000133,-23.92,77.97
2026-08-31 10:47:00,76779.41,1350.0,1350.0,1350.0,1350.0,0,15.0,0.5428,0.000133,-23.94,78.01
2026-08-31 10:48:00,76788.65,1350.0,1350.0,1350.0,1350.0,0,15.0,0.5441,0.000133,-23.93,77.99
2026-08-31 10:49:00,76783.66,1388.05,1388.05,1388.05,1388.05,20,15.85,0.5418,0.000126,-25.3,78.03
2026-08-31 10:50:00,76780.56,1388.05,1388.05,1388.05,1388.05,0,15.0,0.543,0.000133,-23.94,78.0
2026-08-31 10:51:00,76760.38,1388.05,1388.05,1388.05,1388.05,0,15.0,0.5403,0.000133,-23.95,78.04
2026-08-31 10:52:00,76775.22,1388.05,1388.05,1388.05,1388.05,0,15.0,0.5423,0.000133,-23.94,78.01
2026-08-31 10:53:00,76783.59,1388.05,1388.05,1388.05,1388.05,0,15.0,0.5434,0.000133,-23.93,77.99
2026-08-31 10:54:00,76788.85,1388.05,1388.05,1388.05,1388.05,0,15.0,0.5441,0.000133,-23.93,77.98
2026-08-31 10:55:00,76784.99,1388.05,1388.05,1388.05,1388.05,0,15.0,0.5436,0.000133,-23.93,77.99
2026-08-31 10:56:00,76779.77,1388.05,1388.05,1388.05,1388.05,0,15.0,0.5429,0.000133,-23.94,78.0
2026-08-31 10:57:00,76796.84,1388.05,1388.05,1388.05,1388.05,0,15.0,0.5452,0.000133,-23.93,77.96
2026-08-31 10:58:00,76814.27,1388.05,1388.05,1388.05,1388.05,0,15.0,0.5475,0.000133,-23.91,77.92
2026-08-31 10:59:00,76809.1,1388.05,1388.05,1388.05,1388.05,0,15.0,0.5468,0.000133,-23.92,77.93
2026-08-31 11:00:00,76828.09,1388.05,1388.05,1388.05,1388.05,0,15.0,0.5493,0.000133,-23.9,77.89
2026-08-31 11:01:00,76821.32,1388.05,1388.05,1388.05,1388.05,0,15.0,0.5484,0.000133,-23.91,77.9
2026-08-31 11:02:00,76815.31,1388.05,1388.05,1388.05,1388.05,0,15.0,0.5476,0.000133,-23.91,77.91
2026-08-31 11:03:00,76812.67,1388.05,1388.05,1388.05,1388.05,0,15.0,0.5473,0.000133,-23.92,77.92
2026-08-31 11:04:00,76815.02,1388.05,1388.05,1388.05,1388.05,0,15.0,0.5476,0.000133,-23.91,77.91
2026-08-31 11:05:00,76809.37,1388.05,1388.05,1388.05,1388.05,0,15.0,0.5468,0.000133,-23.92,77.92
2026-08-31 11:06:00,76790.85,1388.05,1388.05,1388.05,1388.05,0,15.0,0.5444,0.000133,-23.93,77.96
2026-08-31 11:07:00,76793.94,1388.05,1388.05,1388.05,1388.05,0,15.0,0.5448,0.000133,-23.93,77.96
2026-08-31 11:08:00,76791.55,1388.05,1388.05,1388.05,1388.05,0,15.0,0.5445,0.000133,-23.93,77.96
2026-08-31 11:09:00,76778.25,1388.05,1388.05,1388.05,1388.05,0,15.0,0.5427,0.000133,-23.94,77.98
2026-08-31 11:10:00,76780.63,1388.05,1388.05,1388.05,1388.05,0,15.0,0.543,0.000133,-23.94,77.98
2026-08-31 11:11:00,76764.55,1388.05,1388.05,1388.05,1388.05,0,15.0,0.5409,0.000133,-23.95,78.01
2026-08-31 11:12:00,76764.88,1388.05,1388.05,1388.05,1388.05,0,15.0,0.5409,0.000133,-23.95,78.01
2026-08-31 11:13:00,76771.51,1388.05,1388.05,1388.05,1388.05,0,15.0,0.5418,0.000133,-23.95,77.99
2026-08-31 11:14:00,76789.55,1388.05,1388.05,1388.05,1388.05,0,15.0,0.5442,0.000133,-23.94,77.96
2026-08-31 11:15:00,76788.66,1388.05,1388.05,1388.05,1388.05,0,15.0,0.5441,0.000133,-23.94,77.96
2026-08-31 11:16:00,76810.19,1388.05,1388.05,1388.05,1388.05,0,15.0,0.5469,0.000133,-23.92,77.91
2026-08-31 11:17:00,76811.62,1388.05,1388.05,1388.05,1388.05,0,15.0,0.5471,0.000133,-23.92,77.91
2026-08-31 11:18:00,76802.68,1401.95,1401.95,1401.95,1401.95,20,15.9,0.5441,0.000126,-25.38,77.97
2026-08-31 11:19:00,76799.07,1401.95,1401.95,1401.95,1401.95,0,15.0,0.5455,0.000133,-23.93,77.93
2026-08-31 11:20:00,76806.91,1401.95,1401.95,1401.95,1401.95,0,15.0,0.5465,0.000133,-23.93,77.91
2026-08-31 11:21:00,76798.72,1401.95,1401.95,1401.95,1401.95,0,15.0,0.5454,0.000133,-23.93,77.93
2026-08-31 11:22:00,76820.1,1401.95,1401.95,1401.95,1401.95,0,15.0,0.5483,0.000133,-23.92,77.88
2026-08-31 11:23:00,76809.7,1401.95,1401.95,1401.95,1401.95,0,15.0,0.5469,0.000133,-23.92,77.9
2026-08-31 11:24:00,76790.68,1401.95,1401.95,1401.95,1401.95,0,15.0,0.5443,0.000133,-23.94,77.94
2026-08-31 11:25:00,76797.27,1401.95,1401.95,1401.95,1401.95,0,15.0,0.5452,0.000133,-23.94,77.93
2026-08-31 11:26:00,76801.39,1401.95,1401.95,1401.95,1401.95,0,15.0,0.5458,0.000133,-23.93,77.92
2026-08-31 11:27:00,76797.33,1401.95,1401.95,1401.95,1401.95,0,15.0,0.5452,0.000133,-23.94,77.93
2026-08-31 11:28:00,76796.28,1401.95,1401.95,1401.95,1401.95,0,15.0,0.5451,0.000133,-23.94,77.93
2026-08-31 11:29:00,76815.86,1401.95,1401.95,1401.95,1401.95,0,15.0,0.5477,0.000133,-23.92,77.88
2026-08-31 11:30:00,76833.12,1401.95,1401.95,1401.95,1401.95,0,15.0,0.55,0.000133,-23.91,77.84
2026-08-31 11:31:00,76821.74,1401.95,1401.95,1401.95,1401.95,0,15.0,0.5485,0.000133,-23.92,77.87
2026-08-31 11:32:00,76826.84,1401.95,1401.95,1401.95,1401.95,0,15.0,0.5492,0.000133,-23.91,77.85
2026-08-31 11:33:00,76821.26,1401.95,1401.95,1401.95,1401.95,0,15.0,0.5484,0.000133,-23.92,77.87
2026-08-31 11:34:00,76843.03,1401.95,1410.0,1401.95,1410.0,20,15.72,0.5496,0.000127,-25.07,77.86
2026-08-31 11:35:00,76848.4,1410.0,1410.0,1410.0,1410.0,0,15.0,0.552,0.000133,-23.9,77.8
2026-08-31 11:36:00,76859.54,1410.0,1410.0,1410.0,1410.0,0,15.0,0.5535,0.000133,-23.89,77.77
2026-08-31 11:37:00,76835.43,1410.0,1410.0,1410.0,1410.0,0,15.0,0.5503,0.000133,-23.91,77.83
2026-08-31 11:38:00,76848.45,1410.0,1410.0,1410.0,1410.0,0,15.0,0.552,0.000133,-23.9,77.79
2026-08-31 11:39:00,76842.4,1410.0,1410.0,1410.0,1410.0,0,15.0,0.5512,0.000133,-23.9,77.81
2026-08-31 11:40:00,76858.42,1410.0,1410.0,1410.0,1410.0,0,15.0,0.5534,0.000133,-23.89,77.76
2026-08-31 11:41:00,76861.24,1410.0,1410.0,1410.0,1410.0,0,15.0,0.5537,0.000133,-23.89,77.76
2026-08-31 11:42:00,76872.52,1410.0,1410.0,1410.0,1410.0,0,15.0,0.5552,0.000132,-23.88,77.72
2026-08-31 11:43:00,76879.57,1410.0,1410.0,1410.0,1410.0,0,15.0,0.5562,0.000132,-23.87,77.7
2026-08-31 11:44:00,76865.4,1410.0,1410.0,1410.0,1410.0,0,15.0,0.5543,0.000133,-23.88,77.74
2026-08-31 11:45:00,76871.36,1410.0,1410.0,1410.0,1410.0,0,15.0,0.5551,0.000132,-23.88,77.72
2026-08-31 11:46:00,76871.93,1410.0,1410.0,1410.0,1410.0,0,15.0,0.5552,0.000132,-23.88,77.72
2026-08-31 11:47:00,76854.61,1410.0,1410.0,1410.0,1410.0,0,15.0,0.5529,0.000133,-23.89,77.77
2026-08-31 11:48:00,76842.21,1410.0,1410.0,1410.0,1410.0,0,15.0,0.5512,0.000133,-23.91,77.8
2026-08-31 11:49:00,76879.58,1410.0,1410.0,1410.0,1410.0,0,15.0,0.5562,0.000132,-23.87,77.7
2026-08-31 11:50:00,76884.3,1410.0,1410.0,1392.3,1392.3,40,15.2,0.5562,0.000131,-24.2,77.7
2026-08-31 11:51:00,76887.31,1392.3,1392.3,1392.3,1392.3,0,15.0,0.5572,0.000132,-23.86,77.67
2026-08-31 11:52:00,76894.29,1392.3,1392.3,1392.3,1392.3,0,15.0,0.5581,0.000132,-23.86,77.65
2026-08-31 11:53:00,76916.31,1392.3,1392.3,1392.3,1392.3,0,15.0,0.561,0.000132,-23.83,77.58
2026-08-31 11:54:00,76988.65,1392.3,1392.3,1392.3,1392.3,0,15.0,0.5706,0.000131,-23.75,77.33
2026-08-31 11:55:00,77020.13,1392.3,1392.3,1392.3,1392.3,0,15.0,0.5747,0.000131,-23.71,77.2
2026-08-31 11:56:00,77049.5,1392.3,1392.3,1392.3,1392.3,0,15.0,0.5785,0.000131,-23.67,77.08
2026-08-31 11:57:00,77029.46,1392.3,1392.3,1392.3,1392.3,0,15.0,0.5759,0.000131,-23.7,77.16
2026-08-31 11:58:00,77007.08,1392.3,1392.3,1392.3,1392.3,0,15.0,0.573,0.000131,-23.73,77.25
2026-08-31 11:59:00,76987.57,1392.3,1392.3,1392.3,1392.3,0,15.0,0.5704,0.000131,-23.75,77.33
2026-08-31 12:00:00,76982.99,1392.3,1392.3,1392.3,1392.3,0,15.0,0.5698,0.000132,-23.76,77.34
2026-08-31 12:01:00,76966.27,1392.3,1392.3,1392.3,1392.3,0,15.0,0.5676,0.000132,-23.78,77.4
2026-08-31 12:02:00,76977.22,1392.3,1392.3,1392.3,1392.3,0,15.0,0.5691,0.000132,-23.77,77.36
2026-08-31 12:03:00,76989.29,1392.3,1392.3,1392.3,1392.3,0,15.0,0.5707,0.000131,-23.75,77.31
2026-08-31 12:04:00,77008.33,1392.3,1392.3,1392.3,1392.3,0,15.0,0.5732,0.000131,-23.73,77.24
2026-08-31 12:05:00,76989.03,1392.3,1559.9,1392.3,1559.9,20,16.61,0.5652,0.000119,-26.37,77.5
2026-08-31 12:06:00,76984.91,1559.9,1559.9,1559.9,1559.9,0,15.0,0.5701,0.000132,-23.76,77.33
2026-08-31 12:07:00,76985.11,1559.9,1559.9,1559.9,1559.9,0,15.0,0.5701,0.000132,-23.76,77.33
2026-08-31 12:08:00,76968.15,1559.9,1559.9,1559.9,1559.9,0,15.0,0.5679,0.000132,-23.78,77.39
2026-08-31 12:09:00,76964.92,1559.9,1559.9,1474.55,1474.55,20,15.69,0.5651,0.000126,-24.9,77.48
2026-08-31 12:10:00,76959.59,1474.55,1474.55,1474.55,1474.55,0,15.0,0.5668,0.000132,-23.79,77.42
2026-08-31 12:11:00,76970.72,1474.55,1474.55,1474.55,1474.55,0,15.0,0.5682,0.000132,-23.78,77.37
2026-08-31 12:12:00,76973.5,1474.55,1474.55,1474.55,1474.55,0,15.0,0.5686,0.000132,-23.77,77.36
2026-08-31 12:13:00,76956.43,1474.55,1474.55,1474.55,1474.55,0,15.0,0.5663,0.000132,-23.8,77.42
2026-08-31 12:14:00,76946.52,1474.55,1474.55,1474.55,1474.55,0,15.0,0.565,0.000132,-23.81,77.46
2026-08-31 12:15:00,76940.77,1474.55,1474.55,1474.55,1474.55,0,15.0,0.5643,0.000132,-23.81,77.48
2026-08-31 12:16:00,76966.08,1474.55,1474.55,1474.55,1474.55,0,15.0,0.5676,0.000132,-23.79,77.39
2026-08-31 12:17:00,76972.88,1474.55,1474.55,1474.55,1474.55,0,15.0,0.5685,0.000132,-23.78,77.36
2026-08-31 12:18:00,76975.23,1474.55,1474.55,1474.55,1474.55,0,15.0,0.5688,0.000132,-23.77,77.35
2026-08-31 12:19:00,76986.72,1474.55,1474.55,1474.55,1474.55,0,15.0,0.5703,0.000132,-23.76,77.31
2026-08-31 12:20:00,76998.78,1474.55,1474.55,1474.55,1474.55,0,15.0,0.5719,0.000131,-23.74,77.26
2026-08-31 12:21:00,77001.72,1474.55,1474.55,1474.55,1474.55,0,15.0,0.5723,0.000131,-23.74,77.25
2026-08-31 12:22:00,77015.46,1474.55,1541.55,1474.55,1541.55,20,16.18,0.5697,0.000122,-25.65,77.35
2026-08-31 12:23:00,76991.88,1541.55,1541.55,1541.55,1541.55,0,15.0,0.571,0.000131,-23.76,77.28
2026-08-31 12:24:00,76980.18,1541.55,1541.55,1541.55,1541.55,0,15.0,0.5695,0.000132,-23.77,77.33
2026-08-31 12:25:00,76972.61,1541.55,1541.55,1541.55,1541.55,0,15.0,0.5685,0.000132,-23.78,77.35
2026-08-31 12:26:00,76974.61,1541.55,1541.55,1541.55,1541.55,0,15.0,0.5687,0.000132,-23.78,77.34
2026-08-31 12:27:00,76974.43,1541.55,1541.55,1541.55,1541.55,0,15.0,0.5687,0.000132,-23.78,77.34
2026-08-31 12:28:00,76962.36,1541.55,1541.55,1541.55,1541.55,0,15.0,0.5671,0.000132,-23.79,77.39
2026-08-31 12:29:00,76974.09,1541.55,1541.55,1541.55,1541.55,0,15.0,0.5687,0.000132,-23.78,77.34
2026-08-31 12:30:00,76955.27,1541.55,1541.55,1541.55,1541.55,0,15.0,0.5662,0.000132,-23.8,77.41
2026-08-31 12:31:00,76953.49,1541.55,1541.55,1500.0,1500.0,20,16.1,0.5624,0.000123,-25.6,77.53
2026-08-31 12:32:00,76971.17,1500.0,1500.0,1500.0,1500.0,0,15.0,0.5683,0.000132,-23.78,77.35
2026-08-31 12:33:00,76965.19,1500.0,1500.0,1500.0,1500.0,0,15.0,0.5675,0.000132,-23.79,77.37
2026-08-31 12:34:00,76945.83,1500.0,1500.0,1500.0,1500.0,0,15.0,0.565,0.000132,-23.82,77.44
2026-08-31 12:35:00,76962.73,1500.0,1500.0,1500.0,1500.0,0,15.0,0.5672,0.000132,-23.8,77.38
2026-08-31 12:36:00,76968.52,1500.0,1500.0,1500.0,1500.0,0,15.0,0.568,0.000132,-23.79,77.35
2026-08-31 12:37:00,76965.87,1500.0,1500.0,1500.0,1500.0,0,15.0,0.5676,0.000132,-23.79,77.36
2026-08-31 12:38:00,76979.17,1500.0,1500.0,1500.0,1500.0,0,15.0,0.5694,0.000132,-23.78,77.31
2026-08-31 12:39:00,76984.66,1500.0,1500.0,1500.0,1500.0,0,15.0,0.5701,0.000132,-23.77,77.29
2026-08-31 12:40:00,76997.22,1500.0,1500.0,1500.0,1500.0,0,15.0,0.5717,0.000131,-23.75,77.24
2026-08-31 12:41:00,77006.03,1500.0,1500.0,1500.0,1500.0,0,15.0,0.5729,0.000131,-23.74,77.21
2026-08-31 12:42:00,76989.63,1500.0,1500.0,1500.0,1500.0,0,15.0,0.5707,0.000132,-23.76,77.27
2026-08-31 12:43:00,76978.09,1500.0,1500.0,1500.0,1500.0,0,15.0,0.5692,0.000132,-23.78,77.31
2026-08-31 12:44:00,76991.08,1500.0,1500.0,1500.0,1500.0,0,15.0,0.5709,0.000132,-23.76,77.26
2026-08-31 12:45:00,76978.55,1500.0,1500.0,1500.0,1500.0,0,15.0,0.5693,0.000132,-23.78,77.31
2026-08-31 12:46:00,76957.31,1500.0,1500.0,1500.0,1500.0,0,15.0,0.5665,0.000132,-23.81,77.38
2026-08-31 12:47:00,76967.32,1500.0,1500.0,1500.0,1500.0,0,15.0,0.5678,0.000132,-23.79,77.35
2026-08-31 12:48:00,76965.47,1500.0,1500.0,1500.0,1500.0,0,15.0,0.5676,0.000132,-23.8,77.35
2026-08-31 12:49:00,76975.16,1500.0,1500.0,1500.0,1500.0,0,15.0,0.5688,0.000132,-23.79,77.32
2026-08-31 12:50:00,76987.84,1500.0,1500.0,1500.0,1500.0,0,15.0,0.5705,0.000132,-23.77,77.27
2026-08-31 12:51:00,76986.09,1500.0,1500.0,1500.0,1500.0,0,15.0,0.5703,0.000132,-23.77,77.27
2026-08-31 12:52:00,76995.31,1500.0,1500.0,1500.0,1500.0,0,15.0,0.5715,0.000131,-23.76,77.24
2026-08-31 12:53:00,76996.15,1500.0,1500.0,1500.0,1500.0,0,15.0,0.5716,0.000131,-23.76,77.23
2026-08-31 12:54:00,77008.91,1500.0,1500.0,1500.0,1500.0,0,15.0,0.5733,0.000131,-23.74,77.18
2026-08-31 12:55:00,76998.94,1500.0,1500.0,1500.0,1500.0,0,15.0,0.572,0.000131,-23.76,77.22
2026-08-31 12:56:00,77009.24,1500.0,1500.0,1500.0,1500.0,0,15.0,0.5733,0.000131,-23.74,77.18
2026-08-31 12:57:00,76998.86,1500.0,1500.0,1500.0,1500.0,0,15.0,0.572,0.000131,-23.76,77.22
2026-08-31 12:58:00,77005.26,1500.0,1500.0,1500.0,1500.0,0,15.0,0.5728,0.000131,-23.75,77.19
2026-08-31 12:59:00,76993.21,1500.0,1500.0,1500.0,1500.0,0,15.0,0.5712,0.000132,-23.77,77.24
2026-08-31 13:00:00,76982.39,1500.0,1500.0,1500.0,1500.0,0,15.0,0.5698,0.000132,-23.78,77.28
2026-08-31 13:01:00,76996.11,1500.0,1500.0,1500.0,1500.0,0,15.0,0.5716,0.000132,-23.76,77.22
2026-08-31 13:02:00,76993.19,1500.0,1500.0,1500.0,1500.0,0,15.0,0.5712,0.000132,-23.77,77.23
2026-08-31 13:03:00,76991.09,1500.0,1500.0,1500.0,1500.0,0,15.0,0.5709,0.000132,-23.77,77.24
2026-08-31 13:04:00,76996.28,1500.0,1500.0,1500.0,1500.0,0,15.0,0.5716,0.000132,-23.76,77.22
2026-08-31 13:05:00,76993.03,1500.0,1505.55,1500.0,1505.55,20,15.89,0.568,0.000124,-25.22,77.35
2026-08-31 13:06:00,76988.15,1505.55,1505.55,1505.55,1505.55,0,15.0,0.5706,0.000132,-23.77,77.25
2026-08-31 13:07:00,76986.09,1505.55,1505.55,1505.55,1505.55,0,15.0,0.5703,0.000132,-23.78,77.25
2026-08-31 13:08:00,76985.22,1505.55,1505.55,1505.55,1505.55,0,15.0,0.5702,0.000132,-23.78,77.26
2026-08-31 13:09:00,76977.01,1505.55,1505.55,1505.55,1505.55,0,15.0,0.5691,0.000132,-23.79,77.29
2026-08-31 13:10:00,76971.05,1505.55,1505.55,1505.55,1505.55,0,15.0,0.5683,0.000132,-23.8,77.31
2026-08-31 13:11:00,76982.08,1505.55,1505.55,1505.55,1505.55,0,15.0,0.5698,0.000132,-23.78,77.26
2026-08-31 13:12:00,76982.96,1505.55,1505.55,1505.55,1505.55,0,15.0,0.5699,0.000132,-23.78,77.26
2026-08-31 13:13:00,76995.93,1505.55,1505.55,1505.55,1505.55,0,15.0,0.5716,0.000132,-23.77,77.21
2026-08-31 13:14:00,77010.17,1505.55,1505.55,1505.55,1505.55,0,15.0,0.5735,0.000131,-23.75,77.15
2026-08-31 13:15:00,77009.65,1505.55,1505.55,1505.55,1505.55,0,15.0,0.5734,0.000131,-23.75,77.15
2026-08-31 13:16:00,77002.91,1505.55,1505.55,1505.55,1505.55,0,15.0,0.5725,0.000131,-23.76,77.18
2026-08-31 13:17:00,76994.83,1505.55,1505.55,1505.55,1505.55,0,15.0,0.5715,0.000132,-23.77,77.21
2026-08-31 13:18:00,76996.99,1505.55,1505.55,1505.55,1505.55,0,15.0,0.5717,0.000132,-23.77,77.2
2026-08-31 13:19:00,76988.04,1505.55,1505.55,1505.55,1505.55,0,15.0,0.5706,0.000132,-23.78,77.23
2026-08-31 13:20:00,76988.51,1505.55,1505.55,1505.55,1505.55,0,15.0,0.5706,0.000132,-23.78,77.23
2026-08-31 13:21:00,76990.62,1505.55,1505.55,1505.55,1505.55,0,15.0,0.5709,0.000132,-23.78,77.22
2026-08-31 13:22:00,76987.5,1505.55,1505.55,1505.55,1505.55,0,15.0,0.5705,0.000132,-23.78,77.23
2026-08-31 13:23:00,76984.79,1505.55,1505.55,1505.55,1505.55,0,15.0,0.5701,0.000132,-23.78,77.24
2026-08-31 13:24:00,76988.43,1505.55,1505.55,1505.55,1505.55,0,15.0,0.5706,0.000132,-23.78,77.23
2026-08-31 13:25:00,76988.24,1505.55,1505.55,1505.55,1505.55,0,15.0,0.5706,0.000132,-23.78,77.23
2026-08-31 13:26:00,76988.25,1505.55,1505.55,1505.55,1505.55,0,15.0,0.5706,0.000132,-23.78,77.22
2026-08-31 13:27:00,77006.21,1505.55,1505.55,1505.55,1505.55,0,15.0,0.573,0.000131,-23.76,77.15
2026-08-31 13:28:00,76988.87,1505.55,1505.55,1505.55,1505.55,0,15.0,0.5707,0.000132,-23.78,77.22
2026-08-31 13:29:00,76992.43,1505.55,1505.55,1505.55,1505.55,0,15.0,0.5711,0.000132,-23.78,77.21
2026-08-31 13:30:00,76989.72,1505.55,1505.55,1505.55,1505.55,0,15.0,0.5708,0.000132,-23.78,77.21
2026-08-31 13:31:00,76989.65,1505.55,1505.55,1505.55,1505.55,0,15.0,0.5708,0.000132,-23.78,77.21
2026-08-31 13:32:00,76985.78,1505.55,1505.55,1505.55,1505.55,0,15.0,0.5703,0.000132,-23.79,77.23
2026-08-31 13:33:00,76998.45,1505.55,1505.55,1505.55,1505.55,0,15.0,0.5719,0.000132,-23.77,77.18
2026-08-31 13:34:00,76995.92,1505.55,1505.55,1505.55,1505.55,0,15.0,0.5716,0.000132,-23.77,77.19
2026-08-31 13:35:00,76991.91,1505.55,1505.55,1505.55,1505.55,0,15.0,0.5711,0.000132,-23.78,77.2
2026-08-31 13:36:00,76978.75,1505.55,1505.55,1505.55,1505.55,0,15.0,0.5694,0.000132,-23.8,77.25
2026-08-31 13:37:00,76977.14,1505.55,1505.55,1505.55,1505.55,0,15.0,0.5691,0.000132,-23.8,77.25
2026-08-31 13:38:00,76981.83,1505.55,1505.55,1505.55,1505.55,0,15.0,0.5698,0.000132,-23.79,77.24
2026-08-31 13:39:00,76970.95,1505.55,1505.55,1505.55,1505.55,0,15.0,0.5683,0.000132,-23.81,77.27
2026-08-31 13:40:00,76979.56,1505.55,1505.55,1505.55,1505.55,0,15.0,0.5695,0.000132,-23.8,77.24
2026-08-31 13:41:00,76962.78,1505.55,1505.55,1505.55,1505.55,0,15.0,0.5673,0.000132,-23.82,77.3
2026-08-31 13:42:00,76962.88,1505.55,1505.55,1505.55,1505.55,0,15.0,0.5673,0.000132,-23.82,77.3
2026-08-31 13:43:00,76946.02,1505.55,1505.55,1505.55,1505.55,0,15.0,0.565,0.000132,-23.84,77.36
2026-08-31 13:44:00,76951.02,1505.55,1505.55,1505.55,1505.55,0,15.0,0.5657,0.000132,-23.83,77.34
2026-08-31 13:45:00,76947.33,1505.55,1505.55,1505.55,1505.55,0,15.0,0.5652,0.000132,-23.84,77.35
2026-08-31 13:46:00,76949.42,1505.55,1505.55,1505.55,1505.55,0,15.0,0.5655,0.000132,-23.84,77.34
2026-08-31 13:47:00,76948.31,1505.55,1505.55,1505.55,1505.55,0,15.0,0.5653,0.000132,-23.84,77.35
2026-08-31 13:48:00,76955.03,1505.55,1505.55,1505.55,1505.55,0,15.0,0.5662,0.000132,-23.83,77.32
2026-08-31 13:49:00,76963.48,1505.55,1505.55,1505.55,1505.55,0,15.0,0.5673,0.000132,-23.82,77.29
2026-08-31 13:50:00,76969.59,1505.55,1505.55,1505.55,1505.55,0,15.0,0.5682,0.000132,-23.81,77.27
2026-08-31 13:51:00,76967.14,1505.55,1505.55,1505.55,1505.55,0,15.0,0.5678,0.000132,-23.82,77.27
2026-08-31 13:52:00,76968.79,1505.55,1505.55,1505.55,1505.55,0,15.0,0.5681,0.000132,-23.81,77.27
2026-08-31 13:53:00,76948.2,1505.55,1505.55,1505.55,1505.55,0,15.0,0.5653,0.000132,-23.84,77.34
2026-08-31 13:54:00,76953.86,1505.55,1505.55,1505.55,1505.55,0,15.0,0.5661,0.000132,-23.83,77.32
2026-08-31 13:55:00,76942.39,1505.55,1505.55,1505.55,1505.55,0,15.0,0.5646,0.000132,-23.85,77.36
2026-08-31 13:56:00,76941.6,1505.55,1505.55,1505.55,1505.55,0,15.0,0.5645,0.000132,-23.85,77.36
2026-08-31 13:57:00,76937.48,1505.55,1505.55,1496.05,1496.05,20,16.19,0.5603,0.000123,-25.79,77.49
2026-08-31 13:58:00,76930.25,1496.05,1496.05,1496.05,1496.05,0,15.0,0.563,0.000132,-23.86,77.39
2026-08-31 13:59:00,76920.64,1496.05,1501.05,1484.2,1484.2,100,16.16,0.5583,0.000123,-25.75,77.53
2026-08-31 14:00:00,76916.56,1484.2,1484.2,1484.2,1484.2,0,15.0,0.5612,0.000132,-23.88,77.44
2026-08-31 14:01:00,76900.31,1484.2,1490.3,1484.2,1490.3,40,16.38,0.5552,0.000122,-26.14,77.6
2026-08-31 14:02:00,76909.47,1490.3,1490.3,1484.8,1484.8,20,16.25,0.5567,0.000122,-25.91,77.56
2026-08-31 14:03:00,76890.11,1484.8,1484.8,1484.8,1484.8,0,15.0,0.5577,0.000133,-23.91,77.51
2026-08-31 14:04:00,76871.88,1484.8,1484.8,1484.8,1484.8,0,15.0,0.5552,0.000133,-23.93,77.57
2026-08-31 14:05:00,76847.73,1484.8,1484.8,1440.15,1440.15,40,16.11,0.5494,0.000124,-25.75,77.7
2026-08-31 14:06:00,76880.13,1440.15,1440.15,1440.15,1440.15,0,15.0,0.5563,0.000133,-23.92,77.54
2026-08-31 14:07:00,76891.19,1440.15,1440.15,1440.15,1440.15,0,15.0,0.5578,0.000133,-23.91,77.51
2026-08-31 14:08:00,76884.8,1440.15,1440.15,1440.15,1440.15,0,15.0,0.557,0.000133,-23.91,77.52
2026-08-31 14:09:00,76859.74,1440.15,1440.15,1440.15,1440.15,0,15.0,0.5536,0.000133,-23.94,77.59
2026-08-31 14:10:00,76873.31,1440.15,1440.15,1440.15,1440.15,0,15.0,0.5554,0.000133,-23.93,77.55
2026-08-31 14:11:00,76863.3,1440.15,1440.15,1440.15,1440.15,0,15.0,0.5541,0.000133,-23.94,77.58
2026-08-31 14:12:00,76867.82,1440.15,1440.15,1440.15,1440.15,0,15.0,0.5547,0.000133,-23.93,77.57
2026-08-31 14:13:00,76869.16,1440.15,1440.15,1440.15,1440.15,0,15.0,0.5549,0.000133,-23.93,77.56
2026-08-31 14:14:00,76862.48,1440.15,1440.15,1440.15,1440.15,0,15.0,0.554,0.000133,-23.94,77.58
2026-08-31 14:15:00,76870.91,1440.15,1440.15,1440.15,1440.15,0,15.0,0.5551,0.000133,-23.93,77.56
2026-08-31 14:16:00,76880.94,1440.15,1440.15,1440.15,1440.15,0,15.0,0.5564,0.000133,-23.92,77.53
2026-08-31 14:17:00,76874.92,1440.15,1440.15,1440.15,1440.15,0,15.0,0.5557,0.000133,-23.93,77.54
2026-08-31 14:18:00,76879.33,1440.15,1440.15,1440.15,1440.15,0,15.0,0.5562,0.000133,-23.92,77.53
2026-08-31 14:19:00,76867.92,1440.15,1440.15,1440.15,1440.15,0,15.0,0.5547,0.000133,-23.94,77.56
2026-08-31 14:20:00,76845.91,1440.15,1440.15,1440.15,1440.15,0,15.0,0.5518,0.000133,-23.96,77.62
2026-08-31 14:21:00,76847.53,1440.15,1440.15,1440.15,1440.15,0,15.0,0.552,0.000133,-23.95,77.61
2026-08-31 14:22:00,76830.43,1440.15,1473.5,1440.15,1473.5,20,16.67,0.5462,0.00012,-26.67,77.74
2026-08-31 14:23:00,76832.88,1473.5,1473.5,1473.5,1473.5,0,15.0,0.5501,0.000133,-23.97,77.65
2026-08-31 14:24:00,76829.64,1473.5,1473.5,1473.5,1473.5,0,15.0,0.5496,0.000133,-23.97,77.65
2026-08-31 14:25:00,76835.88,1473.5,1473.5,1473.5,1473.5,0,15.0,0.5505,0.000133,-23.97,77.64
2026-08-31 14:26:00,76849.2,1473.5,1473.5,1473.5,1473.5,0,15.0,0.5522,0.000133,-23.96,77.6
2026-08-31 14:27:00,76837.44,1473.5,1473.5,1473.5,1473.5,0,15.0,0.5507,0.000133,-23.97,77.63
2026-08-31 14:28:00,76826.61,1473.5,1473.5,1473.5,1473.5,0,15.0,0.5492,0.000133,-23.98,77.66
2026-08-31 14:29:00,76821.21,1473.5,1473.5,1473.5,1473.5,0,15.0,0.5485,0.000133,-23.98,77.67
2026-08-31 14:30:00,76840.27,1473.5,1473.5,1473.5,1473.5,0,15.0,0.5511,0.000133,-23.96,77.62
2026-08-31 14:31:00,76851.32,1473.5,1473.5,1473.5,1473.5,0,15.0,0.5525,0.000133,-23.96,77.59
2026-08-31 14:32:00,76859.17,1473.5,1473.5,1473.5,1473.5,0,15.0,0.5536,0.000133,-23.95,77.57
2026-08-31 14:33:00,76857.77,1473.5,1473.5,1473.5,1473.5,0,15.0,0.5534,0.000133,-23.95,77.57
2026-08-31 14:34:00,76867.49,1473.5,1473.5,1473.5,1473.5,0,15.0,0.5547,0.000133,-23.94,77.54
2026-08-31 14:35:00,76867.57,1473.5,1473.5,1473.5,1473.5,0,15.0,0.5547,0.000133,-23.94,77.54
2026-08-31 14:36:00,76860.9,1473.5,1473.5,1473.5,1473.5,0,15.0,0.5538,0.000133,-23.95,77.56
2026-08-31 14:37:00,76862.11,1473.5,1473.5,1473.5,1473.5,0,15.0,0.554,0.000133,-23.95,77.56
2026-08-31 14:38:00,76875.33,1473.5,1473.5,1473.5,1473.5,0,15.0,0.5557,0.000133,-23.93,77.52
2026-08-31 14:39:00,76903.04,1473.5,1473.5,1473.5,1473.5,0,15.0,0.5594,0.000133,-23.91,77.43
2026-08-31 14:40:00,76927.22,1473.5,1473.5,1473.5,1473.5,0,15.0,0.5626,0.000132,-23.88,77.36
2026-08-31 14:41:00,76922.16,1473.5,1473.5,1473.5,1473.5,0,15.0,0.5619,0.000132,-23.89,77.37
2026-08-31 14:42:00,76961.82,1473.5,1473.5,1473.5,1473.5,0,15.0,0.5672,0.000132,-23.84,77.24
2026-08-31 14:43:00,76958.57,1473.5,1473.5,1473.5,1473.5,0,15.0,0.5667,0.000132,-23.84,77.25
2026-08-31 14:44:00,76935.45,1473.5,1473.5,1473.5,1473.5,0,15.0,0.5637,0.000132,-23.87,77.32
2026-08-31 14:45:00,76973.96,1473.5,1547.0,1473.5,1547.0,40,16.59,0.5636,0.00012,-26.42,77.37
2026-08-31 14:46:00,77116.19,1547.0,1645.5,1547.0,1645.5,80,16.81,0.5796,0.000117,-26.6,76.91
2026-08-31 14:47:00,77035.89,1645.5,1645.5,1537.9,1537.9,200,16.02,0.5729,0.000123,-25.41,77.1
2026-08-31 14:48:00,77013.72,1537.9,1537.9,1537.9,1537.9,0,15.0,0.574,0.000132,-23.78,77.03
2026-08-31 14:49:00,77000.2,1537.9,1537.9,1523.65,1523.65,80,16.1,0.5683,0.000123,-25.59,77.23
2026-08-31 14:50:00,77005.4,1523.65,1523.65,1523.65,1523.65,0,15.0,0.5729,0.000132,-23.79,77.06
2026-08-31 14:51:00,77018.75,1523.65,1523.65,1523.65,1523.65,0,15.0,0.5747,0.000131,-23.77,77.01
2026-08-31 14:52:00,77032.92,1523.65,1523.65,1523.65,1523.65,0,15.0,0.5765,0.000131,-23.75,76.95
2026-08-31 14:53:00,77047.02,1523.65,1523.65,1523.65,1523.65,0,15.0,0.5784,0.000131,-23.73,76.89
2026-08-31 14:54:00,77067.7,1523.65,1523.65,1523.65,1523.65,0,15.0,0.5811,0.000131,-23.7,76.8
2026-08-31 14:55:00,77058.79,1523.65,1523.65,1523.65,1523.65,0,15.0,0.5799,0.000131,-23.71,76.83
2026-08-31 14:56:00,77035.15,1523.65,1523.65,1523.65,1523.65,0,15.0,0.5768,0.000131,-23.75,76.93
2026-08-31 14:57:00,77030.46,1523.65,1523.65,1523.65,1523.65,0,15.0,0.5762,0.000131,-23.76,76.95
2026-08-31 14:58:00,77001.92,1523.65,1523.65,1523.65,1523.65,0,15.0,0.5725,0.000132,-23.8,77.07
2026-08-31 14:59:00,77001.53,1523.65,1576.55,1523.65,1576.55,80,16.78,0.5663,0.000118,-26.7,77.29
2026-08-31 15:00:00,76981.62,1576.55,1576.55,1576.55,1576.55,0,15.0,0.5698,0.000132,-23.82,77.14
2026-08-31 15:01:00,76986.97,1576.55,1576.55,1576.55,1576.55,0,15.0,0.5705,0.000132,-23.82,77.12
2026-08-31 15:02:00,76991.97,1576.55,1576.55,1576.55,1576.55,0,15.0,0.5712,0.000132,-23.81,77.1
2026-08-31 15:03:00,76956.23,1576.55,1576.55,1576.55,1576.55,0,15.0,0.5665,0.000132,-23.85,77.23
2026-08-31 15:04:00,76950.46,1576.55,1576.55,1523.85,1523.85,60,16.47,0.5611,0.000121,-26.25,77.4
2026-08-31 15:05:00,76937.91,1523.85,1523.85,1504.9,1504.9,120,16.31,0.56,0.000122,-26.02,77.42
2026-08-31 15:06:00,76956.45,1504.9,1504.9,1504.9,1504.9,0,15.0,0.5665,0.000132,-23.86,77.23
2026-08-31 15:07:00,76958.76,1504.9,1535.95,1504.9,1535.95,20,16.56,0.5618,0.00012,-26.4,77.38
2026-08-31 15:08:00,76963.94,1535.95,1535.95,1535.95,1535.95,0,15.0,0.5675,0.000132,-23.85,77.2
2026-08-31 15:09:00,76993.81,1535.95,1535.95,1535.95,1535.95,0,15.0,0.5714,0.000132,-23.81,77.09
2026-08-31 15:10:00,76953.88,1535.95,1535.95,1535.95,1535.95,0,15.0,0.5661,0.000132,-23.86,77.23
2026-08-31 15:11:00,76963.72,1535.95,1535.95,1535.95,1535.95,0,15.0,0.5675,0.000132,-23.85,77.2
2026-08-31 15:12:00,76941.07,1535.95,1535.95,1530.5,1530.55,40,16.62,0.5596,0.00012,-26.52,77.43
2026-08-31 15:13:00,76946.45,1525.85,1525.85,1525.85,1525.85,20,16.52,0.5605,0.00012,-26.35,77.41
2026-08-31 15:14:00,76930.28,1525.85,1525.85,1525.85,1525.85,0,15.0,0.563,0.000132,-23.89,77.31
2026-08-31 15:15:00,76924.93,1525.85,1525.85,1496.0,1496.0,20,16.3,0.5585,0.000122,-26.0,77.44
2026-08-31 15:16:00,76924.93,1496.0,1496.0,1496.0,1496.0,0,15.0,0.5623,0.000132,-23.9,77.32
2026-08-31 15:17:00,76924.93,1496.0,1496.0,1496.0,1496.0,0,15.0,0.5623,0.000132,-23.9,77.32
2026-08-31 15:18:00,76924.93,1496.0,1496.0,1496.0,1496.0,0,15.0,0.5623,0.000132,-23.9,77.32
2026-08-31 15:19:00,76924.93,1496.0,1496.0,1496.0,1496.0,0,15.0,0.5623,0.000132,-23.9,77.32
2026-08-31 15:20:00,76924.93,1496.0,1576.55,1496.0,1576.55,40,17.34,0.5559,0.000115,-27.7,77.52
2026-08-31 15:21:00,76924.93,1576.55,1576.55,1576.55,1576.55,0,15.0,0.5623,0.000132,-23.9,77.32
2026-08-31 15:22:00,76924.93,1576.55,1576.55,1576.55,1576.55,0,15.0,0.5623,0.000132,-23.9,77.32
2026-08-31 15:23:00,76924.93,1576.55,1576.55,1496.0,1496.0,20,16.3,0.5585,0.000122,-26.01,77.44
2026-08-31 15:24:00,76924.93,1496.0,1496.0,1496.0,1496.0,0,15.0,0.5623,0.000132,-23.9,77.31
2026-08-31 15:25:00,76924.93,1496.0,1496.0,1496.0,1496.0,0,15.0,0.5623,0.000132,-23.9,77.31
2026-08-31 15:26:00,76924.93,1496.0,1496.0,1496.0,1496.0,0,15.0,0.5623,0.000132,-23.9,77.31
2026-08-31 15:27:00,76924.93,1496.0,1496.0,1496.0,1496.0,0,15.0,0.5623,0.000132,-23.9,77.31
2026-08-31 15:28:00,76957.27,1496.0,1496.0,1496.0,1496.0,0,15.0,0.5666,0.000132,-23.86,77.2
2026-08-31 15:29:00,76957.27,1496.0,1533.4,1496.0,1533.4,20,16.55,0.5617,0.00012,-26.39,77.36
2026-09-01 09:16:00,76863.39,1358.0,1358.0,1358.0,1358.0,60,15.19,0.5544,0.000133,-24.67,76.29
2026-09-01 09:17:00,76884.96,1358.0,1358.0,1358.0,1358.0,0,15.0,0.5578,0.000135,-24.33,76.22
2026-09-01 09:18:00,76856.08,1358.0,1358.0,1358.0,1358.0,0,15.0,0.5539,0.000135,-24.36,76.3
2026-09-01 09:19:00,76878.59,1358.0,1358.0,1348.6,1348.6,20,14.96,0.5571,0.000135,-24.27,76.23
2026-09-01 09:20:00,76869.96,1348.6,1348.6,1348.6,1348.6,0,15.0,0.5558,0.000135,-24.34,76.26
2026-09-01 09:21:00,76902.23,1348.6,1348.6,1348.6,1348.6,0,15.0,0.5601,0.000135,-24.31,76.16
2026-09-01 09:22:00,76878.97,1348.6,1348.6,1348.6,1348.6,0,15.0,0.557,0.000135,-24.33,76.23
2026-09-01 09:23:00,76874.53,1348.6,1348.6,1348.6,1348.6,0,15.0,0.5564,0.000135,-24.34,76.24
2026-09-01 09:24:00,76871.05,1348.6,1348.6,1348.6,1348.6,0,15.0,0.5559,0.000135,-24.34,76.25
2026-09-01 09:25:00,76885.6,1348.6,1350.0,1348.6,1350.0,40,14.93,0.5581,0.000136,-24.21,76.2
2026-09-01 09:26:00,76922.22,1350.0,1350.0,1350.0,1350.0,0,15.0,0.5628,0.000135,-24.29,76.09
2026-09-01 09:27:00,76918.44,1350.0,1365.0,1350.0,1365.0,100,14.88,0.5627,0.000136,-24.1,76.09
2026-09-01 09:28:00,76928.94,1365.0,1365.0,1365.0,1365.0,0,15.0,0.5637,0.000135,-24.28,76.06
2026-09-01 09:29:00,76943.41,1365.0,1365.0,1365.0,1365.0,0,15.0,0.5657,0.000134,-24.26,76.01
2026-09-01 09:30:00,76931.03,1365.0,1365.0,1365.0,1365.0,0,15.0,0.564,0.000134,-24.28,76.06
2026-09-01 09:31:00,76936.74,1365.0,1365.0,1365.0,1365.0,0,15.0,0.5648,0.000134,-24.27,76.03
2026-09-01 09:32:00,76953.97,1365.0,1365.0,1365.0,1365.0,0,15.0,0.5671,0.000134,-24.25,75.97
2026-09-01 09:33:00,76973.97,1365.0,1365.0,1365.0,1365.0,0,15.0,0.5698,0.000134,-24.23,75.9
2026-09-01 09:34:00,76958.62,1365.0,1365.0,1365.0,1365.0,0,15.0,0.5677,0.000134,-24.25,75.95
2026-09-01 09:35:00,76946.88,1365.0,1365.0,1365.0,1365.0,0,15.0,0.5662,0.000134,-24.26,75.99
2026-09-01 09:36:00,76917.77,1363.0,1363.0,1363.0,1363.0,20,14.86,0.5627,0.000136,-24.07,76.08
2026-09-01 09:37:00,76879.62,1363.0,1363.0,1363.0,1363.0,0,15.0,0.5571,0.000135,-24.34,76.21
2026-09-01 09:38:00,76900.0,1363.0,1363.0,1363.0,1363.0,0,15.0,0.5598,0.000135,-24.32,76.15
2026-09-01 09:39:00,76865.38,1363.0,1363.0,1363.0,1363.0,0,15.0,0.5552,0.000135,-24.35,76.25
2026-09-01 09:40:00,76862.3,1363.0,1363.0,1363.0,1363.0,0,15.0,0.5548,0.000135,-24.36,76.26
2026-09-01 09:41:00,76893.43,1363.0,1363.0,1363.0,1363.0,0,15.0,0.559,0.000135,-24.33,76.16
2026-09-01 09:42:00,76872.53,1363.0,1363.0,1363.0,1363.0,0,15.0,0.5561,0.000135,-24.35,76.22
2026-09-01 09:43:00,76837.73,1363.0,1363.0,1316.25,1316.25,20,14.84,0.5519,0.000137,-24.12,76.31
2026-09-01 09:44:00,76831.38,1316.25,1316.25,1302.85,1310.25,120,14.81,0.5511,0.000137,-24.07,76.32
2026-09-01 09:45:00,76827.12,1310.25,1310.25,1310.25,1310.25,0,15.0,0.55,0.000135,-24.39,76.34
2026-09-01 09:46:00,76801.23,1310.25,1310.25,1310.25,1310.25,0,15.0,0.5465,0.000136,-24.42,76.4
2026-09-01 09:47:00,76781.37,1310.25,1310.25,1310.25,1310.25,0,15.0,0.5438,0.000136,-24.43,76.44
2026-09-01 09:48:00,76774.9,1310.25,1310.25,1295.55,1295.6,40,15.02,0.5429,0.000136,-24.47,76.46
2026-09-01 09:49:00,76805.71,1295.6,1295.6,1295.6,1295.6,0,15.0,0.5471,0.000136,-24.41,76.39
2026-09-01 09:50:00,76819.97,1295.6,1295.6,1295.6,1295.6,0,15.0,0.549,0.000135,-24.4,76.35
2026-09-01 09:51:00,76812.05,1295.6,1295.6,1295.6,1295.6,0,15.0,0.548,0.000136,-24.41,76.37
2026-09-01 09:52:00,76833.53,1295.6,1295.6,1295.6,1295.6,0,15.0,0.5509,0.000135,-24.39,76.32
2026-09-01 09:53:00,76833.4,1295.6,1295.6,1295.6,1295.6,0,15.0,0.5509,0.000135,-24.39,76.32
2026-09-01 09:54:00,76807.91,1295.6,1302.0,1295.6,1302.0,80,14.87,0.5477,0.000137,-24.2,76.37
2026-09-01 09:55:00,76824.44,1302.0,1302.0,1302.0,1302.0,0,15.0,0.5496,0.000135,-24.4,76.34
2026-09-01 09:56:00,76805.66,1302.0,1309.2,1297.8,1297.8,100,14.83,0.5475,0.000137,-24.14,76.37
2026-09-01 09:57:00,76813.84,1296.05,1296.05,1292.45,1293.7,120,14.72,0.5489,0.000138,-23.94,76.34
2026-09-01 09:58:00,76790.57,1293.7,1293.7,1290.0,1290.0,40,14.84,0.5454,0.000137,-24.16,76.4
2026-09-01 09:59:00,76800.79,1290.0,1290.0,1290.0,1290.0,0,15.0,0.5464,0.000136,-24.42,76.39
2026-09-01 10:00:00,76803.7,1290.0,1290.0,1290.0,1290.0,0,15.0,0.5468,0.000136,-24.42,76.38
2026-09-01 10:01:00,76801.24,1290.0,1290.0,1285.0,1285.0,20,14.7,0.5472,0.000138,-23.92,76.37
2026-09-01 10:02:00,76811.25,1285.0,1285.0,1285.0,1285.0,0,15.0,0.5479,0.000136,-24.41,76.36
2026-09-01 10:03:00,76830.19,1285.0,1285.0,1285.0,1285.0,0,15.0,0.5504,0.000135,-24.4,76.31
2026-09-01 10:04:00,76848.76,1285.0,1285.0,1285.0,1285.0,0,15.0,0.5529,0.000135,-24.38,76.26
2026-09-01 10:05:00,76846.31,1285.0,1285.0,1285.0,1285.0,0,15.0,0.5526,0.000135,-24.38,76.27
2026-09-01 10:06:00,76823.95,1285.0,1285.0,1285.0,1285.0,0,15.0,0.5496,0.000135,-24.4,76.33
2026-09-01 10:07:00,76856.69,1292.3,1292.3,1292.3,1292.3,20,14.39,0.5558,0.000141,-23.37,76.19
2026-09-01 10:08:00,76834.11,1292.3,1292.3,1292.3,1292.3,0,15.0,0.551,0.000135,-24.39,76.3
2026-09-01 10:09:00,76851.7,1292.3,1292.3,1292.3,1292.3,0,15.0,0.5533,0.000135,-24.38,76.25
2026-09-01 10:10:00,76847.52,1292.3,1292.3,1292.3,1292.3,0,15.0,0.5528,0.000135,-24.38,76.26
2026-09-01 10:11:00,76862.63,1292.3,1292.3,1292.3,1292.3,0,15.0,0.5548,0.000135,-24.37,76.22
2026-09-01 10:12:00,76870.04,1292.3,1292.3,1292.3,1292.3,0,15.0,0.5558,0.000135,-24.36,76.2
2026-09-01 10:13:00,76862.02,1292.3,1292.3,1292.3,1292.3,0,15.0,0.5547,0.000135,-24.37,76.22
2026-09-01 10:14:00,76878.41,1292.3,1300.0,1291.55,1300.0,140,14.33,0.559,0.000141,-23.25,76.11
2026-09-01 10:15:00,76909.92,1300.0,1313.0,1300.0,1313.0,20,14.27,0.5637,0.000141,-23.12,75.99
2026-09-01 10:16:00,76909.79,1313.0,1313.0,1313.0,1313.0,0,15.0,0.5612,0.000135,-24.32,76.07
2026-09-01 10:17:00,76928.31,1313.0,1320.8,1313.0,1320.8,20,14.24,0.5664,0.000142,-23.04,75.92
2026-09-01 10:18:00,76927.14,1320.8,1320.8,1320.8,1320.8,0,15.0,0.5635,0.000135,-24.3,76.01
2026-09-01 10:19:00,76929.55,1320.8,1320.8,1320.8,1320.8,0,15.0,0.5639,0.000135,-24.3,76.0
2026-09-01 10:20:00,76912.44,1320.8,1320.8,1320.8,1320.8,0,15.0,0.5616,0.000135,-24.32,76.06
2026-09-01 10:21:00,76934.15,1320.8,1320.8,1320.8,1320.8,0,15.0,0.5645,0.000135,-24.29,75.99
2026-09-01 10:22:00,76940.21,1320.8,1320.8,1320.8,1320.8,0,15.0,0.5653,0.000135,-24.29,75.96
2026-09-01 10:23:00,76950.64,1320.8,1320.8,1320.8,1320.8,0,15.0,0.5667,0.000134,-24.27,75.93
2026-09-01 10:24:00,76965.03,1320.8,1320.8,1320.8,1320.8,0,15.0,0.5686,0.000134,-24.26,75.87
2026-09-01 10:25:00,76939.53,1320.8,1320.8,1320.8,1320.8,0,15.0,0.5652,0.000135,-24.29,75.96
2026-09-01 10:26:00,76948.69,1320.8,1320.8,1320.8,1320.8,0,15.0,0.5664,0.000134,-24.28,75.93
2026-09-01 10:27:00,76946.4,1320.8,1320.8,1320.8,1320.8,0,15.0,0.5661,0.000134,-24.28,75.94
2026-09-01 10:28:00,76963.75,1320.8,1320.8,1320.8,1320.8,0,15.0,0.5685,0.000134,-24.26,75.87
2026-09-01 10:29:00,76962.34,1320.8,1320.8,1320.8,1320.8,0,15.0,0.5683,0.000134,-24.26,75.88
2026-09-01 10:30:00,76991.3,1320.8,1320.8,1320.8,1320.8,0,15.0,0.5722,0.000134,-24.22,75.77
2026-09-01 10:31:00,76985.44,1320.8,1320.8,1320.8,1320.8,0,15.0,0.5714,0.000134,-24.23,75.79
2026-09-01 10:32:00,76995.41,1320.8,1320.8,1320.8,1320.8,0,15.0,0.5727,0.000134,-24.22,75.75
2026-09-01 10:33:00,76983.26,1320.8,1320.8,1320.8,1320.8,0,15.0,0.5711,0.000134,-24.24,75.79
2026-09-01 10:34:00,76984.86,1320.8,1320.8,1320.8,1320.8,0,15.0,0.5713,0.000134,-24.23,75.79
2026-09-01 10:35:00,76971.01,1320.8,1320.8,1320.8,1320.8,0,15.0,0.5694,0.000134,-24.25,75.84
2026-09-01 10:36:00,76983.18,1320.8,1320.8,1320.8,1320.8,0,15.0,0.5711,0.000134,-24.24,75.79
2026-09-01 10:37:00,76989.85,1320.8,1320.8,1320.8,1320.8,0,15.0,0.572,0.000134,-24.23,75.76
2026-09-01 10:38:00,76993.54,1320.8,1320.8,1320.8,1320.8,0,15.0,0.5725,0.000134,-24.22,75.75
2026-09-01 10:39:00,76994.74,1320.8,1320.8,1320.8,1320.8,0,15.0,0.5726,0.000134,-24.22,75.74
2026-09-01 10:40:00,76970.05,1320.8,1320.8,1320.8,1320.8,0,15.0,0.5693,0.000134,-24.26,75.84
2026-09-01 10:41:00,76967.47,1320.8,1320.8,1320.8,1320.8,0,15.0,0.569,0.000134,-24.26,75.84
2026-09-01 10:42:00,76975.97,1320.8,1320.8,1320.8,1320.8,0,15.0,0.5701,0.000134,-24.25,75.81
2026-09-01 10:43:00,76978.63,1320.8,1320.8,1320.8,1320.8,0,15.0,0.5705,0.000134,-24.24,75.8
2026-09-01 10:44:00,76973.43,1320.8,1320.8,1320.8,1320.8,0,15.0,0.5698,0.000134,-24.25,75.82
2026-09-01 10:45:00,76968.52,1320.8,1320.8,1320.8,1320.8,0,15.0,0.5691,0.000134,-24.26,75.84
2026-09-01 10:46:00,76975.39,1320.8,1320.8,1320.8,1320.8,0,15.0,0.57,0.000134,-24.25,75.81
2026-09-01 10:47:00,76970.69,1320.8,1320.8,1320.8,1320.8,0,15.0,0.5694,0.000134,-24.26,75.83
2026-09-01 10:48:00,76981.87,1320.8,1320.8,1320.8,1320.8,0,15.0,0.5709,0.000134,-24.24,75.78
2026-09-01 10:49:00,76979.66,1320.8,1320.8,1320.8,1320.8,0,15.0,0.5706,0.000134,-24.25,75.79
2026-09-01 10:50:00,77003.04,1320.8,1320.8,1320.8,1320.8,0,15.0,0.5738,0.000134,-24.21,75.7
2026-09-01 10:51:00,77000.5,1320.8,1320.8,1320.8,1320.8,0,15.0,0.5734,0.000134,-24.22,75.71
2026-09-01 10:52:00,77023.52,1320.8,1373.0,1320.8,1373.0,20,14.21,0.58,0.000141,-22.87,75.47
2026-09-01 10:53:00,77057.51,1373.0,1373.0,1373.0,1373.0,0,15.0,0.581,0.000133,-24.13,75.46
2026-09-01 10:54:00,77038.66,1373.0,1373.0,1373.0,1373.0,0,15.0,0.5785,0.000134,-24.16,75.54
2026-09-01 10:55:00,77046.52,1373.0,1373.0,1373.0,1373.0,20,14.04,0.5841,0.000142,-22.54,75.32
2026-09-01 10:56:00,77010.93,1373.0,1373.0,1373.0,1373.0,0,15.0,0.5748,0.000134,-24.21,75.66
2026-09-01 10:57:00,77025.88,1373.0,1373.0,1373.0,1373.0,0,15.0,0.5768,0.000134,-24.18,75.59
2026-09-01 10:58:00,77028.44,1373.0,1373.0,1373.0,1373.0,0,15.0,0.5772,0.000134,-24.18,75.58
2026-09-01 10:59:00,77026.1,1373.0,1373.0,1373.0,1373.0,0,15.0,0.5769,0.000134,-24.18,75.59
2026-09-01 11:00:00,77034.74,1373.0,1373.0,1373.0,1373.0,80,14.13,0.582,0.000142,-22.72,75.39
2026-09-01 11:01:00,77034.32,1373.0,1373.0,1373.0,1373.0,0,15.0,0.578,0.000134,-24.17,75.55
2026-09-01 11:02:00,77010.35,1373.0,1373.0,1373.0,1373.0,0,15.0,0.5747,0.000134,-24.21,75.65
2026-09-01 11:03:00,77009.88,1373.0,1373.0,1373.0,1373.0,0,15.0,0.5747,0.000134,-24.21,75.65
2026-09-01 11:04:00,77033.53,1373.0,1373.0,1373.0,1373.0,0,15.0,0.5778,0.000134,-24.17,75.55
2026-09-01 11:05:00,77016.82,1373.0,1373.0,1370.0,1370.0,20,14.23,0.579,0.000141,-22.91,75.49
2026-09-01 11:06:00,77027.79,1370.0,1370.0,1370.0,1370.0,0,15.0,0.5771,0.000134,-24.18,75.58
2026-09-01 11:07:00,77054.97,1370.0,1370.0,1370.0,1370.0,0,15.0,0.5807,0.000133,-24.14,75.46
2026-09-01 11:08:00,77072.91,1370.0,1370.0,1370.0,1370.0,0,15.0,0.5831,0.000133,-24.12,75.37
2026-09-01 11:09:00,77071.71,1370.0,1370.0,1370.0,1370.0,0,15.0,0.5829,0.000133,-24.12,75.38
2026-09-01 11:10:00,77083.93,1370.0,1370.0,1370.0,1370.0,0,15.0,0.5846,0.000133,-24.1,75.32
2026-09-01 11:11:00,77104.24,1370.0,1433.0,1370.0,1433.0,20,14.39,0.5904,0.000138,-23.04,75.08
2026-09-01 11:12:00,77110.81,1433.0,1433.0,1433.0,1433.0,0,15.0,0.5882,0.000133,-24.05,75.19
2026-09-01 11:13:00,77122.6,1433.0,1433.0,1433.0,1433.0,0,15.0,0.5897,0.000133,-24.03,75.13
2026-09-01 11:14:00,77114.98,1433.0,1433.0,1433.0,1433.0,0,15.0,0.5887,0.000133,-24.05,75.17
2026-09-01 11:15:00,77156.1,1433.0,1433.0,1433.0,1433.0,0,15.0,0.5942,0.000132,-23.98,74.95
2026-09-01 11:16:00,77155.6,1433.0,1433.0,1433.0,1433.0,0,15.0,0.5941,0.000132,-23.98,74.95
2026-09-01 11:17:00,77149.22,1433.0,1433.0,1433.0,1433.0,0,15.0,0.5932,0.000132,-23.99,74.99
2026-09-01 11:18:00,77157.07,1433.0,1433.0,1433.0,1433.0,0,15.0,0.5943,0.000132,-23.97,74.94
2026-09-01 11:19:00,77166.65,1433.0,1433.0,1433.0,1433.0,0,15.0,0.5956,0.000132,-23.96,74.89
2026-09-01 11:20:00,77191.29,1433.0,1433.0,1433.0,1433.0,0,15.0,0.5988,0.000132,-23.91,74.75
2026-09-01 11:21:00,77190.91,1433.0,1433.0,1433.0,1433.0,0,15.0,0.5988,0.000132,-23.91,74.76
2026-09-01 11:22:00,77186.29,1433.0,1433.0,1433.0,1433.0,0,15.0,0.5981,0.000132,-23.92,74.78
2026-09-01 11:23:00,77179.84,1433.0,1433.0,1433.0,1433.0,0,15.0,0.5973,0.000132,-23.93,74.81
2026-09-01 11:24:00,77179.23,1433.0,1433.0,1433.0,1433.0,0,15.0,0.5972,0.000132,-23.94,74.82
2026-09-01 11:25:00,77174.78,1433.0,1433.0,1433.0,1433.0,0,15.0,0.5966,0.000132,-23.94,74.84
2026-09-01 11:26:00,77166.44,1433.0,1433.0,1433.0,1433.0,0,15.0,0.5955,0.000132,-23.96,74.88
2026-09-01 11:27:00,77185.24,1494.0,1499.0,1494.0,1499.0,40,14.63,0.6001,0.000135,-23.3,74.67
2026-09-01 11:28:00,77199.02,1499.0,1499.0,1499.0,1499.0,0,15.0,0.5998,0.000132,-23.9,74.7
2026-09-01 11:29:00,77198.66,1499.0,1499.0,1499.0,1499.0,0,15.0,0.5998,0.000132,-23.9,74.7
2026-09-01 11:30:00,77228.04,1499.0,1499.0,1499.0,1499.0,0,15.0,0.6037,0.000131,-23.84,74.53
2026-09-01 11:31:00,77214.11,1499.0,1499.0,1499.0,1499.0,0,15.0,0.6018,0.000131,-23.87,74.61
2026-09-01 11:32:00,77213.25,1499.0,1499.0,1499.0,1499.0,0,15.0,0.6017,0.000131,-23.87,74.61
2026-09-01 11:33:00,77213.96,1499.0,1499.0,1499.0,1499.0,0,15.0,0.6018,0.000131,-23.87,74.61
2026-09-01 11:34:00,77190.28,1499.0,1499.0,1499.0,1499.0,0,15.0,0.5987,0.000132,-23.92,74.74
2026-09-01 11:35:00,77165.85,1499.0,1499.0,1499.0,1499.0,0,15.0,0.5955,0.000132,-23.96,74.88
2026-09-01 11:36:00,77157.74,1499.0,1499.0,1499.0,1499.0,0,15.0,0.5944,0.000132,-23.98,74.92
2026-09-01 11:37:00,77169.94,1499.0,1499.0,1499.0,1499.0,0,15.0,0.596,0.000132,-23.96,74.85
2026-09-01 11:38:00,77159.26,1499.0,1499.0,1499.0,1499.0,0,15.0,0.5946,0.000132,-23.98,74.91
2026-09-01 11:39:00,77156.25,1499.0,1499.0,1499.0,1499.0,0,15.0,0.5942,0.000132,-23.98,74.92
2026-09-01 11:40:00,77114.35,1499.0,1499.0,1499.0,1499.0,0,15.0,0.5887,0.000133,-24.06,75.14
2026-09-01 11:41:00,77156.82,1499.0,1499.0,1499.0,1499.0,0,15.0,0.5943,0.000132,-23.98,74.92
2026-09-01 11:42:00,77157.85,1499.0,1499.0,1499.0,1499.0,0,15.0,0.5944,0.000132,-23.98,74.91
2026-09-01 11:43:00,77154.39,1499.0,1499.0,1499.0,1499.0,0,15.0,0.594,0.000132,-23.99,74.93
2026-09-01 11:44:00,77169.23,1499.0,1499.0,1499.0,1499.0,0,15.0,0.5959,0.000132,-23.96,74.85
2026-09-01 11:45:00,77165.05,1499.0,1499.0,1499.0,1499.0,0,15.0,0.5954,0.000132,-23.97,74.87
2026-09-01 11:46:00,77156.75,1499.0,1499.0,1499.0,1499.0,0,15.0,0.5943,0.000132,-23.98,74.91
2026-09-01 11:47:00,77160.66,1499.0,1499.0,1499.0,1499.0,0,15.0,0.5948,0.000132,-23.98,74.89
2026-09-01 11:48:00,77149.52,1499.0,1499.0,1499.0,1499.0,0,15.0,0.5933,0.000132,-24.0,74.95
2026-09-01 11:49:00,77137.65,1499.0,1499.0,1499.0,1499.0,0,15.0,0.5918,0.000132,-24.02,75.01
2026-09-01 11:50:00,77160.31,1499.0,1499.0,1499.0,1499.0,0,15.0,0.5948,0.000132,-23.98,74.89
2026-09-01 11:51:00,77170.75,1499.0,1499.0,1499.0,1499.0,0,15.0,0.5961,0.000132,-23.96,74.83
2026-09-01 11:52:00,77168.55,1499.0,1499.0,1499.0,1499.0,0,15.0,0.5958,0.000132,-23.97,74.84
2026-09-01 11:53:00,77155.95,1499.0,1499.0,1499.0,1499.0,0,15.0,0.5942,0.000132,-23.99,74.91
2026-09-01 11:54:00,77172.29,1499.0,1499.0,1499.0,1499.0,0,15.0,0.5963,0.000132,-23.96,74.82
2026-09-01 11:55:00,77198.95,1499.0,1499.0,1499.0,1499.0,0,15.0,0.5999,0.000132,-23.91,74.67
2026-09-01 11:56:00,77192.37,1499.0,1499.0,1499.0,1499.0,0,15.0,0.599,0.000132,-23.92,74.71
2026-09-01 11:57:00,77203.14,1499.0,1499.0,1499.0,1499.0,0,15.0,0.6004,0.000132,-23.9,74.64
2026-09-01 11:58:00,77191.9,1499.0,1499.0,1499.0,1499.0,0,15.0,0.5989,0.000132,-23.92,74.71
2026-09-01 11:59:00,77175.01,1499.0,1499.0,1499.0,1499.0,0,15.0,0.5967,0.000132,-23.96,74.8
2026-09-01 12:00:00,77168.26,1499.0,1499.0,1499.0,1499.0,0,15.0,0.5958,0.000132,-23.97,74.83
2026-09-01 12:01:00,77166.36,1499.0,1499.0,1499.0,1499.0,0,15.0,0.5956,0.000132,-23.97,74.84
2026-09-01 12:02:00,77179.99,1499.0,1499.0,1499.0,1499.0,0,15.0,0.5974,0.000132,-23.95,74.77
2026-09-01 12:03:00,77195.53,1499.0,1499.0,1499.0,1499.0,0,15.0,0.5994,0.000132,-23.92,74.68
2026-09-01 12:04:00,77201.14,1499.0,1499.0,1499.0,1499.0,0,15.0,0.6002,0.000132,-23.91,74.65
2026-09-01 12:05:00,77220.56,1499.0,1499.0,1499.0,1499.0,0,15.0,0.6027,0.000131,-23.87,74.53
2026-09-01 12:06:00,77221.06,1499.0,1499.0,1499.0,1499.0,0,15.0,0.6028,0.000131,-23.87,74.53
2026-09-01 12:07:00,77214.9,1499.0,1499.0,1499.0,1499.0,0,15.0,0.602,0.000132,-23.88,74.56
2026-09-01 12:08:00,77215.17,1499.0,1499.0,1499.0,1499.0,0,15.0,0.602,0.000132,-23.88,74.56
2026-09-01 12:09:00,77221.94,1499.0,1499.0,1499.0,1499.0,0,15.0,0.6029,0.000131,-23.87,74.52
2026-09-01 12:10:00,77226.9,1499.0,1499.0,1499.0,1499.0,0,15.0,0.6036,0.000131,-23.86,74.49
2026-09-01 12:11:00,77225.37,1499.0,1499.0,1499.0,1499.0,0,15.0,0.6034,0.000131,-23.86,74.5
2026-09-01 12:12:00,77224.35,1499.0,1499.0,1499.0,1499.0,0,15.0,0.6032,0.000131,-23.86,74.5
2026-09-01 12:13:00,77208.79,1499.0,1499.0,1499.0,1499.0,0,15.0,0.6012,0.000132,-23.89,74.59
2026-09-01 12:14:00,77192.67,1499.0,1499.0,1499.0,1499.0,0,15.0,0.5991,0.000132,-23.93,74.68
2026-09-01 12:15:00,77187.97,1499.0,1499.0,1499.0,1499.0,0,15.0,0.5984,0.000132,-23.94,74.71
2026-09-01 12:16:00,77176.88,1499.0,1499.0,1499.0,1499.0,0,15.0,0.597,0.000132,-23.96,74.77
2026-09-01 12:17:00,77165.86,1499.0,1499.0,1499.0,1499.0,0,15.0,0.5955,0.000132,-23.98,74.83
2026-09-01 12:18:00,77176.1,1499.0,1499.0,1499.0,1499.0,0,15.0,0.5969,0.000132,-23.96,74.77
2026-09-01 12:19:00,77173.47,1499.0,1499.0,1499.0,1499.0,0,15.0,0.5965,0.000132,-23.97,74.78
2026-09-01 12:20:00,77182.84,1499.0,1499.0,1499.0,1499.0,0,15.0,0.5978,0.000132,-23.95,74.73
2026-09-01 12:21:00,77170.43,1499.0,1499.0,1499.0,1499.0,0,15.0,0.5961,0.000132,-23.97,74.8
2026-09-01 12:22:00,77168.45,1499.0,1499.0,1499.0,1499.0,0,15.0,0.5959,0.000132,-23.98,74.81
2026-09-01 12:23:00,77153.27,1499.0,1499.0,1499.0,1499.0,0,15.0,0.5939,0.000132,-24.0,74.89
2026-09-01 12:24:00,77134.86,1499.0,1499.0,1499.0,1499.0,0,15.0,0.5914,0.000133,-24.04,74.98
2026-09-01 12:25:00,77152.51,1499.0,1499.0,1499.0,1499.0,0,15.0,0.5938,0.000132,-24.01,74.89
2026-09-01 12:26:00,77151.07,1480.0,1480.0,1480.0,1480.0,20,14.66,0.5954,0.000135,-23.44,74.81
2026-09-01 12:27:00,77160.55,1480.0,1500.05,1480.0,1500.05,100,14.86,0.5956,0.000133,-23.75,74.81
2026-09-01 12:28:00,77168.8,1500.05,1500.05,1500.05,1500.05,0,15.0,0.5959,0.000132,-23.98,74.8
2026-09-01 12:29:00,77170.38,1500.05,1500.05,1500.05,1500.05,0,15.0,0.5961,0.000132,-23.97,74.79
2026-09-01 12:30:00,77177.25,1500.05,1500.05,1500.05,1500.05,0,15.0,0.597,0.000132,-23.96,74.75
2026-09-01 12:31:00,77183.92,1500.05,1500.05,1500.05,1500.05,0,15.0,0.5979,0.000132,-23.95,74.71
2026-09-01 12:32:00,77174.26,1500.05,1500.05,1500.05,1500.05,0,15.0,0.5967,0.000132,-23.97,74.76
2026-09-01 12:33:00,77147.18,1500.05,1500.05,1500.05,1500.05,0,15.0,0.5931,0.000132,-24.02,74.91
2026-09-01 12:34:00,77158.51,1500.05,1500.05,1500.05,1500.05,0,15.0,0.5946,0.000132,-24.0,74.85
2026-09-01 12:35:00,77165.32,1500.05,1500.05,1500.05,1500.05,0,15.0,0.5955,0.000132,-23.99,74.81
2026-09-01 12:36:00,77156.77,1500.05,1500.05,1500.05,1500.05,0,15.0,0.5943,0.000132,-24.0,74.85
2026-09-01 12:37:00,77163.99,1500.05,1500.05,1500.05,1500.05,0,15.0,0.5953,0.000132,-23.99,74.81
2026-09-01 12:38:00,77157.01,1500.05,1500.05,1500.05,1500.05,0,15.0,0.5944,0.000132,-24.0,74.85
2026-09-01 12:39:00,77156.93,1500.05,1500.05,1500.05,1500.05,0,15.0,0.5944,0.000132,-24.0,74.85
2026-09-01 12:40:00,77172.47,1500.05,1500.05,1500.05,1500.05,0,15.0,0.5964,0.000132,-23.97,74.76
2026-09-01 12:41:00,77165.42,1500.05,1500.05,1500.05,1500.05,0,15.0,0.5955,0.000132,-23.99,74.8
2026-09-01 12:42:00,77175.88,1500.05,1500.05,1500.05,1500.05,0,15.0,0.5969,0.000132,-23.97,74.74
2026-09-01 12:43:00,77166.61,1500.05,1500.05,1500.05,1500.05,0,15.0,0.5957,0.000132,-23.99,74.79
2026-09-01 12:44:00,77175.78,1500.05,1500.05,1500.05,1500.05,0,15.0,0.5969,0.000132,-23.97,74.74
2026-09-01 12:45:00,77169.82,1500.05,1500.05,1500.05,1500.05,0,15.0,0.5961,0.000132,-23.98,74.77
2026-09-01 12:46:00,77168.15,1500.05,1500.05,1500.05,1500.05,0,15.0,0.5959,0.000132,-23.98,74.78
2026-09-01 12:47:00,77162.2,1500.05,1500.05,1500.05,1500.05,0,15.0,0.5951,0.000132,-24.0,74.81
2026-09-01 12:48:00,77160.91,1500.05,1500.05,1500.05,1500.05,0,15.0,0.5949,0.000132,-24.0,74.82
2026-09-01 12:49:00,77158.4,1500.05,1500.05,1500.05,1500.05,0,15.0,0.5946,0.000132,-24.0,74.83
2026-09-01 12:50:00,77145.13,1500.05,1500.05,1500.05,1500.05,0,15.0,0.5928,0.000133,-24.03,74.9
2026-09-01 12:51:00,77130.77,1500.05,1500.05,1500.05,1500.05,0,15.0,0.5909,0.000133,-24.05,74.97
2026-09-01 12:52:00,77135.09,1500.05,1500.05,1500.05,1500.05,0,15.0,0.5915,0.000133,-24.05,74.95
2026-09-01 12:53:00,77123.48,1500.05,1500.05,1500.05,1500.05,0,15.0,0.59,0.000133,-24.07,75.01
2026-09-01 12:54:00,77100.92,1500.05,1500.05,1500.05,1500.05,0,15.0,0.587,0.000133,-24.11,75.12
2026-09-01 12:55:00,77098.14,1500.05,1500.05,1500.05,1500.05,0,15.0,0.5866,0.000133,-24.11,75.13
2026-09-01 12:56:00,77083.57,1500.05,1500.05,1500.05,1500.05,0,15.0,0.5846,0.000133,-24.14,75.2
2026-09-01 12:57:00,77090.56,1500.05,1500.05,1500.05,1500.05,0,15.0,0.5856,0.000133,-24.13,75.16
2026-09-01 12:58:00,77097.61,1500.05,1500.05,1500.05,1500.05,0,15.0,0.5865,0.000133,-24.11,75.13
2026-09-01 12:59:00,77099.47,1500.05,1500.05,1500.05,1500.05,0,15.0,0.5868,0.000133,-24.11,75.12
2026-09-01 13:00:00,77085.92,1500.05,1500.05,1500.05,1500.05,0,15.0,0.585,0.000133,-24.13,75.18
2026-09-01 13:01:00,77078.64,1500.05,1500.05,1500.05,1500.05,0,15.0,0.584,0.000133,-24.15,75.22
2026-09-01 13:02:00,77085.05,1500.05,1500.05,1500.05,1500.05,0,15.0,0.5849,0.000133,-24.14,75.18
2026-09-01 13:03:00,77073.31,1500.05,1500.05,1500.05,1500.05,0,15.0,0.5833,0.000133,-24.16,75.24
2026-09-01 13:04:00,77076.84,1500.05,1500.05,1500.05,1500.05,0,15.0,0.5838,0.000133,-24.15,75.22
2026-09-01 13:05:00,77044.79,1500.05,1500.05,1500.05,1500.05,0,15.0,0.5795,0.000134,-24.2,75.36
2026-09-01 13:06:00,77036.74,1500.05,1500.05,1500.05,1500.05,0,15.0,0.5784,0.000134,-24.21,75.4
2026-09-01 13:07:00,77028.82,1500.05,1500.05,1500.05,1500.05,0,15.0,0.5773,0.000134,-24.23,75.43
2026-09-01 13:08:00,77031.21,1500.05,1500.05,1500.05,1500.05,0,15.0,0.5777,0.000134,-24.22,75.42
2026-09-01 13:09:00,77036.29,1500.05,1500.05,1500.05,1500.05,0,15.0,0.5783,0.000134,-24.22,75.4
2026-09-01 13:10:00,77015.36,1500.05,1500.05,1500.05,1500.05,0,15.0,0.5755,0.000134,-24.25,75.48
2026-09-01 13:11:00,76993.79,1500.05,1500.05,1500.05,1500.05,0,15.0,0.5727,0.000134,-24.28,75.57
2026-09-01 13:12:00,76978.35,1500.05,1500.05,1500.05,1500.05,0,15.0,0.5706,0.000134,-24.3,75.63
2026-09-01 13:13:00,76969.93,1500.05,1500.05,1500.05,1500.05,0,15.0,0.5694,0.000135,-24.31,75.66
2026-09-01 13:14:00,76955.67,1500.05,1500.05,1500.05,1500.05,0,15.0,0.5675,0.000135,-24.33,75.71
2026-09-01 13:15:00,76939.83,1500.05,1500.05,1500.05,1500.05,0,15.0,0.5654,0.000135,-24.35,75.77
2026-09-01 13:16:00,76932.85,1500.05,1500.05,1500.05,1500.05,0,15.0,0.5645,0.000135,-24.36,75.79
2026-09-01 13:17:00,76934.02,1500.05,1500.05,1500.05,1500.05,0,15.0,0.5646,0.000135,-24.36,75.78
2026-09-01 13:18:00,76938.18,1500.05,1500.05,1500.05,1500.05,0,15.0,0.5652,0.000135,-24.35,75.77
2026-09-01 13:19:00,76950.4,1500.05,1500.05,1500.05,1500.05,0,15.0,0.5668,0.000135,-24.34,75.72
2026-09-01 13:20:00,76953.2,1500.05,1500.05,1500.05,1500.05,0,15.0,0.5672,0.000135,-24.34,75.71
2026-09-01 13:21:00,76978.29,1500.05,1500.05,1500.05,1500.05,0,15.0,0.5706,0.000134,-24.3,75.62
2026-09-01 13:22:00,76984.43,1500.05,1500.05,1500.05,1500.05,0,15.0,0.5714,0.000134,-24.3,75.59
2026-09-01 13:23:00,76968.86,1500.05,1500.05,1500.05,1500.05,0,15.0,0.5693,0.000135,-24.32,75.65
2026-09-01 13:24:00,76975.52,1500.05,1500.05,1500.05,1500.05,0,15.0,0.5702,0.000135,-24.31,75.63
2026-09-01 13:25:00,76975.84,1500.05,1500.05,1500.05,1500.05,0,15.0,0.5703,0.000135,-24.31,75.62
2026-09-01 13:26:00,76977.4,1500.05,1500.05,1500.05,1500.05,0,15.0,0.5705,0.000135,-24.31,75.62
2026-09-01 13:27:00,76964.27,1500.05,1500.05,1500.05,1500.05,0,15.0,0.5687,0.000135,-24.32,75.66
2026-09-01 13:28:00,76948.51,1500.05,1500.05,1500.05,1500.05,0,15.0,0.5666,0.000135,-24.34,75.72
2026-09-01 13:29:00,76953.42,1500.05,1500.05,1500.05,1500.05,0,15.0,0.5672,0.000135,-24.34,75.7
2026-09-01 13:30:00,76967.67,1500.05,1500.05,1500.05,1500.05,0,15.0,0.5692,0.000135,-24.32,75.65
2026-09-01 13:31:00,76992.51,1500.05,1500.05,1500.05,1500.05,0,15.0,0.5725,0.000134,-24.29,75.55
2026-09-01 13:32:00,76997.11,1500.05,1500.05,1500.05,1500.05,0,15.0,0.5731,0.000134,-24.28,75.53
2026-09-01 13:33:00,76994.23,1500.05,1500.05,1500.05,1500.05,0,15.0,0.5727,0.000134,-24.29,75.54
2026-09-01 13:34:00,76988.81,1500.05,1500.05,1500.05,1500.05,0,15.0,0.572,0.000134,-24.29,75.56
2026-09-01 13:35:00,77005.05,1500.05,1500.05,1500.05,1500.05,0,15.0,0.5742,0.000134,-24.27,75.5
2026-09-01 13:36:00,76976.96,1500.05,1500.05,1500.05,1500.05,0,15.0,0.5704,0.000135,-24.31,75.61
2026-09-01 13:37:00,76945.22,1500.05,1500.05,1500.05,1500.05,0,15.0,0.5661,0.000135,-24.35,75.72
2026-09-01 13:38:00,76938.31,1500.05,1500.05,1500.05,1500.05,0,15.0,0.5652,0.000135,-24.36,75.74
2026-09-01 13:39:00,76928.78,1500.05,1500.05,1313.0,1313.0,80,14.18,0.5669,0.000143,-23.0,75.68
2026-09-01 13:40:00,76893.84,1313.0,1313.0,1300.35,1300.35,80,14.27,0.5616,0.000142,-23.2,75.81
2026-09-01 13:41:00,76881.23,1300.35,1300.35,1290.0,1290.0,40,14.23,0.5599,0.000143,-23.14,75.85
2026-09-01 13:42:00,76894.41,1290.0,1290.0,1290.0,1290.0,0,15.0,0.5593,0.000135,-24.41,75.88
2026-09-01 13:43:00,76902.57,1290.0,1290.0,1290.0,1290.0,0,15.0,0.5604,0.000135,-24.4,75.86
2026-09-01 13:44:00,76914.57,1290.0,1290.0,1290.0,1290.0,0,15.0,0.562,0.000135,-24.39,75.82
2026-09-01 13:45:00,76903.9,1290.0,1290.0,1290.0,1290.0,0,15.0,0.5606,0.000135,-24.4,75.85
2026-09-01 13:46:00,76890.17,1290.0,1290.0,1290.0,1290.0,0,15.0,0.5587,0.000135,-24.42,75.89
2026-09-01 13:47:00,76866.64,1290.0,1290.0,1290.0,1290.0,0,15.0,0.5555,0.000136,-24.44,75.96
2026-09-01 13:48:00,76865.72,1290.0,1290.0,1290.0,1290.0,0,15.0,0.5554,0.000136,-24.45,75.96
2026-09-01 13:49:00,76875.32,1290.0,1290.0,1290.0,1290.0,0,15.0,0.5567,0.000136,-24.44,75.93
2026-09-01 13:50:00,76800.05,1290.0,1290.0,1270.0,1270.0,20,14.56,0.5475,0.00014,-23.77,76.1
2026-09-01 13:51:00,76770.72,1270.0,1270.0,1250.0,1250.0,40,14.5,0.5435,0.000141,-23.71,76.16
2026-09-01 13:52:00,76785.04,1250.0,1250.0,1250.0,1250.0,0,15.0,0.5444,0.000136,-24.52,76.15
2026-09-01 13:53:00,76780.64,1250.0,1250.0,1250.0,1250.0,0,15.0,0.5438,0.000136,-24.52,76.16
2026-09-01 13:54:00,76785.76,1250.0,1250.0,1250.0,1250.0,0,15.0,0.5445,0.000136,-24.52,76.15
2026-09-01 13:55:00,76778.76,1250.0,1250.0,1250.0,1250.0,0,15.0,0.5436,0.000136,-24.53,76.16
2026-09-01 13:56:00,76783.1,1250.0,1250.0,1250.0,1250.0,0,15.0,0.5442,0.000136,-24.52,76.15
2026-09-01 13:57:00,76818.16,1250.0,1250.0,1250.0,1250.0,0,15.0,0.5489,0.000136,-24.49,76.07
2026-09-01 13:58:00,76835.59,1250.0,1250.0,1250.0,1250.0,0,15.0,0.5513,0.000136,-24.48,76.03
2026-09-01 13:59:00,76810.92,1250.0,1250.0,1250.0,1250.0,0,15.0,0.548,0.000136,-24.5,76.09
2026-09-01 14:00:00,76785.53,1251.05,1251.05,1251.0,1251.0,40,14.41,0.5458,0.000142,-23.55,76.11
2026-09-01 14:01:00,76791.48,1251.0,1251.0,1251.0,1251.0,0,15.0,0.5453,0.000136,-24.52,76.13
2026-09-01 14:02:00,76761.69,1251.0,1251.0,1225.35,1225.35,20,14.25,0.5428,0.000144,-23.3,76.16
2026-09-01 14:03:00,76743.55,1225.35,1240.9,1215.0,1240.9,60,14.58,0.5395,0.00014,-23.86,76.21
2026-09-01 14:04:00,76756.81,1240.9,1240.9,1240.9,1240.9,0,15.0,0.5406,0.000136,-24.55,76.2
2026-09-01 14:05:00,76754.63,1240.9,1240.9,1212.0,1212.0,20,14.12,0.542,0.000145,-23.1,76.16
2026-09-01 14:06:00,76741.15,1212.0,1212.0,1212.0,1212.0,0,15.0,0.5385,0.000137,-24.56,76.22
2026-09-01 14:07:00,76725.74,1212.0,1212.0,1212.0,1212.0,0,15.0,0.5363,0.000137,-24.57,76.25
2026-09-01 14:08:00,76697.36,1212.0,1212.0,1200.0,1200.0,60,14.37,0.5333,0.000143,-23.54,76.27
2026-09-01 14:09:00,76667.66,1200.0,1200.0,1200.0,1200.0,0,15.0,0.5284,0.000137,-24.6,76.32
2026-09-01 14:10:00,76688.33,1200.0,1200.0,1200.0,1200.0,0,15.0,0.5312,0.000137,-24.59,76.29
2026-09-01 14:11:00,76712.95,1200.0,1200.0,1200.0,1200.0,0,15.0,0.5346,0.000137,-24.58,76.26
2026-09-01 14:12:00,76694.39,1200.0,1200.0,1200.0,1200.0,0,15.0,0.5321,0.000137,-24.59,76.28
2026-09-01 14:13:00,76685.93,1200.0,1200.0,1200.0,1200.0,0,15.0,0.5309,0.000137,-24.59,76.29
2026-09-01 14:14:00,76698.95,1200.0,1200.0,1200.0,1200.0,0,15.0,0.5327,0.000137,-24.58,76.28
2026-09-01 14:15:00,76697.79,1200.0,1200.0,1200.0,1200.0,0,15.0,0.5325,0.000137,-24.59,76.28
2026-09-01 14:16:00,76695.07,1200.0,1200.0,1200.0,1200.0,0,15.0,0.5322,0.000137,-24.59,76.28
2026-09-01 14:17:00,76684.87,1200.0,1200.0,1200.0,1200.0,0,15.0,0.5308,0.000137,-24.59,76.29
2026-09-01 14:18:00,76683.24,1200.0,1200.0,1200.0,1200.0,0,15.0,0.5305,0.000137,-24.59,76.29
2026-09-01 14:19:00,76691.17,1200.0,1200.0,1200.0,1200.0,0,15.0,0.5316,0.000137,-24.59,76.28
2026-09-01 14:20:00,76693.54,1200.0,1200.0,1200.0,1200.0,0,15.0,0.5319,0.000137,-24.59,76.28
2026-09-01 14:21:00,76688.77,1200.0,1200.0,1200.0,1200.0,0,15.0,0.5313,0.000137,-24.59,76.28
2026-09-01 14:22:00,76666.47,1200.0,1200.0,1200.0,1200.0,0,15.0,0.5282,0.000137,-24.6,76.31
2026-09-01 14:23:00,76664.77,1200.0,1200.0,1190.0,1190.0,40,14.47,0.5286,0.000142,-23.73,76.3
2026-09-01 14:24:00,76672.63,1190.0,1190.0,1190.0,1190.0,0,15.0,0.5291,0.000137,-24.6,76.3
2026-09-01 14:25:00,76689.01,1190.0,1190.0,1190.0,1190.0,0,15.0,0.5313,0.000137,-24.59,76.28
2026-09-01 14:26:00,76678.65,1190.0,1190.0,1190.0,1190.0,0,15.0,0.5299,0.000137,-24.6,76.29
2026-09-01 14:27:00,76664.78,1190.0,1190.0,1190.0,1190.0,0,15.0,0.528,0.000137,-24.61,76.3
2026-09-01 14:28:00,76668.43,1190.0,1190.0,1158.75,1158.75,100,14.04,0.5296,0.000146,-23.02,76.28
2026-09-01 14:29:00,76740.25,1158.75,1158.75,1158.75,1158.75,0,15.0,0.5383,0.000137,-24.57,76.2
2026-09-01 14:30:00,76715.91,1158.75,1204.35,1158.75,1204.35,20,14.3,0.5361,0.000143,-23.43,76.21
2026-09-01 14:31:00,76748.23,1204.35,1204.35,1204.35,1204.35,0,15.0,0.5394,0.000137,-24.56,76.18
2026-09-01 14:32:00,76746.98,1204.35,1204.35,1204.35,1204.35,0,15.0,0.5393,0.000137,-24.56,76.18
2026-09-01 14:33:00,76727.68,1204.35,1204.35,1204.35,1204.35,0,15.0,0.5366,0.000137,-24.58,76.21
2026-09-01 14:34:00,76748.21,1204.35,1204.35,1204.35,1204.35,0,15.0,0.5394,0.000137,-24.56,76.18
2026-09-01 14:35:00,76744.57,1204.35,1204.35,1204.35,1204.35,0,15.0,0.5389,0.000137,-24.57,76.18
2026-09-01 14:36:00,76723.58,1204.35,1204.35,1204.35,1204.35,0,15.0,0.5361,0.000137,-24.58,76.22
2026-09-01 14:37:00,76712.19,1204.35,1210.0,1204.35,1210.0,40,14.4,0.5354,0.000142,-23.6,76.22
2026-09-01 14:38:00,76721.46,1210.0,1210.0,1210.0,1210.0,0,15.0,0.5358,0.000137,-24.58,76.22
2026-09-01 14:39:00,76707.71,1210.0,1210.0,1210.0,1210.0,0,15.0,0.5339,0.000137,-24.59,76.24
2026-09-01 14:40:00,76678.96,1210.0,1210.0,1210.0,1210.0,0,15.0,0.53,0.000137,-24.6,76.27
2026-09-01 14:41:00,76693.5,1210.0,1210.0,1210.0,1210.0,0,15.0,0.5319,0.000137,-24.6,76.25
2026-09-01 14:42:00,76714.62,1205.9,1211.5,1205.9,1211.5,60,14.41,0.5358,0.000142,-23.61,76.21
2026-09-01 14:43:00,76699.99,1211.5,1211.5,1211.5,1211.5,0,15.0,0.5328,0.000137,-24.6,76.24
2026-09-01 14:44:00,76693.31,1211.5,1211.5,1206.55,1206.55,20,14.49,0.5326,0.000142,-23.76,76.24
2026-09-01 14:45:00,76728.5,1206.55,1206.55,1206.55,1206.55,0,15.0,0.5367,0.000137,-24.58,76.2
2026-09-01 14:46:00,76716.17,1206.55,1206.55,1206.55,1206.55,0,15.0,0.5351,0.000137,-24.59,76.22
2026-09-01 14:47:00,76704.4,1206.55,1206.55,1206.55,1206.55,0,15.0,0.5334,0.000137,-24.59,76.23
2026-09-01 14:48:00,76700.67,1206.55,1206.55,1206.55,1206.55,0,15.0,0.5329,0.000137,-24.6,76.24
2026-09-01 14:49:00,76700.2,1206.55,1206.55,1206.55,1206.55,40,14.44,0.5336,0.000142,-23.68,76.22
2026-09-01 14:50:00,76727.94,1206.55,1206.55,1206.55,1206.55,0,15.0,0.5367,0.000137,-24.58,76.19
2026-09-01 14:51:00,76757.13,1206.55,1206.55,1206.55,1206.55,0,15.0,0.5407,0.000137,-24.56,76.14
2026-09-01 14:52:00,76737.14,1206.55,1206.55,1206.55,1206.55,0,15.0,0.5379,0.000137,-24.58,76.18
2026-09-01 14:53:00,76732.72,1206.55,1206.55,1206.55,1206.55,0,15.0,0.5373,0.000137,-24.58,76.18
2026-09-01 14:54:00,76743.7,1206.55,1206.55,1206.55,1206.55,0,15.0,0.5388,0.000137,-24.57,76.16
2026-09-01 14:55:00,76750.99,1206.55,1206.55,1206.55,1206.55,0,15.0,0.5398,0.000137,-24.57,76.15
2026-09-01 14:56:00,76760.76,1206.55,1215.7,1206.55,1215.7,20,14.14,0.5429,0.000145,-23.14,76.09
2026-09-01 14:57:00,76737.53,1215.7,1215.7,1215.7,1215.7,0,15.0,0.538,0.000137,-24.58,76.17
2026-09-01 14:58:00,76746.15,1215.7,1215.7,1215.7,1215.7,0,15.0,0.5392,0.000137,-24.57,76.15
2026-09-01 14:59:00,76751.75,1215.7,1215.7,1215.7,1215.7,0,15.0,0.5399,0.000137,-24.57,76.14
2026-09-01 15:00:00,76735.23,1215.7,1215.7,1215.7,1215.7,0,15.0,0.5377,0.000137,-24.58,76.17
2026-09-01 15:01:00,76744.48,1215.7,1215.7,1215.7,1215.7,0,15.0,0.5389,0.000137,-24.58,76.15
2026-09-01 15:02:00,76730.96,1215.7,1215.7,1215.7,1215.7,0,15.0,0.5371,0.000137,-24.58,76.17
2026-09-01 15:03:00,76708.66,1215.7,1215.7,1215.7,1215.7,0,15.0,0.534,0.000137,-24.6,76.21
2026-09-01 15:04:00,76728.67,1215.7,1215.7,1215.7,1215.7,0,15.0,0.5368,0.000137,-24.59,76.18
2026-09-01 15:05:00,76745.22,1215.7,1215.7,1210.3,1210.3,20,14.18,0.5406,0.000145,-23.22,76.12
2026-09-01 15:06:00,76749.43,1210.3,1210.3,1210.3,1210.3,0,15.0,0.5396,0.000137,-24.57,76.14
2026-09-01 15:07:00,76722.4,1210.3,1210.3,1210.3,1210.3,0,15.0,0.5359,0.000137,-24.59,76.18
2026-09-01 15:08:00,76723.02,1210.3,1217.2,1210.3,1217.2,20,14.43,0.5369,0.000142,-23.65,76.16
2026-09-01 15:09:00,76711.67,1217.2,1217.2,1217.2,1217.2,0,15.0,0.5344,0.000137,-24.6,76.2
2026-09-01 15:10:00,76720.82,1217.2,1217.2,1217.2,1217.2,0,15.0,0.5357,0.000137,-24.59,76.18
2026-09-01 15:11:00,76715.31,1217.2,1217.2,1210.0,1210.0,120,14.39,0.5359,0.000143,-23.59,76.17
2026-09-01 15:12:00,76685.48,1210.0,1229.6,1200.35,1200.35,120,14.47,0.5315,0.000142,-23.75,76.22
2026-09-01 15:13:00,76723.07,1200.35,1200.35,1200.35,1200.35,0,15.0,0.536,0.000137,-24.59,76.17
2026-09-01 15:14:00,76718.68,1200.35,1200.35,1200.35,1200.35,0,15.0,0.5354,0.000137,-24.6,76.18
2026-09-01 15:15:00,76725.18,1200.35,1200.35,1200.35,1200.35,0,15.0,0.5363,0.000137,-24.59,76.17
2026-09-01 15:16:00,76725.18,1200.35,1204.45,1200.35,1204.45,20,14.25,0.5376,0.000144,-23.35,76.14
2026-09-01 15:17:00,76725.18,1204.45,1204.45,1200.0,1200.0,260,14.19,0.5377,0.000145,-23.26,76.14
2026-09-01 15:18:00,76725.18,1200.0,1200.0,1200.0,1200.0,0,15.0,0.5363,0.000137,-24.59,76.17
2026-09-01 15:19:00,76725.18,1200.0,1200.0,1200.0,1200.0,0,15.0,0.5363,0.000137,-24.59,76.16
2026-09-01 15:20:00,76725.18,1200.0,1200.0,1200.0,1200.0,0,15.0,0.5363,0.000137,-24.6,76.16
2026-09-01 15:21:00,76725.18,1200.0,1200.0,1200.0,1200.0,0,15.0,0.5363,0.000137,-24.6,76.16
2026-09-01 15:22:00,76725.18,1200.0,1200.0,1200.0,1200.0,0,15.0,0.5363,0.000137,-24.6,76.16
2026-09-01 15:23:00,76725.18,1200.0,1200.0,1200.0,1200.0,0,15.0,0.5363,0.000137,-24.6,76.16
2026-09-01 15:24:00,76725.18,1200.0,1228.45,1200.0,1228.45,20,14.56,0.537,0.000141,-23.88,76.15
2026-09-01 15:25:00,76725.18,1228.45,1228.45,1228.45,1228.45,0,15.0,0.5363,0.000137,-24.6,76.16
2026-09-01 15:26:00,76725.18,1228.45,1228.45,1228.45,1228.45,0,15.0,0.5363,0.000137,-24.6,76.16
2026-09-01 15:27:00,76725.18,1228.45,1228.45,1228.45,1228.45,0,15.0,0.5363,0.000137,-24.6,76.16
2026-09-01 15:28:00,76944.28,1228.45,1228.45,1228.45,1228.45,0,15.0,0.5661,0.000135,-24.39,75.6
2026-09-01 15:29:00,76944.28,1228.45,1228.45,1228.45,1228.45,0,15.0,0.5661,0.000135,-24.39,75.59
2026-09-02 09:15:00,76262.29,1211.35,1211.35,820.0,980.0,420,14.6,0.4708,0.000144,-24.3,74.65
2026-09-02 09:16:00,76207.25,980.0,980.0,952.95,974.75,100,14.88,0.4638,0.000141,-24.71,74.49
2026-09-02 09:17:00,76229.5,926.15,960.4,926.15,960.4,100,14.55,0.4659,0.000145,-24.18,74.55
2026-09-02 09:18:00,76251.29,960.4,980.0,960.4,970.05,60,14.54,0.4691,0.000145,-24.19,74.61
2026-09-02 09:19:00,76225.08,970.05,974.85,965.0,965.0,80,14.64,0.4656,0.000144,-24.33,74.54
2026-09-02 09:20:00,76243.99,965.0,989.35,965.0,989.35,140,14.84,0.4689,0.000142,-24.7,74.6
2026-09-02 09:21:00,76217.5,989.35,989.35,960.4,960.4,100,14.62,0.4644,0.000144,-24.3,74.51
2026-09-02 09:22:00,76188.54,960.4,966.35,960.4,966.35,180,14.88,0.4612,0.000141,-24.71,74.43
2026-09-02 09:23:00,76161.91,966.35,966.35,957.8,960.85,140,14.97,0.4578,0.00014,-24.83,74.34
2026-09-02 09:24:00,76181.1,960.85,960.85,960.85,960.85,0,15.0,0.4605,0.00014,-24.9,74.4
2026-09-02 09:25:00,76223.53,960.85,998.3,960.05,960.05,80,14.58,0.4652,0.000144,-24.24,74.52
2026-09-02 09:26:00,76259.93,960.05,986.0,960.05,986.0,60,14.7,0.4708,0.000143,-24.47,74.64
2026-09-02 09:27:00,76269.26,986.0,995.8,986.0,995.8,60,14.77,0.4723,0.000143,-24.6,74.66
2026-09-02 09:28:00,76240.51,995.8,995.8,978.45,978.45,20,14.72,0.4681,0.000143,-24.49,74.58
2026-09-02 09:29:00,76261.55,978.45,978.45,978.45,978.45,0,15.0,0.4718,0.00014,-24.97,74.65
2026-09-02 09:30:00,76245.94,978.45,990.0,978.45,990.0,20,14.84,0.4692,0.000142,-24.7,74.6
2026-09-02 09:31:00,76257.52,990.0,990.0,990.0,990.0,0,15.0,0.4713,0.00014,-24.97,74.63
2026-09-02 09:32:00,76263.26,990.0,999.0,990.0,994.4,160,14.79,0.4715,0.000142,-24.63,74.64
2026-09-02 09:33:00,76297.89,994.4,994.4,994.4,994.4,0,15.0,0.4769,0.00014,-25.0,74.74
2026-09-02 09:34:00,76341.94,994.4,994.4,994.4,994.4,0,15.0,0.4831,0.00014,-25.03,74.83
2026-09-02 09:35:00,76327.15,1022.45,1022.45,1022.45,1022.45,20,14.76,0.4805,0.000143,-24.63,74.79
2026-09-02 09:36:00,76326.09,1022.45,1022.45,1022.45,1022.45,0,15.0,0.4809,0.00014,-25.02,74.8
2026-09-02 09:37:00,76332.02,1022.45,1022.45,1022.45,1022.45,0,15.0,0.4817,0.00014,-25.03,74.81
2026-09-02 09:38:00,76313.07,1022.45,1022.45,1022.45,1022.45,0,15.0,0.4791,0.00014,-25.02,74.76
2026-09-02 09:39:00,76295.17,1022.45,1022.45,1022.45,1022.45,0,15.0,0.4765,0.00014,-25.0,74.72
2026-09-02 09:40:00,76305.19,1022.45,1022.45,1022.45,1022.45,0,15.0,0.478,0.00014,-25.01,74.74
2026-09-02 09:41:00,76330.59,1022.45,1022.45,1022.45,1022.45,0,15.0,0.4815,0.00014,-25.03,74.8
2026-09-02 09:42:00,76337.53,1022.45,1022.45,1015.0,1015.0,380,14.6,0.4817,0.000144,-24.36,74.81
2026-09-02 09:43:00,76345.84,1015.0,1015.0,1002.3,1003.6,200,14.39,0.4824,0.000146,-24.02,74.82
2026-09-02 09:44:00,76341.45,1003.6,1003.6,1003.6,1003.6,0,15.0,0.483,0.00014,-25.04,74.82
2026-09-02 09:45:00,76324.23,1008.25,1008.25,999.95,1002.9,100,14.52,0.4796,0.000145,-24.23,74.77
2026-09-02 09:46:00,76311.24,1002.9,1002.9,992.75,992.75,100,14.47,0.4776,0.000146,-24.13,74.74
2026-09-02 09:47:00,76290.46,992.75,992.75,992.75,992.75,0,15.0,0.4759,0.00014,-25.0,74.7
2026-09-02 09:48:00,76300.23,992.75,992.75,978.75,990.0,60,14.5,0.4761,0.000145,-24.18,74.71
2026-09-02 09:49:00,76320.71,990.0,990.0,990.0,990.0,0,15.0,0.4801,0.00014,-25.03,74.77
2026-09-02 09:50:00,76355.34,990.0,990.0,990.0,990.0,0,15.0,0.485,0.00014,-25.05,74.84
2026-09-02 09:51:00,76326.74,990.0,1009.85,990.0,1009.85,20,14.6,0.4801,0.000144,-24.36,74.77
2026-09-02 09:52:00,76312.34,1009.85,1009.85,990.0,990.0,20,14.43,0.4776,0.000146,-24.06,74.73
2026-09-02 09:53:00,76326.11,990.0,990.0,990.0,990.0,0,15.0,0.4809,0.00014,-25.03,74.78
2026-09-02 09:54:00,76303.43,990.0,990.0,990.0,990.0,20,14.48,0.4765,0.000145,-24.15,74.71
2026-09-02 09:55:00,76320.57,990.0,990.0,990.0,990.0,20,14.38,0.4787,0.000147,-23.99,74.75
2026-09-02 09:56:00,76339.26,990.0,990.0,990.0,990.0,0,15.0,0.4827,0.00014,-25.04,74.8
2026-09-02 09:57:00,76347.4,990.0,990.0,990.0,990.0,0,15.0,0.4839,0.00014,-25.05,74.81
2026-09-02 09:58:00,76382.75,990.0,1008.0,990.0,1008.0,60,14.21,0.4875,0.000148,-23.75,74.87
2026-09-02 09:59:00,76382.5,1008.0,1012.7,1008.0,1012.7,100,14.28,0.4876,0.000148,-23.86,74.87
2026-09-02 10:00:00,76364.54,1012.7,1012.7,1005.05,1005.05,20,14.29,0.485,0.000147,-23.87,74.83
2026-09-02 10:01:00,76368.73,1005.05,1015.2,1005.05,1015.2,20,14.4,0.4858,0.000146,-24.06,74.84
2026-09-02 10:02:00,76384.11,1015.2,1015.2,1015.2,1015.2,0,15.0,0.489,0.00014,-25.07,74.87
2026-09-02 10:03:00,76383.88,1015.2,1020.0,1015.2,1020.0,40,14.37,0.488,0.000147,-24.01,74.87
2026-09-02 10:04:00,76373.64,1020.0,1020.0,1020.0,1020.0,0,15.0,0.4876,0.00014,-25.06,74.85
2026-09-02 10:05:00,76374.8,1020.0,1020.0,1020.0,1020.0,0,15.0,0.4877,0.00014,-25.06,74.85
2026-09-02 10:06:00,76382.04,1020.0,1020.0,1016.65,1016.65,20,14.34,0.4876,0.000147,-23.95,74.86
2026-09-02 10:07:00,76376.87,1016.65,1020.1,1016.65,1020.05,240,14.41,0.487,0.000146,-24.08,74.85
2026-09-02 10:08:00,76345.19,1020.05,1020.05,1020.05,1020.05,0,15.0,0.4836,0.000141,-25.05,74.8
2026-09-02 10:09:00,76344.0,1020.05,1020.05,996.9,996.9,20,14.32,0.482,0.000147,-23.91,74.78
2026-09-02 10:10:00,76356.02,996.9,996.9,996.9,996.9,0,15.0,0.4851,0.000141,-25.06,74.81
2026-09-02 10:11:00,76347.08,996.9,996.9,996.9,996.9,0,15.0,0.4838,0.000141,-25.05,74.8
2026-09-02 10:12:00,76355.52,996.9,996.9,996.9,996.9,0,15.0,0.485,0.000141,-25.06,74.81
2026-09-02 10:13:00,76380.4,996.9,996.9,996.9,996.9,0,15.0,0.4885,0.000141,-25.07,74.85
2026-09-02 10:14:00,76344.69,996.9,1025.65,996.9,1015.15,80,14.56,0.4826,0.000145,-24.31,74.78
2026-09-02 10:15:00,76356.44,1015.15,1015.15,1003.65,1003.65,20,14.33,0.4839,0.000147,-23.94,74.8
2026-09-02 10:16:00,76362.06,1003.65,1016.85,1003.65,1016.85,20,14.47,0.485,0.000146,-24.17,74.81
2026-09-02 10:17:00,76366.63,1016.85,1016.85,1016.85,1016.85,0,15.0,0.4866,0.000141,-25.06,74.83
2026-09-02 10:18:00,76375.6,1016.85,1016.85,1007.5,1009.8,80,14.29,0.4866,0.000148,-23.88,74.83
2026-09-02 10:19:00,76396.77,1009.8,1009.8,1009.8,1009.8,0,15.0,0.4908,0.000141,-25.08,74.87
2026-09-02 10:20:00,76418.03,1009.8,1009.8,1009.8,1009.8,0,15.0,0.4938,0.00014,-25.09,74.9
2026-09-02 10:21:00,76446.7,1009.8,1009.8,1009.8,1009.8,0,15.0,0.4978,0.00014,-25.09,74.93
2026-09-02 10:22:00,76459.64,1009.8,1009.8,1009.8,1009.8,0,15.0,0.4996,0.00014,-25.1,74.94
2026-09-02 10:23:00,76449.62,1009.8,1059.25,1009.8,1051.0,40,14.35,0.4976,0.000147,-24.02,74.93
2026-09-02 10:24:00,76448.37,1051.0,1062.6,1043.5,1043.5,140,14.26,0.4973,0.000148,-23.86,74.93
2026-09-02 10:25:00,76455.32,1043.5,1043.5,1043.5,1043.5,0,15.0,0.499,0.00014,-25.1,74.93
2026-09-02 10:26:00,76454.41,1043.5,1052.35,1043.5,1052.35,20,14.34,0.4983,0.000147,-24.0,74.93
2026-09-02 10:27:00,76453.87,1052.35,1052.35,1052.35,1052.35,0,15.0,0.4988,0.00014,-25.1,74.93
2026-09-02 10:28:00,76461.13,1052.35,1052.35,1052.3,1052.35,380,14.3,0.4992,0.000147,-23.92,74.94
2026-09-02 10:29:00,76478.36,1052.35,1052.35,1052.35,1052.35,0,15.0,0.5023,0.00014,-25.1,74.95
2026-09-02 10:30:00,76492.09,1052.35,1052.35,1052.35,1052.35,0,15.0,0.5042,0.00014,-25.11,74.96
2026-09-02 10:31:00,76506.89,1052.35,1087.0,1052.35,1087.0,120,14.45,0.506,0.000146,-24.19,74.96
2026-09-02 10:32:00,76505.4,1087.0,1087.0,1070.0,1070.0,120,14.24,0.5057,0.000148,-23.83,74.96
2026-09-02 10:33:00,76490.29,1070.0,1070.0,1070.0,1070.0,200,14.34,0.5036,0.000147,-24.0,74.95
2026-09-02 10:34:00,76476.61,1070.0,1070.0,1070.0,1070.0,0,15.0,0.502,0.00014,-25.11,74.94
2026-09-02 10:35:00,76463.81,1070.0,1070.0,1066.0,1066.0,100,14.46,0.4998,0.000146,-24.21,74.93
2026-09-02 10:36:00,76457.49,1066.0,1066.0,1066.0,1066.0,0,15.0,0.4993,0.00014,-25.1,74.92
2026-09-02 10:37:00,76454.14,1066.0,1066.0,1066.0,1066.0,0,15.0,0.4989,0.00014,-25.1,74.92
2026-09-02 10:38:00,76441.71,1066.0,1066.0,1042.9,1042.9,40,14.3,0.4964,0.000147,-23.93,74.91
2026-09-02 10:39:00,76410.14,1042.9,1042.9,1033.0,1033.55,180,14.38,0.4918,0.000147,-24.06,74.86
2026-09-02 10:40:00,76426.89,1033.55,1033.55,1033.55,1033.55,0,15.0,0.495,0.000141,-25.1,74.89
2026-09-02 10:41:00,76416.59,1033.55,1033.6,1033.55,1033.6,20,14.34,0.4927,0.000147,-24.0,74.87
2026-09-02 10:42:00,76422.04,1033.6,1033.6,1033.6,1033.6,0,15.0,0.4943,0.000141,-25.1,74.88
2026-09-02 10:43:00,76410.27,1033.6,1033.6,1033.6,1033.6,0,15.0,0.4927,0.000141,-25.09,74.86
2026-09-02 10:44:00,76404.25,1033.6,1033.6,1033.6,1033.6,20,14.42,0.491,0.000146,-24.13,74.85
2026-09-02 10:45:00,76397.24,1033.6,1033.6,1033.6,1033.6,0,15.0,0.4909,0.000141,-25.09,74.84
2026-09-02 10:46:00,76389.41,1033.6,1033.6,1027.85,1027.85,20,14.45,0.4889,0.000146,-24.16,74.83
2026-09-02 10:47:00,76390.42,1027.85,1028.0,1027.85,1028.0,40,14.44,0.489,0.000146,-24.15,74.83
2026-09-02 10:48:00,76412.08,1028.0,1028.0,1028.0,1028.0,0,15.0,0.4929,0.000141,-25.1,74.86
2026-09-02 10:49:00,76406.83,1028.0,1028.0,1028.0,1028.0,0,15.0,0.4922,0.000141,-25.09,74.85
2026-09-02 10:50:00,76418.62,1028.0,1028.0,1028.0,1028.0,0,15.0,0.4939,0.000141,-25.1,74.87
2026-09-02 10:51:00,76423.62,1028.0,1050.4,1028.0,1050.4,20,14.52,0.494,0.000145,-24.3,74.87
2026-09-02 10:52:00,76371.58,1050.4,1050.4,1018.0,1018.0,80,14.43,0.4863,0.000146,-24.13,74.79
2026-09-02 10:53:00,76349.62,1018.0,1018.0,999.0,999.0,20,14.32,0.4828,0.000147,-23.93,74.74
2026-09-02 10:54:00,76381.44,999.0,999.0,999.0,999.0,60,14.11,0.4872,0.000149,-23.6,74.8
2026-09-02 10:55:00,76389.4,999.0,999.0,999.0,999.0,0,15.0,0.4898,0.000141,-25.09,74.82
2026-09-02 10:56:00,76415.51,999.0,1025.0,999.0,1025.0,80,14.24,0.4924,0.000148,-23.83,74.85
2026-09-02 10:57:00,76408.38,1025.0,1025.0,1025.0,1025.0,0,15.0,0.4924,0.000141,-25.1,74.84
2026-09-02 10:58:00,76401.97,1025.0,1025.0,1020.9,1020.9,20,14.27,0.4905,0.000148,-23.88,74.83
2026-09-02 10:59:00,76394.71,1020.9,1020.9,1020.9,1020.9,0,15.0,0.4905,0.000141,-25.09,74.82
2026-09-02 11:00:00,76402.36,1020.9,1029.5,1020.9,1029.5,20,14.39,0.4907,0.000147,-24.07,74.83
2026-09-02 11:01:00,76384.43,1029.5,1029.5,1029.5,1029.5,0,15.0,0.4891,0.000141,-25.09,74.8
2026-09-02 11:02:00,76366.94,1029.5,1029.5,1029.5,1029.5,0,15.0,0.4866,0.000141,-25.08,74.77
2026-09-02 11:03:00,76344.62,1029.5,1029.5,1029.5,1029.5,0,15.0,0.4835,0.000141,-25.07,74.73
2026-09-02 11:04:00,76330.28,1029.5,1029.5,1029.5,1029.5,0,15.0,0.4814,0.000141,-25.06,74.7
2026-09-02 11:05:00,76312.0,1029.5,1029.5,1029.5,1029.5,0,15.0,0.4789,0.000141,-25.05,74.66
2026-09-02 11:06:00,76306.63,1029.5,1029.5,1029.5,1029.5,0,15.0,0.4781,0.000141,-25.05,74.65
2026-09-02 11:07:00,76331.06,994.0,994.0,989.1,993.2,120,14.37,0.4802,0.000147,-24.0,74.69
2026-09-02 11:08:00,76325.91,992.5,992.5,990.4,990.4,40,14.36,0.4794,0.000147,-23.99,74.68
2026-09-02 11:09:00,76311.2,990.4,990.4,990.4,990.4,0,15.0,0.4788,0.000141,-25.05,74.65
2026-09-02 11:10:00,76309.05,990.4,990.4,982.2,982.2,20,14.36,0.4769,0.000147,-23.98,74.63
2026-09-02 11:11:00,76311.61,982.2,982.2,982.2,982.2,0,15.0,0.4788,0.000141,-25.05,74.65
2026-09-02 11:12:00,76315.4,982.2,982.2,982.2,982.2,0,15.0,0.4793,0.000141,-25.06,74.66
2026-09-02 11:13:00,76312.59,982.2,991.15,982.2,985.4,40,14.38,0.4775,0.000147,-24.02,74.64
2026-09-02 11:14:00,76309.2,985.4,988.55,985.4,988.55,20,14.44,0.4772,0.000146,-24.12,74.63
2026-09-02 11:15:00,76318.78,988.55,994.15,988.55,988.55,60,14.39,0.4784,0.000147,-24.03,74.65
2026-09-02 11:16:00,76302.5,988.55,997.5,988.55,997.5,20,14.61,0.4766,0.000144,-24.39,74.62
2026-09-02 11:17:00,76300.66,997.5,997.5,997.5,997.5,0,15.0,0.4773,0.000141,-25.05,74.62
2026-09-02 11:18:00,76325.97,997.3,999.95,997.3,999.95,80,14.49,0.4797,0.000146,-24.22,74.67
2026-09-02 11:19:00,76320.59,999.95,999.95,999.95,999.95,0,15.0,0.4801,0.000141,-25.06,74.66
2026-09-02 11:20:00,76320.04,999.95,999.95,999.95,999.95,0,15.0,0.48,0.000141,-25.06,74.66
2026-09-02 11:21:00,76309.68,999.95,999.95,999.95,999.95,0,15.0,0.4785,0.000141,-25.06,74.64
2026-09-02 11:22:00,76293.37,999.95,999.95,999.95,999.95,0,15.0,0.4762,0.000141,-25.04,74.6
2026-09-02 11:23:00,76306.51,999.95,999.95,999.95,999.95,0,15.0,0.4781,0.000141,-25.05,74.63
2026-09-02 11:24:00,76283.88,999.95,999.95,980.0,997.1,80,14.72,0.4742,0.000143,-24.58,74.56
2026-09-02 11:25:00,76287.3,997.1,997.1,997.1,997.1,0,15.0,0.4754,0.000141,-25.04,74.58
2026-09-02 11:26:00,76286.08,997.1,997.1,997.1,997.1,0,15.0,0.4752,0.000141,-25.04,74.58
2026-09-02 11:27:00,76282.72,997.1,997.1,997.1,997.1,0,15.0,0.4747,0.000141,-25.04,74.57
2026-09-02 11:28:00,76286.01,997.1,997.1,997.1,997.1,0,15.0,0.4752,0.000141,-25.04,74.57
2026-09-02 11:29:00,76273.13,997.1,997.1,997.1,997.1,0,15.0,0.4734,0.000141,-25.03,74.54
2026-09-02 11:30:00,76270.98,997.1,997.1,997.1,997.1,0,15.0,0.4731,0.000141,-25.03,74.53
2026-09-02 11:31:00,76270.65,997.1,997.1,980.0,980.0,20,14.58,0.4719,0.000145,-24.33,74.52
2026-09-02 11:32:00,76272.48,980.0,980.0,980.0,980.0,20,14.57,0.4721,0.000145,-24.31,74.52
2026-09-02 11:33:00,76254.37,980.0,980.0,968.0,972.6,140,14.58,0.4696,0.000145,-24.32,74.47
2026-09-02 11:34:00,76259.21,972.6,972.6,970.0,970.0,20,14.52,0.4701,0.000145,-24.22,74.48
2026-09-02 11:35:00,76262.19,975.55,975.55,975.55,975.55,20,14.58,0.4707,0.000145,-24.31,74.49
2026-09-02 11:36:00,76255.09,975.55,975.55,975.15,975.15,20,14.61,0.4698,0.000144,-24.37,74.47
2026-09-02 11:37:00,76255.17,975.15,977.5,975.15,977.5,20,14.65,0.4699,0.000144,-24.43,74.47
2026-09-02 11:38:00,76262.19,977.5,977.5,977.5,977.5,0,15.0,0.4718,0.000141,-25.03,74.5
2026-09-02 11:39:00,76279.37,977.5,989.95,977.5,989.95,40,14.66,0.4734,0.000144,-24.47,74.53
2026-09-02 11:40:00,76270.33,989.95,990.0,984.75,984.75,60,14.65,0.472,0.000144,-24.44,74.51
2026-09-02 11:41:00,76259.5,984.75,984.75,984.75,984.75,0,15.0,0.4715,0.000141,-25.03,74.49
2026-09-02 11:42:00,76259.48,984.75,984.75,984.75,984.75,0,15.0,0.4715,0.000141,-25.03,74.49
2026-09-02 11:43:00,76266.18,984.75,984.75,984.75,984.75,0,15.0,0.4724,0.000141,-25.03,74.5
2026-09-02 11:44:00,76255.85,984.75,984.75,984.75,984.75,0,15.0,0.471,0.000141,-25.02,74.47
2026-09-02 11:45:00,76249.95,984.75,984.75,984.75,984.75,0,15.0,0.4701,0.000141,-25.02,74.46
2026-09-02 11:46:00,76247.06,984.75,984.75,980.9,980.9,20,14.75,0.469,0.000143,-24.59,74.44
2026-09-02 11:47:00,76239.75,980.9,980.9,980.9,980.9,0,15.0,0.4687,0.000141,-25.01,74.43
2026-09-02 11:48:00,76256.08,980.9,980.9,980.9,980.9,0,15.0,0.471,0.000141,-25.03,74.47
2026-09-02 11:49:00,76249.21,980.9,984.8,980.9,984.8,20,14.78,0.4694,0.000143,-24.66,74.44
2026-09-02 11:50:00,76257.06,984.8,984.8,979.15,979.15,20,14.66,0.4702,0.000144,-24.45,74.46
2026-09-02 11:51:00,76249.33,979.15,979.15,978.05,978.05,20,14.69,0.4691,0.000144,-24.51,74.44
2026-09-02 11:52:00,76262.27,978.05,982.0,978.05,982.0,40,14.67,0.4709,0.000144,-24.47,74.47
2026-09-02 11:53:00,76268.4,982.0,982.0,982.0,982.0,0,15.0,0.4727,0.000141,-25.04,74.5
2026-09-02 11:54:00,76295.86,982.0,1001.8,982.0,1001.8,140,14.72,0.4759,0.000143,-24.59,74.56
2026-09-02 11:55:00,76286.49,1001.8,1015.1,1000.15,1000.15,160,14.76,0.4746,0.000143,-24.64,74.54
2026-09-02 11:56:00,76277.4,1000.15,1000.15,1000.15,1000.15,0,15.0,0.474,0.000141,-25.05,74.52
2026-09-02 11:57:00,76271.7,990.0,990.0,990.0,990.0,20,14.71,0.4724,0.000143,-24.56,74.49
2026-09-02 11:58:00,76253.97,990.0,990.0,980.0,980.0,20,14.69,0.4698,0.000144,-24.51,74.44
2026-09-02 11:59:00,76263.83,980.0,980.0,980.0,980.0,0,15.0,0.4721,0.000141,-25.04,74.48
2026-09-02 12:00:00,76271.64,980.0,980.0,980.0,980.0,0,15.0,0.4732,0.000141,-25.04,74.5
2026-09-02 12:01:00,76281.49,980.0,980.0,980.0,980.0,0,15.0,0.4746,0.000141,-25.05,74.52
2026-09-02 12:02:00,76274.17,980.0,980.0,980.0,980.0,0,15.0,0.4735,0.000141,-25.05,74.5
2026-09-02 12:03:00,76251.03,980.0,980.0,980.0,980.0,0,15.0,0.4703,0.000141,-25.03,74.44
2026-09-02 12:04:00,76238.86,980.0,980.0,973.8,973.8,20,14.71,0.4677,0.000143,-24.52,74.39
2026-09-02 12:05:00,76255.53,973.8,973.8,973.8,973.8,0,15.0,0.4709,0.000141,-25.03,74.45
2026-09-02 12:06:00,76259.91,973.8,973.8,973.8,973.8,0,15.0,0.4715,0.000141,-25.04,74.46
2026-09-02 12:07:00,76251.41,973.8,980.0,973.8,980.0,100,14.71,0.4695,0.000143,-24.54,74.42
2026-09-02 12:08:00,76253.29,980.0,980.0,980.0,980.0,0,15.0,0.4706,0.000141,-25.03,74.44
2026-09-02 12:09:00,76264.69,980.0,980.0,980.0,980.0,0,15.0,0.4722,0.000141,-25.04,74.47
2026-09-02 12:10:00,76277.6,980.0,996.85,980.0,996.85,60,14.77,0.4734,0.000143,-24.67,74.5
2026-09-02 12:11:00,76320.91,996.85,1012.25,996.85,1012.25,40,14.7,0.4794,0.000144,-24.59,74.6
2026-09-02 12:12:00,76337.42,1012.25,1016.5,1012.25,1016.5,80,14.65,0.4817,0.000144,-24.51,74.63
2026-09-02 12:13:00,76339.78,1016.5,1016.55,1016.5,1016.5,40,14.63,0.482,0.000144,-24.48,74.64
2026-09-02 12:14:00,76340.33,1016.5,1024.85,1012.05,1012.05,40,14.57,0.482,0.000145,-24.38,74.63
2026-09-02 12:15:00,76346.05,1012.05,1012.05,1012.05,1012.05,0,15.0,0.4836,0.000141,-25.1,74.65
2026-09-02 12:16:00,76336.67,1012.05,1022.9,1012.05,1022.9,40,14.74,0.4818,0.000143,-24.67,74.63
2026-09-02 12:17:00,76350.25,1022.9,1022.9,1022.9,1022.9,0,15.0,0.4842,0.000141,-25.1,74.66
2026-09-02 12:18:00,76332.65,1022.9,1022.9,1022.9,1022.9,0,15.0,0.4817,0.000141,-25.09,74.62
2026-09-02 12:19:00,76314.41,1022.9,1022.9,996.9,996.9,40,14.54,0.4781,0.000145,-24.31,74.57
2026-09-02 12:20:00,76291.46,996.9,1000.0,996.9,1000.0,20,14.73,0.4753,0.000143,-24.61,74.52
2026-09-02 12:21:00,76272.63,989.2,989.2,989.2,989.2,20,14.7,0.4725,0.000144,-24.55,74.47
2026-09-02 12:22:00,76296.13,991.85,991.85,991.85,991.85,20,14.59,0.4756,0.000145,-24.38,74.52
2026-09-02 12:23:00,76291.7,991.85,991.85,991.85,991.85,0,15.0,0.476,0.000141,-25.07,74.52
2026-09-02 12:24:00,76292.43,991.85,991.85,991.85,991.85,0,15.0,0.4761,0.000141,-25.07,74.52
2026-09-02 12:25:00,76302.14,991.85,991.85,991.85,991.85,0,15.0,0.4774,0.000141,-25.08,74.55
2026-09-02 12:26:00,76309.97,991.85,991.85,991.85,991.85,0,15.0,0.4785,0.000141,-25.08,74.56
2026-09-02 12:27:00,76316.97,991.85,991.85,991.85,991.85,0,15.0,0.4795,0.000141,-25.09,74.58
2026-09-02 12:28:00,76325.36,991.85,1020.0,991.85,1020.0,20,14.78,0.4802,0.000143,-24.73,74.59
2026-09-02 12:29:00,76330.19,1020.0,1030.0,1020.0,1030.0,20,14.88,0.4812,0.000142,-24.9,74.6
2026-09-02 12:30:00,76354.79,1030.0,1030.0,1030.0,1030.0,0,15.0,0.4849,0.000141,-25.11,74.65
2026-09-02 12:31:00,76365.84,1030.0,1039.0,1030.0,1039.0,60,14.77,0.486,0.000143,-24.74,74.67
2026-09-02 12:32:00,76376.23,1039.0,1039.0,1039.0,1039.0,0,15.0,0.4879,0.000141,-25.12,74.68
2026-09-02 12:33:00,76382.53,1039.0,1039.0,1039.0,1039.0,0,15.0,0.4888,0.000141,-25.13,74.69
2026-09-02 12:34:00,76374.93,1039.0,1039.0,1039.0,1039.0,0,15.0,0.4877,0.000141,-25.12,74.68
2026-09-02 12:35:00,76386.54,1039.0,1039.0,1039.0,1039.0,0,15.0,0.4893,0.000141,-25.13,74.7
2026-09-02 12:36:00,76370.14,1039.0,1039.0,1039.0,1039.0,0,15.0,0.487,0.000141,-25.12,74.67
2026-09-02 12:37:00,76396.11,1039.0,1039.0,1039.0,1039.0,0,15.0,0.4907,0.000141,-25.13,74.71
2026-09-02 12:38:00,76386.22,1039.0,1048.15,1029.25,1048.15,80,14.76,0.4889,0.000143,-24.73,74.69
2026-09-02 12:39:00,76377.26,1048.15,1048.15,1033.6,1033.95,80,14.63,0.4874,0.000144,-24.51,74.68
2026-09-02 12:40:00,76388.81,1033.95,1037.25,1033.95,1037.1,40,14.6,0.489,0.000145,-24.46,74.69
2026-09-02 12:41:00,76398.39,1037.1,1047.3,1037.1,1047.3,40,14.67,0.4905,0.000144,-24.59,74.71
2026-09-02 12:42:00,76399.3,1047.3,1047.3,1047.3,1047.3,0,15.0,0.4911,0.000141,-25.14,74.71
2026-09-02 12:43:00,76421.1,1047.3,1058.3,1047.3,1058.3,60,14.67,0.4938,0.000144,-24.59,74.74
2026-09-02 12:44:00,76417.38,1058.3,1058.3,1055.3,1055.3,40,14.66,0.4932,0.000144,-24.57,74.73
2026-09-02 12:45:00,76385.8,1055.3,1055.3,1055.3,1055.3,0,15.0,0.4892,0.000141,-25.13,74.69
2026-09-02 12:46:00,76398.35,1055.3,1055.3,1055.3,1055.3,0,15.0,0.491,0.000141,-25.14,74.7
2026-09-02 12:47:00,76396.25,1055.3,1055.3,1055.3,1055.3,0,15.0,0.4907,0.000141,-25.14,74.7
2026-09-02 12:48:00,76383.53,1055.3,1055.3,1023.7,1023.7,20,14.46,0.488,0.000146,-24.22,74.67
2026-09-02 12:49:00,76401.8,1023.7,1023.7,1023.7,1023.7,0,15.0,0.4915,0.000141,-25.14,74.7
2026-09-02 12:50:00,76406.6,1023.7,1023.7,1023.7,1023.7,0,15.0,0.4921,0.000141,-25.14,74.71
2026-09-02 12:51:00,76405.22,1023.7,1023.7,1023.7,1023.7,0,15.0,0.492,0.000141,-25.14,74.71
2026-09-02 12:52:00,76406.89,1023.7,1023.7,1023.7,1023.7,0,15.0,0.4922,0.000141,-25.14,74.71
2026-09-02 12:53:00,76412.28,1023.7,1023.7,1023.7,1023.7,0,15.0,0.4929,0.000141,-25.15,74.71
2026-09-02 12:54:00,76417.73,1023.7,1023.7,1023.7,1023.7,0,15.0,0.4937,0.000141,-25.15,74.72
2026-09-02 12:55:00,76399.95,1023.7,1023.7,1023.7,1023.7,0,15.0,0.4912,0.000141,-25.14,74.69
2026-09-02 12:56:00,76406.55,1023.7,1023.7,1023.7,1023.7,0,15.0,0.4921,0.000141,-25.14,74.7
2026-09-02 12:57:00,76419.55,1023.7,1055.0,1023.7,1055.0,40,14.64,0.4935,0.000144,-24.55,74.72
2026-09-02 12:58:00,76418.19,1055.0,1059.0,1055.0,1055.15,60,14.65,0.4933,0.000144,-24.57,74.71
2026-09-02 12:59:00,76427.04,1055.15,1055.15,1055.15,1055.15,0,15.0,0.495,0.000141,-25.15,74.73
2026-09-02 13:00:00,76443.96,1055.15,1055.15,1055.15,1055.15,20,14.48,0.4969,0.000146,-24.29,74.74
2026-09-02 13:01:00,76448.74,1055.15,1055.15,1055.15,1055.15,0,15.0,0.4981,0.000141,-25.16,74.75
2026-09-02 13:02:00,76455.85,1055.15,1065.3,1055.15,1065.3,20,14.54,0.4987,0.000145,-24.39,74.75
2026-09-02 13:03:00,76444.39,1065.3,1067.7,1057.0,1057.0,60,14.5,0.497,0.000146,-24.33,74.74
2026-09-02 13:04:00,76429.72,1057.0,1057.0,1040.15,1043.65,80,14.42,0.4947,0.000146,-24.19,74.72
2026-09-02 13:05:00,76427.98,1040.1,1044.1,1039.6,1040.95,220,14.4,0.4944,0.000147,-24.15,74.72
2026-09-02 13:06:00,76429.32,1040.95,1040.95,1040.95,1040.95,0,15.0,0.4953,0.000141,-25.16,74.72
2026-09-02 13:07:00,76403.4,1040.95,1040.95,1040.95,1040.95,0,15.0,0.4917,0.000141,-25.15,74.69
2026-09-02 13:08:00,76403.89,1040.95,1040.95,1040.95,1040.95,0,15.0,0.4918,0.000141,-25.15,74.69
2026-09-02 13:09:00,76389.99,1040.95,1040.95,1040.95,1040.95,0,15.0,0.4898,0.000141,-25.14,74.66
2026-09-02 13:10:00,76404.04,1037.85,1037.85,1030.0,1030.0,40,14.41,0.4909,0.000147,-24.16,74.68
2026-09-02 13:11:00,76429.18,1030.0,1030.0,1030.0,1030.0,0,15.0,0.4953,0.000141,-25.16,74.71
2026-09-02 13:12:00,76432.09,1030.0,1030.0,1030.0,1030.0,0,15.0,0.4957,0.000141,-25.16,74.72
2026-09-02 13:13:00,76448.6,1030.0,1030.0,1030.0,1030.0,0,15.0,0.4981,0.000141,-25.16,74.73
2026-09-02 13:14:00,76447.39,1030.0,1030.0,1030.0,1030.0,0,15.0,0.4979,0.000141,-25.16,74.73
2026-09-02 13:15:00,76444.44,1030.0,1030.0,1030.0,1030.0,0,15.0,0.4975,0.000141,-25.16,74.73
2026-09-02 13:16:00,76438.57,1030.0,1030.0,1030.0,1030.0,0,15.0,0.4966,0.000141,-25.16,74.72
2026-09-02 13:17:00,76445.43,1047.9,1047.9,1047.9,1047.9,20,14.38,0.497,0.000147,-24.12,74.72
2026-09-02 13:18:00,76447.5,1047.9,1057.0,1047.9,1054.35,40,14.45,0.4974,0.000146,-24.25,74.73
2026-09-02 13:19:00,76438.14,1054.35,1054.35,1054.35,1054.35,0,15.0,0.4966,0.000141,-25.16,74.71
2026-09-02 13:20:00,76440.59,1054.35,1054.35,1054.35,1054.35,0,15.0,0.4969,0.000141,-25.17,74.72
2026-09-02 13:21:00,76450.83,1054.35,1054.35,1054.35,1054.35,0,15.0,0.4984,0.000141,-25.17,74.72
2026-09-02 13:22:00,76439.48,1054.35,1054.35,1054.35,1054.35,20,14.51,0.4962,0.000146,-24.34,74.71
2026-09-02 13:23:00,76440.78,1054.35,1054.4,1054.35,1054.4,160,14.5,0.4964,0.000146,-24.33,74.71
2026-09-02 13:24:00,76448.69,1054.4,1057.55,1044.6,1044.6,120,14.31,0.4974,0.000148,-24.02,74.72
2026-09-02 13:25:00,76458.0,1044.6,1044.6,1044.6,1044.6,0,15.0,0.4994,0.000141,-25.17,74.73
2026-09-02 13:26:00,76467.82,1044.6,1044.6,1044.6,1044.6,0,15.0,0.5008,0.000141,-25.17,74.73
2026-09-02 13:27:00,76474.68,1069.0,1069.0,1069.0,1069.0,20,14.47,0.5013,0.000146,-24.28,74.74
2026-09-02 13:28:00,76445.54,1069.0,1069.0,1051.1,1055.0,400,14.48,0.4971,0.000146,-24.29,74.71
2026-09-02 13:29:00,76443.65,1055.0,1055.0,1049.8,1049.8,20,14.42,0.4968,0.000147,-24.2,74.71
2026-09-02 13:30:00,76431.93,1049.8,1049.8,1049.8,1049.8,0,15.0,0.4957,0.000141,-25.17,74.69
2026-09-02 13:31:00,76419.73,1049.8,1049.8,1023.65,1023.65,20,14.23,0.493,0.000149,-23.87,74.68
2026-09-02 13:32:00,76431.33,1023.65,1023.65,1023.65,1023.65,0,15.0,0.4956,0.000141,-25.17,74.69
2026-09-02 13:33:00,76437.82,1023.65,1023.65,1023.65,1023.65,0,15.0,0.4965,0.000141,-25.17,74.7
2026-09-02 13:34:00,76444.51,1023.65,1029.95,1023.65,1029.95,20,14.15,0.4966,0.000149,-23.74,74.7
2026-09-02 13:35:00,76462.85,1029.95,1029.95,1029.95,1029.95,0,15.0,0.5001,0.000141,-25.18,74.72
2026-09-02 13:36:00,76474.73,1029.95,1029.95,1029.95,1029.95,0,15.0,0.5017,0.000141,-25.18,74.73
2026-09-02 13:37:00,76484.69,1029.95,1067.7,1029.95,1067.7,20,14.39,0.5027,0.000147,-24.15,74.73
2026-09-02 13:38:00,76448.7,1067.7,1067.7,1067.7,1067.7,0,15.0,0.4981,0.000141,-25.17,74.7
2026-09-02 13:39:00,76419.79,1067.7,1067.7,1067.7,1067.7,0,15.0,0.494,0.000141,-25.17,74.67
2026-09-02 13:40:00,76403.77,1067.7,1067.7,1067.7,1067.7,0,15.0,0.4917,0.000141,-25.16,74.65
2026-09-02 13:41:00,76426.25,1067.7,1067.7,1067.7,1067.7,0,15.0,0.4949,0.000141,-25.17,74.68
2026-09-02 13:42:00,76422.86,1067.7,1067.7,1067.7,1067.7,0,15.0,0.4944,0.000141,-25.17,74.67
2026-09-02 13:43:00,76419.79,1067.7,1067.7,1067.7,1067.7,0,15.0,0.494,0.000141,-25.17,74.67
2026-09-02 13:44:00,76425.19,1067.7,1067.7,1067.7,1067.7,0,15.0,0.4948,0.000141,-25.17,74.67
2026-09-02 13:45:00,76441.38,1067.7,1067.7,1067.7,1067.7,0,15.0,0.497,0.000141,-25.18,74.69
2026-09-02 13:46:00,76427.1,1067.7,1067.7,1067.7,1067.7,0,15.0,0.495,0.000141,-25.17,74.67
2026-09-02 13:47:00,76452.79,1067.7,1067.7,1067.7,1067.7,0,15.0,0.4986,0.000141,-25.18,74.7
2026-09-02 13:48:00,76439.74,1067.7,1067.7,1037.05,1037.05,20,14.28,0.496,0.000148,-23.97,74.68
2026-09-02 13:49:00,76423.45,1037.05,1037.05,1037.05,1037.05,0,15.0,0.4945,0.000141,-25.17,74.66
2026-09-02 13:50:00,76413.02,1037.05,1037.05,1032.1,1032.1,40,14.39,0.4922,0.000147,-24.14,74.65
2026-09-02 13:51:00,76380.86,1032.1,1032.1,1032.1,1032.1,0,15.0,0.4885,0.000141,-25.16,74.6
2026-09-02 13:52:00,76387.67,1032.1,1032.1,1032.1,1032.1,0,15.0,0.4895,0.000141,-25.16,74.61
2026-09-02 13:53:00,76416.34,1032.1,1032.1,1032.1,1032.1,0,15.0,0.4935,0.000141,-25.17,74.65
2026-09-02 13:54:00,76420.27,1032.1,1032.1,1032.1,1032.1,0,15.0,0.4941,0.000141,-25.17,74.65
2026-09-02 13:55:00,76421.15,1032.1,1032.1,1032.1,1032.1,0,15.0,0.4942,0.000141,-25.17,74.65
2026-09-02 13:56:00,76425.64,1032.1,1032.1,1032.1,1032.1,0,15.0,0.4948,0.000141,-25.18,74.66
2026-09-02 13:57:00,76429.12,1032.1,1032.1,1032.1,1032.1,0,15.0,0.4953,0.000141,-25.18,74.66
2026-09-02 13:58:00,76431.91,1032.1,1059.55,1032.1,1059.55,20,14.63,0.4953,0.000144,-24.56,74.66
2026-09-02 13:59:00,76439.83,1059.55,1059.55,1059.55,1059.55,0,15.0,0.4968,0.000141,-25.18,74.67
2026-09-02 14:00:00,76457.9,1059.55,1059.55,1059.55,1059.55,0,15.0,0.4994,0.000141,-25.19,74.69
2026-09-02 14:01:00,76478.07,1059.55,1059.55,1059.55,1059.55,0,15.0,0.5022,0.000141,-25.19,74.7
2026-09-02 14:02:00,76486.08,1059.55,1059.55,1059.55,1059.55,0,15.0,0.5033,0.000141,-25.19,74.7
2026-09-02 14:03:00,76481.37,1059.55,1059.55,1059.55,1059.55,0,15.0,0.5027,0.000141,-25.19,74.7
2026-09-02 14:04:00,76463.73,1059.55,1059.55,1048.95,1048.95,20,14.28,0.4996,0.000148,-23.98,74.69
2026-09-02 14:05:00,76455.85,1048.95,1074.25,1048.95,1074.25,200,14.67,0.4988,0.000144,-24.64,74.68
2026-09-02 14:06:00,76482.8,1074.25,1074.25,1074.0,1074.0,20,14.49,0.5025,0.000146,-24.34,74.7
2026-09-02 14:07:00,76526.59,1074.0,1090.05,1074.0,1090.05,100,14.41,0.5089,0.000147,-24.2,74.72
2026-09-02 14:08:00,76516.19,1090.05,1098.0,1090.05,1098.0,20,14.59,0.5074,0.000145,-24.5,74.71
2026-09-02 14:09:00,76517.93,1096.0,1096.0,1096.0,1096.0,60,14.55,0.5077,0.000145,-24.44,74.71
2026-09-02 14:10:00,76514.02,1096.0,1096.0,1096.0,1096.0,20,14.57,0.5071,0.000145,-24.48,74.71
2026-09-02 14:11:00,76504.02,1096.0,1096.0,1071.85,1071.85,220,14.32,0.5056,0.000148,-24.05,74.7
2026-09-02 14:12:00,76515.35,1071.85,1090.0,1071.85,1090.0,20,14.49,0.5073,0.000146,-24.33,74.71
2026-09-02 14:13:00,76493.96,1090.0,1090.0,1090.0,1090.0,0,15.0,0.5044,0.000141,-25.2,74.7
2026-09-02 14:14:00,76495.56,1090.0,1090.0,1068.0,1068.0,20,14.33,0.5043,0.000147,-24.06,74.7
2026-09-02 14:15:00,76493.83,1068.0,1068.0,1068.0,1068.0,20,14.34,0.5041,0.000147,-24.08,74.7
2026-09-02 14:16:00,76493.74,1068.0,1068.0,1068.0,1068.0,0,15.0,0.5044,0.000141,-25.2,74.69
2026-09-02 14:17:00,76476.5,1068.0,1068.0,1068.0,1068.0,0,15.0,0.502,0.000141,-25.2,74.68
2026-09-02 14:18:00,76478.93,1068.0,1068.0,1064.7,1064.7,40,14.39,0.5019,0.000147,-24.18,74.68
2026-09-02 14:19:00,76481.16,1064.7,1065.0,1064.7,1065.0,20,14.38,0.5022,0.000147,-24.16,74.68
2026-09-02 14:20:00,76477.61,1065.0,1065.0,1065.0,1065.0,0,15.0,0.5021,0.000141,-25.2,74.68
2026-09-02 14:21:00,76491.43,1065.0,1065.0,1064.95,1064.95,20,14.31,0.5037,0.000148,-24.05,74.69
2026-09-02 14:22:00,76479.64,1064.95,1068.0,1064.95,1068.0,20,14.43,0.502,0.000146,-24.25,74.68
2026-09-02 14:23:00,76478.84,1068.0,1068.0,1058.0,1058.0,100,14.31,0.5018,0.000148,-24.03,74.68
2026-09-02 14:24:00,76459.2,1058.0,1058.0,1058.0,1058.0,0,15.0,0.4995,0.000141,-25.2,74.66
2026-09-02 14:25:00,76451.72,1058.0,1058.0,1058.0,1058.0,0,15.0,0.4985,0.000141,-25.19,74.65
2026-09-02 14:26:00,76452.98,1058.0,1058.0,1058.0,1058.0,0,15.0,0.4987,0.000141,-25.2,74.65
2026-09-02 14:27:00,76464.56,1058.0,1058.0,1044.75,1044.75,60,14.23,0.4996,0.000149,-23.9,74.66
2026-09-02 14:28:00,76474.82,1044.75,1044.75,1044.75,1044.75,0,15.0,0.5017,0.000141,-25.2,74.67
2026-09-02 14:29:00,76487.7,1044.75,1073.3,1044.75,1073.3,40,14.45,0.5032,0.000146,-24.28,74.68
2026-09-02 14:30:00,76507.45,1073.3,1082.0,1073.3,1082.0,40,14.44,0.5061,0.000146,-24.26,74.68
2026-09-02 14:31:00,76512.85,1082.0,1092.0,1082.0,1092.0,20,14.53,0.5069,0.000145,-24.42,74.68
2026-09-02 14:32:00,76524.23,1092.0,1092.0,1092.0,1092.0,0,15.0,0.5087,0.000141,-25.21,74.69
2026-09-02 14:33:00,76525.6,1092.0,1111.0,1092.0,1111.0,60,14.7,0.5088,0.000144,-24.7,74.69
2026-09-02 14:34:00,76531.17,1111.0,1115.6,1111.0,1114.5,280,14.71,0.5096,0.000144,-24.72,74.69
2026-09-02 14:35:00,76566.19,1100.0,1104.25,1100.0,1104.25,40,14.33,0.5147,0.000147,-24.08,74.68
2026-09-02 14:36:00,76552.95,1104.25,1104.25,1104.25,1104.25,0,15.0,0.5127,0.000141,-25.21,74.69
2026-09-02 14:37:00,76545.47,1104.25,1104.25,1104.25,1104.25,0,15.0,0.5117,0.000141,-25.21,74.68
2026-09-02 14:38:00,76508.41,1104.25,1104.25,1084.0,1084.0,40,14.46,0.5063,0.000146,-24.3,74.68
2026-09-02 14:39:00,76521.24,1084.0,1084.0,1084.0,1084.0,0,15.0,0.5083,0.000141,-25.21,74.68
2026-09-02 14:40:00,76540.81,1084.0,1086.0,1084.0,1086.0,20,14.26,0.511,0.000148,-23.97,74.68
2026-09-02 14:41:00,76526.6,1086.0,1086.0,1080.0,1080.0,160,14.28,0.5089,0.000148,-24.0,74.68
2026-09-02 14:42:00,76515.13,1080.0,1080.0,1075.0,1075.0,80,14.29,0.5072,0.000148,-24.02,74.67
2026-09-02 14:43:00,76498.82,1075.0,1075.0,1056.5,1057.25,100,14.17,0.5047,0.000149,-23.81,74.67
2026-09-02 14:44:00,76473.14,1051.0,1051.0,1051.0,1051.0,100,14.26,0.5009,0.000148,-23.96,74.65
2026-09-02 14:45:00,76475.59,1045.0,1045.0,1045.0,1045.0,60,14.16,0.5012,0.000149,-23.79,74.65
2026-09-02 14:46:00,76477.8,1045.0,1053.0,1045.0,1053.0,60,14.25,0.5016,0.000148,-23.95,74.65
2026-09-02 14:47:00,76497.62,1053.0,1053.0,1053.0,1053.0,0,15.0,0.505,0.000141,-25.21,74.66
2026-09-02 14:48:00,76520.69,1053.0,1053.0,1053.0,1053.0,0,15.0,0.5082,0.000141,-25.21,74.67
2026-09-02 14:49:00,76515.69,1075.0,1075.0,1075.0,1075.0,80,14.29,0.5073,0.000148,-24.02,74.67
2026-09-02 14:50:00,76487.21,1074.95,1074.95,1061.0,1061.0,40,14.3,0.5031,0.000148,-24.03,74.65
2026-09-02 14:51:00,76492.73,1061.0,1061.0,1053.0,1055.0,100,14.18,0.5038,0.000149,-23.83,74.65
2026-09-02 14:52:00,76477.1,1055.0,1055.0,1055.0,1055.0,0,15.0,0.5021,0.000141,-25.21,74.64
2026-09-02 14:53:00,76467.69,1055.0,1055.0,1055.0,1055.0,0,15.0,0.5007,0.000141,-25.21,74.63
2026-09-02 14:54:00,76463.84,1055.0,1055.0,1048.4,1048.4,20,14.29,0.4996,0.000148,-24.01,74.63
2026-09-02 14:55:00,76430.17,1048.4,1048.4,1034.6,1035.0,80,14.33,0.4947,0.000148,-24.07,74.59
2026-09-02 14:56:00,76425.29,1035.0,1035.0,1035.0,1035.0,0,15.0,0.4948,0.000141,-25.2,74.59
2026-09-02 14:57:00,76411.38,1035.0,1035.0,1035.0,1035.0,0,15.0,0.4928,0.000141,-25.2,74.57
2026-09-02 14:58:00,76426.86,1035.0,1039.25,1035.0,1039.25,40,14.41,0.4943,0.000147,-24.21,74.59
2026-09-02 14:59:00,76426.52,1039.25,1039.25,1039.25,1039.25,0,15.0,0.4949,0.000141,-25.2,74.58
2026-09-02 15:00:00,76410.77,1039.25,1039.25,1034.1,1034.1,20,14.45,0.4919,0.000147,-24.27,74.56
2026-09-02 15:01:00,76397.16,1034.1,1034.1,1008.1,1033.5,200,14.53,0.4901,0.000146,-24.4,74.54
2026-09-02 15:02:00,76402.99,1033.5,1033.5,1018.1,1018.1,20,14.28,0.4906,0.000148,-23.99,74.55
2026-09-02 15:03:00,76387.8,1018.1,1018.1,1018.1,1018.1,0,15.0,0.4895,0.000141,-25.19,74.53
2026-09-02 15:04:00,76381.7,1018.1,1018.1,1018.1,1018.1,0,15.0,0.4886,0.000141,-25.19,74.52
2026-09-02 15:05:00,76381.13,1018.1,1018.1,1018.1,1018.1,0,15.0,0.4885,0.000141,-25.19,74.51
2026-09-02 15:06:00,76382.73,1012.4,1012.4,1004.1,1009.8,240,14.31,0.4876,0.000148,-24.02,74.51
2026-09-02 15:07:00,76375.99,1009.8,1009.8,1005.2,1007.05,60,14.31,0.4866,0.000148,-24.03,74.5
2026-09-02 15:08:00,76368.95,1007.05,1007.05,1007.0,1007.0,100,14.36,0.4857,0.000147,-24.1,74.48
2026-09-02 15:09:00,76379.58,1007.0,1007.0,1007.0,1007.0,0,15.0,0.4883,0.000141,-25.19,74.51
2026-09-02 15:10:00,76413.39,1007.0,1034.25,1007.0,1034.25,20,14.43,0.4923,0.000147,-24.25,74.55
2026-09-02 15:11:00,76442.11,1034.25,1056.5,1034.25,1048.75,40,14.44,0.4965,0.000147,-24.27,74.59
2026-09-02 15:12:00,76435.31,1048.75,1048.75,1048.75,1048.75,0,15.0,0.4962,0.000141,-25.21,74.58
2026-09-02 15:13:00,76472.49,1048.75,1048.75,1020.5,1020.5,40,13.86,0.5005,0.000153,-23.3,74.61
2026-09-02 15:14:00,76470.7,1020.5,1046.35,1020.5,1046.35,180,14.22,0.5005,0.000149,-23.9,74.61
2026-09-02 15:15:00,76469.92,1046.35,1046.55,1046.35,1046.5,440,14.22,0.5004,0.000149,-23.91,74.61
2026-09-02 15:16:00,76469.92,1046.5,1046.5,1046.5,1046.5,0,15.0,0.501,0.000141,-25.22,74.61
2026-09-02 15:17:00,76469.92,1046.5,1046.5,1033.7,1046.0,620,14.22,0.5004,0.000149,-23.9,74.61
2026-09-02 15:18:00,76469.92,1046.15,1046.15,1027.15,1027.15,40,13.97,0.5002,0.000152,-23.48,74.61
2026-09-02 15:19:00,76469.92,1027.15,1042.15,1027.15,1037.45,40,14.1,0.5003,0.00015,-23.71,74.6
2026-09-02 15:20:00,76469.92,1037.45,1042.3,1037.45,1042.3,40,14.17,0.5004,0.000149,-23.82,74.6
2026-09-02 15:21:00,76469.92,1042.3,1042.3,1035.05,1035.05,20,14.07,0.5003,0.00015,-23.66,74.6
2026-09-02 15:22:00,76469.92,1035.05,1044.0,1035.05,1044.0,20,14.19,0.5004,0.000149,-23.86,74.6
2026-09-02 15:23:00,76469.92,1037.3,1037.3,1037.3,1037.3,20,14.1,0.5003,0.00015,-23.71,74.6
2026-09-02 15:24:00,76469.92,1037.3,1037.3,1037.3,1037.3,0,15.0,0.501,0.000141,-25.22,74.6
2026-09-02 15:25:00,76469.92,1037.3,1045.2,1020.2,1020.2,140,13.87,0.5001,0.000153,-23.33,74.6
2026-09-02 15:26:00,76469.92,1020.2,1020.2,1015.65,1015.65,40,13.81,0.5001,0.000153,-23.23,74.6
2026-09-02 15:27:00,76469.92,1015.65,1015.65,999.85,999.85,180,13.6,0.4999,0.000156,-22.87,74.6
2026-09-02 15:28:00,76570.35,999.85,1045.0,999.85,1045.0,40,13.52,0.5156,0.000156,-22.74,74.62
2026-09-02 15:29:00,76570.35,1045.0,1045.0,1045.0,1045.0,0,15.0,0.5152,0.000141,-25.22,74.62
2026-09-03 09:15:00,76794.57,1190.0,1190.0,1162.6,1174.85,420,13.9,0.5501,0.000153,-23.65,73.02
2026-09-03 09:16:00,76834.28,1174.85,1208.3,1174.85,1208.3,60,14.05,0.5557,0.000151,-23.88,72.91
2026-09-03 09:17:00,76796.95,1208.3,1208.3,1180.75,1183.25,60,13.99,0.5502,0.000152,-23.81,73.01
2026-09-03 09:18:00,76767.01,1183.25,1183.25,1165.75,1165.75,80,13.98,0.5457,0.000152,-23.82,73.09
2026-09-03 09:19:00,76757.08,1165.75,1175.65,1165.0,1175.5,60,14.19,0.5437,0.00015,-24.18,73.12
2026-09-03 09:20:00,76793.02,1175.5,1175.5,1175.5,1175.5,40,13.92,0.5498,0.000153,-23.69,73.02
2026-09-03 09:21:00,76799.46,1175.5,1180.0,1174.0,1174.05,80,13.85,0.551,0.000153,-23.56,72.99
2026-09-03 09:22:00,76787.8,1173.65,1191.0,1173.65,1181.9,340,14.05,0.5487,0.000151,-23.91,73.04
2026-09-03 09:23:00,76760.02,1181.9,1181.9,1181.9,1181.9,0,15.0,0.5424,0.000142,-25.58,73.15
2026-09-03 09:24:00,76721.62,1181.9,1181.9,1181.9,1181.9,0,15.0,0.5369,0.000142,-25.61,73.22
2026-09-03 09:25:00,76727.88,1181.9,1181.9,1151.4,1157.7,160,14.16,0.5393,0.000151,-24.16,73.18
2026-09-03 09:26:00,76713.51,1176.25,1176.25,1155.0,1155.0,100,14.23,0.5371,0.00015,-24.29,73.2
2026-09-03 09:27:00,76751.49,1155.0,1170.0,1155.0,1170.0,20,14.15,0.5429,0.000151,-24.14,73.12
2026-09-03 09:28:00,76741.71,1170.0,1170.0,1170.0,1170.0,0,15.0,0.5398,0.000142,-25.6,73.18
2026-09-03 09:29:00,76777.06,1169.8,1169.8,1169.8,1169.8,20,13.96,0.5472,0.000152,-23.78,73.05
2026-09-03 09:30:00,76801.3,1181.9,1199.1,1181.9,1199.1,40,14.18,0.5503,0.00015,-24.14,73.0
2026-09-03 09:31:00,76803.06,1199.1,1199.1,1199.1,1199.1,0,15.0,0.5485,0.000142,-25.55,73.04
2026-09-03 09:32:00,76788.49,1199.1,1199.1,1185.0,1185.0,20,14.08,0.5487,0.000151,-23.98,73.03
2026-09-03 09:33:00,76814.23,1185.0,1185.0,1185.0,1185.0,0,15.0,0.5501,0.000142,-25.54,73.01
2026-09-03 09:34:00,76814.84,1185.0,1200.0,1185.0,1200.0,60,14.09,0.5526,0.000151,-23.97,72.95
2026-09-03 09:35:00,76819.09,1200.0,1200.0,1200.0,1200.0,0,15.0,0.5508,0.000142,-25.53,73.0
2026-09-03 09:36:00,76833.43,1200.0,1200.0,1200.0,1200.0,0,15.0,0.5528,0.000142,-25.52,72.96
2026-09-03 09:37:00,76813.93,1200.0,1200.0,1200.0,1200.0,0,15.0,0.55,0.000142,-25.54,73.01
2026-09-03 09:38:00,76837.65,1200.0,1200.0,1200.0,1200.0,0,15.0,0.5534,0.000142,-25.52,72.95
2026-09-03 09:39:00,76854.28,1200.0,1200.0,1200.0,1200.0,0,15.0,0.5558,0.000141,-25.5,72.9
2026-09-03 09:40:00,76884.41,1229.6,1229.6,1229.6,1229.6,20,13.97,0.5635,0.000151,-23.67,72.7
2026-09-03 09:41:00,76893.63,1229.6,1235.95,1218.75,1235.95,80,13.98,0.5649,0.000151,-23.69,72.67
2026-09-03 09:42:00,76870.26,1235.95,1236.0,1235.95,1236.0,20,14.16,0.5607,0.000149,-24.03,72.77
2026-09-03 09:43:00,76894.03,1236.0,1247.55,1224.25,1247.55,160,14.14,0.5644,0.000149,-23.96,72.68
2026-09-03 09:44:00,76891.73,1247.55,1247.55,1239.0,1240.0,40,14.05,0.5643,0.00015,-23.82,72.68
2026-09-03 09:45:00,76908.82,1240.0,1249.9,1240.0,1246.5,60,14.01,0.5671,0.000151,-23.72,72.61
2026-09-03 09:46:00,76904.73,1246.5,1246.5,1246.5,1246.5,0,15.0,0.5629,0.000141,-25.44,72.73
2026-09-03 09:47:00,76913.33,1246.5,1246.5,1246.5,1246.5,0,15.0,0.5641,0.000141,-25.43,72.7
2026-09-03 09:48:00,76881.58,1246.5,1246.5,1246.5,1246.5,0,15.0,0.5596,0.000141,-25.47,72.81
2026-09-03 09:49:00,76895.47,1246.5,1246.5,1246.5,1246.5,0,15.0,0.5616,0.000141,-25.45,72.76
2026-09-03 09:50:00,76882.41,1246.5,1246.5,1246.5,1246.5,0,15.0,0.5597,0.000141,-25.47,72.8
2026-09-03 09:51:00,76882.91,1246.5,1249.4,1239.45,1243.9,420,14.18,0.5626,0.000149,-24.04,72.72
2026-09-03 09:52:00,76888.0,1243.9,1243.9,1243.85,1243.85,20,14.14,0.5635,0.00015,-23.97,72.69
2026-09-03 09:53:00,76872.08,1243.85,1243.85,1228.0,1228.0,20,14.04,0.5614,0.000151,-23.83,72.74
2026-09-03 09:54:00,76852.47,1228.0,1228.0,1228.0,1228.0,0,15.0,0.5555,0.000141,-25.51,72.89
2026-09-03 09:55:00,76877.2,1228.0,1233.65,1228.0,1233.65,40,14.08,0.5621,0.00015,-23.89,72.72
2026-09-03 09:56:00,76851.69,1233.65,1242.25,1230.0,1230.0,180,14.23,0.5577,0.000149,-24.17,72.82
2026-09-03 09:57:00,76871.15,1230.0,1230.0,1230.0,1230.0,20,14.08,0.5612,0.00015,-23.89,72.74
2026-09-03 09:58:00,76874.02,1230.0,1235.0,1230.0,1235.0,20,14.13,0.5614,0.00015,-23.97,72.74
2026-09-03 09:59:00,76880.62,1235.0,1235.0,1235.0,1235.0,0,15.0,0.5595,0.000141,-25.48,72.8
2026-09-03 10:00:00,76853.44,1235.0,1235.0,1219.0,1219.0,80,14.06,0.5585,0.000151,-23.89,72.8
2026-09-03 10:01:00,76838.06,1219.0,1219.0,1219.0,1219.0,0,15.0,0.5535,0.000142,-25.53,72.92
2026-09-03 10:02:00,76862.06,1219.0,1219.0,1219.0,1219.0,0,15.0,0.5569,0.000141,-25.5,72.85
2026-09-03 10:03:00,76851.3,1219.0,1219.0,1219.0,1219.0,0,15.0,0.5554,0.000141,-25.51,72.88
2026-09-03 10:04:00,76874.1,1219.0,1219.0,1219.0,1219.0,0,15.0,0.5586,0.000141,-25.49,72.81
2026-09-03 10:05:00,76865.58,1219.0,1219.0,1219.0,1219.0,0,15.0,0.5574,0.000141,-25.5,72.84
2026-09-03 10:06:00,76830.18,1219.0,1219.0,1219.0,1219.0,0,15.0,0.5524,0.000142,-25.54,72.93
2026-09-03 10:07:00,76823.33,1219.0,1219.0,1219.0,1219.0,0,15.0,0.5514,0.000142,-25.54,72.95
2026-09-03 10:08:00,76870.19,1214.3,1214.3,1214.3,1214.3,20,13.87,0.5618,0.000153,-23.54,72.71
2026-09-03 10:09:00,76860.09,1214.3,1214.3,1214.3,1214.3,0,15.0,0.5566,0.000141,-25.5,72.85
2026-09-03 10:10:00,76855.74,1214.3,1214.3,1214.3,1214.3,0,15.0,0.556,0.000141,-25.51,72.86
2026-09-03 10:11:00,76861.28,1214.3,1214.3,1214.3,1214.3,0,15.0,0.5568,0.000141,-25.5,72.84
2026-09-03 10:12:00,76832.8,1214.3,1214.3,1214.3,1214.3,0,15.0,0.5527,0.000142,-25.54,72.92
2026-09-03 10:13:00,76815.23,1214.3,1214.3,1214.3,1214.3,0,15.0,0.5503,0.000142,-25.55,72.96
2026-09-03 10:14:00,76805.79,1214.3,1214.3,1214.3,1214.3,0,15.0,0.5489,0.000142,-25.56,72.99
2026-09-03 10:15:00,76827.51,1214.3,1214.3,1214.3,1214.3,0,15.0,0.552,0.000142,-25.54,72.93
2026-09-03 10:16:00,76820.56,1214.3,1214.3,1214.3,1214.3,0,15.0,0.551,0.000142,-25.55,72.95
2026-09-03 10:17:00,76811.12,1214.3,1214.3,1214.3,1214.3,0,15.0,0.5497,0.000142,-25.56,72.97
2026-09-03 10:18:00,76833.57,1214.3,1214.3,1214.3,1214.3,0,15.0,0.5529,0.000142,-25.54,72.91
2026-09-03 10:19:00,76847.41,1214.3,1221.55,1214.3,1221.55,20,14.15,0.5574,0.00015,-24.05,72.8
2026-09-03 10:20:00,76860.65,1221.55,1221.55,1221.55,1221.55,0,15.0,0.5567,0.000141,-25.51,72.83
2026-09-03 10:21:00,76848.9,1221.55,1221.55,1221.55,1221.55,0,15.0,0.555,0.000142,-25.52,72.86
2026-09-03 10:22:00,76844.16,1221.55,1221.55,1221.55,1221.55,0,15.0,0.5544,0.000142,-25.53,72.88
2026-09-03 10:23:00,76851.81,1221.55,1221.55,1221.55,1221.55,0,15.0,0.5554,0.000141,-25.52,72.85
2026-09-03 10:24:00,76861.93,1221.55,1221.55,1221.55,1221.55,0,15.0,0.5569,0.000141,-25.51,72.82
2026-09-03 10:25:00,76828.81,1221.55,1221.55,1204.8,1204.8,20,14.06,0.5549,0.000151,-23.93,72.85
2026-09-03 10:26:00,76799.8,1204.8,1204.8,1204.8,1204.8,0,15.0,0.5481,0.000142,-25.57,72.99
2026-09-03 10:27:00,76799.9,1204.8,1204.8,1204.8,1204.8,0,15.0,0.5481,0.000142,-25.57,72.98
2026-09-03 10:28:00,76816.0,1204.8,1204.8,1204.8,1204.8,0,15.0,0.5504,0.000142,-25.56,72.94
2026-09-03 10:29:00,76789.27,1204.8,1204.8,1171.55,1171.55,20,13.91,0.5493,0.000153,-23.7,72.94
2026-09-03 10:30:00,76785.77,1171.55,1171.55,1171.55,1171.55,0,15.0,0.5461,0.000142,-25.59,73.01
2026-09-03 10:31:00,76789.79,1171.55,1171.55,1171.55,1171.55,40,13.9,0.5494,0.000153,-23.69,72.94
2026-09-03 10:32:00,76800.32,1171.55,1171.55,1171.55,1171.55,0,15.0,0.5482,0.000142,-25.58,72.98
2026-09-03 10:33:00,76798.38,1183.05,1183.05,1183.05,1183.05,40,14.0,0.5504,0.000152,-23.85,72.92
2026-09-03 10:34:00,76791.39,1183.05,1183.05,1181.3,1181.3,60,14.03,0.5493,0.000152,-23.9,72.94
2026-09-03 10:35:00,76765.43,1181.3,1181.3,1181.3,1181.3,0,15.0,0.5432,0.000142,-25.61,73.05
2026-09-03 10:36:00,76753.35,1181.3,1181.3,1181.3,1181.3,0,15.0,0.5415,0.000142,-25.62,73.07
2026-09-03 10:37:00,76728.44,1181.3,1181.3,1181.3,1181.3,0,15.0,0.5379,0.000143,-25.64,73.12
2026-09-03 10:38:00,76760.38,1181.3,1181.3,1181.3,1181.3,0,15.0,0.5425,0.000142,-25.61,73.06
2026-09-03 10:39:00,76757.3,1181.3,1181.3,1181.3,1181.3,0,15.0,0.542,0.000142,-25.62,73.06
2026-09-03 10:40:00,76723.22,1181.3,1181.3,1181.3,1181.3,0,15.0,0.5372,0.000143,-25.64,73.12
2026-09-03 10:41:00,76720.87,1181.3,1181.3,1181.3,1181.3,0,15.0,0.5369,0.000143,-25.64,73.13
2026-09-03 10:42:00,76721.44,1181.3,1181.3,1181.3,1181.3,0,15.0,0.5369,0.000143,-25.64,73.12
2026-09-03 10:43:00,76713.06,1181.3,1181.3,1130.0,1130.0,180,13.91,0.5376,0.000154,-23.77,73.1
2026-09-03 10:44:00,76755.25,1130.0,1130.0,1130.0,1130.0,20,13.6,0.5448,0.000157,-23.2,73.0
2026-09-03 10:45:00,76741.78,1130.0,1139.05,1130.0,1139.05,20,13.82,0.5422,0.000155,-23.6,73.04
2026-09-03 10:46:00,76742.72,1139.05,1139.05,1139.05,1139.05,60,13.81,0.5424,0.000155,-23.59,73.03
2026-09-03 10:47:00,76748.09,1139.05,1139.05,1139.05,1139.05,0,15.0,0.5407,0.000142,-25.63,73.07
2026-09-03 10:48:00,76777.42,1139.05,1139.05,1139.05,1139.05,0,15.0,0.5449,0.000142,-25.6,73.01
2026-09-03 10:49:00,76761.41,1139.05,1139.05,1139.05,1139.05,0,15.0,0.5426,0.000142,-25.62,73.04
2026-09-03 10:50:00,76752.5,1139.05,1139.05,1139.05,1139.05,0,15.0,0.5414,0.000142,-25.63,73.06
2026-09-03 10:51:00,76758.47,1139.05,1139.05,1139.05,1139.05,0,15.0,0.5422,0.000142,-25.62,73.05
2026-09-03 10:52:00,76750.57,1139.05,1139.05,1139.05,1139.05,0,15.0,0.5411,0.000142,-25.63,73.06
2026-09-03 10:53:00,76738.64,1139.05,1139.05,1139.05,1139.05,0,15.0,0.5394,0.000142,-25.64,73.08
2026-09-03 10:54:00,76722.83,1139.05,1139.05,1121.8,1121.8,80,13.73,0.5395,0.000156,-23.46,73.06
2026-09-03 10:55:00,76718.56,1121.8,1121.8,1121.8,1121.8,0,15.0,0.5365,0.000143,-25.65,73.11
2026-09-03 10:56:00,76740.29,1121.8,1121.8,1121.8,1121.8,0,15.0,0.5396,0.000142,-25.64,73.07
2026-09-03 10:57:00,76740.17,1121.8,1121.8,1121.8,1121.8,0,15.0,0.5396,0.000142,-25.64,73.07
2026-09-03 10:58:00,76744.66,1121.8,1121.8,1121.8,1121.8,0,15.0,0.5403,0.000142,-25.63,73.06
2026-09-03 10:59:00,76748.47,1121.8,1121.8,1121.8,1121.8,0,15.0,0.5408,0.000142,-25.63,73.06
2026-09-03 11:00:00,76746.84,1121.8,1121.8,1121.8,1121.8,0,15.0,0.5406,0.000142,-25.63,73.06
2026-09-03 11:01:00,76737.26,1121.8,1121.8,1121.8,1121.8,0,15.0,0.5392,0.000143,-25.64,73.07
2026-09-03 11:02:00,76732.35,1121.8,1128.6,1121.8,1128.6,40,13.75,0.5409,0.000155,-23.49,73.03
2026-09-03 11:03:00,76733.54,1128.6,1128.6,1114.9,1114.9,40,13.56,0.5415,0.000158,-23.16,73.02
2026-09-03 11:04:00,76721.46,1114.9,1114.9,1114.9,1114.9,0,15.0,0.537,0.000143,-25.65,73.1
2026-09-03 11:05:00,76692.49,1114.9,1114.9,1114.9,1114.9,0,15.0,0.5328,0.000143,-25.67,73.14
2026-09-03 11:06:00,76694.17,1114.9,1114.9,1114.9,1114.9,0,15.0,0.5331,0.000143,-25.67,73.14
2026-09-03 11:07:00,76685.48,1114.9,1114.9,1114.9,1114.9,0,15.0,0.5318,0.000143,-25.68,73.15
2026-09-03 11:08:00,76671.85,1114.9,1114.9,1114.9,1114.9,0,15.0,0.5299,0.000143,-25.69,73.16
2026-09-03 11:09:00,76640.7,1114.9,1114.9,1095.15,1095.2,40,13.96,0.5264,0.000154,-23.92,73.18
2026-09-03 11:10:00,76645.38,1095.2,1095.2,1095.2,1095.2,0,15.0,0.5261,0.000143,-25.7,73.19
2026-09-03 11:11:00,76656.39,1095.2,1095.2,1095.2,1095.2,0,15.0,0.5277,0.000143,-25.69,73.18
2026-09-03 11:12:00,76663.05,1095.2,1095.2,1095.2,1095.2,0,15.0,0.5286,0.000143,-25.69,73.17
2026-09-03 11:13:00,76644.08,1095.2,1095.2,1095.2,1095.2,0,15.0,0.5259,0.000143,-25.7,73.18
2026-09-03 11:14:00,76628.0,1095.2,1095.2,1095.2,1095.2,0,15.0,0.5236,0.000143,-25.71,73.2
2026-09-03 11:15:00,76638.39,1095.2,1095.2,1095.2,1095.2,0,15.0,0.5251,0.000143,-25.7,73.19
2026-09-03 11:16:00,76671.01,1095.2,1099.15,1089.45,1090.05,160,13.68,0.5315,0.000157,-23.42,73.13
2026-09-03 11:17:00,76656.83,1090.05,1090.05,1090.05,1090.05,0,15.0,0.5277,0.000143,-25.7,73.17
2026-09-03 11:18:00,76674.98,1090.05,1090.05,1090.05,1090.05,0,15.0,0.5303,0.000143,-25.69,73.15
2026-09-03 11:19:00,76713.13,1090.05,1090.05,1090.05,1090.05,0,15.0,0.5358,0.000143,-25.67,73.09
2026-09-03 11:20:00,76710.89,1090.05,1090.05,1090.05,1090.05,0,15.0,0.5354,0.000143,-25.67,73.1
2026-09-03 11:21:00,76694.04,1090.05,1109.0,1090.05,1109.0,100,13.77,0.5349,0.000156,-23.56,73.09
2026-09-03 11:22:00,76729.39,1109.0,1109.0,1109.0,1109.0,0,15.0,0.5381,0.000143,-25.66,73.06
2026-09-03 11:23:00,76730.79,1109.0,1109.0,1109.0,1109.0,0,15.0,0.5383,0.000143,-25.66,73.06
2026-09-03 11:24:00,76712.09,1109.0,1109.0,1109.0,1109.0,0,15.0,0.5356,0.000143,-25.67,73.09
2026-09-03 11:25:00,76710.96,1109.0,1120.85,1109.0,1120.85,20,13.81,0.5375,0.000155,-23.62,73.05
2026-09-03 11:26:00,76729.51,1120.85,1120.85,1120.85,1120.85,0,15.0,0.5381,0.000143,-25.66,73.06
2026-09-03 11:27:00,76747.53,1120.85,1120.85,1120.85,1120.85,0,15.0,0.5407,0.000143,-25.65,73.02
2026-09-03 11:28:00,76739.13,1120.85,1139.15,1120.85,1139.15,560,13.85,0.5418,0.000154,-23.67,72.99
2026-09-03 11:29:00,76745.69,1139.15,1139.15,1135.0,1135.0,160,13.75,0.543,0.000155,-23.48,72.97
2026-09-03 11:30:00,76772.18,1135.0,1150.45,1135.0,1150.45,20,13.76,0.5471,0.000155,-23.49,72.91
2026-09-03 11:31:00,76772.43,1150.45,1150.45,1136.25,1136.25,400,13.56,0.5477,0.000157,-23.15,72.89
2026-09-03 11:32:00,76762.5,1136.25,1136.25,1136.25,1136.25,0,15.0,0.5428,0.000142,-25.64,72.99
2026-09-03 11:33:00,76757.3,1136.25,1136.25,1136.25,1136.25,20,13.68,0.545,0.000156,-23.36,72.94
2026-09-03 11:34:00,76764.0,1136.25,1136.25,1136.25,1136.25,0,15.0,0.543,0.000142,-25.64,72.98
2026-09-03 11:35:00,76790.47,1136.25,1136.25,1136.25,1136.25,0,15.0,0.5468,0.000142,-25.61,72.93
2026-09-03 11:36:00,76790.67,1136.25,1136.25,1136.25,1136.25,0,15.0,0.5468,0.000142,-25.61,72.92
2026-09-03 11:37:00,76784.78,1136.25,1136.25,1136.25,1136.25,0,15.0,0.546,0.000142,-25.62,72.94
2026-09-03 11:38:00,76772.64,1136.25,1146.95,1136.25,1146.95,20,13.71,0.5473,0.000156,-23.4,72.89
2026-09-03 11:39:00,76775.36,1146.95,1146.95,1146.95,1146.95,0,15.0,0.5446,0.000142,-25.63,72.95
2026-09-03 11:40:00,76785.63,1146.95,1146.95,1146.95,1146.95,0,15.0,0.5461,0.000142,-25.62,72.93
2026-09-03 11:41:00,76759.01,1146.95,1146.95,1146.95,1146.95,0,15.0,0.5423,0.000142,-25.64,72.99
2026-09-03 11:42:00,76768.16,1146.95,1146.95,1128.05,1128.05,20,13.49,0.5472,0.000158,-23.02,72.89
2026-09-03 11:43:00,76752.25,1128.05,1128.05,1128.05,1128.05,0,15.0,0.5414,0.000143,-25.65,73.0
2026-09-03 11:44:00,76768.3,1128.05,1128.05,1128.05,1128.05,0,15.0,0.5436,0.000142,-25.64,72.96
2026-09-03 11:45:00,76791.51,1128.05,1147.0,1128.05,1147.0,180,13.57,0.5506,0.000157,-23.14,72.82
2026-09-03 11:46:00,76764.77,1147.0,1147.0,1147.0,1147.0,0,15.0,0.5431,0.000142,-25.64,72.97
2026-09-03 11:47:00,76747.91,1147.0,1147.0,1120.0,1120.0,20,13.53,0.5439,0.000158,-23.11,72.93
2026-09-03 11:48:00,76769.65,1120.0,1120.0,1120.0,1120.0,0,15.0,0.5438,0.000142,-25.64,72.96
2026-09-03 11:49:00,76766.06,1120.0,1120.0,1120.0,1120.0,0,15.0,0.5433,0.000142,-25.64,72.96
2026-09-03 11:50:00,76762.75,1120.0,1120.0,1120.0,1120.0,0,15.0,0.5429,0.000142,-25.64,72.97
2026-09-03 11:51:00,76744.61,1120.0,1120.0,1120.0,1120.0,0,15.0,0.5403,0.000143,-25.66,73.0
2026-09-03 11:52:00,76770.25,1120.0,1120.0,1120.0,1120.0,0,15.0,0.5439,0.000142,-25.64,72.95
2026-09-03 11:53:00,76734.3,1120.0,1128.8,1120.0,1128.8,20,13.75,0.5413,0.000156,-23.51,72.97
2026-09-03 11:54:00,76749.18,1128.8,1128.8,1128.8,1128.8,0,15.0,0.5409,0.000143,-25.66,72.99
2026-09-03 11:55:00,76739.83,1128.8,1128.8,1128.8,1128.8,0,15.0,0.5396,0.000143,-25.66,73.0
2026-09-03 11:56:00,76738.4,1128.8,1128.8,1128.8,1128.8,0,15.0,0.5394,0.000143,-25.66,73.01
2026-09-03 11:57:00,76743.82,1128.8,1128.8,1128.8,1128.8,0,15.0,0.5402,0.000143,-25.66,73.0
2026-09-03 11:58:00,76745.15,1128.8,1128.8,1128.8,1128.8,0,15.0,0.5404,0.000143,-25.66,72.99
2026-09-03 11:59:00,76747.17,1128.8,1128.8,1128.8,1128.8,0,15.0,0.5406,0.000143,-25.66,72.99
2026-09-03 12:00:00,76741.49,1128.8,1128.8,1128.8,1128.8,0,15.0,0.5398,0.000143,-25.66,73.0
2026-09-03 12:01:00,76694.34,1128.8,1128.8,1100.0,1100.0,40,13.65,0.5352,0.000157,-23.38,73.03
2026-09-03 12:02:00,76704.07,1100.0,1100.0,1100.0,1100.0,0,15.0,0.5345,0.000143,-25.69,73.06
2026-09-03 12:03:00,76682.18,1100.0,1100.0,1100.0,1100.0,0,15.0,0.5314,0.000143,-25.7,73.08
2026-09-03 12:04:00,76657.88,1100.0,1100.0,1087.0,1088.25,60,13.76,0.5293,0.000156,-23.58,73.09
2026-09-03 12:05:00,76668.11,1088.25,1088.25,1088.25,1088.25,0,15.0,0.5294,0.000143,-25.71,73.1
2026-09-03 12:06:00,76668.55,1088.25,1088.25,1080.05,1080.05,40,13.57,0.5313,0.000158,-23.25,73.07
2026-09-03 12:07:00,76652.29,1080.05,1080.05,1080.05,1080.05,20,13.69,0.5286,0.000157,-23.46,73.09
2026-09-03 12:08:00,76661.03,1080.05,1080.25,1080.05,1080.25,20,13.63,0.53,0.000158,-23.36,73.08
2026-09-03 12:09:00,76639.64,1080.0,1085.5,1076.0,1076.0,780,13.72,0.5265,0.000157,-23.53,73.11
2026-09-03 12:10:00,76681.01,1076.0,1087.45,1076.0,1081.3,280,13.5,0.5334,0.000159,-23.12,73.04
2026-09-03 12:11:00,76652.8,1082.55,1083.8,1077.9,1078.45,460,13.66,0.5287,0.000157,-23.42,73.09
2026-09-03 12:12:00,76651.73,1078.45,1078.45,1077.35,1077.35,40,13.66,0.5285,0.000157,-23.41,73.09
2026-09-03 12:13:00,76657.61,1077.35,1077.35,1074.25,1074.25,60,13.57,0.5295,0.000158,-23.26,73.08
2026-09-03 12:14:00,76677.54,1074.25,1074.25,1074.25,1074.25,0,15.0,0.5307,0.000143,-25.71,73.08
2026-09-03 12:15:00,76638.59,1074.25,1074.25,1074.25,1074.25,0,15.0,0.5251,0.000143,-25.73,73.12
2026-09-03 12:16:00,76653.51,1074.25,1074.25,1074.25,1074.25,0,15.0,0.5273,0.000143,-25.72,73.1
2026-09-03 12:17:00,76617.36,1074.25,1074.65,1070.0,1074.65,40,13.87,0.5229,0.000155,-23.79,73.12
2026-09-03 12:18:00,76596.26,1074.65,1074.65,1057.9,1057.9,220,13.79,0.5197,0.000156,-23.66,73.13
2026-09-03 12:19:00,76600.3,1057.9,1057.9,1057.9,1057.9,0,15.0,0.5196,0.000144,-25.74,73.14
2026-09-03 12:20:00,76606.1,1057.9,1057.9,1057.9,1057.9,0,15.0,0.5205,0.000143,-25.74,73.13
2026-09-03 12:21:00,76621.75,1057.9,1067.2,1057.9,1067.2,40,13.73,0.5237,0.000157,-23.56,73.11
2026-09-03 12:22:00,76595.66,1067.2,1067.2,1055.0,1055.0,20,13.75,0.5196,0.000157,-23.6,73.13
2026-09-03 12:23:00,76592.2,1055.8,1055.8,1050.0,1050.0,60,13.71,0.5191,0.000157,-23.53,73.13
2026-09-03 12:24:00,76583.37,1050.0,1050.0,1050.0,1050.0,20,13.77,0.5177,0.000156,-23.64,73.13
2026-09-03 12:25:00,76583.04,1050.0,1050.0,1050.0,1050.0,0,15.0,0.5172,0.000144,-25.75,73.14
2026-09-03 12:26:00,76596.15,1050.0,1058.05,1050.0,1050.35,160,13.69,0.5197,0.000157,-23.49,73.12
2026-09-03 12:27:00,76587.65,1050.0,1050.0,1050.0,1050.0,360,13.74,0.5184,0.000157,-23.59,73.13
2026-09-03 12:28:00,76602.27,1050.0,1050.0,1047.15,1047.15,60,13.6,0.5208,0.000158,-23.34,73.12
2026-09-03 12:29:00,76577.96,1047.15,1047.15,1047.15,1047.15,0,15.0,0.5164,0.000144,-25.75,73.13
2026-09-03 12:30:00,76589.01,1047.15,1057.5,1043.3,1057.5,60,13.84,0.5185,0.000156,-23.75,73.12
2026-09-03 12:31:00,76605.99,1057.5,1057.5,1057.5,1057.5,0,15.0,0.5205,0.000144,-25.75,73.12
2026-09-03 12:32:00,76601.45,1057.5,1057.5,1057.5,1057.5,20,13.75,0.5205,0.000157,-23.6,73.11
2026-09-03 12:33:00,76589.46,1057.5,1057.5,1057.5,1057.5,0,15.0,0.5181,0.000144,-25.75,73.12
2026-09-03 12:34:00,76595.08,1057.5,1057.5,1057.5,1057.5,0,15.0,0.5189,0.000144,-25.75,73.12
2026-09-03 12:35:00,76579.49,1057.5,1057.5,1054.0,1054.0,100,13.86,0.517,0.000155,-23.79,73.12
2026-09-03 12:36:00,76581.26,1054.0,1064.05,1054.0,1054.0,60,13.84,0.5173,0.000156,-23.77,73.12
2026-09-03 12:37:00,76575.65,1054.0,1054.0,1054.0,1054.0,0,15.0,0.5161,0.000144,-25.76,73.12
2026-09-03 12:38:00,76630.29,1054.0,1065.0,1054.0,1065.0,20,13.65,0.5252,0.000158,-23.41,73.08
2026-09-03 12:39:00,76615.7,1065.0,1076.5,1065.0,1076.5,40,13.91,0.5226,0.000155,-23.87,73.09
2026-09-03 12:40:00,76627.51,1076.5,1076.5,1070.2,1070.2,40,13.74,0.5246,0.000157,-23.57,73.08
2026-09-03 12:41:00,76626.29,1070.2,1070.2,1070.2,1070.2,0,15.0,0.5234,0.000143,-25.75,73.09
2026-09-03 12:42:00,76591.86,1070.2,1070.2,1070.2,1070.2,0,15.0,0.5184,0.000144,-25.76,73.11
2026-09-03 12:43:00,76587.63,1070.2,1070.2,1055.85,1055.85,20,13.83,0.5183,0.000156,-23.74,73.11
2026-09-03 12:44:00,76592.68,1055.85,1055.85,1055.85,1055.85,0,15.0,0.5185,0.000144,-25.76,73.11
2026-09-03 12:45:00,76593.85,1055.85,1055.85,1055.85,1055.85,0,15.0,0.5187,0.000144,-25.76,73.11
2026-09-03 12:46:00,76589.1,1055.85,1085.85,1055.85,1085.85,500,14.23,0.5184,0.000151,-24.43,73.11
2026-09-03 12:47:00,76621.05,1085.85,1085.85,1067.3,1067.3,20,13.75,0.5236,0.000157,-23.59,73.08
2026-09-03 12:48:00,76614.58,1067.3,1067.3,1067.3,1067.3,0,15.0,0.5217,0.000144,-25.75,73.09
2026-09-03 12:49:00,76596.61,1067.3,1077.15,1065.5,1065.5,80,13.9,0.5197,0.000155,-23.86,73.1
2026-09-03 12:50:00,76633.53,1063.45,1069.3,1063.45,1069.3,80,13.68,0.5256,0.000157,-23.48,73.06
2026-09-03 12:51:00,76617.18,1069.3,1069.3,1069.3,1069.3,0,15.0,0.5221,0.000144,-25.75,73.09
2026-09-03 12:52:00,76637.27,1069.3,1087.0,1069.3,1087.0,60,13.9,0.526,0.000155,-23.85,73.06
2026-09-03 12:53:00,76656.84,1087.0,1087.0,1087.0,1087.0,0,15.0,0.5278,0.000143,-25.74,73.05
2026-09-03 12:54:00,76654.34,1087.0,1089.0,1087.0,1088.95,200,13.81,0.5287,0.000156,-23.68,73.04
2026-09-03 12:55:00,76651.59,1088.95,1088.95,1088.95,1088.95,0,15.0,0.527,0.000143,-25.74,73.06
2026-09-03 12:56:00,76626.43,1088.95,1088.95,1073.6,1085.1,40,13.95,0.5243,0.000154,-23.95,73.07
2026-09-03 12:57:00,76642.0,1085.1,1085.1,1085.1,1085.1,0,15.0,0.5256,0.000143,-25.75,73.06
2026-09-03 12:58:00,76647.32,1085.1,1085.1,1085.1,1085.1,0,15.0,0.5264,0.000143,-25.74,73.06
2026-09-03 12:59:00,76638.82,1085.1,1085.1,1085.1,1085.1,0,15.0,0.5252,0.000143,-25.75,73.06
2026-09-03 13:00:00,76640.49,1085.1,1085.1,1085.1,1085.1,0,15.0,0.5254,0.000143,-25.75,73.06
2026-09-03 13:01:00,76613.22,1076.95,1076.95,1064.7,1064.75,60,13.77,0.5224,0.000156,-23.64,73.07
2026-09-03 13:02:00,76617.31,1064.75,1070.3,1064.75,1070.3,40,13.82,0.523,0.000156,-23.72,73.07
2026-09-03 13:03:00,76605.37,1070.3,1070.3,1070.3,1070.3,0,15.0,0.5204,0.000144,-25.76,73.08
2026-09-03 13:04:00,76644.83,1070.3,1070.3,1070.3,1070.3,0,15.0,0.526,0.000143,-25.75,73.05
2026-09-03 13:05:00,76649.0,1070.3,1070.3,1070.3,1070.3,0,15.0,0.5266,0.000143,-25.75,73.05
2026-09-03 13:06:00,76634.51,1070.3,1086.05,1070.3,1081.3,40,13.85,0.5256,0.000155,-23.77,73.04
2026-09-03 13:07:00,76629.68,1081.3,1084.7,1075.15,1075.15,60,13.8,0.5249,0.000156,-23.68,73.05
2026-09-03 13:08:00,76636.43,1075.15,1075.15,1075.15,1075.15,0,15.0,0.5248,0.000143,-25.75,73.05
2026-09-03 13:09:00,76655.47,1075.15,1085.15,1075.15,1085.15,20,13.75,0.529,0.000156,-23.59,73.02
2026-09-03 13:10:00,76636.84,1085.15,1085.15,1085.15,1085.15,0,15.0,0.5249,0.000143,-25.75,73.05
2026-09-03 13:11:00,76680.61,1085.15,1089.0,1084.0,1084.0,340,13.55,0.5332,0.000158,-23.23,72.97
2026-09-03 13:12:00,76662.16,1084.0,1084.0,1084.0,1084.0,0,15.0,0.5285,0.000143,-25.74,73.02
2026-09-03 13:13:00,76670.22,1084.0,1084.05,1084.0,1084.05,20,13.63,0.5315,0.000158,-23.38,72.99
2026-09-03 13:14:00,76661.07,1084.05,1084.05,1084.05,1084.05,0,15.0,0.5284,0.000143,-25.74,73.02
2026-09-03 13:15:00,76643.27,1084.05,1084.05,1084.05,1084.05,0,15.0,0.5258,0.000143,-25.75,73.04
2026-09-03 13:16:00,76643.37,1084.05,1084.05,1084.05,1084.05,0,15.0,0.5258,0.000143,-25.75,73.04
2026-09-03 13:17:00,76660.33,1084.05,1084.05,1084.05,1084.05,0,15.0,0.5283,0.000143,-25.75,73.02
2026-09-03 13:18:00,76685.26,1084.05,1097.7,1084.05,1097.7,20,13.7,0.5337,0.000157,-23.5,72.96
2026-09-03 13:19:00,76661.38,1097.7,1097.7,1084.0,1084.0,140,13.69,0.53,0.000157,-23.49,72.99
2026-09-03 13:20:00,76664.86,1084.0,1084.0,1084.0,1084.0,120,13.67,0.5306,0.000157,-23.45,72.99
2026-09-03 13:21:00,76665.85,1084.0,1084.0,1084.0,1084.0,0,15.0,0.5291,0.000143,-25.75,73.01
2026-09-03 13:22:00,76644.42,1084.0,1084.0,1077.95,1077.95,20,13.73,0.5273,0.000157,-23.57,73.01
2026-09-03 13:23:00,76652.29,1077.95,1077.95,1069.25,1069.25,20,13.56,0.5288,0.000159,-23.27,73.0
2026-09-03 13:24:00,76600.46,1069.25,1069.25,1069.25,1069.25,0,15.0,0.5197,0.000144,-25.77,73.06
2026-09-03 13:25:00,76563.47,1069.25,1069.25,1025.0,1025.0,260,13.58,0.5146,0.000159,-23.35,73.07
2026-09-03 13:26:00,76594.79,1025.0,1025.0,1025.0,1025.0,0,15.0,0.5189,0.000144,-25.77,73.06
2026-09-03 13:27:00,76609.1,1025.0,1059.65,1025.0,1055.5,80,13.68,0.5218,0.000157,-23.5,73.04
2026-09-03 13:28:00,76609.25,1055.5,1055.5,1055.5,1055.5,0,15.0,0.5209,0.000144,-25.77,73.05
2026-09-03 13:29:00,76591.92,1055.5,1055.5,1055.5,1055.5,0,15.0,0.5184,0.000144,-25.78,73.06
2026-09-03 13:30:00,76608.9,1055.5,1055.5,1055.5,1055.5,0,15.0,0.5209,0.000144,-25.77,73.05
2026-09-03 13:31:00,76637.87,1068.95,1069.0,1068.95,1069.0,100,13.66,0.5264,0.000158,-23.45,73.01
2026-09-03 13:32:00,76627.39,1069.0,1069.0,1063.5,1063.5,20,13.66,0.5247,0.000158,-23.46,73.02
2026-09-03 13:33:00,76658.36,1063.5,1087.3,1063.5,1087.3,20,13.76,0.5294,0.000156,-23.62,72.98
2026-09-03 13:34:00,76671.69,1087.3,1087.3,1087.3,1087.3,0,15.0,0.5299,0.000143,-25.75,72.99
2026-09-03 13:35:00,76669.84,1087.3,1096.0,1087.3,1096.0,80,13.8,0.5312,0.000156,-23.68,72.97
2026-09-03 13:36:00,76657.03,1096.0,1096.0,1095.95,1095.95,20,13.89,0.5291,0.000155,-23.85,72.98
2026-09-03 13:37:00,76615.18,1079.0,1079.0,1067.95,1067.95,40,13.81,0.5227,0.000156,-23.72,73.03
2026-09-03 13:38:00,76642.25,1067.95,1067.95,1067.5,1067.5,20,13.61,0.5271,0.000158,-23.37,72.99
2026-09-03 13:39:00,76602.07,1067.5,1067.5,1067.5,1067.5,0,15.0,0.5199,0.000144,-25.78,73.04
2026-09-03 13:40:00,76569.21,1067.5,1067.5,1046.9,1046.9,20,13.85,0.5155,0.000156,-23.8,73.05
2026-09-03 13:41:00,76601.24,1046.9,1054.1,1036.5,1036.5,60,13.48,0.5207,0.00016,-23.16,73.03
2026-09-03 13:42:00,76593.33,1036.5,1036.5,1036.5,1036.5,0,15.0,0.5187,0.000144,-25.78,73.04
2026-09-03 13:43:00,76596.69,1036.5,1046.0,1035.8,1036.75,200,13.51,0.52,0.00016,-23.22,73.03
2026-09-03 13:44:00,76587.82,1036.75,1045.65,1036.75,1044.9,380,13.69,0.5184,0.000158,-23.53,73.03
2026-09-03 13:45:00,76575.3,1044.9,1044.9,1027.3,1027.3,60,13.54,0.5165,0.000159,-23.27,73.04
2026-09-03 13:46:00,76569.9,1027.3,1034.65,1027.3,1027.9,80,13.58,0.5157,0.000159,-23.35,73.04
2026-09-03 13:47:00,76555.71,1030.95,1040.55,1023.05,1023.05,400,13.62,0.5134,0.000159,-23.41,73.04
2026-09-03 13:48:00,76574.01,1023.05,1023.05,1023.05,1023.05,0,15.0,0.5159,0.000144,-25.79,73.04
2026-09-03 13:49:00,76602.96,1023.05,1023.05,1023.05,1023.05,0,15.0,0.52,0.000144,-25.78,73.03
2026-09-03 13:50:00,76600.02,1023.05,1023.05,1023.05,1023.05,0,15.0,0.5196,0.000144,-25.78,73.03
2026-09-03 13:51:00,76603.76,1023.05,1023.05,1023.05,1023.05,0,15.0,0.5202,0.000144,-25.78,73.02
2026-09-03 13:52:00,76596.75,1023.05,1057.95,1023.05,1035.7,280,13.5,0.52,0.00016,-23.2,73.02
2026-09-03 13:53:00,76577.28,1035.7,1042.45,1030.0,1042.45,120,13.73,0.5168,0.000157,-23.61,73.03
2026-09-03 13:54:00,76589.39,1042.45,1042.75,1042.45,1042.75,20,13.65,0.5187,0.000158,-23.46,73.02
2026-09-03 13:55:00,76557.83,1042.5,1042.5,1040.75,1040.75,100,13.85,0.5137,0.000156,-23.81,73.03
2026-09-03 13:56:00,76581.63,1040.75,1040.75,1040.75,1040.75,0,15.0,0.517,0.000144,-25.79,73.03
2026-09-03 13:57:00,76614.55,1040.75,1040.75,1040.75,1040.75,0,15.0,0.5217,0.000144,-25.78,73.01
2026-09-03 13:58:00,76633.06,1040.75,1049.7,1040.75,1049.7,40,13.43,0.5258,0.00016,-23.08,72.98
2026-09-03 13:59:00,76621.9,1049.7,1049.7,1049.7,1049.7,0,15.0,0.5228,0.000144,-25.78,73.0
2026-09-03 14:00:00,76627.28,1049.7,1057.5,1049.7,1057.5,20,13.58,0.5248,0.000159,-23.34,72.98
2026-09-03 14:01:00,76589.55,1057.5,1057.5,1049.95,1049.95,80,13.75,0.5187,0.000157,-23.64,73.01
2026-09-03 14:02:00,76576.34,1050.0,1050.0,1048.0,1048.0,160,13.82,0.5166,0.000156,-23.76,73.02
2026-09-03 14:03:00,76624.51,1048.0,1048.0,1048.0,1048.0,0,15.0,0.5231,0.000144,-25.78,73.0
2026-09-03 14:04:00,76591.64,1048.0,1056.85,1048.0,1056.85,60,13.83,0.519,0.000156,-23.78,73.01
2026-09-03 14:05:00,76615.22,1067.65,1067.65,1067.2,1067.35,340,13.81,0.5227,0.000156,-23.73,72.99
2026-09-03 14:06:00,76591.35,1067.35,1067.35,1067.35,1067.35,0,15.0,0.5184,0.000144,-25.79,73.01
2026-09-03 14:07:00,76580.68,1067.35,1067.35,1067.35,1067.35,0,15.0,0.5168,0.000144,-25.8,73.01
2026-09-03 14:08:00,76602.0,1063.05,1063.05,1063.05,1063.05,80,13.84,0.5206,0.000156,-23.8,73.0
2026-09-03 14:09:00,76595.61,1063.05,1063.05,1063.05,1063.05,0,15.0,0.519,0.000144,-25.79,73.01
2026-09-03 14:10:00,76603.22,1063.05,1063.05,1063.05,1063.05,0,15.0,0.5201,0.000144,-25.79,73.0
2026-09-03 14:11:00,76597.43,1063.05,1063.05,1050.6,1050.6,60,13.7,0.52,0.000157,-23.56,73.0
2026-09-03 14:12:00,76601.14,1050.6,1050.6,1050.6,1050.6,0,15.0,0.5198,0.000144,-25.79,73.0
2026-09-03 14:13:00,76603.76,1050.6,1060.0,1050.6,1060.0,60,13.79,0.5209,0.000156,-23.71,72.99
2026-09-03 14:14:00,76602.32,1060.0,1060.0,1060.0,1060.0,0,15.0,0.5199,0.000144,-25.79,73.0
2026-09-03 14:15:00,76585.77,1060.0,1060.0,1039.95,1039.95,140,13.64,0.5181,0.000158,-23.46,73.0
2026-09-03 14:16:00,76594.35,1039.95,1039.95,1039.95,1039.95,0,15.0,0.5188,0.000144,-25.8,73.0
2026-09-03 14:17:00,76609.08,1039.95,1039.95,1039.95,1039.95,0,15.0,0.5209,0.000144,-25.79,72.99
2026-09-03 14:18:00,76600.52,1039.95,1045.2,1039.95,1045.2,40,13.61,0.5205,0.000158,-23.4,72.99
2026-09-03 14:19:00,76603.7,1045.2,1045.2,1045.2,1045.2,0,15.0,0.5201,0.000144,-25.79,72.99
2026-09-03 14:20:00,76634.24,1045.2,1072.55,1045.2,1072.55,20,13.74,0.5257,0.000157,-23.62,72.96
2026-09-03 14:21:00,76608.43,1072.55,1072.55,1058.45,1058.45,40,13.74,0.5217,0.000157,-23.62,72.98
2026-09-03 14:22:00,76580.28,1058.45,1058.45,1058.45,1058.45,0,15.0,0.5168,0.000144,-25.8,73.0
2026-09-03 14:23:00,76608.52,1058.45,1058.45,1058.45,1058.45,0,15.0,0.5208,0.000144,-25.8,72.98
2026-09-03 14:24:00,76595.6,1058.45,1058.45,1058.45,1058.45,0,15.0,0.519,0.000144,-25.8,72.99
2026-09-03 14:25:00,76613.9,1058.45,1058.45,1058.45,1058.45,0,15.0,0.5216,0.000144,-25.79,72.98
2026-09-03 14:26:00,76619.35,1058.45,1058.45,1058.45,1058.45,0,15.0,0.5224,0.000144,-25.79,72.97
2026-09-03 14:27:00,76600.54,1058.45,1058.45,1058.45,1058.45,0,15.0,0.5197,0.000144,-25.8,72.98
2026-09-03 14:28:00,76657.15,1058.45,1082.45,1058.45,1082.45,40,13.72,0.5293,0.000157,-23.57,72.92
2026-09-03 14:29:00,76649.88,1082.45,1082.45,1082.45,1082.45,0,15.0,0.5268,0.000144,-25.78,72.95
2026-09-03 14:30:00,76628.2,1082.45,1082.45,1082.45,1082.45,0,15.0,0.5237,0.000144,-25.79,72.96
2026-09-03 14:31:00,76631.67,1082.45,1082.45,1060.0,1060.0,500,13.59,0.5255,0.000159,-23.37,72.94
2026-09-03 14:32:00,76613.94,1060.0,1060.0,1060.0,1060.0,0,15.0,0.5216,0.000144,-25.8,72.97
2026-09-03 14:33:00,76630.92,1060.0,1060.0,1060.0,1060.0,0,15.0,0.5241,0.000144,-25.79,72.96
2026-09-03 14:34:00,76622.83,1060.0,1060.0,1060.0,1060.0,0,15.0,0.5229,0.000144,-25.8,72.96
2026-09-03 14:35:00,76604.27,1060.0,1067.6,1060.0,1067.6,20,13.89,0.5209,0.000155,-23.9,72.96
2026-09-03 14:36:00,76597.48,1067.6,1067.6,1067.6,1067.6,0,15.0,0.5193,0.000144,-25.8,72.97
2026-09-03 14:37:00,76588.97,1067.6,1067.6,1067.6,1067.6,0,15.0,0.518,0.000144,-25.81,72.98
2026-09-03 14:38:00,76579.93,1067.6,1067.6,1067.6,1067.6,0,15.0,0.5167,0.000144,-25.81,72.98
2026-09-03 14:39:00,76619.52,1067.6,1067.6,1067.6,1067.6,0,15.0,0.5224,0.000144,-25.8,72.96
2026-09-03 14:40:00,76574.49,1067.6,1067.6,1042.65,1042.65,60,13.77,0.5163,0.000157,-23.68,72.97
2026-09-03 14:41:00,76578.48,1042.65,1049.05,1042.65,1049.05,140,13.82,0.5169,0.000156,-23.79,72.97
2026-09-03 14:42:00,76575.53,1051.35,1051.35,1051.35,1051.35,20,13.88,0.5164,0.000156,-23.88,72.97
2026-09-03 14:43:00,76566.2,1052.0,1052.0,1052.0,1052.0,20,13.95,0.515,0.000155,-24.01,72.97
2026-09-03 14:44:00,76584.56,1052.0,1052.0,1052.0,1052.0,0,15.0,0.5174,0.000144,-25.81,72.97
2026-09-03 14:45:00,76595.77,1052.0,1052.0,1052.0,1052.0,0,15.0,0.519,0.000144,-25.81,72.96
2026-09-03 14:46:00,76566.13,1052.0,1052.0,1052.0,1052.0,0,15.0,0.5147,0.000144,-25.81,72.97
2026-09-03 14:47:00,76573.98,1052.0,1052.0,1052.0,1052.0,0,15.0,0.5159,0.000144,-25.81,72.97
2026-09-03 14:48:00,76586.87,1052.0,1052.0,1052.0,1052.0,0,15.0,0.5177,0.000144,-25.81,72.96
2026-09-03 14:49:00,76593.35,1052.0,1052.0,1052.0,1052.0,0,15.0,0.5187,0.000144,-25.81,72.96
2026-09-03 14:50:00,76599.4,1052.0,1069.75,1052.0,1069.75,20,13.96,0.5201,0.000155,-24.02,72.95
2026-09-03 14:51:00,76584.98,1069.75,1069.75,1062.7,1062.7,60,13.97,0.5179,0.000155,-24.04,72.96
2026-09-03 14:52:00,76584.2,1062.7,1062.7,1051.45,1052.35,60,13.83,0.5178,0.000156,-23.8,72.96
2026-09-03 14:53:00,76575.6,1052.35,1052.35,1052.35,1052.35,0,15.0,0.5161,0.000144,-25.82,72.96
2026-09-03 14:54:00,76590.56,1052.35,1052.35,1052.35,1052.35,0,15.0,0.5183,0.000144,-25.81,72.96
2026-09-03 14:55:00,76564.62,1052.35,1052.35,1052.35,1052.35,0,15.0,0.5145,0.000144,-25.82,72.96
2026-09-03 14:56:00,76534.94,1052.35,1052.35,1025.15,1025.15,320,13.81,0.5101,0.000157,-23.77,72.96
2026-09-03 14:57:00,76559.27,1025.15,1034.25,1025.0,1034.25,140,13.76,0.5139,0.000157,-23.69,72.96
2026-09-03 14:58:00,76540.98,1034.25,1034.25,1022.0,1032.35,140,13.86,0.5111,0.000156,-23.87,72.96
2026-09-03 14:59:00,76558.15,1032.35,1032.35,1032.0,1032.0,20,13.74,0.5138,0.000157,-23.65,72.96
2026-09-03 15:00:00,76530.87,1032.0,1032.0,1015.05,1015.05,80,13.7,0.5095,0.000158,-23.58,72.96
2026-09-03 15:01:00,76563.02,1015.2,1023.9,1015.2,1023.9,100,13.59,0.5146,0.000159,-23.4,72.95
2026-09-03 15:02:00,76536.68,1023.9,1025.0,1023.9,1025.0,20,13.8,0.5104,0.000157,-23.75,72.95
2026-09-03 15:03:00,76529.57,1025.0,1025.0,1025.0,1025.0,0,15.0,0.5095,0.000144,-25.83,72.95
2026-09-03 15:04:00,76514.82,1025.0,1025.0,1025.0,1025.0,0,15.0,0.5074,0.000144,-25.83,72.95
2026-09-03 15:05:00,76506.48,1025.0,1025.0,1000.15,1000.15,260,13.67,0.5056,0.000158,-23.53,72.94
2026-09-03 15:06:00,76493.19,1000.15,1000.15,1000.15,1000.15,0,15.0,0.5042,0.000144,-25.83,72.93
2026-09-03 15:07:00,76474.8,1000.15,1000.15,1000.15,1000.15,0,15.0,0.5016,0.000144,-25.82,72.92
2026-09-03 15:08:00,76496.39,1000.15,1000.15,999.0,999.0,100,13.72,0.504,0.000158,-23.62,72.93
2026-09-03 15:09:00,76492.95,1004.95,1004.95,1004.95,1004.95,20,13.83,0.5035,0.000157,-23.81,72.93
2026-09-03 15:10:00,76537.17,1004.95,1022.1,1004.95,1013.2,60,13.63,0.5105,0.000159,-23.47,72.94
2026-09-03 15:11:00,76516.23,1013.2,1027.3,1013.2,1025.5,120,13.95,0.5072,0.000155,-24.02,72.94
2026-09-03 15:12:00,76507.45,1025.5,1025.5,1023.15,1025.4,220,14.01,0.5059,0.000155,-24.12,72.93
2026-09-03 15:13:00,76553.82,1025.4,1030.0,1020.9,1030.0,60,13.75,0.5131,0.000157,-23.67,72.94
2026-09-03 15:14:00,76554.2,1030.0,1044.6,1028.55,1028.55,500,13.72,0.5131,0.000158,-23.63,72.94
2026-09-03 15:15:00,76554.2,1023.75,1024.1,1017.8,1017.8,140,13.58,0.5132,0.000159,-23.38,72.94
2026-09-03 15:16:00,76554.2,1017.8,1017.8,1017.8,1017.8,0,15.0,0.513,0.000144,-25.83,72.94
2026-09-03 15:17:00,76554.2,1017.8,1037.15,1017.8,1037.15,20,13.84,0.5131,0.000156,-23.83,72.93
2026-09-03 15:18:00,76554.2,1037.15,1037.15,1037.15,1037.15,0,15.0,0.513,0.000144,-25.83,72.93
2026-09-03 15:19:00,76554.2,1037.15,1037.15,1037.15,1037.15,0,15.0,0.513,0.000144,-25.83,72.93
2026-09-03 15:20:00,76554.2,1037.15,1037.15,1015.0,1015.0,60,13.54,0.5132,0.00016,-23.31,72.93
2026-09-03 15:21:00,76554.2,1015.0,1015.0,997.25,1013.4,780,13.52,0.5132,0.00016,-23.28,72.93
2026-09-03 15:22:00,76554.2,1013.4,1016.15,1013.4,1014.0,80,13.53,0.5132,0.00016,-23.29,72.93
2026-09-03 15:23:00,76554.2,1016.8,1022.35,1013.35,1013.35,280,13.52,0.5132,0.00016,-23.28,72.93
2026-09-03 15:24:00,76554.2,1013.35,1013.35,1008.45,1008.95,280,13.46,0.5132,0.000161,-23.17,72.93
2026-09-03 15:25:00,76554.2,1008.95,1013.05,1001.9,1003.1,120,13.38,0.5132,0.000162,-23.04,72.92
2026-09-03 15:26:00,76554.2,1003.1,1003.1,1000.0,1000.0,20,13.33,0.5132,0.000162,-22.96,72.92
2026-09-03 15:27:00,76554.2,1000.0,1000.0,997.8,998.4,40,13.31,0.5132,0.000162,-22.93,72.92
2026-09-03 15:28:00,76152.86,998.4,998.4,956.0,956.0,60,15.4,0.4566,0.00014,-26.29,72.2
2026-09-03 15:29:00,76152.86,975.1,975.1,966.1,966.1,120,15.54,0.4571,0.000139,-26.54,72.2
2026-09-04 09:15:00,76600.13,1030.0,1050.0,1001.65,1027.1,480,13.62,0.5207,0.000161,-23.88,71.61
2026-09-04 09:16:00,76669.12,1027.1,1060.0,1027.1,1041.2,240,13.31,0.5323,0.000165,-23.3,71.53
2026-09-04 09:17:00,76646.28,1041.2,1043.85,1041.2,1043.85,80,13.52,0.5283,0.000162,-23.68,71.56
2026-09-04 09:18:00,76660.43,1043.85,1050.0,1043.85,1050.0,20,13.5,0.5306,0.000162,-23.65,71.54
2026-09-04 09:19:00,76660.97,1050.0,1062.0,1050.0,1062.0,120,13.67,0.5304,0.000161,-23.93,71.54
2026-09-04 09:20:00,76664.98,1062.0,1062.0,1060.35,1060.35,440,13.61,0.5312,0.000161,-23.84,71.53
2026-09-04 09:21:00,76623.57,1060.35,1060.35,1060.35,1060.35,0,15.0,0.5233,0.000146,-26.3,71.6
2026-09-04 09:22:00,76603.03,1060.35,1060.35,1060.35,1060.35,0,15.0,0.5203,0.000147,-26.31,71.61
2026-09-04 09:23:00,76609.31,1060.35,1060.35,1048.0,1048.0,20,13.85,0.522,0.000159,-24.28,71.6
2026-09-04 09:24:00,76607.02,1048.0,1052.95,1048.0,1052.95,20,13.93,0.5216,0.000158,-24.43,71.6
2026-09-04 09:25:00,76628.31,1052.95,1056.2,1052.95,1056.2,100,13.82,0.525,0.000159,-24.23,71.58
2026-09-04 09:26:00,76598.22,1056.2,1056.2,1056.2,1056.2,0,15.0,0.5196,0.000147,-26.31,71.61
2026-09-04 09:27:00,76578.0,1056.2,1056.2,1056.2,1056.2,0,15.0,0.5166,0.000147,-26.32,71.62
2026-09-04 09:28:00,76585.16,1056.2,1056.2,1036.3,1036.3,20,13.86,0.5182,0.000159,-24.31,71.61
2026-09-04 09:29:00,76590.11,1036.3,1036.3,1036.3,1036.3,60,13.83,0.519,0.000159,-24.25,71.6
2026-09-04 09:30:00,76578.69,1036.3,1042.55,1031.75,1031.75,100,13.84,0.5171,0.000159,-24.29,71.61
2026-09-04 09:31:00,76560.28,1031.75,1031.75,1022.05,1022.05,20,13.84,0.5142,0.000159,-24.29,71.61
2026-09-04 09:32:00,76560.12,1022.25,1022.25,1022.25,1022.25,20,13.85,0.5142,0.000159,-24.3,71.61
2026-09-04 09:33:00,76573.91,1022.25,1022.25,1022.25,1022.25,40,13.75,0.5164,0.00016,-24.12,71.61
2026-09-04 09:34:00,76579.42,1022.25,1022.25,1022.25,1022.25,0,15.0,0.5168,0.000147,-26.32,71.61
2026-09-04 09:35:00,76556.27,1022.25,1030.8,1022.25,1026.05,640,13.93,0.5136,0.000158,-24.44,71.61
2026-09-04 09:36:00,76540.24,1026.05,1026.05,1019.9,1019.9,80,13.96,0.511,0.000158,-24.5,71.61
2026-09-04 09:37:00,76552.99,1019.9,1030.0,1019.9,1030.0,20,14.01,0.513,0.000157,-24.58,71.61
2026-09-04 09:38:00,76536.26,1030.0,1030.35,1027.6,1027.6,40,14.09,0.5104,0.000156,-24.74,71.61
2026-09-04 09:39:00,76549.4,1027.6,1027.6,1027.6,1027.6,0,15.0,0.5124,0.000147,-26.33,71.61
2026-09-04 09:40:00,76572.71,1027.6,1035.6,1023.6,1035.6,120,13.94,0.5161,0.000158,-24.47,71.6
2026-09-04 09:41:00,76568.5,1035.6,1035.6,1029.75,1029.75,20,13.89,0.5155,0.000159,-24.38,71.6
2026-09-04 09:42:00,76563.36,1029.75,1029.75,1025.0,1025.0,20,13.86,0.5147,0.000159,-24.33,71.6
2026-09-04 09:43:00,76570.68,1025.0,1025.0,1025.0,1025.0,0,15.0,0.5155,0.000147,-26.32,71.6
2026-09-04 09:44:00,76579.21,1025.0,1025.0,1025.0,1025.0,0,15.0,0.5168,0.000147,-26.32,71.59
2026-09-04 09:45:00,76625.8,1025.0,1055.95,1025.0,1055.95,20,13.84,0.5246,0.000159,-24.28,71.56
2026-09-04 09:46:00,76629.52,1055.95,1056.0,1055.95,1056.0,240,13.82,0.5252,0.000159,-24.23,71.55
2026-09-04 09:47:00,76624.56,1056.0,1056.0,1056.0,1056.0,40,13.85,0.5244,0.000159,-24.3,71.56
2026-09-04 09:48:00,76614.35,1056.0,1056.0,1056.0,1056.0,0,15.0,0.5219,0.000147,-26.32,71.57
2026-09-04 09:49:00,76628.8,1056.0,1056.0,1056.0,1056.0,0,15.0,0.5241,0.000147,-26.31,71.56
2026-09-04 09:50:00,76647.71,1056.0,1056.0,1055.1,1056.0,480,13.69,0.5283,0.00016,-23.99,71.52
2026-09-04 09:51:00,76669.49,1056.0,1064.65,1056.0,1064.65,140,13.64,0.5319,0.000161,-23.9,71.49
2026-09-04 09:52:00,76683.34,1064.65,1064.65,1064.65,1064.65,0,15.0,0.532,0.000146,-26.29,71.5
2026-09-04 09:53:00,76700.52,1080.0,1080.0,1072.05,1072.05,100,13.52,0.5371,0.000162,-23.66,71.43
2026-09-04 09:54:00,76697.61,1072.05,1072.05,1072.05,1072.05,0,15.0,0.5341,0.000146,-26.28,71.48
2026-09-04 09:55:00,76712.09,1072.05,1072.05,1072.05,1072.05,0,15.0,0.5363,0.000146,-26.27,71.45
2026-09-04 09:56:00,76711.53,1072.05,1072.05,1072.05,1072.05,0,15.0,0.5362,0.000146,-26.27,71.45
2026-09-04 09:57:00,76705.38,1072.05,1072.05,1072.05,1072.05,0,15.0,0.5353,0.000146,-26.27,71.46
2026-09-04 09:58:00,76713.59,1072.05,1072.05,1072.05,1072.05,0,15.0,0.5365,0.000146,-26.27,71.45
2026-09-04 09:59:00,76688.9,1072.05,1083.7,1072.05,1083.7,20,13.77,0.5348,0.000159,-24.12,71.45
2026-09-04 10:00:00,76709.72,1080.0,1095.0,1080.0,1095.0,60,13.77,0.5381,0.000159,-24.1,71.41
2026-09-04 10:01:00,76725.81,1098.95,1114.95,1098.45,1098.45,620,13.7,0.5408,0.00016,-23.96,71.38
2026-09-04 10:02:00,76718.36,1100.0,1104.65,1100.0,1102.15,180,13.81,0.5394,0.000159,-24.16,71.39
2026-09-04 10:03:00,76732.8,1102.15,1102.15,1099.8,1099.8,20,13.66,0.542,0.00016,-23.9,71.36
2026-09-04 10:04:00,76728.49,1099.8,1108.3,1099.8,1106.25,120,13.79,0.541,0.000159,-24.12,71.37
2026-09-04 10:05:00,76706.87,1106.25,1106.25,1076.35,1076.35,140,13.53,0.5381,0.000162,-23.69,71.4
2026-09-04 10:06:00,76698.04,1076.35,1078.55,1076.35,1078.55,40,13.63,0.5365,0.000161,-23.87,71.42
2026-09-04 10:07:00,76688.32,1078.55,1078.55,1078.55,1078.55,0,15.0,0.5328,0.000146,-26.29,71.47
2026-09-04 10:08:00,76690.8,1078.55,1078.55,1078.55,1078.55,0,15.0,0.5331,0.000146,-26.29,71.47
2026-09-04 10:09:00,76678.11,1078.55,1078.55,1078.55,1078.55,0,15.0,0.5313,0.000146,-26.3,71.49
2026-09-04 10:10:00,76665.06,1078.55,1078.55,1067.3,1067.3,20,13.72,0.531,0.00016,-24.05,71.48
2026-09-04 10:11:00,76668.31,1067.3,1067.3,1060.9,1060.9,20,13.6,0.5317,0.000161,-23.84,71.47
2026-09-04 10:12:00,76663.64,1060.9,1060.9,1060.9,1060.9,0,15.0,0.5292,0.000146,-26.31,71.5
2026-09-04 10:13:00,76651.34,1062.0,1062.0,1062.0,1062.0,20,13.75,0.5288,0.00016,-24.11,71.49
2026-09-04 10:14:00,76646.37,1062.0,1062.0,1062.0,1062.0,0,15.0,0.5266,0.000147,-26.31,71.51
2026-09-04 10:15:00,76644.62,1072.65,1072.65,1072.65,1072.65,20,13.95,0.5275,0.000158,-24.46,71.5
2026-09-04 10:16:00,76662.54,1050.05,1051.0,1050.05,1051.0,40,13.51,0.5309,0.000162,-23.69,71.47
2026-09-04 10:17:00,76661.67,1051.0,1074.9,1051.0,1074.9,20,13.85,0.5303,0.000158,-24.29,71.47
2026-09-04 10:18:00,76675.67,1074.9,1074.9,1074.9,1074.9,0,15.0,0.5309,0.000146,-26.3,71.48
2026-09-04 10:19:00,76663.77,1074.9,1074.9,1074.9,1074.9,0,15.0,0.5292,0.000146,-26.31,71.49
2026-09-04 10:20:00,76686.38,1074.9,1074.9,1074.9,1074.9,0,15.0,0.5325,0.000146,-26.3,71.46
2026-09-04 10:21:00,76681.96,1074.9,1074.9,1074.9,1074.9,0,15.0,0.5319,0.000146,-26.3,71.47
2026-09-04 10:22:00,76699.03,1076.75,1092.15,1076.75,1092.15,80,13.82,0.5363,0.000159,-24.2,71.41
2026-09-04 10:23:00,76682.24,1092.15,1092.15,1092.15,1092.15,0,15.0,0.5319,0.000146,-26.3,71.46
2026-09-04 10:24:00,76688.45,1092.15,1092.15,1092.15,1092.15,0,15.0,0.5328,0.000146,-26.3,71.45
2026-09-04 10:25:00,76697.53,1092.15,1092.15,1092.15,1092.15,0,15.0,0.5341,0.000146,-26.29,71.44
2026-09-04 10:26:00,76701.12,1092.15,1092.15,1092.15,1092.15,0,15.0,0.5347,0.000146,-26.29,71.43
2026-09-04 10:27:00,76702.13,1092.15,1092.15,1089.55,1089.55,60,13.76,0.5369,0.000159,-24.1,71.39
2026-09-04 10:28:00,76707.94,1089.55,1096.05,1089.55,1093.55,100,13.77,0.5378,0.000159,-24.12,71.38
2026-09-04 10:29:00,76718.57,1093.55,1100.0,1093.55,1100.0,200,13.78,0.5395,0.000159,-24.13,71.36
2026-09-04 10:30:00,76739.37,1107.2,1120.0,1106.85,1106.85,340,13.72,0.5429,0.000159,-24.0,71.31
2026-09-04 10:31:00,76737.69,1108.05,1112.8,1103.5,1108.75,400,13.76,0.5426,0.000159,-24.07,71.32
2026-09-04 10:32:00,76748.25,1108.75,1108.75,1108.75,1108.75,0,15.0,0.5415,0.000146,-26.26,71.34
2026-09-04 10:33:00,76723.15,1108.75,1108.75,1108.75,1108.75,0,15.0,0.5379,0.000146,-26.28,71.39
2026-09-04 10:34:00,76723.69,1108.75,1108.75,1108.75,1108.75,0,15.0,0.538,0.000146,-26.28,71.39
2026-09-04 10:35:00,76712.85,1108.75,1108.75,1098.1,1098.1,20,13.8,0.5385,0.000159,-24.17,71.37
2026-09-04 10:36:00,76699.15,1098.1,1098.1,1098.1,1098.1,0,15.0,0.5344,0.000146,-26.3,71.42
2026-09-04 10:37:00,76720.77,1098.1,1098.1,1098.1,1098.1,0,15.0,0.5375,0.000146,-26.28,71.39
2026-09-04 10:38:00,76722.87,1098.1,1098.1,1098.1,1098.1,0,15.0,0.5378,0.000146,-26.28,71.38
2026-09-04 10:39:00,76724.8,1098.1,1098.1,1098.1,1098.1,0,15.0,0.5381,0.000146,-26.28,71.38
2026-09-04 10:40:00,76728.67,1098.1,1098.1,1098.1,1098.1,0,15.0,0.5387,0.000146,-26.28,71.37
2026-09-04 10:41:00,76714.05,1098.1,1098.1,1098.1,1098.1,0,15.0,0.5366,0.000146,-26.29,71.39
2026-09-04 10:42:00,76701.94,1098.1,1098.1,1098.1,1098.1,20,13.88,0.5366,0.000158,-24.33,71.38
2026-09-04 10:43:00,76708.42,1098.1,1098.1,1098.1,1098.1,0,15.0,0.5357,0.000146,-26.29,71.4
2026-09-04 10:44:00,76706.33,1098.1,1103.55,1095.0,1101.95,100,13.9,0.5373,0.000158,-24.36,71.37
2026-09-04 10:45:00,76704.67,1101.95,1101.95,1101.95,1101.95,0,15.0,0.5352,0.000146,-26.3,71.4
2026-09-04 10:46:00,76713.4,1101.95,1101.95,1101.95,1101.95,0,15.0,0.5365,0.000146,-26.29,71.39
2026-09-04 10:47:00,76714.77,1101.95,1101.95,1101.95,1101.95,0,15.0,0.5367,0.000146,-26.29,71.39
2026-09-04 10:48:00,76719.98,1101.95,1101.95,1101.95,1101.95,0,15.0,0.5374,0.000146,-26.29,71.38
2026-09-04 10:49:00,76713.15,1101.95,1101.95,1101.95,1101.95,0,15.0,0.5364,0.000146,-26.29,71.39
2026-09-04 10:50:00,76704.77,1101.95,1101.95,1101.95,1101.95,0,15.0,0.5352,0.000146,-26.3,71.4
2026-09-04 10:51:00,76711.65,1101.95,1101.95,1101.95,1101.95,0,15.0,0.5362,0.000146,-26.29,71.39
2026-09-04 10:52:00,76709.2,1101.95,1101.95,1101.95,1101.95,0,15.0,0.5359,0.000146,-26.3,71.39
2026-09-04 10:53:00,76714.42,1101.95,1101.95,1101.0,1101.0,20,13.83,0.5387,0.000158,-24.23,71.34
2026-09-04 10:54:00,76726.08,1101.0,1116.7,1101.0,1113.65,80,13.92,0.5404,0.000157,-24.38,71.32
2026-09-04 10:55:00,76738.17,1113.65,1113.65,1113.65,1113.65,0,15.0,0.5401,0.000146,-26.28,71.34
2026-09-04 10:56:00,76733.28,1113.65,1113.65,1113.65,1113.65,0,15.0,0.5394,0.000146,-26.28,71.34
2026-09-04 10:57:00,76735.07,1113.65,1113.65,1113.65,1113.65,0,15.0,0.5396,0.000146,-26.28,71.34
2026-09-04 10:58:00,76728.48,1113.65,1113.65,1113.65,1113.65,0,15.0,0.5387,0.000146,-26.29,71.35
2026-09-04 10:59:00,76752.78,1113.65,1113.65,1113.65,1113.65,0,15.0,0.5422,0.000146,-26.27,71.3
2026-09-04 11:00:00,76761.89,1113.65,1119.0,1110.0,1110.0,1060,13.6,0.5468,0.000161,-23.78,71.21
2026-09-04 11:01:00,76758.75,1110.0,1110.0,1109.65,1109.65,40,13.62,0.5463,0.00016,-23.82,71.22
2026-09-04 11:02:00,76747.58,1109.65,1109.65,1109.65,1109.65,100,13.7,0.5443,0.00016,-23.98,71.25
2026-09-04 11:03:00,76737.31,1109.65,1109.65,1109.65,1109.65,0,15.0,0.54,0.000146,-26.28,71.33
2026-09-04 11:04:00,76747.39,1109.65,1110.0,1109.65,1110.0,20,13.71,0.5442,0.00016,-23.99,71.25
2026-09-04 11:05:00,76745.74,1110.0,1111.0,1110.0,1111.0,20,13.74,0.5439,0.000159,-24.04,71.25
2026-09-04 11:06:00,76739.42,1111.0,1111.0,1111.0,1111.0,0,15.0,0.5403,0.000146,-26.28,71.32
2026-09-04 11:07:00,76761.64,1111.0,1116.9,1111.0,1116.9,20,13.7,0.5465,0.00016,-23.96,71.21
2026-09-04 11:08:00,76762.94,1116.9,1116.9,1116.9,1116.9,0,15.0,0.5437,0.000146,-26.26,71.27
2026-09-04 11:09:00,76774.84,1116.9,1116.9,1116.9,1116.9,0,15.0,0.5454,0.000146,-26.25,71.24
2026-09-04 11:10:00,76788.98,1116.9,1123.2,1116.9,1123.2,40,13.58,0.5513,0.000161,-23.72,71.12
2026-09-04 11:11:00,76782.88,1123.2,1123.2,1123.2,1123.2,0,15.0,0.5466,0.000146,-26.24,71.22
2026-09-04 11:12:00,76768.67,1123.2,1123.2,1123.2,1123.2,0,15.0,0.5445,0.000146,-26.26,71.25
2026-09-04 11:13:00,76754.39,1123.2,1123.2,1095.15,1095.15,60,13.45,0.546,0.000163,-23.53,71.21
2026-09-04 11:14:00,76748.31,1095.15,1095.15,1095.15,1095.15,0,15.0,0.5416,0.000146,-26.28,71.29
2026-09-04 11:15:00,76745.83,1095.15,1095.15,1095.15,1095.15,0,15.0,0.5412,0.000146,-26.28,71.3
2026-09-04 11:16:00,76749.12,1095.15,1095.15,1095.15,1095.15,0,15.0,0.5417,0.000146,-26.28,71.29
2026-09-04 11:17:00,76760.58,1095.15,1095.15,1095.15,1095.15,0,15.0,0.5434,0.000146,-26.27,71.26
2026-09-04 11:18:00,76770.13,1095.15,1095.15,1095.15,1095.15,0,15.0,0.5448,0.000146,-26.26,71.24
2026-09-04 11:19:00,76782.85,1095.15,1128.5,1095.15,1128.5,200,13.7,0.5499,0.000159,-23.95,71.14
2026-09-04 11:20:00,76780.49,1128.5,1128.5,1128.5,1128.5,0,15.0,0.5463,0.000146,-26.25,71.22
2026-09-04 11:21:00,76803.91,1128.5,1128.5,1128.5,1128.5,0,15.0,0.5497,0.000146,-26.23,71.16
2026-09-04 11:22:00,76819.75,1128.5,1128.5,1128.5,1128.5,0,15.0,0.552,0.000145,-26.21,71.12
2026-09-04 11:23:00,76825.28,1128.5,1128.5,1128.5,1128.5,0,15.0,0.5528,0.000145,-26.21,71.1
2026-09-04 11:24:00,76812.27,1128.5,1128.5,1126.8,1126.8,80,13.45,0.5554,0.000162,-23.47,71.02
2026-09-04 11:25:00,76822.98,1126.8,1126.8,1116.0,1118.0,60,13.24,0.5579,0.000164,-23.09,70.96
2026-09-04 11:26:00,76834.04,1118.0,1128.5,1118.0,1128.5,40,13.3,0.5595,0.000163,-23.18,70.93
2026-09-04 11:27:00,76838.54,1129.0,1130.0,1129.0,1130.0,80,13.29,0.5603,0.000164,-23.15,70.91
2026-09-04 11:28:00,76822.7,1130.0,1130.0,1130.0,1130.0,120,13.41,0.5572,0.000162,-23.4,70.98
2026-09-04 11:29:00,76818.22,1130.0,1130.0,1130.0,1130.0,0,15.0,0.5518,0.000145,-26.22,71.11
2026-09-04 11:30:00,76815.4,1130.0,1130.0,1123.3,1123.3,120,13.38,0.5562,0.000163,-23.34,71.0
2026-09-04 11:31:00,76810.99,1123.3,1132.95,1123.3,1132.95,200,13.55,0.5549,0.000161,-23.65,71.03
2026-09-04 11:32:00,76814.18,1132.95,1139.2,1125.8,1139.2,180,13.61,0.5552,0.00016,-23.76,71.02
2026-09-04 11:33:00,76828.43,1139.2,1142.55,1132.9,1132.9,560,13.41,0.5582,0.000162,-23.38,70.95
2026-09-04 11:34:00,76826.73,1132.9,1132.9,1132.9,1132.9,0,15.0,0.553,0.000145,-26.21,71.08
2026-09-04 11:35:00,76821.83,1132.9,1141.35,1132.9,1141.35,60,13.58,0.5565,0.00016,-23.7,70.99
2026-09-04 11:36:00,76823.34,1141.35,1141.35,1141.35,1141.35,0,15.0,0.5525,0.000145,-26.21,71.09
2026-09-04 11:37:00,76809.6,1141.35,1141.35,1135.5,1135.5,160,13.6,0.5545,0.00016,-23.74,71.03
2026-09-04 11:38:00,76852.2,1138.6,1145.0,1138.6,1145.0,300,13.39,0.5621,0.000162,-23.33,70.86
2026-09-04 11:39:00,76867.1,1150.0,1159.5,1150.0,1157.9,120,13.46,0.5643,0.000161,-23.42,70.81
2026-09-04 11:40:00,76861.92,1157.9,1160.8,1150.45,1154.65,140,13.45,0.5635,0.000161,-23.42,70.82
2026-09-04 11:41:00,76849.18,1154.65,1154.65,1154.65,1154.65,0,15.0,0.5563,0.000145,-26.19,71.01
2026-09-04 11:42:00,76829.52,1154.65,1154.65,1145.2,1145.2,20,13.58,0.5578,0.00016,-23.68,70.95
2026-09-04 11:43:00,76809.25,1145.2,1145.2,1145.2,1145.2,0,15.0,0.5505,0.000146,-26.23,71.12
2026-09-04 11:44:00,76798.51,1145.2,1145.2,1145.2,1145.2,0,15.0,0.5489,0.000146,-26.24,71.15
2026-09-04 11:45:00,76797.6,1145.2,1145.2,1145.2,1145.2,0,15.0,0.5488,0.000146,-26.25,71.15
2026-09-04 11:46:00,76806.52,1145.2,1145.2,1145.2,1145.2,0,15.0,0.5501,0.000146,-26.24,71.12
2026-09-04 11:47:00,76812.89,1145.2,1145.2,1145.2,1145.2,0,15.0,0.551,0.000145,-26.23,71.11
2026-09-04 11:48:00,76807.74,1145.2,1145.2,1145.2,1145.2,0,15.0,0.5503,0.000146,-26.24,71.12
2026-09-04 11:49:00,76812.76,1145.2,1145.2,1145.2,1145.2,0,15.0,0.551,0.000146,-26.23,71.1
2026-09-04 11:50:00,76828.77,1145.2,1145.2,1145.2,1145.2,0,15.0,0.5533,0.000145,-26.22,71.06
2026-09-04 11:51:00,76834.62,1145.2,1150.3,1145.2,1150.3,120,13.61,0.5585,0.00016,-23.74,70.93
2026-09-04 11:52:00,76830.12,1150.3,1150.3,1150.3,1150.3,0,15.0,0.5535,0.000145,-26.21,71.05
2026-09-04 11:53:00,76817.28,1150.3,1150.3,1150.3,1150.3,0,15.0,0.5517,0.000145,-26.23,71.09
2026-09-04 11:54:00,76824.3,1150.3,1150.3,1150.3,1150.3,20,13.69,0.5566,0.000159,-23.9,70.97
2026-09-04 11:55:00,76827.92,1150.3,1150.3,1150.3,1150.3,0,15.0,0.5532,0.000145,-26.22,71.06
2026-09-04 11:56:00,76817.52,1150.3,1150.3,1150.3,1150.3,0,15.0,0.5517,0.000145,-26.23,71.08
2026-09-04 11:57:00,76819.49,1150.3,1150.3,1150.3,1150.3,0,15.0,0.552,0.000145,-26.23,71.08
2026-09-04 11:58:00,76808.34,1150.3,1150.3,1150.3,1150.3,0,15.0,0.5504,0.000146,-26.24,71.1
2026-09-04 11:59:00,76792.77,1150.3,1150.3,1130.5,1130.5,20,13.66,0.5517,0.00016,-23.88,71.06
2026-09-04 12:00:00,76784.36,1130.5,1130.5,1130.5,1130.5,0,15.0,0.5469,0.000146,-26.27,71.16
2026-09-04 12:01:00,76774.05,1130.5,1130.5,1130.5,1130.5,0,15.0,0.5454,0.000146,-26.28,71.18
2026-09-04 12:02:00,76768.45,1130.5,1130.5,1130.5,1130.5,0,15.0,0.5445,0.000146,-26.28,71.19
2026-09-04 12:03:00,76754.02,1130.5,1130.5,1130.5,1130.5,0,15.0,0.5424,0.000146,-26.29,71.22
2026-09-04 12:04:00,76741.53,1130.5,1130.5,1130.5,1130.5,0,15.0,0.5406,0.000146,-26.31,71.24
2026-09-04 12:05:00,76741.47,1130.5,1130.5,1130.5,1130.5,0,15.0,0.5406,0.000146,-26.31,71.24
2026-09-04 12:06:00,76742.28,1130.5,1130.5,1130.5,1130.5,0,15.0,0.5407,0.000146,-26.31,71.24
2026-09-04 12:07:00,76740.43,1130.5,1130.5,1079.8,1079.8,20,13.35,0.544,0.000164,-23.39,71.17
2026-09-04 12:08:00,76745.26,1079.8,1099.9,1079.8,1099.9,40,13.6,0.5442,0.000161,-23.83,71.17
2026-09-04 12:09:00,76766.67,1099.9,1099.9,1099.9,1099.9,0,15.0,0.5443,0.000146,-26.29,71.19
2026-09-04 12:10:00,76743.63,1099.9,1099.9,1099.9,1099.9,0,15.0,0.5409,0.000146,-26.31,71.23
2026-09-04 12:11:00,76721.92,1099.9,1099.9,1099.9,1099.9,0,15.0,0.5378,0.000146,-26.32,71.27
2026-09-04 12:12:00,76727.38,1099.9,1099.9,1099.9,1099.9,0,15.0,0.5386,0.000146,-26.32,71.26
2026-09-04 12:13:00,76718.99,1099.9,1099.9,1099.9,1099.9,0,15.0,0.5373,0.000146,-26.33,71.27
2026-09-04 12:14:00,76727.46,1099.9,1099.9,1099.9,1099.9,0,15.0,0.5386,0.000146,-26.32,71.26
2026-09-04 12:15:00,76716.86,1099.9,1099.9,1086.85,1086.85,20,13.63,0.5396,0.000161,-23.91,71.23
2026-09-04 12:16:00,76705.41,1086.85,1086.85,1086.85,1086.85,0,15.0,0.5353,0.000146,-26.34,71.29
2026-09-04 12:17:00,76711.61,1086.85,1086.85,1086.85,1086.85,0,15.0,0.5362,0.000146,-26.33,71.28
2026-09-04 12:18:00,76730.05,1086.85,1086.85,1079.3,1079.3,40,13.43,0.5422,0.000163,-23.54,71.19
2026-09-04 12:19:00,76717.87,1079.3,1079.3,1070.3,1070.3,40,13.4,0.5402,0.000164,-23.49,71.21
2026-09-04 12:20:00,76704.51,1070.3,1070.3,1065.0,1065.0,20,13.42,0.538,0.000164,-23.55,71.24
2026-09-04 12:21:00,76697.8,1065.0,1065.0,1065.0,1065.0,0,15.0,0.5342,0.000146,-26.34,71.3
2026-09-04 12:22:00,76703.04,1065.0,1065.0,1065.0,1065.0,0,15.0,0.535,0.000146,-26.34,71.29
2026-09-04 12:23:00,76705.49,1065.0,1065.0,1065.0,1065.0,0,15.0,0.5354,0.000146,-26.34,71.28
2026-09-04 12:24:00,76706.96,1065.0,1065.0,1065.0,1065.0,0,15.0,0.5356,0.000146,-26.34,71.28
2026-09-04 12:25:00,76696.91,1065.0,1065.0,1065.0,1065.0,0,15.0,0.5341,0.000147,-26.35,71.29
2026-09-04 12:26:00,76708.56,1065.0,1065.0,1065.0,1065.0,0,15.0,0.5358,0.000146,-26.34,71.27
2026-09-04 12:27:00,76707.81,1065.0,1065.0,1065.0,1065.0,0,15.0,0.5357,0.000146,-26.34,71.27
2026-09-04 12:28:00,76726.98,1065.0,1065.0,1065.0,1065.0,0,15.0,0.5385,0.000146,-26.33,71.24
2026-09-04 12:29:00,76725.77,1065.0,1065.0,1065.0,1065.0,0,15.0,0.5383,0.000146,-26.33,71.24
2026-09-04 12:30:00,76716.06,1065.0,1065.0,1065.0,1065.0,0,15.0,0.5369,0.000146,-26.34,71.26
2026-09-04 12:31:00,76719.84,1065.0,1065.0,1065.0,1065.0,0,15.0,0.5375,0.000146,-26.33,71.25
2026-09-04 12:32:00,76724.32,1065.0,1065.0,1065.0,1065.0,0,15.0,0.5381,0.000146,-26.33,71.24
2026-09-04 12:33:00,76718.19,1065.0,1065.0,1065.0,1065.0,0,15.0,0.5372,0.000146,-26.34,71.25
2026-09-04 12:34:00,76715.82,1065.0,1065.0,1065.0,1065.0,0,15.0,0.5369,0.000146,-26.34,71.25
2026-09-04 12:35:00,76708.11,1065.0,1065.0,1065.0,1065.0,0,15.0,0.5357,0.000146,-26.34,71.26
2026-09-04 12:36:00,76692.89,1065.0,1065.0,1039.9,1039.9,20,13.16,0.5366,0.000167,-23.1,71.23
2026-09-04 12:37:00,76689.65,1039.9,1039.9,1039.9,1039.9,0,15.0,0.533,0.000147,-26.36,71.29
2026-09-04 12:38:00,76689.23,1039.9,1039.9,1039.9,1039.9,0,15.0,0.533,0.000147,-26.36,71.29
2026-09-04 12:39:00,76700.22,1039.9,1039.9,1039.9,1039.9,0,15.0,0.5346,0.000147,-26.35,71.27
2026-09-04 12:40:00,76707.79,1039.9,1039.9,1039.9,1039.9,0,15.0,0.5357,0.000146,-26.35,71.26
2026-09-04 12:41:00,76697.84,1039.9,1039.9,1039.9,1039.9,0,15.0,0.5342,0.000147,-26.35,71.27
2026-09-04 12:42:00,76695.58,1039.9,1054.25,1039.9,1054.25,20,13.34,0.5367,0.000165,-23.43,71.23
2026-09-04 12:43:00,76684.65,1054.25,1054.25,1054.25,1054.25,0,15.0,0.5323,0.000147,-26.36,71.29
2026-09-04 12:44:00,76682.64,1054.25,1054.25,1054.25,1054.25,0,15.0,0.532,0.000147,-26.36,71.29
2026-09-04 12:45:00,76683.7,1054.25,1062.7,1054.25,1062.7,40,13.55,0.5344,0.000162,-23.81,71.25
2026-09-04 12:46:00,76678.4,1062.7,1062.7,1062.7,1062.7,0,15.0,0.5314,0.000147,-26.37,71.29
2026-09-04 12:47:00,76676.25,1062.7,1062.7,1062.7,1062.7,0,15.0,0.5311,0.000147,-26.37,71.29
2026-09-04 12:48:00,76685.84,1062.7,1062.7,1062.7,1062.7,0,15.0,0.5325,0.000147,-26.36,71.28
2026-09-04 12:49:00,76691.04,1062.7,1062.7,1062.7,1062.7,0,15.0,0.5332,0.000147,-26.36,71.27
2026-09-04 12:50:00,76688.98,1062.7,1062.7,1062.7,1062.7,0,15.0,0.5329,0.000147,-26.36,71.27
2026-09-04 12:51:00,76696.56,1062.7,1062.7,1062.7,1062.7,0,15.0,0.5341,0.000147,-26.36,71.26
2026-09-04 12:52:00,76692.37,1062.7,1062.7,1062.7,1062.7,0,15.0,0.5334,0.000147,-26.36,71.27
2026-09-04 12:53:00,76706.33,1062.7,1062.7,1062.7,1062.7,0,15.0,0.5355,0.000147,-26.35,71.24
2026-09-04 12:54:00,76699.91,1062.7,1062.7,1062.7,1062.7,0,15.0,0.5346,0.000147,-26.36,71.25
2026-09-04 12:55:00,76687.53,1062.7,1062.7,1062.7,1062.7,20,13.53,0.5351,0.000163,-23.76,71.23
2026-09-04 12:56:00,76682.64,1062.7,1062.7,1062.7,1062.7,0,15.0,0.532,0.000147,-26.37,71.28
2026-09-04 12:57:00,76659.32,1062.7,1062.7,1062.7,1062.7,0,15.0,0.5286,0.000147,-26.38,71.3
2026-09-04 12:58:00,76655.19,1062.7,1062.7,1062.7,1062.7,0,15.0,0.528,0.000147,-26.39,71.31
2026-09-04 12:59:00,76665.43,1062.7,1062.7,1062.7,1062.7,0,15.0,0.5295,0.000147,-26.38,71.29
2026-09-04 13:00:00,76688.4,1062.7,1062.7,1062.7,1062.7,0,15.0,0.5329,0.000147,-26.37,71.26
2026-09-04 13:01:00,76692.81,1062.7,1062.7,1062.7,1062.7,20,13.49,0.536,0.000163,-23.69,71.21
2026-09-04 13:02:00,76675.27,1062.7,1062.7,1062.7,1062.7,0,15.0,0.5309,0.000147,-26.38,71.28
2026-09-04 13:03:00,76681.72,1062.7,1062.7,1062.7,1062.7,0,15.0,0.5319,0.000147,-26.37,71.27
2026-09-04 13:04:00,76667.67,1062.7,1062.7,1062.7,1062.7,0,15.0,0.5298,0.000147,-26.38,71.28
2026-09-04 13:05:00,76674.7,1062.7,1062.7,1062.7,1062.7,0,15.0,0.5309,0.000147,-26.38,71.27
2026-09-04 13:06:00,76679.0,1062.7,1062.7,1062.7,1062.7,0,15.0,0.5315,0.000147,-26.38,71.27
2026-09-04 13:07:00,76682.35,1062.7,1062.7,1062.7,1062.7,0,15.0,0.532,0.000147,-26.38,71.26
2026-09-04 13:08:00,76689.34,1062.7,1062.7,1062.7,1062.7,0,15.0,0.533,0.000147,-26.37,71.25
2026-09-04 13:09:00,76693.54,1062.7,1062.7,1062.7,1062.7,0,15.0,0.5336,0.000147,-26.37,71.24
2026-09-04 13:10:00,76717.05,1062.7,1062.7,1062.7,1062.7,0,15.0,0.5371,0.000146,-26.35,71.21
2026-09-04 13:11:00,76711.1,1062.7,1062.7,1062.7,1062.7,0,15.0,0.5362,0.000147,-26.36,71.22
2026-09-04 13:12:00,76714.16,1062.7,1062.7,1062.7,1062.7,0,15.0,0.5366,0.000147,-26.36,71.21
2026-09-04 13:13:00,76704.26,1062.7,1062.7,1062.7,1062.7,0,15.0,0.5352,0.000147,-26.36,71.22
2026-09-04 13:14:00,76699.21,1062.7,1062.7,1062.7,1062.7,0,15.0,0.5345,0.000147,-26.37,71.23
2026-09-04 13:15:00,76707.86,1062.7,1062.7,1062.7,1062.7,0,15.0,0.5357,0.000147,-26.36,71.22
2026-09-04 13:16:00,76716.0,1062.7,1062.7,1062.7,1062.7,0,15.0,0.5369,0.000147,-26.36,71.2
2026-09-04 13:17:00,76735.32,1062.7,1062.7,1062.7,1062.7,0,15.0,0.5398,0.000146,-26.34,71.17
2026-09-04 13:18:00,76721.74,1062.7,1062.7,1062.7,1062.7,0,15.0,0.5378,0.000146,-26.35,71.19
2026-09-04 13:19:00,76716.78,1062.7,1062.7,1062.7,1062.7,0,15.0,0.537,0.000147,-26.36,71.2
2026-09-04 13:20:00,76717.21,1062.7,1089.45,1062.7,1089.45,20,13.68,0.5396,0.000161,-24.03,71.15
2026-09-04 13:21:00,76716.53,1089.45,1089.45,1089.45,1089.45,0,15.0,0.537,0.000147,-26.36,71.19
2026-09-04 13:22:00,76731.25,1089.45,1089.45,1089.45,1089.45,0,15.0,0.5392,0.000146,-26.35,71.17
2026-09-04 13:23:00,76721.94,1089.45,1089.45,1089.45,1089.45,0,15.0,0.5378,0.000146,-26.36,71.18
2026-09-04 13:24:00,76721.27,1089.45,1089.45,1089.45,1089.45,0,15.0,0.5377,0.000146,-26.36,71.18
2026-09-04 13:25:00,76698.87,1089.45,1089.45,1089.45,1089.45,0,15.0,0.5344,0.000147,-26.37,71.22
2026-09-04 13:26:00,76704.58,1089.45,1089.45,1089.45,1089.45,0,15.0,0.5353,0.000147,-26.37,71.21
2026-09-04 13:27:00,76690.85,1089.45,1089.45,1089.45,1089.45,0,15.0,0.5332,0.000147,-26.38,71.23
2026-09-04 13:28:00,76684.9,1089.45,1089.45,1089.45,1089.45,0,15.0,0.5324,0.000147,-26.38,71.23
2026-09-04 13:29:00,76674.82,1089.45,1089.45,1089.45,1089.45,0,15.0,0.5309,0.000147,-26.39,71.24
2026-09-04 13:30:00,76679.12,1089.45,1089.45,1089.45,1089.45,0,15.0,0.5315,0.000147,-26.39,71.24
2026-09-04 13:31:00,76681.62,1089.45,1089.45,1045.65,1045.65,60,13.34,0.5344,0.000165,-23.45,71.19
2026-09-04 13:32:00,76656.6,1045.65,1045.65,1045.5,1045.5,20,13.53,0.53,0.000163,-23.8,71.24
2026-09-04 13:33:00,76671.83,1045.5,1052.45,1045.5,1052.45,120,13.51,0.5325,0.000163,-23.75,71.21
2026-09-04 13:34:00,76659.64,1052.45,1052.45,1052.45,1052.45,0,15.0,0.5287,0.000147,-26.4,71.26
2026-09-04 13:35:00,76674.77,1052.45,1052.45,1052.45,1052.45,0,15.0,0.5309,0.000147,-26.39,71.24
2026-09-04 13:36:00,76672.51,1052.45,1052.45,1052.45,1052.45,0,15.0,0.5305,0.000147,-26.39,71.24
2026-09-04 13:37:00,76678.18,1052.45,1052.45,1052.45,1052.45,0,15.0,0.5314,0.000147,-26.39,71.23
2026-09-04 13:38:00,76678.19,1052.45,1052.45,1052.45,1052.45,0,15.0,0.5314,0.000147,-26.39,71.23
2026-09-04 13:39:00,76684.43,1052.45,1052.45,1052.45,1052.45,0,15.0,0.5323,0.000147,-26.39,71.22
2026-09-04 13:40:00,76692.87,1052.45,1052.45,1052.45,1052.45,0,15.0,0.5335,0.000147,-26.38,71.21
2026-09-04 13:41:00,76680.2,1052.45,1052.45,1052.45,1052.45,0,15.0,0.5317,0.000147,-26.39,71.22
2026-09-04 13:42:00,76685.22,1052.45,1052.45,1052.45,1052.45,0,15.0,0.5324,0.000147,-26.39,71.22
2026-09-04 13:43:00,76691.73,1052.45,1052.45,1052.45,1052.45,0,15.0,0.5334,0.000147,-26.39,71.2
2026-09-04 13:44:00,76694.0,1052.45,1052.45,1052.45,1052.45,0,15.0,0.5337,0.000147,-26.39,71.2
2026-09-04 13:45:00,76700.19,1052.45,1052.45,1052.45,1052.45,0,15.0,0.5346,0.000147,-26.38,71.19
2026-09-04 13:46:00,76702.38,1052.45,1052.45,1052.45,1052.45,0,15.0,0.5349,0.000147,-26.38,71.19
2026-09-04 13:47:00,76716.17,1052.45,1052.45,1052.45,1052.45,0,15.0,0.537,0.000147,-26.37,71.16
2026-09-04 13:48:00,76705.71,1052.45,1052.45,1052.45,1052.45,0,15.0,0.5354,0.000147,-26.38,71.18
2026-09-04 13:49:00,76707.4,1052.45,1052.45,1052.45,1052.45,0,15.0,0.5357,0.000147,-26.38,71.17
2026-09-04 13:50:00,76699.65,1052.45,1052.45,1052.45,1052.45,0,15.0,0.5345,0.000147,-26.38,71.18
2026-09-04 13:51:00,76674.55,1052.45,1052.45,1052.45,1052.45,0,15.0,0.5309,0.000147,-26.4,71.22
2026-09-04 13:52:00,76680.3,1052.45,1052.45,1052.45,1052.45,0,15.0,0.5317,0.000147,-26.4,71.21
2026-09-04 13:53:00,76683.29,1052.45,1052.45,1052.45,1052.45,0,15.0,0.5321,0.000147,-26.4,71.2
2026-09-04 13:54:00,76684.9,1052.45,1052.45,1052.45,1052.45,0,15.0,0.5324,0.000147,-26.4,71.2
2026-09-04 13:55:00,76675.04,1052.45,1052.45,1052.45,1052.45,0,15.0,0.5309,0.000147,-26.4,71.21
2026-09-04 13:56:00,76683.21,1052.45,1052.45,1052.45,1052.45,0,15.0,0.5321,0.000147,-26.4,71.2
2026-09-04 13:57:00,76684.31,1052.45,1052.45,1052.45,1052.45,0,15.0,0.5323,0.000147,-26.4,71.2
2026-09-04 13:58:00,76668.1,1052.45,1052.45,1052.45,1052.45,0,15.0,0.5299,0.000147,-26.41,71.22
2026-09-04 13:59:00,76672.41,1052.45,1052.45,1052.45,1052.45,0,15.0,0.5305,0.000147,-26.41,71.21
2026-09-04 14:00:00,76672.31,1052.45,1052.45,1052.45,1052.45,0,15.0,0.5305,0.000147,-26.41,71.21
2026-09-04 14:01:00,76675.48,1052.45,1052.45,1052.45,1052.45,0,15.0,0.531,0.000147,-26.4,71.2
2026-09-04 14:02:00,76670.62,1052.45,1052.45,1052.45,1052.45,0,15.0,0.5303,0.000147,-26.41,71.21
2026-09-04 14:03:00,76674.15,1052.45,1052.45,1052.45,1052.45,0,15.0,0.5308,0.000147,-26.41,71.2
2026-09-04 14:04:00,76683.83,1052.45,1052.45,1052.45,1052.45,0,15.0,0.5322,0.000147,-26.4,71.19
2026-09-04 14:05:00,76687.0,1052.45,1052.45,1052.45,1052.45,0,15.0,0.5327,0.000147,-26.4,71.18
2026-09-04 14:06:00,76698.97,1052.45,1052.45,1052.45,1052.45,0,15.0,0.5344,0.000147,-26.39,71.17
2026-09-04 14:07:00,76697.25,1052.45,1052.45,1052.45,1052.45,0,15.0,0.5342,0.000147,-26.39,71.17
2026-09-04 14:08:00,76687.38,1052.45,1052.45,1052.45,1052.45,0,15.0,0.5327,0.000147,-26.4,71.18
2026-09-04 14:09:00,76683.07,1052.45,1052.45,1052.45,1052.45,0,15.0,0.5321,0.000147,-26.4,71.18
2026-09-04 14:10:00,76690.31,1052.45,1064.75,1050.2,1064.75,40,13.55,0.5355,0.000162,-23.84,71.14
2026-09-04 14:11:00,76697.53,1064.75,1064.75,1064.75,1064.75,0,15.0,0.5342,0.000147,-26.4,71.16
2026-09-04 14:12:00,76702.86,1064.75,1064.75,1064.75,1064.75,0,15.0,0.535,0.000147,-26.39,71.15
2026-09-04 14:13:00,76708.93,1064.75,1064.75,1064.75,1064.75,0,15.0,0.5359,0.000147,-26.39,71.14
2026-09-04 14:14:00,76701.08,1064.75,1064.75,1064.75,1064.75,0,15.0,0.5348,0.000147,-26.4,71.15
2026-09-04 14:15:00,76696.02,1064.75,1064.75,1064.75,1064.75,0,15.0,0.534,0.000147,-26.4,71.16
2026-09-04 14:16:00,76681.46,1064.75,1064.75,1044.4,1044.4,140,13.33,0.5344,0.000165,-23.46,71.14
2026-09-04 14:17:00,76679.53,1044.4,1044.4,1044.4,1044.4,0,15.0,0.5316,0.000147,-26.41,71.18
2026-09-04 14:18:00,76690.47,1044.4,1044.4,1044.4,1044.4,0,15.0,0.5332,0.000147,-26.4,71.16
2026-09-04 14:19:00,76692.51,1044.4,1044.4,1044.4,1044.4,0,15.0,0.5335,0.000147,-26.4,71.16
2026-09-04 14:20:00,76694.81,1044.4,1044.4,1044.4,1044.4,0,15.0,0.5338,0.000147,-26.4,71.16
2026-09-04 14:21:00,76705.57,1044.4,1044.4,1044.4,1044.4,0,15.0,0.5354,0.000147,-26.4,71.14
2026-09-04 14:22:00,76699.53,1044.4,1044.4,1044.4,1044.4,0,15.0,0.5345,0.000147,-26.4,71.15
2026-09-04 14:23:00,76696.3,1044.4,1044.4,1044.4,1044.4,0,15.0,0.5341,0.000147,-26.4,71.15
2026-09-04 14:24:00,76697.4,1044.4,1072.45,1044.4,1072.45,20,13.61,0.5365,0.000162,-23.94,71.11
2026-09-04 14:25:00,76716.03,1072.45,1077.0,1071.35,1077.0,40,13.53,0.5397,0.000162,-23.79,71.07
2026-09-04 14:26:00,76721.08,1077.0,1086.9,1077.0,1086.9,40,13.63,0.5403,0.000161,-23.96,71.06
2026-09-04 14:27:00,76726.84,1086.9,1086.9,1084.05,1084.05,40,13.55,0.5414,0.000162,-23.81,71.04
2026-09-04 14:28:00,76728.54,1084.05,1084.05,1084.05,1084.05,0,15.0,0.5388,0.000147,-26.38,71.09
2026-09-04 14:29:00,76726.37,1084.05,1097.3,1084.05,1097.3,20,13.74,0.5409,0.00016,-24.15,71.05
2026-09-04 14:30:00,76734.85,1097.3,1097.3,1097.3,1097.3,20,13.68,0.5424,0.000161,-24.03,71.02
2026-09-04 14:31:00,76742.34,1097.3,1097.3,1097.3,1097.3,0,15.0,0.5408,0.000147,-26.37,71.06
2026-09-04 14:32:00,76744.45,1097.3,1101.0,1097.3,1101.0,20,13.65,0.544,0.000161,-23.98,71.0
2026-09-04 14:33:00,76726.93,1100.45,1100.45,1091.95,1091.95,40,13.66,0.5412,0.000161,-24.01,71.04
2026-09-04 14:34:00,76727.41,1096.95,1096.95,1096.95,1096.95,20,13.73,0.5411,0.00016,-24.13,71.04
2026-09-04 14:35:00,76721.27,1096.95,1096.95,1096.95,1096.95,0,15.0,0.5377,0.000147,-26.39,71.09
2026-09-04 14:36:00,76716.29,1096.95,1096.95,1082.4,1082.4,20,13.61,0.5396,0.000162,-23.93,71.05
2026-09-04 14:37:00,76697.69,1082.4,1082.4,1082.4,1082.4,0,15.0,0.5343,0.000147,-26.41,71.13
2026-09-04 14:38:00,76679.22,1082.4,1082.4,1082.4,1082.4,0,15.0,0.5316,0.000147,-26.42,71.15
2026-09-04 14:39:00,76665.06,1082.4,1082.4,1082.4,1082.4,0,15.0,0.5295,0.000147,-26.43,71.17
2026-09-04 14:40:00,76680.35,1082.4,1082.4,1082.4,1082.4,0,15.0,0.5317,0.000147,-26.42,71.15
2026-09-04 14:41:00,76677.29,1082.4,1082.4,1082.4,1082.4,0,15.0,0.5313,0.000147,-26.42,71.15
2026-09-04 14:42:00,76674.64,1082.4,1082.4,1082.4,1082.4,0,15.0,0.5309,0.000147,-26.42,71.16
2026-09-04 14:43:00,76668.83,1082.4,1082.4,1082.4,1082.4,0,15.0,0.53,0.000147,-26.43,71.16
2026-09-04 14:44:00,76659.95,1082.4,1082.4,1082.4,1082.4,0,15.0,0.5287,0.000147,-26.43,71.17
2026-09-04 14:45:00,76649.66,1082.4,1082.4,1030.0,1030.0,20,13.38,0.5291,0.000165,-23.57,71.15
2026-09-04 14:46:00,76648.99,1030.0,1030.0,1030.0,1030.0,0,15.0,0.5271,0.000147,-26.44,71.18
2026-09-04 14:47:00,76649.15,1030.0,1030.0,1030.0,1030.0,0,15.0,0.5271,0.000147,-26.44,71.18
2026-09-04 14:48:00,76659.98,1030.0,1030.0,1030.0,1030.0,0,15.0,0.5287,0.000147,-26.44,71.17
2026-09-04 14:49:00,76656.56,1030.0,1030.0,1030.0,1030.0,0,15.0,0.5282,0.000147,-26.44,71.17
2026-09-04 14:50:00,76654.11,1030.0,1031.8,1030.0,1031.8,20,13.37,0.5299,0.000165,-23.55,71.14
2026-09-04 14:51:00,76663.52,1031.8,1031.8,1031.8,1031.8,0,15.0,0.5293,0.000147,-26.43,71.16
2026-09-04 14:52:00,76659.84,1031.8,1031.8,1031.8,1031.8,0,15.0,0.5287,0.000147,-26.44,71.16
2026-09-04 14:53:00,76651.0,1031.8,1031.8,1031.8,1031.8,0,15.0,0.5274,0.000147,-26.44,71.17
2026-09-04 14:54:00,76657.53,1031.8,1045.2,1031.8,1045.2,20,13.53,0.5302,0.000163,-23.84,71.13
2026-09-04 14:55:00,76652.03,1045.2,1045.2,1045.2,1045.2,0,15.0,0.5276,0.000147,-26.44,71.16
2026-09-04 14:56:00,76651.22,1045.2,1045.2,1045.2,1045.2,0,15.0,0.5274,0.000147,-26.44,71.16
2026-09-04 14:57:00,76643.06,1045.2,1045.2,1045.2,1045.2,0,15.0,0.5262,0.000147,-26.45,71.17
2026-09-04 14:58:00,76658.62,1045.2,1045.2,1045.2,1045.2,0,15.0,0.5285,0.000147,-26.44,71.15
2026-09-04 14:59:00,76650.55,1045.2,1045.2,1045.2,1045.2,0,15.0,0.5274,0.000147,-26.44,71.16
2026-09-04 15:00:00,76661.99,1045.2,1045.2,1045.2,1045.2,0,15.0,0.529,0.000147,-26.44,71.15
2026-09-04 15:01:00,76648.3,1045.2,1045.2,1044.3,1044.3,20,13.59,0.5286,0.000162,-23.95,71.14
2026-09-04 15:02:00,76659.06,1044.3,1044.8,1044.3,1044.8,20,13.52,0.5305,0.000163,-23.82,71.12
2026-09-04 15:03:00,76651.77,1044.8,1044.8,1037.2,1037.2,40,13.47,0.5294,0.000164,-23.73,71.13
2026-09-04 15:04:00,76632.87,1037.2,1037.2,1037.2,1037.2,0,15.0,0.5247,0.000147,-26.46,71.17
2026-09-04 15:05:00,76646.69,1037.2,1037.2,1037.2,1037.2,0,15.0,0.5268,0.000147,-26.45,71.16
2026-09-04 15:06:00,76646.31,1037.2,1037.2,1037.2,1037.2,0,15.0,0.5267,0.000147,-26.45,71.16
2026-09-04 15:07:00,76658.14,1037.2,1037.2,1037.2,1037.2,0,15.0,0.5285,0.000147,-26.44,71.14
2026-09-04 15:08:00,76649.76,1037.2,1037.2,1037.2,1037.2,0,15.0,0.5272,0.000147,-26.45,71.15
2026-09-04 15:09:00,76654.64,1037.2,1037.2,1037.2,1037.2,0,15.0,0.528,0.000147,-26.45,71.15
2026-09-04 15:10:00,76647.77,1037.2,1037.2,1037.2,1037.2,0,15.0,0.5269,0.000147,-26.45,71.15
2026-09-04 15:11:00,76646.58,1037.2,1037.2,1025.9,1025.9,20,13.35,0.5287,0.000165,-23.53,71.13
2026-09-04 15:12:00,76628.4,1025.9,1056.15,1025.9,1056.15,20,13.91,0.5251,0.000159,-24.52,71.15
2026-09-04 15:13:00,76659.49,1056.15,1056.15,1056.15,1056.15,0,15.0,0.5287,0.000147,-26.45,71.13
2026-09-04 15:14:00,76647.91,1056.15,1056.15,1056.15,1056.15,0,15.0,0.527,0.000147,-26.45,71.15
2026-09-04 15:15:00,76645.88,1056.15,1056.15,1056.15,1056.15,0,15.0,0.5267,0.000147,-26.45,71.15
2026-09-04 15:16:00,76645.88,1056.15,1056.15,1056.15,1056.15,0,15.0,0.5267,0.000147,-26.46,71.15
2026-09-04 15:17:00,76645.88,1056.15,1056.15,1056.15,1056.15,0,15.0,0.5267,0.000147,-26.46,71.14
2026-09-04 15:18:00,76645.88,1056.15,1056.15,1056.15,1056.15,0,15.0,0.5267,0.000147,-26.46,71.14
2026-09-04 15:19:00,76645.88,1056.15,1056.15,1056.15,1056.15,0,15.0,0.5267,0.000147,-26.46,71.14
2026-09-04 15:20:00,76645.88,1056.15,1056.15,984.45,1011.3,420,13.15,0.5288,0.000168,-23.18,71.11
2026-09-04 15:21:00,76645.88,1011.3,1011.3,1010.5,1010.5,20,13.14,0.5289,0.000168,-23.16,71.11
2026-09-04 15:22:00,76645.88,1010.5,1010.5,1010.5,1010.5,0,15.0,0.5267,0.000147,-26.46,71.14
2026-09-04 15:23:00,76645.88,1010.5,1010.5,1010.5,1010.5,0,15.0,0.5267,0.000147,-26.46,71.14
2026-09-04 15:24:00,76645.88,1010.5,1010.5,1008.65,1008.65,60,13.11,0.5289,0.000168,-23.12,71.11
2026-09-04 15:25:00,76645.88,1008.65,1008.65,1008.65,1008.65,0,15.0,0.5267,0.000147,-26.46,71.13
2026-09-04 15:26:00,76645.88,1008.65,1026.9,1008.65,1026.9,40,13.37,0.5285,0.000165,-23.57,71.11
2026-09-04 15:27:00,76645.88,1026.9,1026.9,1026.9,1026.9,0,15.0,0.5267,0.000147,-26.46,71.13
2026-09-04 15:28:00,76645.88,1026.9,1026.9,1026.9,1026.9,0,15.0,0.5267,0.000147,-26.46,71.13
2026-09-04 15:29:00,76515.43,1026.9,1026.9,1026.9,1026.9,0,15.0,0.5074,0.000148,-26.49,71.17
2026-09-07 09:15:00,76315.48,900.0,900.0,819.15,819.15,40,13.74,0.4722,0.000174,-26.07,65.85
2026-09-07 09:16:00,76339.27,810.6,810.6,772.8,772.8,140,12.87,0.4741,0.000186,-24.42,65.89
2026-09-07 09:17:00,76351.37,772.8,819.85,772.8,819.85,40,13.5,0.4779,0.000177,-25.63,65.94
2026-09-07 09:18:00,76398.67,819.85,819.85,819.0,819.05,60,13.14,0.4856,0.000182,-24.98,66.03
2026-09-07 09:19:00,76412.58,819.05,819.05,819.05,819.05,0,15.0,0.491,0.00016,-28.53,66.06
2026-09-07 09:20:00,76385.82,819.05,819.05,810.0,810.0,40,13.1,0.4832,0.000183,-24.9,66.0
2026-09-07 09:21:00,76380.22,810.0,818.1,810.0,816.85,60,13.24,0.4825,0.000181,-25.17,65.99
2026-09-07 09:22:00,76406.93,816.85,816.85,816.85,816.85,0,15.0,0.49,0.00016,-28.53,66.05
2026-09-07 09:23:00,76380.88,816.85,816.85,816.85,816.85,0,15.0,0.4859,0.00016,-28.52,66.01
2026-09-07 09:24:00,76359.63,816.85,820.7,816.85,820.7,20,13.45,0.4793,0.000178,-25.56,65.95
2026-09-07 09:25:00,76342.71,820.7,820.7,820.7,820.7,0,15.0,0.4798,0.00016,-28.49,65.93
2026-09-07 09:26:00,76331.64,820.7,820.7,800.0,800.0,80,13.34,0.474,0.000179,-25.32,65.87
2026-09-07 09:27:00,76312.51,800.0,800.0,800.0,800.0,0,15.0,0.475,0.00016,-28.47,65.86
2026-09-07 09:28:00,76313.31,800.0,800.0,800.0,800.0,0,15.0,0.4751,0.00016,-28.47,65.86
2026-09-07 09:29:00,76310.68,800.0,804.5,800.0,804.5,20,13.56,0.4709,0.000176,-25.72,65.81
2026-09-07 09:30:00,76333.63,804.5,805.0,804.5,805.0,20,13.4,0.4745,0.000178,-25.44,65.87
2026-09-07 09:31:00,76318.35,805.0,805.0,804.05,804.05,20,13.5,0.472,0.000177,-25.61,65.83
2026-09-07 09:32:00,76324.86,804.05,804.05,804.05,804.05,0,15.0,0.4769,0.00016,-28.48,65.89
2026-09-07 09:33:00,76319.13,804.05,804.05,804.05,804.05,0,15.0,0.476,0.00016,-28.48,65.87
2026-09-07 09:34:00,76331.73,804.05,804.05,804.05,804.05,0,15.0,0.478,0.00016,-28.49,65.9
2026-09-07 09:35:00,76322.57,804.05,804.05,804.05,804.05,0,15.0,0.4766,0.00016,-28.48,65.88
2026-09-07 09:36:00,76341.6,804.05,808.0,794.45,799.7,180,13.27,0.4756,0.00018,-25.19,65.88
2026-09-07 09:37:00,76330.95,799.7,799.7,799.7,799.7,0,15.0,0.4779,0.00016,-28.49,65.89
2026-09-07 09:38:00,76332.4,799.7,799.7,799.7,799.7,0,15.0,0.4781,0.00016,-28.49,65.89
2026-09-07 09:39:00,76331.43,799.7,799.7,799.7,799.7,0,15.0,0.478,0.00016,-28.49,65.89
2026-09-07 09:40:00,76342.59,799.7,810.2,799.7,808.55,40,13.39,0.4761,0.000179,-25.44,65.88
2026-09-07 09:41:00,76333.37,808.55,812.3,808.55,812.3,20,13.52,0.4748,0.000177,-25.67,65.86
2026-09-07 09:42:00,76338.0,812.3,812.3,812.3,812.3,0,15.0,0.479,0.00016,-28.5,65.9
2026-09-07 09:43:00,76332.9,812.3,812.3,812.3,812.3,0,15.0,0.4782,0.00016,-28.49,65.89
2026-09-07 09:44:00,76321.52,812.3,812.3,812.3,812.3,0,15.0,0.4764,0.00016,-28.48,65.86
2026-09-07 09:45:00,76331.18,812.3,812.3,812.3,812.3,20,13.54,0.4744,0.000177,-25.7,65.85
2026-09-07 09:46:00,76327.43,812.3,812.3,812.3,812.3,0,15.0,0.4774,0.00016,-28.49,65.87
2026-09-07 09:47:00,76315.45,812.3,812.3,812.3,812.3,0,15.0,0.4754,0.00016,-28.48,65.84
2026-09-07 09:48:00,76300.24,812.3,812.3,787.55,787.55,20,13.38,0.4685,0.000179,-25.38,65.75
2026-09-07 09:49:00,76301.24,787.55,793.0,787.55,793.0,20,13.46,0.4689,0.000178,-25.52,65.76
2026-09-07 09:50:00,76287.72,793.0,793.0,787.4,788.7,40,13.49,0.4666,0.000177,-25.57,65.71
2026-09-07 09:51:00,76298.61,788.7,788.7,788.7,788.7,0,15.0,0.4727,0.00016,-28.47,65.8
2026-09-07 09:52:00,76283.52,788.7,789.2,787.0,787.0,60,13.49,0.4658,0.000177,-25.57,65.7
2026-09-07 09:53:00,76279.8,785.15,787.6,785.0,787.6,80,13.53,0.4653,0.000177,-25.64,65.69
2026-09-07 09:54:00,76265.14,787.6,787.6,775.0,777.35,200,13.48,0.4625,0.000177,-25.52,65.63
2026-09-07 09:55:00,76253.07,783.95,783.95,769.1,771.85,160,13.48,0.4604,0.000177,-25.51,65.59
2026-09-07 09:56:00,76276.55,771.85,771.85,771.85,771.85,0,15.0,0.4692,0.00016,-28.45,65.73
2026-09-07 09:57:00,76276.72,771.85,787.95,771.85,787.95,20,13.56,0.4648,0.000176,-25.69,65.67
2026-09-07 09:58:00,76262.53,780.2,780.2,780.2,780.2,20,13.54,0.4623,0.000177,-25.64,65.62
2026-09-07 09:59:00,76255.73,780.2,780.2,780.2,780.2,0,15.0,0.4659,0.000159,-28.42,65.67
2026-09-07 10:00:00,76252.18,780.2,788.85,780.2,788.85,20,13.75,0.4612,0.000174,-26.02,65.59
2026-09-07 10:01:00,76253.72,778.25,778.25,778.25,778.25,20,13.57,0.4608,0.000176,-25.69,65.59
2026-09-07 10:02:00,76258.99,778.25,787.0,778.25,787.0,20,13.67,0.4621,0.000175,-25.88,65.61
2026-09-07 10:03:00,76267.3,787.0,788.0,787.0,788.0,20,13.63,0.4634,0.000175,-25.81,65.64
2026-09-07 10:04:00,76257.95,788.0,788.0,780.0,780.0,20,13.57,0.4616,0.000176,-25.7,65.6
2026-09-07 10:05:00,76249.58,780.0,780.0,780.0,780.0,0,15.0,0.4649,0.000159,-28.42,65.64
2026-09-07 10:06:00,76250.32,780.0,780.0,780.0,780.0,0,15.0,0.465,0.000159,-28.42,65.64
2026-09-07 10:07:00,76252.7,780.0,788.0,780.0,788.0,80,13.73,0.4612,0.000174,-26.0,65.58
2026-09-07 10:08:00,76262.78,788.0,788.0,788.0,788.0,0,15.0,0.467,0.00016,-28.44,65.67
2026-09-07 10:09:00,76261.66,788.0,788.0,788.0,788.0,0,15.0,0.4668,0.00016,-28.44,65.67
2026-09-07 10:10:00,76260.21,788.0,788.0,788.0,788.0,0,15.0,0.4666,0.00016,-28.43,65.66
2026-09-07 10:11:00,76255.08,788.0,788.0,788.0,788.0,0,15.0,0.4658,0.00016,-28.43,65.65
2026-09-07 10:12:00,76257.18,788.0,788.0,786.4,786.4,20,13.68,0.4618,0.000175,-25.9,65.59
2026-09-07 10:13:00,76238.74,786.4,786.4,786.4,786.4,0,15.0,0.4632,0.000159,-28.41,65.59
2026-09-07 10:14:00,76216.62,778.0,778.0,775.0,775.0,40,13.79,0.4552,0.000173,-26.05,65.44
2026-09-07 10:15:00,76223.13,775.0,776.7,765.1,771.3,160,13.69,0.4559,0.000175,-25.87,65.46
2026-09-07 10:16:00,76182.55,771.3,771.3,760.0,760.0,60,13.79,0.4493,0.000173,-26.01,65.3
2026-09-07 10:17:00,76173.32,760.0,784.3,760.0,762.95,220,13.9,0.4482,0.000172,-26.21,65.27
2026-09-07 10:18:00,76185.76,762.95,762.95,762.95,762.95,0,15.0,0.4547,0.000159,-28.34,65.4
2026-09-07 10:19:00,76182.28,762.95,772.75,762.95,772.7,40,13.99,0.4501,0.000171,-26.39,65.31
2026-09-07 10:20:00,76190.11,772.7,777.1,772.7,777.1,20,14.0,0.4515,0.00017,-26.43,65.34
2026-09-07 10:21:00,76200.92,777.1,777.1,777.1,777.1,140,13.93,0.453,0.000171,-26.31,65.38
2026-09-07 10:22:00,76217.51,777.1,777.1,777.1,777.1,0,15.0,0.4598,0.000159,-28.39,65.51
2026-09-07 10:23:00,76209.81,777.1,777.1,777.1,777.1,0,15.0,0.4586,0.000159,-28.37,65.48
2026-09-07 10:24:00,76196.95,777.1,777.1,777.1,777.1,0,15.0,0.4565,0.000159,-28.36,65.44
2026-09-07 10:25:00,76210.81,777.1,777.1,777.1,777.1,0,15.0,0.4587,0.000159,-28.38,65.48
2026-09-07 10:26:00,76213.86,777.1,777.1,777.1,777.1,0,15.0,0.4592,0.000159,-28.38,65.49
2026-09-07 10:27:00,76214.82,777.1,777.1,776.35,776.35,20,13.82,0.455,0.000173,-26.13,65.42
2026-09-07 10:28:00,76199.34,776.35,776.35,776.35,776.35,0,15.0,0.4569,0.000159,-28.36,65.44
2026-09-07 10:29:00,76203.35,776.35,776.35,776.0,776.0,20,13.9,0.4533,0.000172,-26.26,65.38
2026-09-07 10:30:00,76203.23,776.0,776.0,776.0,776.0,60,13.9,0.4533,0.000172,-26.26,65.38
2026-09-07 10:31:00,76215.73,776.0,784.95,776.0,784.95,40,13.95,0.4556,0.000171,-26.38,65.43
2026-09-07 10:32:00,76211.96,784.95,784.95,784.95,784.95,0,15.0,0.4589,0.000159,-28.38,65.48
2026-09-07 10:33:00,76200.59,784.95,784.95,784.95,784.95,0,15.0,0.4571,0.000159,-28.37,65.44
2026-09-07 10:34:00,76204.48,784.95,784.95,784.95,784.95,0,15.0,0.4577,0.000159,-28.37,65.45
2026-09-07 10:35:00,76201.69,784.95,784.95,776.0,779.55,100,13.97,0.4533,0.000171,-26.39,65.37
2026-09-07 10:36:00,76203.74,779.55,779.55,779.55,779.55,0,15.0,0.4576,0.000159,-28.37,65.45
2026-09-07 10:37:00,76221.21,779.55,780.0,779.55,780.0,20,13.84,0.4561,0.000173,-26.17,65.43
2026-09-07 10:38:00,76213.98,780.0,783.95,780.0,783.95,20,13.95,0.4553,0.000171,-26.37,65.41
2026-09-07 10:39:00,76209.15,783.95,783.95,783.95,783.95,0,15.0,0.4584,0.000159,-28.38,65.46
2026-09-07 10:40:00,76203.26,783.95,783.95,783.95,783.95,0,15.0,0.4575,0.000159,-28.37,65.44
2026-09-07 10:41:00,76199.95,783.95,783.95,778.15,778.15,20,13.96,0.453,0.000171,-26.37,65.35
2026-09-07 10:42:00,76207.84,778.15,778.15,778.15,778.15,0,15.0,0.4582,0.000159,-28.38,65.45
2026-09-07 10:43:00,76214.73,783.95,785.0,783.95,785.0,60,13.96,0.4555,0.000171,-26.4,65.41
2026-09-07 10:44:00,76210.47,785.0,785.0,778.15,778.15,40,13.89,0.4545,0.000172,-26.25,65.39
2026-09-07 10:45:00,76192.7,778.15,778.15,778.15,778.15,0,15.0,0.4558,0.000159,-28.36,65.39
2026-09-07 10:46:00,76210.78,778.15,779.95,778.15,779.95,20,13.91,0.4546,0.000172,-26.3,65.39
2026-09-07 10:47:00,76205.65,779.95,779.95,769.45,769.45,160,13.79,0.4532,0.000173,-26.06,65.35
2026-09-07 10:48:00,76195.63,769.45,773.7,769.45,773.7,80,13.92,0.4521,0.000172,-26.3,65.32
2026-09-07 10:49:00,76180.18,773.7,776.55,773.7,776.55,20,14.07,0.4501,0.00017,-26.56,65.27
2026-09-07 10:50:00,76192.64,776.55,776.55,776.55,776.55,0,15.0,0.4558,0.000159,-28.36,65.39
2026-09-07 10:51:00,76180.18,776.55,776.55,776.55,776.55,0,15.0,0.4538,0.000159,-28.35,65.34
2026-09-07 10:52:00,76185.05,776.55,776.55,776.55,776.55,0,15.0,0.4546,0.000159,-28.35,65.36
2026-09-07 10:53:00,76178.48,776.55,776.55,776.55,776.55,0,15.0,0.4535,0.000159,-28.34,65.33
2026-09-07 10:54:00,76166.44,776.55,776.55,770.55,770.55,20,14.08,0.4477,0.00017,-26.55,65.2
2026-09-07 10:55:00,76163.02,770.55,770.55,770.55,770.55,0,15.0,0.4511,0.000159,-28.32,65.27
2026-09-07 10:56:00,76179.46,770.55,770.55,770.55,770.55,0,15.0,0.4537,0.000159,-28.35,65.33
2026-09-07 10:57:00,76167.57,770.55,770.55,770.55,770.55,0,15.0,0.4518,0.000159,-28.33,65.28
2026-09-07 10:58:00,76162.66,770.55,770.55,770.55,770.55,0,15.0,0.451,0.000159,-28.32,65.26
2026-09-07 10:59:00,76161.58,770.55,770.55,770.55,770.55,0,15.0,0.4508,0.000159,-28.32,65.25
2026-09-07 11:00:00,76146.98,770.55,770.55,770.55,770.55,0,15.0,0.4485,0.000159,-28.3,65.19
2026-09-07 11:01:00,76162.15,770.55,770.55,760.0,760.0,140,13.95,0.4464,0.000171,-26.3,65.16
2026-09-07 11:02:00,76145.59,760.0,760.0,760.0,760.0,100,14.06,0.4441,0.00017,-26.49,65.09
2026-09-07 11:03:00,76137.79,760.0,760.0,760.0,760.0,0,15.0,0.447,0.000159,-28.28,65.15
2026-09-07 11:04:00,76131.45,762.0,762.0,753.45,753.75,180,14.06,0.4417,0.000169,-26.46,65.02
2026-09-07 11:05:00,76134.16,753.75,753.75,753.75,753.75,0,15.0,0.4465,0.000159,-28.28,65.13
2026-09-07 11:06:00,76121.14,753.75,753.75,753.75,753.75,0,15.0,0.4444,0.000159,-28.25,65.07
2026-09-07 11:07:00,76126.7,753.75,756.0,753.4,753.4,40,14.09,0.441,0.000169,-26.51,65.0
2026-09-07 11:08:00,76113.25,753.4,753.4,753.05,753.05,20,14.17,0.4392,0.000168,-26.65,64.94
2026-09-07 11:09:00,76113.64,753.05,753.05,753.05,753.05,0,15.0,0.4432,0.000159,-28.24,65.04
2026-09-07 11:10:00,76106.25,753.05,753.05,753.05,753.05,20,14.22,0.4383,0.000167,-26.73,64.91
2026-09-07 11:11:00,76106.69,753.05,753.05,753.05,753.05,0,15.0,0.4421,0.000159,-28.23,65.0
2026-09-07 11:12:00,76110.04,753.05,753.05,753.05,753.05,0,15.0,0.4426,0.000159,-28.24,65.02
2026-09-07 11:13:00,76085.71,753.05,754.05,744.0,744.0,260,14.22,0.4348,0.000167,-26.68,64.8
2026-09-07 11:14:00,76098.61,744.0,752.35,744.0,750.1,60,14.23,0.437,0.000167,-26.73,64.87
2026-09-07 11:15:00,76088.11,750.1,750.1,739.75,739.75,60,14.14,0.4348,0.000168,-26.53,64.8
2026-09-07 11:16:00,76092.23,739.75,739.75,739.75,739.75,0,15.0,0.4398,0.000159,-28.2,64.93
2026-09-07 11:17:00,76106.04,739.75,739.75,739.75,739.75,0,15.0,0.442,0.000159,-28.23,64.99
2026-09-07 11:18:00,76106.88,739.75,751.1,739.75,751.1,20,14.19,0.4382,0.000168,-26.67,64.9
2026-09-07 11:19:00,76097.91,751.1,751.1,751.1,751.1,0,15.0,0.4407,0.000159,-28.22,64.95
2026-09-07 11:20:00,76116.29,751.1,751.1,751.1,751.1,0,15.0,0.4436,0.000159,-28.25,65.03
2026-09-07 11:21:00,76122.62,751.1,751.1,751.1,751.1,0,15.0,0.4446,0.000159,-28.26,65.06
2026-09-07 11:22:00,76128.86,751.1,751.1,751.1,751.1,0,15.0,0.4456,0.000159,-28.28,65.09
2026-09-07 11:23:00,76121.13,751.1,765.9,751.1,765.9,20,14.32,0.4412,0.000166,-26.96,64.98
2026-09-07 11:24:00,76109.01,765.9,765.9,765.9,765.9,0,15.0,0.4424,0.000159,-28.24,65.0
2026-09-07 11:25:00,76097.59,765.9,765.9,751.2,751.2,40,14.26,0.437,0.000167,-26.78,64.85
2026-09-07 11:26:00,76088.03,751.2,757.5,751.2,757.5,100,14.42,0.4362,0.000165,-27.08,64.82
2026-09-07 11:27:00,76093.94,757.5,757.5,757.5,757.5,0,15.0,0.44,0.000159,-28.21,64.92
2026-09-07 11:28:00,76097.29,757.5,757.5,757.5,757.5,0,15.0,0.4406,0.000159,-28.22,64.94
2026-09-07 11:29:00,76086.79,757.5,757.5,757.5,757.5,0,15.0,0.4389,0.000159,-28.2,64.89
2026-09-07 11:30:00,76093.13,757.5,757.5,755.0,755.0,40,14.35,0.4367,0.000166,-26.95,64.83
2026-09-07 11:31:00,76085.34,755.0,755.0,755.0,755.0,0,15.0,0.4387,0.000159,-28.2,64.88
2026-09-07 11:32:00,76095.18,755.0,755.0,755.0,755.0,0,15.0,0.4402,0.000159,-28.22,64.92
2026-09-07 11:33:00,76095.17,755.0,755.0,750.65,750.65,20,14.27,0.4366,0.000167,-26.8,64.83
2026-09-07 11:34:00,76094.71,750.65,750.65,750.65,750.65,0,15.0,0.4401,0.000159,-28.22,64.92
2026-09-07 11:35:00,76093.93,750.65,750.65,750.65,750.65,0,15.0,0.44,0.000159,-28.22,64.91
2026-09-07 11:36:00,76092.42,750.65,750.65,740.0,740.0,140,14.12,0.4354,0.000169,-26.52,64.79
2026-09-07 11:37:00,76093.79,740.0,740.0,740.0,740.0,0,15.0,0.44,0.000159,-28.22,64.91
2026-09-07 11:38:00,76084.26,740.0,740.0,740.0,740.0,0,15.0,0.4385,0.000159,-28.2,64.86
2026-09-07 11:39:00,76084.78,740.0,749.45,740.0,749.45,20,14.32,0.4351,0.000166,-26.89,64.77
2026-09-07 11:40:00,76078.53,749.45,749.45,743.05,743.05,20,14.26,0.4338,0.000167,-26.76,64.73
2026-09-07 11:41:00,76079.65,743.05,743.05,743.05,743.05,0,15.0,0.4377,0.000159,-28.19,64.83
2026-09-07 11:42:00,76099.78,743.05,743.05,743.05,743.05,0,15.0,0.4409,0.000159,-28.23,64.93
2026-09-07 11:43:00,76097.84,743.05,755.8,743.05,755.8,120,14.33,0.4374,0.000166,-26.94,64.84
2026-09-07 11:44:00,76111.83,755.8,758.0,755.8,758.0,20,14.27,0.4394,0.000167,-26.85,64.9
2026-09-07 11:45:00,76110.04,758.0,760.0,758.0,760.0,60,14.31,0.4393,0.000167,-26.93,64.89
2026-09-07 11:46:00,76112.52,760.0,760.0,760.0,760.0,0,15.0,0.443,0.000159,-28.26,64.98
2026-09-07 11:47:00,76109.65,760.0,760.0,760.0,760.0,0,15.0,0.4425,0.000159,-28.25,64.97
2026-09-07 11:48:00,76100.15,760.0,760.0,760.0,760.0,0,15.0,0.441,0.000159,-28.24,64.92
2026-09-07 11:49:00,76098.72,760.0,760.0,759.2,759.2,20,14.38,0.4378,0.000166,-27.03,64.84
2026-09-07 11:50:00,76096.39,759.2,759.2,757.85,757.85,40,14.37,0.4373,0.000166,-27.02,64.83
2026-09-07 11:51:00,76087.26,757.85,757.85,757.85,757.85,0,15.0,0.4389,0.000159,-28.21,64.86
2026-09-07 11:52:00,76107.68,757.85,763.35,757.85,763.35,40,14.38,0.4393,0.000166,-27.06,64.88
2026-09-07 11:53:00,76105.28,763.35,764.35,763.3,764.35,40,14.41,0.439,0.000165,-27.12,64.87
2026-09-07 11:54:00,76108.57,764.35,764.35,764.35,764.35,0,15.0,0.4423,0.000159,-28.26,64.95
2026-09-07 11:55:00,76107.97,764.35,764.35,764.35,764.35,0,15.0,0.4422,0.000159,-28.26,64.95
2026-09-07 11:56:00,76089.12,764.35,764.35,764.35,764.35,0,15.0,0.4392,0.000159,-28.22,64.86
2026-09-07 11:57:00,76101.82,764.35,764.35,764.35,764.35,0,15.0,0.4412,0.000159,-28.25,64.92
2026-09-07 11:58:00,76102.37,764.35,764.35,764.35,764.35,20,14.44,0.4386,0.000165,-27.16,64.85
2026-09-07 11:59:00,76107.2,764.35,764.35,764.35,764.35,0,15.0,0.4421,0.000159,-28.26,64.94
2026-09-07 12:00:00,76103.78,764.35,764.35,764.35,764.35,0,15.0,0.4416,0.000159,-28.25,64.92
2026-09-07 12:01:00,76100.28,764.35,764.35,759.0,759.0,200,14.37,0.4379,0.000166,-27.03,64.83
2026-09-07 12:02:00,76096.44,759.0,759.0,755.1,755.1,40,14.33,0.4371,0.000166,-26.95,64.81
2026-09-07 12:03:00,76102.39,755.1,755.1,755.1,755.1,0,15.0,0.4413,0.000159,-28.25,64.91
2026-09-07 12:04:00,76100.74,755.1,755.1,755.1,755.1,0,15.0,0.4411,0.000159,-28.25,64.9
2026-09-07 12:05:00,76085.98,755.1,755.1,755.1,755.1,20,14.41,0.4358,0.000165,-27.07,64.76
2026-09-07 12:06:00,76099.44,755.1,755.1,755.1,755.1,0,15.0,0.4409,0.000159,-28.25,64.9
2026-09-07 12:07:00,76106.78,755.1,755.1,755.1,755.1,0,15.0,0.442,0.000159,-28.26,64.93
2026-09-07 12:08:00,76123.33,755.1,755.1,755.1,755.1,0,15.0,0.4447,0.000159,-28.29,65.0
2026-09-07 12:09:00,76133.9,755.1,755.1,755.1,755.1,0,15.0,0.4463,0.000159,-28.31,65.05
2026-09-07 12:10:00,76113.46,755.1,755.1,755.1,755.1,0,15.0,0.4431,0.000159,-28.28,64.95
2026-09-07 12:11:00,76117.71,755.1,755.1,755.1,755.1,0,15.0,0.4438,0.000159,-28.28,64.97
2026-09-07 12:12:00,76124.57,755.1,755.1,755.1,755.1,0,15.0,0.4449,0.000159,-28.3,65.0
2026-09-07 12:13:00,76111.06,755.1,755.1,755.1,755.1,0,15.0,0.4427,0.000159,-28.27,64.94
2026-09-07 12:14:00,76134.16,755.1,755.1,755.1,755.1,0,15.0,0.4464,0.000159,-28.32,65.04
2026-09-07 12:15:00,76125.49,755.1,755.1,755.1,755.1,0,15.0,0.445,0.000159,-28.3,65.0
2026-09-07 12:16:00,76117.76,755.1,755.1,755.1,755.1,0,15.0,0.4438,0.000159,-28.29,64.97
2026-09-07 12:17:00,76109.63,755.1,755.1,755.1,755.1,0,15.0,0.4425,0.000159,-28.27,64.93
2026-09-07 12:18:00,76099.34,755.1,755.1,755.1,755.1,0,15.0,0.4408,0.000159,-28.25,64.88
2026-09-07 12:19:00,76082.87,755.0,755.0,755.0,755.0,40,14.43,0.4353,0.000165,-27.12,64.73
2026-09-07 12:20:00,76083.8,755.0,755.0,752.0,752.0,40,14.38,0.4352,0.000166,-27.02,64.72
2026-09-07 12:21:00,76072.76,752.0,753.0,752.0,753.0,20,14.47,0.4339,0.000165,-27.17,64.68
2026-09-07 12:22:00,76066.45,753.0,753.0,753.0,753.0,0,15.0,0.4356,0.000159,-28.19,64.71
2026-09-07 12:23:00,76061.18,753.0,753.0,753.0,753.0,0,15.0,0.4348,0.000159,-28.18,64.69
2026-09-07 12:24:00,76066.51,753.0,753.0,753.0,753.0,0,15.0,0.4356,0.000159,-28.19,64.71
2026-09-07 12:25:00,76070.29,753.0,753.0,753.0,753.0,0,15.0,0.4362,0.000159,-28.2,64.73
2026-09-07 12:26:00,76068.52,753.0,758.05,753.0,754.35,120,14.52,0.4334,0.000164,-27.26,64.65
2026-09-07 12:27:00,76065.54,754.35,754.35,752.35,752.35,40,14.51,0.4329,0.000164,-27.23,64.63
2026-09-07 12:28:00,76053.46,752.35,752.35,742.05,746.4,280,14.5,0.4308,0.000164,-27.19,64.57
2026-09-07 12:29:00,76042.29,747.0,748.4,742.0,742.0,220,14.5,0.429,0.000164,-27.17,64.5
2026-09-07 12:30:00,76036.2,742.0,742.45,738.3,742.0,420,14.54,0.4283,0.000163,-27.24,64.48
2026-09-07 12:31:00,76035.63,742.0,742.0,735.2,738.25,140,14.49,0.4279,0.000164,-27.13,64.46
2026-09-07 12:32:00,76052.67,738.25,744.7,738.25,744.7,40,14.48,0.4306,0.000164,-27.15,64.55
2026-09-07 12:33:00,76052.9,744.7,746.75,738.3,743.95,140,14.46,0.4306,0.000164,-27.12,64.55
2026-09-07 12:34:00,76053.46,743.95,743.95,743.95,743.95,0,15.0,0.4335,0.000159,-28.17,64.63
2026-09-07 12:35:00,76030.09,743.95,743.95,736.5,736.5,20,14.5,0.427,0.000164,-27.14,64.43
2026-09-07 12:36:00,76041.53,736.5,736.5,736.5,736.5,0,15.0,0.4316,0.000159,-28.14,64.57
2026-09-07 12:37:00,76069.57,736.5,738.45,736.5,738.45,20,14.27,0.4323,0.000167,-26.78,64.61
2026-09-07 12:38:00,76062.02,738.45,747.85,738.45,747.85,20,14.46,0.4321,0.000165,-27.15,64.59
2026-09-07 12:39:00,76056.76,747.05,747.05,741.4,741.4,80,14.4,0.4308,0.000165,-27.01,64.56
2026-09-07 12:40:00,76061.8,741.4,741.4,739.0,739.0,80,14.33,0.4313,0.000166,-26.89,64.57
2026-09-07 12:41:00,76061.2,739.0,739.0,739.0,739.0,0,15.0,0.4347,0.000159,-28.19,64.66
2026-09-07 12:42:00,76047.53,741.0,741.0,741.0,741.0,20,14.46,0.4296,0.000165,-27.1,64.51
2026-09-07 12:43:00,76055.97,741.0,741.0,739.0,739.0,20,14.37,0.4305,0.000166,-26.95,64.54
2026-09-07 12:44:00,76049.8,739.0,739.0,739.0,739.0,0,15.0,0.4329,0.000159,-28.16,64.6
2026-09-07 12:45:00,76041.85,739.0,750.0,739.0,739.0,300,14.46,0.4287,0.000164,-27.11,64.47
2026-09-07 12:46:00,76038.58,739.0,740.8,736.6,740.8,80,14.51,0.4285,0.000164,-27.2,64.46
2026-09-07 12:47:00,76027.64,740.8,740.8,735.1,739.35,140,14.56,0.427,0.000163,-27.27,64.41
2026-09-07 12:48:00,76034.06,739.35,739.35,739.35,739.35,0,15.0,0.4304,0.000159,-28.13,64.51
2026-09-07 12:49:00,76028.16,739.35,739.35,733.4,739.0,240,14.55,0.427,0.000163,-27.25,64.41
2026-09-07 12:50:00,76008.11,739.0,739.0,727.0,727.0,20,14.5,0.4234,0.000164,-27.1,64.28
2026-09-07 12:51:00,75999.9,727.0,729.6,727.0,728.5,100,14.58,0.4225,0.000163,-27.23,64.24
2026-09-07 12:52:00,75994.4,732.6,732.6,732.6,732.6,80,14.68,0.4222,0.000162,-27.41,64.23
2026-09-07 12:53:00,75996.71,732.6,732.6,732.6,732.6,0,15.0,0.4245,0.000158,-28.05,64.3
2026-09-07 12:54:00,75990.55,720.0,720.0,720.0,720.0,140,14.51,0.4206,0.000163,-27.07,64.17
2026-09-07 12:55:00,75988.03,720.0,720.0,720.0,720.0,0,15.0,0.4231,0.000158,-28.03,64.25
2026-09-07 12:56:00,75991.79,720.0,720.0,719.95,720.0,240,14.5,0.4207,0.000164,-27.06,64.17
2026-09-07 12:57:00,75990.21,720.0,720.0,720.0,720.0,0,15.0,0.4234,0.000158,-28.03,64.26
2026-09-07 12:58:00,75997.68,720.0,732.0,720.0,732.0,140,14.65,0.4226,0.000162,-27.37,64.23
2026-09-07 12:59:00,76002.03,732.0,732.0,732.0,732.0,0,15.0,0.4253,0.000158,-28.06,64.32
2026-09-07 13:00:00,75997.44,732.0,732.0,732.0,732.0,0,15.0,0.4246,0.000158,-28.05,64.29
2026-09-07 13:01:00,75998.85,732.0,732.0,732.0,732.0,0,15.0,0.4248,0.000158,-28.06,64.3
2026-09-07 13:02:00,76006.71,732.0,732.0,731.5,731.5,120,14.58,0.4236,0.000163,-27.27,64.27
2026-09-07 13:03:00,76002.81,731.5,731.5,731.5,731.5,0,15.0,0.4254,0.000158,-28.07,64.32
2026-09-07 13:04:00,76003.33,731.5,731.5,731.5,731.5,0,15.0,0.4255,0.000158,-28.07,64.32
2026-09-07 13:05:00,76007.47,731.5,731.5,731.5,731.5,0,15.0,0.4262,0.000158,-28.08,64.34
2026-09-07 13:06:00,76026.01,731.5,740.0,731.5,733.5,40,14.49,0.4262,0.000164,-27.13,64.36
2026-09-07 13:07:00,76024.57,733.5,740.8,733.5,740.8,20,14.61,0.4267,0.000163,-27.37,64.37
2026-09-07 13:08:00,76024.64,740.8,740.8,740.8,740.8,0,15.0,0.4289,0.000159,-28.12,64.43
2026-09-07 13:09:00,76025.48,740.8,740.8,740.8,740.8,0,15.0,0.429,0.000159,-28.12,64.44
2026-09-07 13:10:00,76024.24,740.8,740.8,740.8,740.8,0,15.0,0.4288,0.000159,-28.12,64.43
2026-09-07 13:11:00,76018.7,740.8,740.8,734.55,734.55,20,14.55,0.4254,0.000163,-27.24,64.32
2026-09-07 13:12:00,76032.91,734.55,734.55,734.55,734.55,0,15.0,0.4302,0.000159,-28.14,64.47
2026-09-07 13:13:00,76030.01,734.55,734.55,734.55,734.55,0,15.0,0.4297,0.000159,-28.14,64.46
2026-09-07 13:14:00,76028.23,734.55,734.55,734.55,734.55,0,15.0,0.4294,0.000159,-28.13,64.45
2026-09-07 13:15:00,76032.34,734.55,734.55,734.55,734.55,0,15.0,0.4301,0.000159,-28.14,64.47
2026-09-07 13:16:00,76025.93,734.55,734.55,734.55,734.55,0,15.0,0.4291,0.000159,-28.13,64.43
2026-09-07 13:17:00,76026.23,734.55,734.55,734.55,734.55,0,15.0,0.4291,0.000159,-28.13,64.43
2026-09-07 13:18:00,76023.26,734.55,734.55,734.55,734.55,0,15.0,0.4286,0.000159,-28.12,64.41
2026-09-07 13:19:00,76035.93,734.55,734.55,734.55,734.55,0,15.0,0.4307,0.000159,-28.15,64.48
2026-09-07 13:20:00,76038.44,734.55,734.55,734.55,734.55,0,15.0,0.4311,0.000159,-28.16,64.49
2026-09-07 13:21:00,76040.65,734.55,734.55,734.55,734.55,0,15.0,0.4314,0.000159,-28.16,64.5
2026-09-07 13:22:00,76047.87,734.55,748.0,734.55,748.0,40,14.57,0.4303,0.000163,-27.35,64.48
2026-09-07 13:23:00,76041.29,748.0,748.0,748.0,748.0,0,15.0,0.4315,0.000159,-28.17,64.5
2026-09-07 13:24:00,76042.95,748.0,748.0,748.0,748.0,0,15.0,0.4318,0.000159,-28.17,64.51
2026-09-07 13:25:00,76055.53,748.0,750.0,748.0,750.0,60,14.55,0.4314,0.000164,-27.34,64.51
2026-09-07 13:26:00,76052.7,750.0,750.0,750.0,750.0,200,14.57,0.4311,0.000163,-27.37,64.5
2026-09-07 13:27:00,76049.81,750.0,750.0,748.0,748.0,40,14.56,0.4305,0.000164,-27.34,64.48
2026-09-07 13:28:00,76041.93,748.0,748.0,748.0,748.0,0,15.0,0.4316,0.000159,-28.17,64.5
2026-09-07 13:29:00,76035.03,748.0,748.0,748.0,748.0,0,15.0,0.4305,0.000159,-28.16,64.46
2026-09-07 13:30:00,76030.01,748.0,748.0,748.0,748.0,0,15.0,0.4297,0.000159,-28.15,64.43
2026-09-07 13:31:00,76036.33,748.0,748.0,748.0,748.0,0,15.0,0.4307,0.000159,-28.16,64.47
2026-09-07 13:32:00,76021.87,748.0,748.0,748.0,748.0,0,15.0,0.4284,0.000159,-28.13,64.39
2026-09-07 13:33:00,76024.68,748.0,748.0,748.0,748.0,0,15.0,0.4288,0.000159,-28.14,64.4
2026-09-07 13:34:00,76031.21,748.0,748.0,748.0,748.0,0,15.0,0.4299,0.000159,-28.15,64.43
2026-09-07 13:35:00,76025.31,748.0,748.0,748.0,748.0,0,15.0,0.4289,0.000159,-28.14,64.4
2026-09-07 13:36:00,76036.13,748.0,748.0,748.0,748.0,0,15.0,0.4307,0.000159,-28.16,64.46
2026-09-07 13:37:00,76055.13,748.0,748.0,744.0,748.0,200,14.53,0.4312,0.000164,-27.29,64.49
2026-09-07 13:38:00,76055.61,748.0,748.0,748.0,748.0,0,15.0,0.4338,0.000159,-28.21,64.56
2026-09-07 13:39:00,76051.42,748.0,748.0,748.0,748.0,0,15.0,0.4331,0.000159,-28.2,64.53
2026-09-07 13:40:00,76045.35,748.0,748.0,748.0,748.0,20,14.6,0.43,0.000163,-27.4,64.44
2026-09-07 13:41:00,76050.91,748.0,748.0,748.0,748.0,0,15.0,0.433,0.000159,-28.2,64.53
2026-09-07 13:42:00,76046.13,748.0,748.0,748.0,748.0,0,15.0,0.4322,0.000159,-28.19,64.5
2026-09-07 13:43:00,76045.18,748.0,748.0,748.0,748.0,0,15.0,0.4321,0.000159,-28.19,64.5
2026-09-07 13:44:00,76050.36,748.0,758.65,748.0,748.25,60,14.57,0.4306,0.000164,-27.36,64.46
2026-09-07 13:45:00,76051.2,748.25,759.5,748.25,759.5,100,14.74,0.4317,0.000162,-27.69,64.49
2026-09-07 13:46:00,76066.85,759.5,759.5,759.5,759.5,0,15.0,0.4355,0.000159,-28.24,64.6
2026-09-07 13:47:00,76066.09,759.5,759.5,757.25,757.25,40,14.6,0.4334,0.000163,-27.46,64.54
2026-09-07 13:48:00,76058.93,757.25,757.25,757.25,757.25,0,15.0,0.4343,0.000159,-28.22,64.56
2026-09-07 13:49:00,76060.93,757.25,759.4,757.25,759.4,20,14.67,0.4329,0.000163,-27.59,64.52
2026-09-07 13:50:00,76064.1,759.4,759.4,759.4,759.4,0,15.0,0.4351,0.000159,-28.23,64.58
2026-09-07 13:51:00,76069.24,759.4,759.4,759.4,759.4,0,15.0,0.4359,0.000159,-28.24,64.61
2026-09-07 13:52:00,76076.66,759.4,759.4,758.8,758.8,20,14.56,0.4348,0.000164,-27.4,64.59
2026-09-07 13:53:00,76109.77,758.8,780.0,758.8,768.65,160,14.49,0.4399,0.000165,-27.33,64.74
2026-09-07 13:54:00,76106.61,768.65,768.65,767.75,767.75,20,14.49,0.4395,0.000165,-27.34,64.73
2026-09-07 13:55:00,76105.61,767.75,767.75,767.75,767.75,20,14.5,0.4393,0.000165,-27.35,64.72
2026-09-07 13:56:00,76101.41,767.75,767.75,764.0,764.0,100,14.47,0.4385,0.000165,-27.29,64.7
2026-09-07 13:57:00,76099.98,764.0,764.0,764.0,764.0,80,14.48,0.4383,0.000165,-27.31,64.69
2026-09-07 13:58:00,76106.16,768.35,768.35,768.35,768.35,100,14.51,0.4394,0.000165,-27.37,64.72
2026-09-07 13:59:00,76105.49,768.35,768.35,768.35,768.35,0,15.0,0.4417,0.000159,-28.32,64.77
2026-09-07 14:00:00,76115.08,768.35,768.35,768.35,768.35,0,15.0,0.4432,0.00016,-28.34,64.81
2026-09-07 14:01:00,76117.99,768.35,768.35,764.4,764.4,100,14.37,0.4407,0.000166,-27.12,64.76
2026-09-07 14:02:00,76123.16,764.4,770.5,764.4,770.45,80,14.42,0.4418,0.000166,-27.25,64.79
2026-09-07 14:03:00,76115.07,770.45,770.45,770.45,770.45,0,15.0,0.4432,0.00016,-28.34,64.81
2026-09-07 14:04:00,76113.46,770.45,774.5,770.45,774.5,20,14.55,0.4409,0.000164,-27.48,64.75
2026-09-07 14:05:00,76110.61,774.5,774.5,774.5,774.5,0,15.0,0.4425,0.00016,-28.34,64.79
2026-09-07 14:06:00,76082.53,774.5,774.5,753.05,753.05,60,14.43,0.4351,0.000165,-27.18,64.58
2026-09-07 14:07:00,76084.04,753.05,756.35,753.05,756.35,20,14.47,0.4356,0.000165,-27.26,64.59
2026-09-07 14:08:00,76070.05,756.35,756.35,756.35,756.35,0,15.0,0.436,0.000159,-28.26,64.59
2026-09-07 14:09:00,76082.98,756.35,756.35,754.4,754.4,40,14.45,0.4353,0.000165,-27.22,64.58
2026-09-07 14:10:00,76087.96,754.4,760.1,754.4,760.1,40,14.51,0.4364,0.000165,-27.34,64.61
2026-09-07 14:11:00,76083.08,760.1,760.1,760.1,760.1,0,15.0,0.4381,0.000159,-28.28,64.65
2026-09-07 14:12:00,76091.58,760.1,760.1,760.1,760.1,0,15.0,0.4394,0.000159,-28.3,64.69
2026-09-07 14:13:00,76086.29,760.1,760.1,760.0,760.0,20,14.52,0.4362,0.000165,-27.36,64.6
2026-09-07 14:14:00,76084.92,760.0,760.1,760.0,760.1,20,14.53,0.436,0.000164,-27.37,64.6
2026-09-07 14:15:00,76083.91,760.1,760.1,760.0,760.0,40,14.53,0.4359,0.000164,-27.38,64.59
2026-09-07 14:16:00,76086.48,760.0,760.0,754.1,754.1,60,14.42,0.4358,0.000166,-27.18,64.59
2026-09-07 14:17:00,76076.96,752.1,752.1,751.1,751.1,40,14.44,0.4343,0.000165,-27.19,64.54
2026-09-07 14:18:00,76082.65,751.1,751.1,746.6,746.6,20,14.34,0.4346,0.000167,-27.0,64.55
2026-09-07 14:19:00,76082.49,746.6,746.6,746.6,746.6,0,15.0,0.438,0.000159,-28.29,64.64
2026-09-07 14:20:00,76092.11,746.6,746.6,746.6,746.6,0,15.0,0.4395,0.000159,-28.31,64.68
2026-09-07 14:21:00,76094.12,746.6,755.35,746.6,755.35,20,14.39,0.4369,0.000166,-27.14,64.62
2026-09-07 14:22:00,76089.45,755.35,755.35,755.35,755.35,0,15.0,0.4391,0.000159,-28.3,64.67
2026-09-07 14:23:00,76109.45,755.35,755.35,755.35,755.35,0,15.0,0.4423,0.00016,-28.34,64.76
2026-09-07 14:24:00,76109.61,755.35,755.35,755.35,755.35,0,15.0,0.4423,0.00016,-28.34,64.76
2026-09-07 14:25:00,76116.91,755.35,755.35,755.35,755.35,0,15.0,0.4435,0.00016,-28.36,64.79
2026-09-07 14:26:00,76116.78,755.35,755.35,755.35,755.35,0,15.0,0.4434,0.00016,-28.36,64.79
2026-09-07 14:27:00,76118.94,755.35,766.45,755.35,766.45,20,14.4,0.441,0.000166,-27.2,64.73
2026-09-07 14:28:00,76122.81,766.45,766.55,763.25,763.25,40,14.32,0.4413,0.000167,-27.06,64.74
2026-09-07 14:29:00,76125.83,763.25,770.1,763.25,770.1,40,14.41,0.4422,0.000166,-27.24,64.76
2026-09-07 14:30:00,76127.9,770.1,770.1,770.1,770.1,20,14.4,0.4425,0.000166,-27.21,64.77
2026-09-07 14:31:00,76102.69,770.1,770.1,760.05,760.05,60,14.41,0.4383,0.000166,-27.2,64.65
2026-09-07 14:32:00,76098.89,760.05,760.05,760.05,760.05,0,15.0,0.4406,0.00016,-28.33,64.7
2026-09-07 14:33:00,76105.29,760.05,760.05,758.25,758.25,20,14.37,0.4386,0.000166,-27.12,64.65
2026-09-07 14:34:00,76095.5,758.25,758.25,748.25,748.25,60,14.28,0.4365,0.000167,-26.92,64.59
2026-09-07 14:35:00,76090.05,748.25,748.25,748.25,748.25,20,14.32,0.4358,0.000167,-26.99,64.56
2026-09-07 14:36:00,76100.97,748.25,750.25,747.85,750.25,40,14.27,0.4374,0.000167,-26.93,64.61
2026-09-07 14:37:00,76089.0,750.25,750.25,746.25,746.25,40,14.29,0.4355,0.000167,-26.94,64.55
2026-09-07 14:38:00,76082.49,744.25,744.25,739.8,740.25,100,14.24,0.4341,0.000168,-26.83,64.51
2026-09-07 14:39:00,76067.82,740.25,740.25,736.25,736.25,40,14.28,0.4318,0.000167,-26.87,64.44
2026-09-07 14:40:00,76054.11,736.25,736.25,726.1,726.1,160,14.21,0.4292,0.000168,-26.71,64.35
2026-09-07 14:41:00,76044.22,725.6,728.45,723.15,723.15,100,14.23,0.4276,0.000167,-26.73,64.29
2026-09-07 14:42:00,76060.14,723.15,726.4,723.15,726.4,20,14.18,0.43,0.000168,-26.66,64.37
2026-09-07 14:43:00,76052.45,726.4,726.4,725.5,725.5,20,14.22,0.4289,0.000168,-26.72,64.33
2026-09-07 14:44:00,76050.13,725.5,725.5,725.5,725.5,0,15.0,0.4328,0.000159,-28.23,64.44
2026-09-07 14:45:00,76025.53,725.5,728.45,724.25,724.25,140,14.38,0.4253,0.000166,-26.96,64.2
2026-09-07 14:46:00,76031.56,724.25,731.7,721.25,731.7,120,14.45,0.4268,0.000165,-27.13,64.25
2026-09-07 14:47:00,76023.13,731.7,731.7,731.7,731.7,0,15.0,0.4285,0.000159,-28.17,64.29
2026-09-07 14:48:00,76023.11,721.05,721.05,721.05,721.05,20,14.34,0.4247,0.000166,-26.9,64.18
2026-09-07 14:49:00,76030.28,721.05,728.6,721.05,728.6,20,14.41,0.4263,0.000165,-27.05,64.23
2026-09-07 14:50:00,76036.03,728.25,728.25,728.0,728.0,60,14.37,0.427,0.000166,-26.97,64.26
2026-09-07 14:51:00,76056.64,728.0,728.0,728.0,728.0,0,15.0,0.4338,0.000159,-28.25,64.46
2026-09-07 14:52:00,76019.38,728.0,730.35,728.0,730.35,40,14.51,0.4251,0.000164,-27.22,64.18
2026-09-07 14:53:00,76006.96,728.0,728.0,727.25,727.25,100,14.55,0.4233,0.000164,-27.26,64.11
2026-09-07 14:54:00,76006.93,727.25,727.25,727.25,727.25,0,15.0,0.4259,0.000159,-28.14,64.19
2026-09-07 14:55:00,76012.11,727.25,734.55,727.25,732.6,60,14.6,0.4244,0.000163,-27.37,64.15
2026-09-07 14:56:00,76017.04,732.6,732.6,732.6,732.6,0,15.0,0.4275,0.000159,-28.16,64.25
2026-09-07 14:57:00,76011.57,732.6,732.6,730.0,730.0,60,14.56,0.4241,0.000163,-27.3,64.14
2026-09-07 14:58:00,75993.91,730.0,730.0,728.25,728.25,40,14.65,0.4218,0.000162,-27.43,64.05
2026-09-07 14:59:00,75991.56,728.25,728.25,726.85,726.85,40,14.64,0.4214,0.000162,-27.41,64.03
2026-09-07 15:00:00,75999.87,724.25,724.25,724.25,724.25,40,14.55,0.4221,0.000163,-27.25,64.06
2026-09-07 15:01:00,76015.27,724.25,741.0,724.25,741.0,100,14.71,0.4256,0.000162,-27.6,64.18
2026-09-07 15:02:00,76027.01,741.0,741.0,741.0,741.0,0,15.0,0.4291,0.000159,-28.19,64.29
2026-09-07 15:03:00,76022.7,741.0,741.0,741.0,741.0,0,15.0,0.4284,0.000159,-28.18,64.27
2026-09-07 15:04:00,76011.57,741.0,741.0,741.0,741.0,0,15.0,0.4266,0.000159,-28.16,64.21
2026-09-07 15:05:00,76006.03,741.0,741.0,724.05,724.05,20,14.51,0.4229,0.000164,-27.18,64.09
2026-09-07 15:06:00,76003.53,724.05,724.05,724.05,724.05,0,15.0,0.4253,0.000159,-28.14,64.16
2026-09-07 15:07:00,76006.81,724.05,724.05,724.05,724.05,0,15.0,0.4259,0.000159,-28.15,64.17
2026-09-07 15:08:00,75998.31,724.05,731.95,724.05,728.3,40,14.63,0.4223,0.000163,-27.4,64.06
2026-09-07 15:09:00,75979.69,728.3,730.95,728.3,730.95,20,14.79,0.4203,0.000161,-27.67,63.98
2026-09-07 15:10:00,75996.96,730.95,730.95,723.0,723.0,140,14.55,0.4217,0.000163,-27.25,64.03
2026-09-07 15:11:00,75998.66,723.0,731.2,723.0,731.2,40,14.67,0.4226,0.000162,-27.48,64.06
2026-09-07 15:12:00,76015.33,731.2,731.2,731.2,731.2,0,15.0,0.4272,0.000159,-28.17,64.22
2026-09-07 15:13:00,76039.02,731.2,738.65,731.2,738.65,20,14.52,0.4283,0.000164,-27.29,64.27
2026-09-07 15:14:00,76042.19,738.65,738.65,723.8,727.7,40,14.33,0.4278,0.000166,-26.93,64.25
2026-09-07 15:15:00,76051.42,727.7,727.7,721.25,721.25,20,14.17,0.4284,0.000168,-26.63,64.28
2026-09-07 15:16:00,76051.42,721.25,721.25,721.2,721.2,20,14.17,0.4284,0.000168,-26.63,64.28
2026-09-07 15:17:00,76051.42,721.2,722.0,721.2,722.0,20,14.18,0.4285,0.000168,-26.66,64.28
2026-09-07 15:18:00,76051.42,722.0,722.0,722.0,722.0,0,15.0,0.4329,0.000159,-28.26,64.4
2026-09-07 15:19:00,76051.42,722.0,722.0,690.0,690.0,140,13.68,0.4255,0.000174,-25.69,64.19
2026-09-07 15:20:00,76051.42,704.9,714.8,704.9,710.95,340,14.01,0.4275,0.00017,-26.33,64.24
2026-09-07 15:21:00,76051.42,714.7,714.7,714.7,714.7,20,14.07,0.4278,0.00017,-26.44,64.25
2026-09-07 15:22:00,76051.42,714.7,719.95,714.25,714.25,160,14.06,0.4278,0.00017,-26.43,64.25
2026-09-07 15:23:00,76051.42,714.25,714.25,714.25,714.25,0,15.0,0.4329,0.000159,-28.26,64.39
2026-09-07 15:24:00,76051.42,714.25,719.95,714.25,719.95,20,14.15,0.4283,0.000169,-26.6,64.26
2026-09-07 15:25:00,76051.42,719.95,720.0,719.95,720.0,40,14.15,0.4283,0.000169,-26.61,64.26
2026-09-07 15:26:00,76051.42,720.0,720.0,705.25,705.25,120,13.92,0.427,0.000171,-26.16,64.22
2026-09-07 15:27:00,76051.42,705.3,705.3,705.1,705.3,60,13.92,0.427,0.000171,-26.16,64.22
2026-09-07 15:28:00,76132.81,705.3,705.3,699.8,699.8,120,13.29,0.4377,0.00018,-25.11,64.58
2026-09-07 15:29:00,76132.81,699.8,709.95,699.8,709.95,20,13.45,0.4385,0.000178,-25.42,64.6
2026-09-08 09:15:00,75811.44,625.0,625.0,563.2,574.15,500,13.68,0.3815,0.000174,-25.51,60.87
2026-09-08 09:16:00,75811.31,570.0,573.9,556.4,556.4,620,13.39,0.3788,0.000177,-24.91,60.74
2026-09-08 09:17:00,75800.36,551.35,554.75,543.2,550.2,540,13.36,0.3765,0.000177,-24.8,60.61
2026-09-08 09:18:00,75806.64,552.45,559.9,552.45,555.0,120,13.4,0.378,0.000177,-24.91,60.69
2026-09-08 09:19:00,75807.76,553.65,561.7,553.65,555.35,260,13.4,0.3782,0.000177,-24.91,60.7
2026-09-08 09:20:00,75795.28,555.1,555.1,555.0,555.0,240,13.47,0.3767,0.000176,-25.01,60.61
2026-09-08 09:21:00,75792.12,550.95,553.65,550.95,553.65,80,13.47,0.3761,0.000176,-25.0,60.58
2026-09-08 09:22:00,75811.36,547.4,550.85,545.25,550.75,140,13.3,0.3779,0.000178,-24.73,60.69
2026-09-08 09:23:00,75769.67,550.8,550.8,545.1,546.75,280,13.49,0.3724,0.000175,-24.96,60.37
2026-09-08 09:24:00,75753.8,544.5,544.85,544.5,544.85,40,13.56,0.3703,0.000174,-25.03,60.25
2026-09-08 09:25:00,75761.17,542.95,545.9,541.0,545.45,180,13.53,0.3712,0.000174,-24.99,60.3
2026-09-08 09:26:00,75762.43,546.9,546.9,542.5,542.5,60,13.47,0.3709,0.000175,-24.88,60.28
2026-09-08 09:27:00,75747.1,538.55,538.55,538.55,538.55,20,13.5,0.3685,0.000174,-24.88,60.14
2026-09-08 09:28:00,75728.23,532.05,533.05,527.4,527.4,280,13.43,0.3644,0.000175,-24.65,59.91
2026-09-08 09:29:00,75725.97,532.8,533.25,529.9,529.9,280,13.48,0.3646,0.000174,-24.76,59.92
2026-09-08 09:30:00,75723.81,532.0,538.0,532.0,538.0,80,13.63,0.3658,0.000172,-25.06,59.98
2026-09-08 09:31:00,75742.16,535.55,540.1,535.55,536.05,220,13.49,0.3675,0.000174,-24.84,60.08
2026-09-08 09:32:00,75725.08,537.1,541.8,537.1,541.8,60,13.69,0.3665,0.000172,-25.18,60.02
2026-09-08 09:33:00,75732.21,536.2,536.2,536.2,536.2,20,13.55,0.3664,0.000173,-24.93,60.01
2026-09-08 09:34:00,75728.48,538.65,539.55,537.85,539.55,100,13.63,0.3665,0.000172,-25.08,60.02
2026-09-08 09:35:00,75755.29,539.6,549.35,539.6,546.05,420,13.57,0.3706,0.000174,-25.07,60.26
2026-09-08 09:36:00,75762.74,545.5,547.3,543.65,547.3,260,13.55,0.3717,0.000174,-25.05,60.31
2026-09-08 09:37:00,75776.12,546.4,551.45,545.65,551.45,180,13.54,0.3739,0.000175,-25.08,60.44
2026-09-08 09:38:00,75781.82,551.3,555.95,547.85,551.1,220,13.5,0.3745,0.000175,-25.02,60.47
2026-09-08 09:39:00,75779.9,548.2,549.5,545.1,545.1,280,13.41,0.3733,0.000176,-24.83,60.41
2026-09-08 09:40:00,75762.19,544.45,544.45,540.1,540.1,160,13.44,0.3704,0.000176,-24.82,60.24
2026-09-08 09:41:00,75774.8,545.55,545.55,541.35,541.35,40,13.38,0.3721,0.000177,-24.75,60.34
2026-09-08 09:42:00,75746.74,542.9,542.9,539.1,539.1,220,13.51,0.3685,0.000174,-24.92,60.13
2026-09-08 09:43:00,75742.65,538.6,538.6,536.1,536.1,80,13.49,0.3675,0.000174,-24.85,60.07
2026-09-08 09:44:00,75739.72,535.1,535.1,534.1,534.1,40,13.47,0.3669,0.000175,-24.81,60.03
2026-09-08 09:45:00,75751.08,534.7,535.2,534.1,534.1,100,13.41,0.3682,0.000176,-24.71,60.11
2026-09-08 09:46:00,75767.12,539.35,539.4,539.35,539.4,40,13.4,0.3709,0.000176,-24.76,60.26
2026-09-08 09:47:00,75769.81,542.75,542.75,542.75,542.75,40,13.43,0.3717,0.000176,-24.85,60.31
2026-09-08 09:48:00,75773.09,539.75,544.75,539.75,541.1,400,13.39,0.3718,0.000176,-24.76,60.32
2026-09-08 09:49:00,75790.54,547.95,547.95,541.95,541.95,220,13.29,0.374,0.000178,-24.64,60.44
2026-09-08 09:50:00,75795.68,555.0,555.0,550.8,550.8,180,13.41,0.376,0.000177,-24.9,60.55
2026-09-08 09:51:00,75776.01,551.5,551.5,547.05,547.05,40,13.47,0.3732,0.000176,-24.94,60.38
2026-09-08 09:52:00,75759.1,547.0,548.0,545.0,545.0,220,13.54,0.3709,0.000174,-25.02,60.25
2026-09-08 09:53:00,75759.25,541.0,541.0,541.0,541.0,20,13.47,0.3702,0.000175,-24.89,60.22
2026-09-08 09:54:00,75754.25,543.7,543.7,541.0,541.0,200,13.5,0.3697,0.000175,-24.93,60.18
2026-09-08 09:55:00,75745.02,541.1,542.1,538.1,538.15,420,13.51,0.3682,0.000174,-24.91,60.09
2026-09-08 09:56:00,75741.89,536.75,538.45,536.45,538.45,240,13.54,0.3679,0.000174,-24.95,60.07
2026-09-08 09:57:00,75744.73,537.95,537.95,536.15,537.95,80,13.51,0.3681,0.000174,-24.91,60.09
2026-09-08 09:58:00,75732.48,536.1,536.1,534.1,534.1,40,13.52,0.3661,0.000174,-24.88,59.97
2026-09-08 09:59:00,75729.74,533.1,533.1,529.2,531.25,280,13.49,0.3653,0.000174,-24.81,59.92
2026-09-08 10:00:00,75743.6,531.25,531.25,531.25,531.25,0,15.0,0.3816,0.000159,-27.96,60.76
2026-09-08 10:01:00,75738.84,539.85,539.85,533.4,534.0,80,13.48,0.3668,0.000174,-24.83,60.0
2026-09-08 10:02:00,75725.52,533.6,533.6,529.55,529.55,200,13.49,0.3645,0.000174,-24.79,59.87
2026-09-08 10:03:00,75706.65,529.3,530.35,524.15,524.3,1180,13.52,0.3615,0.000173,-24.76,59.69
2026-09-08 10:04:00,75705.92,529.1,529.1,526.0,526.0,100,13.55,0.3617,0.000173,-24.83,59.7
2026-09-08 10:05:00,75706.88,525.15,525.15,522.55,522.55,140,13.49,0.3612,0.000174,-24.7,59.67
2026-09-08 10:06:00,75714.87,525.95,525.95,525.95,525.95,20,13.5,0.3627,0.000174,-24.75,59.76
2026-09-08 10:07:00,75754.85,525.95,525.95,525.95,525.95,0,15.0,0.3833,0.000159,-28.01,60.84
2026-09-08 10:08:00,75766.17,538.35,538.35,538.35,538.35,20,13.39,0.3706,0.000176,-24.75,60.22
2026-09-08 10:09:00,75768.44,543.75,543.75,543.75,543.75,20,13.47,0.3717,0.000175,-24.92,60.28
2026-09-08 10:10:00,75770.52,543.05,543.05,540.3,540.3,80,13.4,0.3714,0.000176,-24.78,60.26
2026-09-08 10:11:00,75769.5,540.05,540.05,540.05,540.05,20,13.4,0.3713,0.000176,-24.78,60.25
2026-09-08 10:12:00,75785.18,540.05,540.05,540.05,540.05,0,15.0,0.3882,0.00016,-28.12,61.08
2026-09-08 10:13:00,75824.82,555.0,563.85,555.0,556.3,960,13.32,0.3803,0.000178,-24.85,60.75
2026-09-08 10:14:00,75841.41,554.5,555.25,552.3,552.3,100,13.15,0.3817,0.000181,-24.57,60.83
2026-09-08 10:15:00,75846.23,570.05,570.05,570.0,570.0,80,13.42,0.385,0.000178,-25.12,60.98
2026-09-08 10:16:00,75842.64,570.0,570.0,570.0,570.0,0,15.0,0.3973,0.00016,-28.33,61.52
2026-09-08 10:17:00,75854.16,555.0,555.0,555.0,555.0,20,13.12,0.3837,0.000182,-24.54,60.93
2026-09-08 10:18:00,75818.35,552.65,552.65,543.1,543.1,80,13.15,0.3775,0.00018,-24.47,60.6
2026-09-08 10:19:00,75839.23,543.1,543.1,543.1,543.1,0,15.0,0.3968,0.00016,-28.32,61.49
2026-09-08 10:20:00,75840.02,543.1,543.1,543.1,543.1,0,15.0,0.3969,0.00016,-28.32,61.49
2026-09-08 10:21:00,75829.87,543.1,543.1,543.1,543.1,0,15.0,0.3953,0.00016,-28.29,61.42
2026-09-08 10:22:00,75835.4,543.1,543.1,543.1,543.1,0,15.0,0.3962,0.00016,-28.31,61.46
2026-09-08 10:23:00,75829.52,549.6,549.6,549.6,549.6,20,13.19,0.3799,0.00018,-24.59,60.72
2026-09-08 10:24:00,75813.74,549.55,549.55,542.55,542.55,60,13.17,0.3769,0.00018,-24.49,60.56
2026-09-08 10:25:00,75785.21,540.0,540.0,538.0,538.0,620,13.27,0.3727,0.000178,-24.59,60.32
2026-09-08 10:26:00,75789.48,538.0,538.0,538.0,538.0,0,15.0,0.3888,0.00016,-28.15,61.1
2026-09-08 10:27:00,75803.63,542.0,550.35,542.0,550.35,80,13.36,0.3769,0.000178,-24.85,60.55
2026-09-08 10:28:00,75797.48,549.8,549.8,549.8,549.8,20,13.39,0.3761,0.000177,-24.89,60.5
2026-09-08 10:29:00,75796.21,542.1,542.1,540.1,540.1,80,13.24,0.3744,0.000179,-24.57,60.41
2026-09-08 10:30:00,75794.67,542.95,542.95,541.2,541.2,60,13.27,0.3744,0.000178,-24.62,60.41
2026-09-08 10:31:00,75795.77,540.1,540.1,538.75,538.75,80,13.22,0.3741,0.000179,-24.53,60.4
2026-09-08 10:32:00,75779.97,538.15,538.15,538.0,538.0,600,13.31,0.3721,0.000178,-24.65,60.28
2026-09-08 10:33:00,75781.16,538.75,538.75,538.75,538.75,20,13.31,0.3724,0.000178,-24.66,60.29
2026-09-08 10:34:00,75783.57,538.75,538.75,538.75,538.75,0,15.0,0.3878,0.00016,-28.13,61.04
2026-09-08 10:35:00,75769.46,536.1,536.1,534.1,535.0,80,13.32,0.3704,0.000177,-24.64,60.18
2026-09-08 10:36:00,75733.85,534.1,534.1,522.25,522.25,620,13.33,0.3642,0.000176,-24.5,59.81
2026-09-08 10:37:00,75736.4,522.25,522.25,522.25,522.25,0,15.0,0.3803,0.000159,-27.96,60.65
2026-09-08 10:38:00,75721.65,521.95,521.95,517.8,517.8,40,13.33,0.362,0.000176,-24.45,59.68
2026-09-08 10:39:00,75722.25,518.55,518.55,518.55,518.55,20,13.34,0.3622,0.000176,-24.47,59.69
2026-09-08 10:40:00,75722.19,518.15,518.15,516.1,516.1,40,13.3,0.3618,0.000176,-24.39,59.67
2026-09-08 10:41:00,75727.61,521.95,521.95,521.95,521.95,20,13.36,0.3634,0.000176,-24.55,59.76
2026-09-08 10:42:00,75728.72,522.0,522.0,522.0,522.0,60,13.36,0.3636,0.000176,-24.54,59.77
2026-09-08 10:43:00,75711.84,522.0,522.0,522.0,522.0,0,15.0,0.3764,0.000158,-27.86,60.43
2026-09-08 10:44:00,75719.72,516.7,519.9,516.7,519.9,40,13.38,0.3622,0.000175,-24.54,59.68
2026-09-08 10:45:00,75729.55,519.3,524.2,519.3,524.2,60,13.39,0.364,0.000175,-24.61,59.79
2026-09-08 10:46:00,75754.52,527.8,527.8,527.8,527.8,20,13.3,0.3675,0.000177,-24.53,60.0
2026-09-08 10:47:00,75766.05,527.8,527.8,527.8,527.8,0,15.0,0.385,0.000159,-28.07,60.88
2026-09-08 10:48:00,75768.29,538.55,538.55,534.3,535.0,100,13.33,0.3703,0.000177,-24.66,60.15
2026-09-08 10:49:00,75782.38,535.15,537.9,531.0,534.15,220,13.23,0.3718,0.000179,-24.51,60.24
2026-09-08 10:50:00,75802.72,540.0,542.25,540.0,542.25,60,13.24,0.3755,0.000179,-24.61,60.45
2026-09-08 10:51:00,75800.05,542.25,542.25,542.25,542.25,20,13.26,0.3752,0.000179,-24.63,60.43
2026-09-08 10:52:00,75790.95,542.55,543.8,542.55,543.8,40,13.34,0.3744,0.000178,-24.77,60.38
2026-09-08 10:53:00,75779.46,541.1,541.1,534.55,538.7,80,13.33,0.3722,0.000177,-24.7,60.26
2026-09-08 10:54:00,75754.04,538.55,538.55,533.25,533.25,60,13.39,0.3684,0.000176,-24.73,60.03
2026-09-08 10:55:00,75748.47,528.2,528.2,528.2,528.2,20,13.34,0.3669,0.000177,-24.6,59.95
2026-09-08 10:56:00,75726.0,527.65,527.65,527.65,527.65,20,13.47,0.3642,0.000174,-24.77,59.79
2026-09-08 10:57:00,75721.21,528.1,528.1,524.15,524.15,60,13.44,0.3631,0.000175,-24.69,59.72
2026-09-08 10:58:00,75712.44,525.0,525.0,522.1,522.1,120,13.46,0.3618,0.000174,-24.7,59.64
2026-09-08 10:59:00,75710.41,522.95,522.95,522.95,522.95,20,13.49,0.3617,0.000174,-24.74,59.63
2026-09-08 11:00:00,75711.12,522.15,522.15,512.95,512.95,220,13.32,0.36,0.000176,-24.39,59.53
2026-09-08 11:01:00,75702.67,515.0,515.25,515.0,515.25,40,13.41,0.3595,0.000175,-24.54,59.49
2026-09-08 11:02:00,75704.99,515.25,515.25,515.25,515.25,0,15.0,0.3753,0.000158,-27.85,60.34
2026-09-08 11:03:00,75704.21,520.1,520.1,518.1,518.8,100,13.46,0.3603,0.000174,-24.65,59.54
2026-09-08 11:04:00,75688.19,520.1,520.1,520.1,520.1,60,13.58,0.3588,0.000172,-24.83,59.44
2026-09-08 11:05:00,75698.94,516.85,516.85,516.85,516.85,80,13.46,0.3593,0.000174,-24.63,59.48
2026-09-08 11:06:00,75703.49,521.55,521.95,521.55,521.95,40,13.51,0.3608,0.000173,-24.77,59.56
2026-09-08 11:07:00,75709.06,521.95,521.95,521.95,521.95,0,15.0,0.3759,0.000158,-27.87,60.37
2026-09-08 11:08:00,75716.27,521.95,521.95,521.95,521.95,0,15.0,0.3771,0.000159,-27.9,60.43
2026-09-08 11:09:00,75723.42,521.95,521.95,521.95,521.95,0,15.0,0.3782,0.000159,-27.92,60.49
2026-09-08 11:10:00,75719.22,523.95,523.95,523.95,523.95,20,13.45,0.3628,0.000175,-24.72,59.69
2026-09-08 11:11:00,75718.37,523.95,523.95,519.9,519.9,40,13.39,0.362,0.000175,-24.58,59.64
2026-09-08 11:12:00,75713.92,526.0,526.0,526.0,526.0,60,13.52,0.3626,0.000174,-24.84,59.67
2026-09-08 11:13:00,75723.58,527.85,527.85,527.85,527.85,580,13.49,0.364,0.000174,-24.82,59.75
2026-09-08 11:14:00,75723.83,527.85,527.85,527.85,527.85,40,13.49,0.364,0.000174,-24.82,59.75
2026-09-08 11:15:00,75722.65,527.85,527.85,527.85,527.85,0,15.0,0.378,0.000159,-27.92,60.48
2026-09-08 11:16:00,75731.87,527.85,527.85,527.85,527.85,0,15.0,0.3795,0.000159,-27.96,60.55
2026-09-08 11:17:00,75735.03,527.85,527.85,527.85,527.85,0,15.0,0.38,0.000159,-27.97,60.58
2026-09-08 11:18:00,75736.51,527.85,527.85,527.85,527.85,0,15.0,0.3802,0.000159,-27.98,60.59
2026-09-08 11:19:00,75744.72,532.55,532.55,532.55,532.55,40,13.45,0.3672,0.000175,-24.81,59.93
2026-09-08 11:20:00,75739.53,532.55,532.55,532.55,532.55,0,15.0,0.3807,0.000159,-27.99,60.61
2026-09-08 11:21:00,75734.9,527.45,527.45,527.45,527.45,20,13.42,0.3652,0.000175,-24.72,59.81
2026-09-08 11:22:00,75722.09,525.5,525.5,525.5,525.5,20,13.47,0.3634,0.000175,-24.76,59.71
2026-09-08 11:23:00,75727.88,525.5,525.5,525.5,525.5,0,15.0,0.3789,0.000159,-27.95,60.51
2026-09-08 11:24:00,75708.86,525.5,525.5,525.5,525.5,0,15.0,0.3758,0.000158,-27.87,60.34
2026-09-08 11:25:00,75737.27,521.35,528.75,521.35,528.75,80,13.43,0.3657,0.000175,-24.75,59.84
2026-09-08 11:26:00,75740.99,528.75,528.75,528.75,528.75,0,15.0,0.3809,0.000159,-28.0,60.62
2026-09-08 11:27:00,75735.07,528.75,528.75,528.75,528.75,0,15.0,0.38,0.000159,-27.98,60.57
2026-09-08 11:28:00,75716.62,530.7,530.7,530.7,530.7,40,13.59,0.3637,0.000173,-24.99,59.71
2026-09-08 11:29:00,75702.16,530.7,530.7,530.7,530.7,0,15.0,0.3748,0.000158,-27.85,60.28
2026-09-08 11:30:00,75692.28,524.5,525.9,524.5,525.9,80,13.66,0.3602,0.000172,-25.03,59.49
2026-09-08 11:31:00,75698.03,519.9,520.15,519.1,519.1,60,13.51,0.3596,0.000173,-24.75,59.46
2026-09-08 11:32:00,75698.41,519.15,520.1,519.15,520.1,60,13.52,0.3599,0.000173,-24.78,59.47
2026-09-08 11:33:00,75686.58,519.1,519.1,515.15,516.25,160,13.53,0.3579,0.000173,-24.74,59.35
2026-09-08 11:34:00,75672.62,516.1,516.1,513.7,513.7,80,13.57,0.3559,0.000172,-24.77,59.23
2026-09-08 11:35:00,75687.15,518.1,520.1,518.1,520.1,40,13.59,0.3586,0.000172,-24.87,59.39
2026-09-08 11:36:00,75689.94,519.1,519.1,518.7,518.7,40,13.55,0.3587,0.000173,-24.8,59.4
2026-09-08 11:37:00,75689.15,521.1,521.1,520.1,520.1,40,13.58,0.3589,0.000172,-24.86,59.4
2026-09-08 11:38:00,75698.63,519.1,519.1,519.1,519.1,20,13.51,0.3597,0.000174,-24.75,59.46
2026-09-08 11:39:00,75693.46,519.1,519.1,519.1,519.1,0,15.0,0.3734,0.000158,-27.82,60.19
2026-09-08 11:40:00,75714.91,520.1,524.1,518.1,524.1,60,13.49,0.3624,0.000174,-24.79,59.62
2026-09-08 11:41:00,75716.87,522.1,522.1,522.1,522.1,20,13.45,0.3623,0.000175,-24.71,59.61
2026-09-08 11:42:00,75700.93,520.1,520.1,520.1,520.1,20,13.51,0.3601,0.000174,-24.77,59.48
2026-09-08 11:43:00,75699.41,520.1,520.1,520.1,520.1,40,13.52,0.36,0.000173,-24.78,59.47
2026-09-08 11:44:00,75701.45,520.1,520.1,520.1,520.1,0,15.0,0.3746,0.000158,-27.86,60.25
2026-09-08 11:45:00,75707.54,516.1,516.65,516.1,516.65,60,13.41,0.3603,0.000175,-24.6,59.49
2026-09-08 11:46:00,75699.03,520.0,520.0,520.0,520.0,20,13.52,0.3599,0.000173,-24.78,59.46
2026-09-08 11:47:00,75702.34,520.0,520.0,520.0,520.0,0,15.0,0.3747,0.000158,-27.86,60.25
2026-09-08 11:48:00,75706.51,517.25,517.25,517.25,517.25,20,13.43,0.3602,0.000175,-24.63,59.48
2026-09-08 11:49:00,75680.48,515.25,515.25,511.25,513.25,100,13.52,0.3567,0.000173,-24.7,59.26
2026-09-08 11:50:00,75664.99,501.05,501.05,498.3,500.1,160,13.39,0.3526,0.000174,-24.36,59.0
2026-09-08 11:51:00,75678.7,500.1,500.1,500.1,500.1,0,15.0,0.371,0.000158,-27.77,60.04
2026-09-08 11:52:00,75680.01,506.1,506.1,506.1,506.1,20,13.4,0.3553,0.000174,-24.46,59.17
2026-09-08 11:53:00,75687.31,508.05,508.05,508.05,508.05,20,13.39,0.3565,0.000175,-24.47,59.24
2026-09-08 11:54:00,75689.87,508.05,508.05,508.05,508.05,0,15.0,0.3727,0.000158,-27.81,60.13
2026-09-08 11:55:00,75691.06,508.05,508.05,508.05,508.05,0,15.0,0.3729,0.000158,-27.82,60.14
2026-09-08 11:56:00,75671.29,508.05,508.05,508.05,508.05,0,15.0,0.3698,0.000158,-27.74,59.97
2026-09-08 11:57:00,75667.1,508.05,508.05,508.05,508.05,0,15.0,0.3691,0.000158,-27.72,59.93
2026-09-08 11:58:00,75663.71,508.05,508.05,508.05,508.05,0,15.0,0.3686,0.000158,-27.71,59.89
2026-09-08 11:59:00,75651.33,505.25,505.25,505.25,505.25,20,13.56,0.3521,0.000172,-24.66,58.95
2026-09-08 12:00:00,75637.04,492.65,492.65,492.65,492.65,400,13.43,0.3482,0.000173,-24.33,58.7
2026-09-08 12:01:00,75636.9,492.65,492.65,492.65,492.65,0,15.0,0.3644,0.000157,-27.6,59.64
2026-09-08 12:02:00,75644.35,492.65,492.65,492.65,492.65,0,15.0,0.3655,0.000157,-27.63,59.71
2026-09-08 12:03:00,75640.56,498.9,498.9,498.9,498.9,60,13.52,0.3497,0.000172,-24.52,58.8
2026-09-08 12:04:00,75629.36,497.85,497.85,497.85,497.85,20,13.57,0.3484,0.000171,-24.58,58.7
2026-09-08 12:05:00,75617.52,487.55,492.75,487.55,492.75,220,13.55,0.3462,0.000171,-24.48,58.55
2026-09-08 12:06:00,75618.79,490.05,490.15,490.05,490.15,40,13.5,0.3458,0.000171,-24.38,58.53
2026-09-08 12:07:00,75626.13,490.2,493.5,490.2,493.5,60,13.51,0.3472,0.000172,-24.45,58.62
2026-09-08 12:08:00,75603.08,492.4,492.4,487.0,487.15,120,13.55,0.3436,0.000171,-24.41,58.38
2026-09-08 12:09:00,75609.26,487.15,489.6,486.65,489.6,160,13.55,0.3447,0.000171,-24.45,58.45
2026-09-08 12:10:00,75629.49,495.0,502.1,495.0,501.85,60,13.64,0.3492,0.00017,-24.72,58.74
2026-09-08 12:11:00,75624.89,501.4,501.4,501.4,501.4,40,13.66,0.3486,0.00017,-24.74,58.7
2026-09-08 12:12:00,75637.34,500.0,500.0,500.0,500.0,40,13.56,0.3496,0.000171,-24.6,58.77
2026-09-08 12:13:00,75631.65,500.0,500.0,500.0,500.0,0,15.0,0.3635,0.000157,-27.58,59.57
2026-09-08 12:14:00,75639.53,500.0,500.0,500.0,500.0,0,15.0,0.3647,0.000157,-27.62,59.65
2026-09-08 12:15:00,75621.37,501.5,501.5,501.5,501.5,40,13.68,0.3482,0.00017,-24.78,58.67
2026-09-08 12:16:00,75637.07,501.5,501.5,501.5,501.5,0,15.0,0.3644,0.000157,-27.61,59.62
2026-09-08 12:17:00,75644.02,501.5,501.5,501.5,501.5,0,15.0,0.3654,0.000157,-27.64,59.68
2026-09-08 12:18:00,75639.11,501.5,501.5,501.5,501.5,0,15.0,0.3647,0.000157,-27.62,59.64
2026-09-08 12:19:00,75639.86,501.5,501.5,501.5,501.5,0,15.0,0.3648,0.000157,-27.62,59.64
2026-09-08 12:20:00,75633.0,501.5,501.5,501.5,501.5,0,15.0,0.3637,0.000157,-27.59,59.58
2026-09-08 12:21:00,75636.32,501.5,501.5,501.5,501.5,0,15.0,0.3642,0.000157,-27.6,59.61
2026-09-08 12:22:00,75649.98,501.5,501.5,501.5,501.5,0,15.0,0.3664,0.000157,-27.66,59.73
2026-09-08 12:23:00,75661.05,504.2,504.2,504.2,504.2,20,13.49,0.3529,0.000173,-24.57,58.98
2026-09-08 12:24:00,75665.85,504.2,504.2,504.2,504.2,0,15.0,0.3689,0.000158,-27.73,59.88
2026-09-08 12:25:00,75665.17,510.0,515.35,510.0,515.35,60,13.66,0.3554,0.000171,-24.94,59.13
2026-09-08 12:26:00,75665.51,510.8,511.65,510.8,511.25,80,13.59,0.3547,0.000172,-24.79,59.08
2026-09-08 12:27:00,75654.03,509.85,510.0,509.85,510.0,40,13.63,0.3533,0.000171,-24.84,58.99
2026-09-08 12:28:00,75656.75,510.0,510.0,510.0,510.0,0,15.0,0.3674,0.000158,-27.7,59.79
2026-09-08 12:29:00,75668.72,510.0,510.0,510.0,510.0,0,15.0,0.3693,0.000158,-27.75,59.89
2026-09-08 12:30:00,75678.71,510.0,510.0,510.0,510.0,0,15.0,0.3709,0.000158,-27.79,59.98
2026-09-08 12:31:00,75677.51,510.0,510.0,510.0,510.0,0,15.0,0.3707,0.000158,-27.78,59.97
2026-09-08 12:32:00,75687.59,510.0,510.0,510.0,510.0,0,15.0,0.3723,0.000158,-27.83,60.06
2026-09-08 12:33:00,75683.62,510.0,510.0,510.0,510.0,0,15.0,0.3716,0.000158,-27.81,60.02
2026-09-08 12:34:00,75693.08,510.0,510.0,510.0,510.0,0,15.0,0.3731,0.000158,-27.85,60.11
2026-09-08 12:35:00,75700.73,513.4,518.5,513.4,518.5,40,13.5,0.3598,0.000174,-24.77,59.39
2026-09-08 12:36:00,75710.82,519.9,520.0,519.9,520.0,40,13.46,0.3612,0.000174,-24.74,59.48
2026-09-08 12:37:00,75716.24,520.0,520.0,520.0,520.0,0,15.0,0.3768,0.000159,-27.94,60.3
2026-09-08 12:38:00,75713.87,522.35,522.35,522.35,522.35,20,13.49,0.362,0.000174,-24.8,59.52
2026-09-08 12:39:00,75694.8,518.0,518.0,513.3,513.3,100,13.45,0.3583,0.000174,-24.64,59.29
2026-09-08 12:40:00,75679.04,513.3,513.3,513.3,513.3,0,15.0,0.3709,0.000158,-27.79,59.97
2026-09-08 12:41:00,75701.64,508.25,508.25,508.25,508.25,20,13.32,0.3581,0.000176,-24.41,59.29
2026-09-08 12:42:00,75691.92,508.25,508.25,508.25,508.25,0,15.0,0.3729,0.000158,-27.85,60.08
2026-09-08 12:43:00,75672.74,508.25,508.25,508.25,508.25,0,15.0,0.3699,0.000158,-27.77,59.91
2026-09-08 12:44:00,75669.25,508.25,508.25,508.25,508.25,0,15.0,0.3693,0.000158,-27.76,59.88
2026-09-08 12:45:00,75654.76,499.85,499.85,496.8,496.8,100,13.41,0.3508,0.000174,-24.38,58.82
2026-09-08 12:46:00,75659.88,496.8,496.8,496.8,496.8,0,15.0,0.3679,0.000158,-27.72,59.79
2026-09-08 12:47:00,75652.31,496.8,496.8,496.8,496.8,0,15.0,0.3667,0.000158,-27.69,59.72
2026-09-08 12:48:00,75637.53,496.8,496.8,496.8,496.8,0,15.0,0.3643,0.000157,-27.62,59.58
2026-09-08 12:49:00,75653.09,497.2,498.4,497.2,498.4,40,13.45,0.351,0.000173,-24.46,58.82
2026-09-08 12:50:00,75656.63,498.4,498.4,498.4,498.4,0,15.0,0.3673,0.000158,-27.71,59.75
2026-09-08 12:51:00,75649.97,498.4,498.4,498.4,498.4,0,15.0,0.3663,0.000158,-27.68,59.69
2026-09-08 12:52:00,75640.88,498.4,498.4,498.4,498.4,0,15.0,0.3648,0.000157,-27.64,59.6
2026-09-08 12:53:00,75645.03,498.4,498.4,498.4,498.4,0,15.0,0.3655,0.000157,-27.66,59.64
2026-09-08 12:54:00,75647.79,498.4,498.4,498.4,498.4,0,15.0,0.3659,0.000158,-27.67,59.67
2026-09-08 12:55:00,75660.7,498.4,498.4,498.4,498.4,0,15.0,0.368,0.000158,-27.73,59.78
2026-09-08 12:56:00,75658.96,498.4,498.4,498.4,498.4,0,15.0,0.3677,0.000158,-27.72,59.77
2026-09-08 12:57:00,75664.02,498.4,498.4,498.4,498.4,0,15.0,0.3685,0.000158,-27.74,59.81
2026-09-08 12:58:00,75661.47,500.45,500.45,500.45,500.45,20,13.44,0.3523,0.000174,-24.47,58.89
2026-09-08 12:59:00,75654.08,500.45,500.45,500.45,500.45,0,15.0,0.3669,0.000158,-27.7,59.72
2026-09-08 13:00:00,75639.94,500.45,500.45,500.45,500.45,0,15.0,0.3647,0.000157,-27.64,59.58
2026-09-08 13:01:00,75647.44,500.45,500.45,500.45,500.45,0,15.0,0.3659,0.000158,-27.67,59.65
2026-09-08 13:02:00,75659.1,500.45,500.45,500.45,500.45,0,15.0,0.3677,0.000158,-27.72,59.76
2026-09-08 13:03:00,75645.81,500.45,500.45,500.45,500.45,0,15.0,0.3656,0.000157,-27.67,59.63
2026-09-08 13:04:00,75632.33,500.45,500.45,500.45,500.45,0,15.0,0.3635,0.000157,-27.61,59.51
2026-09-08 13:05:00,75629.31,496.35,496.35,496.35,496.35,20,13.56,0.3481,0.000171,-24.59,58.61
2026-09-08 13:06:00,75636.51,496.35,496.35,496.35,496.35,0,15.0,0.3641,0.000157,-27.63,59.54
2026-09-08 13:07:00,75640.35,500.4,500.4,500.4,500.4,40,13.56,0.35,0.000172,-24.65,58.73
2026-09-08 13:08:00,75639.07,500.45,500.45,500.45,500.45,200,13.57,0.3499,0.000171,-24.66,58.72
2026-09-08 13:09:00,75643.44,499.3,499.3,499.3,499.3,20,13.53,0.3501,0.000172,-24.59,58.74
2026-09-08 13:10:00,75643.59,499.3,499.3,499.3,499.3,0,15.0,0.3652,0.000157,-27.66,59.6
2026-09-08 13:11:00,75642.21,501.0,501.0,501.0,501.0,20,13.56,0.3503,0.000172,-24.66,58.75
2026-09-08 13:12:00,75640.98,501.0,501.0,501.0,501.0,0,15.0,0.3648,0.000157,-27.65,59.58
2026-09-08 13:13:00,75636.81,501.0,501.0,501.0,501.0,0,15.0,0.3641,0.000157,-27.63,59.54
2026-09-08 13:14:00,75667.62,501.0,501.0,501.0,501.0,0,15.0,0.369,0.000158,-27.77,59.82
2026-09-08 13:15:00,75657.91,501.0,501.0,501.0,501.0,0,15.0,0.3675,0.000158,-27.73,59.73
2026-09-08 13:16:00,75659.78,511.0,511.0,511.0,511.0,100,13.63,0.3541,0.000171,-24.88,58.98
2026-09-08 13:17:00,75650.61,503.0,503.5,503.0,503.45,80,13.56,0.3517,0.000172,-24.69,58.83
2026-09-08 13:18:00,75642.58,499.95,502.0,499.95,502.0,60,13.58,0.3506,0.000171,-24.7,58.75
2026-09-08 13:19:00,75641.16,500.15,501.9,500.15,501.9,40,13.59,0.3504,0.000171,-24.71,58.74
2026-09-08 13:20:00,75642.46,499.25,499.95,499.25,499.95,60,13.55,0.3502,0.000172,-24.63,58.72
2026-09-08 13:21:00,75654.32,499.05,500.75,499.05,500.75,40,13.49,0.3516,0.000173,-24.57,58.82
2026-09-08 13:22:00,75639.78,501.05,503.5,499.1,499.1,120,13.55,0.3497,0.000172,-24.62,58.69
2026-09-08 13:23:00,75641.71,498.9,499.7,498.9,499.7,40,13.55,0.35,0.000172,-24.63,58.71
2026-09-08 13:24:00,75634.68,500.0,500.0,500.0,500.0,40,13.6,0.3493,0.000171,-24.7,58.66
2026-09-08 13:25:00,75612.37,495.15,495.15,495.15,495.15,20,13.65,0.3461,0.00017,-24.7,58.44
2026-09-08 13:26:00,75629.46,494.9,496.85,494.9,495.65,80,13.55,0.348,0.000171,-24.58,58.57
2026-09-08 13:27:00,75624.13,490.45,496.3,490.45,496.3,40,13.6,0.3475,0.000171,-24.65,58.54
2026-09-08 13:28:00,75627.16,496.45,497.7,493.0,495.9,180,13.57,0.3478,0.000171,-24.61,58.56
2026-09-08 13:29:00,75618.1,498.2,498.2,496.0,496.0,40,13.63,0.3469,0.00017,-24.69,58.49
2026-09-08 13:30:00,75624.47,494.1,497.35,494.1,497.35,80,13.61,0.3478,0.000171,-24.69,58.55
2026-09-08 13:31:00,75625.07,497.15,497.15,495.95,495.95,40,13.59,0.3476,0.000171,-24.63,58.54
2026-09-08 13:32:00,75624.14,488.95,491.0,487.3,487.3,80,13.44,0.3458,0.000172,-24.33,58.42
2026-09-08 13:33:00,75608.23,484.5,487.75,484.5,487.75,80,13.55,0.3443,0.000171,-24.48,58.32
2026-09-08 13:34:00,75610.99,486.75,490.6,486.75,488.05,120,13.54,0.3446,0.000171,-24.47,58.34
2026-09-08 13:35:00,75626.92,490.55,493.55,490.55,493.55,40,13.53,0.3473,0.000172,-24.54,58.52
2026-09-08 13:36:00,75624.27,493.55,493.55,493.55,493.55,0,15.0,0.3621,0.000157,-27.59,59.38
2026-09-08 13:37:00,75633.69,498.8,498.8,494.05,496.5,140,13.55,0.3486,0.000172,-24.59,58.6
2026-09-08 13:38:00,75618.9,493.45,493.45,491.5,491.5,120,13.55,0.3461,0.000171,-24.53,58.43
2026-09-08 13:39:00,75617.41,487.65,488.25,487.65,488.25,60,13.5,0.3453,0.000172,-24.42,58.38
2026-09-08 13:40:00,75619.02,488.8,489.65,488.8,489.65,60,13.52,0.3457,0.000172,-24.46,58.41
2026-09-08 13:41:00,75604.68,488.25,488.25,488.25,488.25,20,13.58,0.344,0.00017,-24.53,58.29
2026-09-08 13:42:00,75618.11,488.8,488.8,488.8,488.8,20,13.51,0.3454,0.000172,-24.44,58.39
2026-09-08 13:43:00,75609.26,488.8,488.8,488.8,488.8,0,15.0,0.3597,0.000157,-27.53,59.23
2026-09-08 13:44:00,75602.02,488.0,488.0,482.5,482.55,140,13.5,0.3426,0.000171,-24.35,58.19
2026-09-08 13:45:00,75601.48,482.55,483.25,479.6,481.8,160,13.49,0.3424,0.000171,-24.33,58.18
2026-09-08 13:46:00,75609.1,482.1,487.0,481.7,487.0,200,13.54,0.3442,0.000171,-24.46,58.3
2026-09-08 13:47:00,75615.76,483.9,484.25,483.85,484.25,120,13.45,0.3444,0.000172,-24.31,58.31
2026-09-08 13:48:00,75611.76,484.25,484.25,484.25,484.25,0,15.0,0.3601,0.000157,-27.54,59.25
2026-09-08 13:49:00,75598.06,483.05,483.05,483.05,483.05,20,13.53,0.3423,0.000171,-24.4,58.16
2026-09-08 13:50:00,75594.93,478.55,478.55,474.8,474.8,60,13.41,0.3403,0.000172,-24.13,58.03
2026-09-08 13:51:00,75555.44,474.5,474.5,460.6,460.6,600,13.39,0.3333,0.000171,-23.89,57.53
2026-09-08 13:52:00,75564.85,468.0,468.0,465.8,466.3,120,13.44,0.3354,0.000171,-24.03,57.69
2026-09-08 13:53:00,75584.63,468.15,470.65,468.15,470.0,620,13.39,0.3383,0.000172,-24.03,57.89
2026-09-08 13:54:00,75574.41,471.45,471.45,466.15,470.95,280,13.46,0.3374,0.000171,-24.13,57.82
2026-09-08 13:55:00,75582.58,470.55,477.3,470.55,477.3,60,13.53,0.3396,0.00017,-24.32,57.97
2026-09-08 13:56:00,75580.95,473.2,475.8,471.65,475.8,80,13.51,0.3391,0.000171,-24.27,57.93
2026-09-08 13:57:00,75585.0,472.4,473.0,472.4,473.0,80,13.44,0.3389,0.000171,-24.14,57.92
2026-09-08 13:58:00,75583.88,473.0,473.0,473.0,473.0,0,15.0,0.3557,0.000156,-27.42,58.96
2026-09-08 13:59:00,75589.01,472.6,474.3,472.6,474.3,180,13.44,0.3396,0.000172,-24.16,57.97
2026-09-08 14:00:00,75594.4,474.3,474.3,474.3,474.3,0,15.0,0.3573,0.000157,-27.47,59.06
2026-09-08 14:01:00,75598.37,477.45,477.45,477.45,477.45,20,13.44,0.3412,0.000172,-24.21,58.08
2026-09-08 14:02:00,75594.87,477.45,477.45,477.45,477.45,0,15.0,0.3574,0.000157,-27.48,59.06
2026-09-08 14:03:00,75612.21,477.0,482.55,477.0,482.55,280,13.45,0.3436,0.000172,-24.29,58.24
2026-09-08 14:04:00,75621.17,479.55,482.25,479.55,481.4,100,13.37,0.3443,0.000173,-24.18,58.29
2026-09-08 14:05:00,75646.25,486.6,487.55,482.45,482.45,180,13.24,0.3471,0.000175,-24.02,58.49
2026-09-08 14:06:00,75629.99,486.85,486.85,486.75,486.85,80,13.41,0.3463,0.000173,-24.3,58.42
2026-09-08 14:07:00,75615.24,480.65,483.75,480.65,480.9,140,13.4,0.3436,0.000173,-24.21,58.24
2026-09-08 14:08:00,75623.52,480.9,480.9,480.9,480.9,0,15.0,0.3619,0.000157,-27.61,59.33
2026-09-08 14:09:00,75632.04,480.0,480.0,480.0,480.0,40,13.28,0.3451,0.000175,-24.04,58.35
2026-09-08 14:10:00,75631.85,480.0,480.0,480.0,480.0,0,15.0,0.3632,0.000157,-27.64,59.41
2026-09-08 14:11:00,75635.35,483.6,485.0,483.6,485.0,440,13.35,0.3465,0.000174,-24.2,58.43
2026-09-08 14:12:00,75639.42,485.3,485.3,485.3,485.3,20,13.33,0.347,0.000174,-24.18,58.46
2026-09-08 14:13:00,75653.27,485.3,487.35,484.85,487.35,100,13.28,0.3489,0.000175,-24.15,58.59
2026-09-08 14:14:00,75638.77,483.75,483.75,478.5,478.5,40,13.22,0.3456,0.000175,-23.94,58.37
2026-09-08 14:15:00,75636.42,478.5,483.65,478.5,483.65,40,13.32,0.3463,0.000174,-24.15,58.42
2026-09-08 14:16:00,75649.63,489.4,492.8,489.4,492.8,160,13.4,0.3495,0.000174,-24.38,58.62
2026-09-08 14:17:00,75657.48,490.1,490.1,490.1,490.1,20,13.31,0.3498,0.000175,-24.22,58.65
2026-09-08 14:18:00,75651.96,488.4,490.0,485.0,486.0,260,13.27,0.3485,0.000175,-24.12,58.55
2026-09-08 14:19:00,75644.9,479.55,484.0,478.4,484.0,180,13.28,0.3473,0.000175,-24.1,58.48
2026-09-08 14:20:00,75649.44,485.7,485.7,485.7,485.7,20,13.28,0.3481,0.000175,-24.13,58.53
2026-09-08 14:21:00,75641.28,483.1,483.1,480.1,480.1,160,13.23,0.3461,0.000175,-23.99,58.4
2026-09-08 14:22:00,75639.39,482.35,482.35,482.1,482.1,40,13.28,0.3463,0.000175,-24.08,58.41
2026-09-08 14:23:00,75640.13,481.1,481.1,476.1,476.1,200,13.17,0.3452,0.000176,-23.85,58.34
2026-09-08 14:24:00,75632.97,475.1,475.1,475.0,475.0,140,13.19,0.3442,0.000176,-23.87,58.27
2026-09-08 14:25:00,75625.51,472.2,472.2,472.2,472.2,40,13.2,0.3429,0.000175,-23.84,58.18
2026-09-08 14:26:00,75624.92,469.05,474.0,469.05,474.0,60,13.23,0.3432,0.000175,-23.91,58.2
2026-09-08 14:27:00,75633.52,474.0,474.0,474.0,474.0,0,15.0,0.3634,0.000157,-27.66,59.4
2026-09-08 14:28:00,75641.57,477.3,479.95,477.3,479.95,60,13.23,0.3461,0.000175,-23.99,58.39
2026-09-08 14:29:00,75641.85,481.35,484.0,481.35,484.0,60,13.3,0.347,0.000175,-24.13,58.44
2026-09-08 14:30:00,75633.65,474.05,474.05,474.05,474.05,20,13.18,0.3442,0.000176,-23.85,58.26
2026-09-08 14:31:00,75630.39,476.0,476.0,476.0,476.0,20,13.23,0.3442,0.000175,-23.94,58.26
2026-09-08 14:32:00,75643.88,480.0,480.0,480.0,480.0,20,13.22,0.3464,0.000176,-23.98,58.4
2026-09-08 14:33:00,75640.64,480.8,480.8,480.8,480.8,20,13.25,0.3462,0.000175,-24.03,58.39
2026-09-08 14:34:00,75644.52,481.3,481.3,481.3,481.3,20,13.24,0.3467,0.000176,-24.02,58.42
2026-09-08 14:35:00,75650.8,481.3,481.3,481.3,481.3,0,15.0,0.3661,0.000158,-27.74,59.55
2026-09-08 14:36:00,75642.99,481.3,481.3,481.3,481.3,0,15.0,0.3649,0.000158,-27.71,59.47
2026-09-08 14:37:00,75642.7,481.3,481.3,481.3,481.3,0,15.0,0.3648,0.000158,-27.7,59.47
2026-09-08 14:38:00,75624.98,482.25,482.25,474.0,474.0,60,13.23,0.3432,0.000175,-23.92,58.18
2026-09-08 14:39:00,75622.89,474.0,474.0,474.0,474.0,0,15.0,0.3617,0.000157,-27.62,59.28
2026-09-08 14:40:00,75620.15,474.0,474.0,474.0,474.0,0,15.0,0.3613,0.000157,-27.61,59.25
2026-09-08 14:41:00,75631.69,474.0,474.0,474.0,474.0,0,15.0,0.3631,0.000157,-27.66,59.36
2026-09-08 14:42:00,75631.53,483.2,483.2,480.85,480.95,160,13.31,0.3453,0.000174,-24.12,58.31
2026-09-08 14:43:00,75626.35,481.15,482.7,479.3,482.7,120,13.37,0.3451,0.000174,-24.22,58.29
2026-09-08 14:44:00,75621.97,482.7,482.7,482.7,482.7,0,15.0,0.3615,0.000157,-27.62,59.26
2026-09-08 14:45:00,75631.86,479.55,479.55,479.5,479.5,40,13.28,0.345,0.000175,-24.06,58.29
2026-09-08 14:46:00,75616.3,479.15,479.15,472.75,472.75,60,13.27,0.3421,0.000174,-23.95,58.09
2026-09-08 14:47:00,75607.38,473.25,473.25,470.0,470.0,420,13.27,0.3406,0.000174,-23.92,57.99
2026-09-08 14:48:00,75608.74,470.0,470.0,470.0,470.0,0,15.0,0.3594,0.000157,-27.56,59.13
2026-09-08 14:49:00,75598.4,470.55,470.55,470.55,470.55,40,13.33,0.3398,0.000173,-24.01,57.93
2026-09-08 14:50:00,75595.13,470.75,470.75,470.75,470.75,20,13.36,0.3395,0.000173,-24.04,57.9
2026-09-08 14:51:00,75598.69,471.4,471.4,471.4,471.4,40,13.35,0.34,0.000173,-24.04,57.94
2026-09-08 14:52:00,75594.29,471.4,471.4,471.4,471.4,0,15.0,0.3572,0.000157,-27.5,58.98
2026-09-08 14:53:00,75583.58,471.4,471.4,471.4,471.4,0,15.0,0.3555,0.000156,-27.45,58.88
2026-09-08 14:54:00,75600.98,471.4,471.4,471.4,471.4,0,15.0,0.3582,0.000157,-27.53,59.05
2026-09-08 14:55:00,75594.94,471.4,471.4,471.4,471.4,0,15.0,0.3573,0.000157,-27.5,58.99
2026-09-08 14:56:00,75590.06,470.95,470.95,470.45,470.45,80,13.38,0.3389,0.000172,-24.07,57.85
2026-09-08 14:57:00,75606.37,465.35,472.55,465.35,472.55,100,13.32,0.341,0.000173,-24.03,58.0
2026-09-08 14:58:00,75609.56,472.55,472.55,472.55,472.55,0,15.0,0.3595,0.000157,-27.57,59.12
2026-09-08 14:59:00,75606.08,473.1,473.1,473.1,473.1,20,13.34,0.3411,0.000173,-24.05,58.0
2026-09-08 15:00:00,75598.01,469.05,470.0,469.05,470.0,260,13.33,0.3396,0.000173,-24.0,57.9
2026-09-08 15:01:00,75604.9,470.65,470.65,470.65,470.65,40,13.3,0.3405,0.000174,-23.97,57.96
2026-09-08 15:02:00,75596.71,475.0,475.0,475.0,475.0,40,13.42,0.3405,0.000172,-24.2,57.96
2026-09-08 15:03:00,75590.36,473.3,473.3,473.3,473.3,40,13.43,0.3395,0.000172,-24.18,57.89
2026-09-08 15:04:00,75586.47,473.3,473.3,473.3,473.3,0,15.0,0.3559,0.000157,-27.47,58.89
2026-09-08 15:05:00,75581.87,473.3,473.3,473.3,473.3,0,15.0,0.3552,0.000156,-27.45,58.84
2026-09-08 15:06:00,75593.4,471.0,471.0,471.0,471.0,100,13.38,0.3394,0.000173,-24.08,57.87
2026-09-08 15:07:00,75591.06,471.0,471.0,470.0,470.0,200,13.37,0.3389,0.000173,-24.06,57.84
2026-09-08 15:08:00,75594.24,470.0,470.0,466.45,466.45,420,13.29,0.3385,0.000173,-23.91,57.82
2026-09-08 15:09:00,75605.93,466.45,466.45,466.45,466.45,0,15.0,0.3589,0.000157,-27.56,59.07
2026-09-08 15:10:00,75634.8,486.0,486.0,486.0,486.0,220,13.39,0.3466,0.000174,-24.3,58.36
2026-09-08 15:11:00,75643.56,476.5,480.7,476.5,478.85,460,13.21,0.3461,0.000176,-23.98,58.34
2026-09-08 15:12:00,75644.56,478.85,482.8,476.05,476.05,280,13.16,0.3457,0.000177,-23.87,58.31
2026-09-08 15:13:00,75612.0,474.1,474.1,460.0,462.9,260,13.13,0.3396,0.000176,-23.65,57.89
2026-09-08 15:14:00,75593.9,455.75,460.5,450.25,460.5,120,13.19,0.3371,0.000175,-23.69,57.72
2026-09-08 15:15:00,75594.73,460.35,460.35,442.3,442.5,880,12.87,0.3333,0.000178,-23.02,57.46
2026-09-08 15:16:00,75594.73,440.5,453.55,440.5,452.6,320,13.05,0.3355,0.000176,-23.39,57.61
2026-09-08 15:17:00,75594.73,453.2,455.45,452.15,453.25,120,13.06,0.3357,0.000176,-23.42,57.62
2026-09-08 15:18:00,75594.73,456.75,456.75,456.75,456.75,20,13.12,0.3364,0.000175,-23.55,57.67
2026-09-08 15:19:00,75594.73,455.65,456.9,454.05,454.05,100,13.07,0.3358,0.000176,-23.45,57.63
2026-09-08 15:20:00,75594.73,456.95,456.95,439.9,448.1,480,12.97,0.3345,0.000177,-23.23,57.54
2026-09-08 15:21:00,75594.73,441.3,445.15,439.9,439.9,100,12.83,0.3327,0.000179,-22.93,57.41
2026-09-08 15:22:00,75594.73,444.15,444.15,444.15,444.15,20,12.9,0.3337,0.000178,-23.09,57.48
2026-09-08 15:23:00,75594.73,444.15,444.15,444.15,444.15,0,15.0,0.3571,0.000157,-27.52,58.94
2026-09-08 15:24:00,75594.73,447.3,447.3,447.3,447.3,20,12.96,0.3344,0.000177,-23.2,57.52
2026-09-08 15:25:00,75594.73,448.6,448.6,448.6,448.6,20,12.98,0.3347,0.000177,-23.25,57.54
2026-09-08 15:26:00,75594.73,455.75,465.25,452.15,452.15,340,13.04,0.3354,0.000176,-23.39,57.59
2026-09-08 15:27:00,75594.73,453.5,453.5,453.5,453.5,20,13.07,0.3357,0.000176,-23.44,57.61
2026-09-08 15:28:00,75577.58,450.45,454.95,449.85,450.85,260,13.12,0.3334,0.000175,-23.47,57.44
2026-09-08 15:29:00,75577.58,446.2,447.65,441.1,441.1,240,12.95,0.3312,0.000177,-23.11,57.29
