datetime,symbol,strike,type,spot_price,open,high,low,close,volume,iv_pct,delta,gamma,theta,vega
2026-08-13 09:15:00,NSE:NIFTY26SEP24000CE,24000.0,CE,24342.55,750.05,751.45,731.2,737.6,8645,16.03,0.6029,0.000271,-5.52,33.36
2026-08-13 09:20:00,NSE:NIFTY26SEP24000CE,24000.0,CE,24348.2,737.6,748.75,736.0,739.6,4940,15.99,0.6046,0.000272,-5.5,33.32
2026-08-13 09:25:00,NSE:NIFTY26SEP24000CE,24000.0,CE,24339.15,739.6,743.25,725.05,729.6,3640,15.85,0.6029,0.000274,-5.46,33.35
2026-08-13 09:30:00,NSE:NIFTY26SEP24000CE,24000.0,CE,24324.35,729.6,732.4,720.05,721.8,3315,15.89,0.5986,0.000275,-5.49,33.43
2026-08-13 09:35:00,NSE:NIFTY26SEP24000CE,24000.0,CE,24339.65,721.05,733.9,720.25,733.9,5005,15.97,0.6024,0.000272,-5.5,33.36
2026-08-13 09:40:00,NSE:NIFTY26SEP24000CE,24000.0,CE,24346.35,735.35,739.0,730.0,734.1,1495,15.86,0.6048,0.000274,-5.45,33.31
2026-08-13 09:45:00,NSE:NIFTY26SEP24000CE,24000.0,CE,24349.55,734.1,744.8,732.55,741.75,3770,16.03,0.6048,0.000271,-5.52,33.32
2026-08-13 09:50:00,NSE:NIFTY26SEP24000CE,24000.0,CE,24354.45,743.45,746.0,732.05,741.3,2665,15.93,0.6067,0.000272,-5.47,33.27
2026-08-13 09:55:00,NSE:NIFTY26SEP24000CE,24000.0,CE,24351.55,741.3,744.9,740.55,742.0,3965,16.0,0.6055,0.000271,-5.5,33.3
2026-08-13 10:00:00,NSE:NIFTY26SEP24000CE,24000.0,CE,24342.8,743.05,743.05,737.2,739.9,4225,16.1,0.6026,0.00027,-5.55,33.35
2026-08-13 10:05:00,NSE:NIFTY26SEP24000CE,24000.0,CE,24337.2,739.9,740.0,732.7,733.9,1300,16.02,0.6015,0.000272,-5.52,33.37
2026-08-13 10:10:00,NSE:NIFTY26SEP24000CE,24000.0,CE,24343.55,733.9,739.45,730.0,735.75,1040,15.96,0.6035,0.000272,-5.5,33.33
2026-08-13 10:15:00,NSE:NIFTY26SEP24000CE,24000.0,CE,24336.6,735.0,736.0,729.2,731.65,3835,15.97,0.6016,0.000273,-5.51,33.37
2026-08-13 10:20:00,NSE:NIFTY26SEP24000CE,24000.0,CE,24329.15,732.95,732.95,724.05,728.0,5460,15.99,0.5995,0.000273,-5.52,33.41
2026-08-13 10:25:00,NSE:NIFTY26SEP24000CE,24000.0,CE,24319.15,728.0,728.25,720.0,720.0,1690,15.93,0.597,0.000274,-5.51,33.45
2026-08-13 10:30:00,NSE:NIFTY26SEP24000CE,24000.0,CE,24322.05,720.0,723.15,714.05,717.0,4745,15.79,0.5985,0.000277,-5.46,33.42
2026-08-13 10:35:00,NSE:NIFTY26SEP24000CE,24000.0,CE,24327.1,717.0,723.15,717.0,720.0,1040,15.79,0.5999,0.000276,-5.45,33.39
2026-08-13 10:40:00,NSE:NIFTY26SEP24000CE,24000.0,CE,24330.8,720.0,725.7,720.0,725.65,715,15.89,0.6004,0.000274,-5.49,33.38
2026-08-13 10:45:00,NSE:NIFTY26SEP24000CE,24000.0,CE,24339.65,725.65,730.0,722.0,730.0,910,15.86,0.603,0.000274,-5.47,33.33
2026-08-13 10:50:00,NSE:NIFTY26SEP24000CE,24000.0,CE,24339.45,730.0,737.0,730.0,735.0,1690,16.02,0.6022,0.000272,-5.52,33.35
2026-08-13 10:55:00,NSE:NIFTY26SEP24000CE,24000.0,CE,24338.25,735.0,736.4,730.05,730.7,2470,15.91,0.6024,0.000274,-5.49,33.34
2026-08-13 11:00:00,NSE:NIFTY26SEP24000CE,24000.0,CE,24325.8,730.7,730.7,723.0,723.0,195,15.91,0.599,0.000274,-5.5,33.4
2026-08-13 11:05:00,NSE:NIFTY26SEP24000CE,24000.0,CE,24324.5,723.0,723.0,716.75,720.65,780,15.86,0.5989,0.000275,-5.48,33.4
2026-08-13 11:10:00,NSE:NIFTY26SEP24000CE,24000.0,CE,24319.05,720.65,721.05,715.0,715.0,975,15.79,0.5977,0.000277,-5.46,33.42
2026-08-13 11:15:00,NSE:NIFTY26SEP24000CE,24000.0,CE,24324.65,715.0,718.8,715.0,718.35,585,15.79,0.5993,0.000277,-5.45,33.39
2026-08-13 11:20:00,NSE:NIFTY26SEP24000CE,24000.0,CE,24327.25,718.35,725.1,717.65,721.25,715,15.83,0.5998,0.000276,-5.47,33.38
2026-08-13 11:25:00,NSE:NIFTY26SEP24000CE,24000.0,CE,24338.8,721.25,729.7,721.25,729.7,715,15.87,0.6027,0.000274,-5.47,33.33
2026-08-13 11:30:00,NSE:NIFTY26SEP24000CE,24000.0,CE,24345.45,729.7,735.55,729.7,733.9,845,15.88,0.6045,0.000274,-5.47,33.29
2026-08-13 11:35:00,NSE:NIFTY26SEP24000CE,24000.0,CE,24358.5,733.9,743.0,733.9,742.65,1495,15.91,0.608,0.000272,-5.47,33.22
2026-08-13 11:40:00,NSE:NIFTY26SEP24000CE,24000.0,CE,24350.05,745.2,747.8,738.0,739.35,1235,15.96,0.6054,0.000272,-5.49,33.27
2026-08-13 11:45:00,NSE:NIFTY26SEP24000CE,24000.0,CE,24357.2,739.35,744.95,738.0,744.95,520,16.0,0.6071,0.000271,-5.5,33.24
2026-08-13 11:50:00,NSE:NIFTY26SEP24000CE,24000.0,CE,24357.45,741.65,748.0,740.65,743.4,3900,15.95,0.6075,0.000272,-5.48,33.23
2026-08-13 11:55:00,NSE:NIFTY26SEP24000CE,24000.0,CE,24386.45,747.25,769.15,747.0,769.15,5005,16.19,0.6139,0.000266,-5.54,33.1
2026-08-13 12:00:00,NSE:NIFTY26SEP24000CE,24000.0,CE,24407.55,769.15,794.85,768.05,790.9,9880,16.46,0.6179,0.000261,-5.62,33.02
2026-08-13 12:05:00,NSE:NIFTY26SEP24000CE,24000.0,CE,24402.85,786.0,792.25,780.05,780.05,7150,16.22,0.6181,0.000265,-5.53,33.01
2026-08-13 12:10:00,NSE:NIFTY26SEP24000CE,24000.0,CE,24395.65,780.05,781.4,772.0,772.0,1625,16.11,0.6168,0.000267,-5.5,33.03
2026-08-13 12:15:00,NSE:NIFTY26SEP24000CE,24000.0,CE,24392.15,772.0,775.9,770.15,772.8,1040,16.2,0.6154,0.000266,-5.54,33.06
2026-08-13 12:20:00,NSE:NIFTY26SEP24000CE,24000.0,CE,24399.2,772.8,782.75,770.7,781.55,910,16.33,0.6165,0.000263,-5.58,33.04
2026-08-13 12:25:00,NSE:NIFTY26SEP24000CE,24000.0,CE,24393.35,779.0,781.0,772.6,773.15,1170,16.19,0.6158,0.000266,-5.53,33.05
2026-08-13 12:30:00,NSE:NIFTY26SEP24000CE,24000.0,CE,24398.6,773.15,775.0,771.95,775.0,325,16.15,0.6174,0.000266,-5.51,33.01
2026-08-13 12:35:00,NSE:NIFTY26SEP24000CE,24000.0,CE,24390.4,775.0,778.45,769.15,769.15,1430,16.12,0.6154,0.000267,-5.51,33.06
2026-08-13 12:40:00,NSE:NIFTY26SEP24000CE,24000.0,CE,24391.7,769.15,776.7,769.15,770.1,975,16.13,0.6157,0.000267,-5.51,33.05
2026-08-13 12:45:00,NSE:NIFTY26SEP24000CE,24000.0,CE,24372.4,770.1,770.1,761.15,761.5,780,16.23,0.61,0.000267,-5.57,33.17
2026-08-13 12:50:00,NSE:NIFTY26SEP24000CE,24000.0,CE,24370.1,761.5,761.5,755.0,760.45,585,16.24,0.6093,0.000267,-5.58,33.19
2026-08-13 12:55:00,NSE:NIFTY26SEP24000CE,24000.0,CE,24369.15,760.45,761.0,753.15,756.0,6630,16.12,0.6097,0.000268,-5.54,33.17
2026-08-13 13:00:00,NSE:NIFTY26SEP24000CE,24000.0,CE,24361.55,756.0,761.0,755.0,755.0,7150,16.23,0.6071,0.000267,-5.59,33.23
2026-08-13 13:05:00,NSE:NIFTY26SEP24000CE,24000.0,CE,24367.15,755.0,759.0,752.15,759.0,1105,16.25,0.6085,0.000267,-5.59,33.2
2026-08-13 13:10:00,NSE:NIFTY26SEP24000CE,24000.0,CE,24362.25,759.0,762.5,758.0,760.95,3120,16.4,0.6064,0.000265,-5.65,33.24
2026-08-13 13:15:00,NSE:NIFTY26SEP24000CE,24000.0,CE,24355.25,760.95,760.95,756.0,756.55,1365,16.4,0.6046,0.000265,-5.65,33.28
2026-08-13 13:20:00,NSE:NIFTY26SEP24000CE,24000.0,CE,24356.2,756.55,761.2,754.0,754.0,715,16.3,0.6053,0.000267,-5.62,33.26
2026-08-13 13:25:00,NSE:NIFTY26SEP24000CE,24000.0,CE,24356.75,754.0,756.55,751.25,756.55,520,16.37,0.6051,0.000266,-5.64,33.26
2026-08-13 13:30:00,NSE:NIFTY26SEP24000CE,24000.0,CE,24351.35,753.0,757.1,750.0,757.1,650,16.48,0.6031,0.000264,-5.69,33.3
2026-08-13 13:35:00,NSE:NIFTY26SEP24000CE,24000.0,CE,24363.45,757.1,764.0,756.95,764.0,1300,16.47,0.6064,0.000264,-5.67,33.24
2026-08-13 13:40:00,NSE:NIFTY26SEP24000CE,24000.0,CE,24383.8,764.0,775.25,764.0,774.2,1495,16.41,0.6121,0.000263,-5.63,33.12
2026-08-13 13:45:00,NSE:NIFTY26SEP24000CE,24000.0,CE,24377.35,774.2,775.0,770.75,772.9,2665,16.49,0.6099,0.000262,-5.67,33.17
2026-08-13 13:50:00,NSE:NIFTY26SEP24000CE,24000.0,CE,24385.35,772.9,778.0,772.9,778.0,130,16.49,0.612,0.000262,-5.66,33.12
2026-08-13 13:55:00,NSE:NIFTY26SEP24000CE,24000.0,CE,24394.15,778.0,785.0,777.95,778.05,1430,16.33,0.6152,0.000264,-5.59,33.05
2026-08-13 14:00:00,NSE:NIFTY26SEP24000CE,24000.0,CE,24378.15,778.05,778.05,773.75,775.0,260,16.54,0.6099,0.000262,-5.68,33.17
2026-08-13 14:05:00,NSE:NIFTY26SEP24000CE,24000.0,CE,24359.0,775.0,775.0,766.0,766.0,585,16.62,0.6045,0.000262,-5.73,33.27
2026-08-13 14:10:00,NSE:NIFTY26SEP24000CE,24000.0,CE,24356.05,766.0,766.0,762.05,763.55,1625,16.6,0.6038,0.000262,-5.73,33.28
2026-08-13 14:15:00,NSE:NIFTY26SEP24000CE,24000.0,CE,24360.8,762.85,765.0,757.0,760.0,10465,16.41,0.606,0.000265,-5.65,33.24
2026-08-13 14:20:00,NSE:NIFTY26SEP24000CE,24000.0,CE,24372.8,760.0,760.0,760.0,760.0,0,16.19,0.6104,0.000267,-5.56,33.14
2026-08-13 14:25:00,NSE:NIFTY26SEP24000CE,24000.0,CE,24371.65,760.0,775.0,760.0,775.0,3900,16.66,0.6076,0.00026,-5.74,33.21
2026-08-13 14:30:00,NSE:NIFTY26SEP24000CE,24000.0,CE,24361.1,775.0,775.0,764.0,767.0,18460,16.61,0.6051,0.000262,-5.73,33.26
2026-08-13 14:35:00,NSE:NIFTY26SEP24000CE,24000.0,CE,24365.4,767.0,772.0,763.0,770.5,1885,16.64,0.606,0.000261,-5.74,33.24
2026-08-13 14:40:00,NSE:NIFTY26SEP24000CE,24000.0,CE,24359.85,770.5,774.85,769.9,773.35,5785,16.83,0.6037,0.000259,-5.81,33.29
2026-08-13 14:45:00,NSE:NIFTY26SEP24000CE,24000.0,CE,24352.25,773.35,773.35,763.0,766.0,4875,16.74,0.6021,0.00026,-5.79,33.31
2026-08-13 14:50:00,NSE:NIFTY26SEP24000CE,24000.0,CE,24351.9,766.0,767.45,760.25,765.55,5980,16.74,0.6021,0.00026,-5.79,33.31
2026-08-13 14:55:00,NSE:NIFTY26SEP24000CE,24000.0,CE,24344.45,765.55,765.55,760.0,760.6,3315,16.72,0.6002,0.000261,-5.79,33.34
2026-08-13 15:00:00,NSE:NIFTY26SEP24000CE,24000.0,CE,24356.95,760.6,768.0,759.0,765.15,5655,16.64,0.6039,0.000262,-5.74,33.27
2026-08-13 15:05:00,NSE:NIFTY26SEP24000CE,24000.0,CE,24347.75,765.05,765.85,759.05,760.2,3835,16.65,0.6014,0.000262,-5.76,33.32
2026-08-13 15:10:00,NSE:NIFTY26SEP24000CE,24000.0,CE,24352.7,760.2,763.7,759.7,762.0,3770,16.62,0.6029,0.000262,-5.74,33.29
2026-08-13 15:15:00,NSE:NIFTY26SEP24000CE,24000.0,CE,24353.35,760.0,764.05,760.0,763.2,1625,16.64,0.6029,0.000262,-5.75,33.29
2026-08-13 15:20:00,NSE:NIFTY26SEP24000CE,24000.0,CE,24353.35,763.0,763.0,757.4,757.4,4095,16.47,0.6038,0.000264,-5.69,33.26
2026-08-13 15:25:00,NSE:NIFTY26SEP24000CE,24000.0,CE,24395.85,757.6,761.45,756.3,761.0,8710,15.79,0.619,0.000272,-5.39,32.93
2026-08-14 09:15:00,NSE:NIFTY26SEP24000CE,24000.0,CE,24322.7,725.95,728.85,705.5,713.1,17095,15.82,0.5995,0.000279,-5.52,33.07
2026-08-14 09:20:00,NSE:NIFTY26SEP24000CE,24000.0,CE,24324.85,710.0,717.7,704.35,711.9,8970,15.74,0.6005,0.00028,-5.49,33.04
2026-08-14 09:25:00,NSE:NIFTY26SEP24000CE,24000.0,CE,24309.1,710.8,711.55,700.0,700.0,8450,15.67,0.5964,0.000282,-5.48,33.11
2026-08-14 09:30:00,NSE:NIFTY26SEP24000CE,24000.0,CE,24325.75,700.0,714.6,695.0,708.5,5590,15.62,0.6013,0.000282,-5.45,33.02
2026-08-14 09:35:00,NSE:NIFTY26SEP24000CE,24000.0,CE,24337.65,708.5,720.2,708.5,717.0,7020,15.66,0.6045,0.00028,-5.45,32.96
2026-08-14 09:40:00,NSE:NIFTY26SEP24000CE,24000.0,CE,24332.05,717.0,717.0,709.0,715.6,7735,15.73,0.6026,0.00028,-5.48,33.0
2026-08-14 09:45:00,NSE:NIFTY26SEP24000CE,24000.0,CE,24341.6,715.6,719.15,713.95,717.6,975,15.61,0.6059,0.000281,-5.43,32.93
2026-08-14 09:50:00,NSE:NIFTY26SEP24000CE,24000.0,CE,24324.7,717.6,717.6,704.0,704.0,6045,15.51,0.6017,0.000284,-5.41,33.01
2026-08-14 09:55:00,NSE:NIFTY26SEP24000CE,24000.0,CE,24343.55,704.0,714.45,702.0,714.45,3900,15.48,0.6072,0.000283,-5.38,32.9
2026-08-14 10:00:00,NSE:NIFTY26SEP24000CE,24000.0,CE,24350.7,714.45,722.5,711.7,722.5,1755,15.59,0.6085,0.000281,-5.41,32.87
2026-08-14 10:05:00,NSE:NIFTY26SEP24000CE,24000.0,CE,24355.15,722.2,722.45,714.7,721.0,3055,15.47,0.6105,0.000283,-5.36,32.83
2026-08-14 10:10:00,NSE:NIFTY26SEP24000CE,24000.0,CE,24345.45,721.0,725.9,713.95,716.5,4095,15.51,0.6075,0.000283,-5.39,32.89
2026-08-14 10:15:00,NSE:NIFTY26SEP24000CE,24000.0,CE,24336.9,716.5,718.0,710.0,710.0,10530,15.47,0.6054,0.000284,-5.38,32.93
2026-08-14 10:20:00,NSE:NIFTY26SEP24000CE,24000.0,CE,24334.05,710.0,712.0,707.85,712.0,910,15.58,0.6039,0.000282,-5.43,32.96
2026-08-14 10:25:00,NSE:NIFTY26SEP24000CE,24000.0,CE,24331.25,712.0,713.2,708.05,710.0,2015,15.58,0.6032,0.000282,-5.43,32.97
2026-08-14 10:30:00,NSE:NIFTY26SEP24000CE,24000.0,CE,24309.25,710.0,710.0,693.5,695.95,11830,15.55,0.5971,0.000284,-5.44,33.08
2026-08-14 10:35:00,NSE:NIFTY26SEP24000CE,24000.0,CE,24321.75,695.95,700.0,692.0,700.0,16250,15.45,0.6012,0.000285,-5.39,33.01
2026-08-14 10:40:00,NSE:NIFTY26SEP24000CE,24000.0,CE,24324.7,700.0,702.2,696.9,702.2,2145,15.46,0.602,0.000285,-5.39,32.99
2026-08-14 10:45:00,NSE:NIFTY26SEP24000CE,24000.0,CE,24333.8,702.2,708.3,702.0,705.0,1300,15.38,0.605,0.000286,-5.35,32.93
2026-08-14 10:50:00,NSE:NIFTY26SEP24000CE,24000.0,CE,24336.7,705.0,710.0,705.0,710.0,390,15.48,0.6053,0.000284,-5.38,32.92
2026-08-14 10:55:00,NSE:NIFTY26SEP24000CE,24000.0,CE,24312.2,710.0,710.0,692.85,692.85,2860,15.41,0.5987,0.000287,-5.38,33.05
2026-08-14 11:00:00,NSE:NIFTY26SEP24000CE,24000.0,CE,24320.85,692.85,697.9,688.0,695.0,2080,15.31,0.6016,0.000288,-5.34,32.99
2026-08-14 11:05:00,NSE:NIFTY26SEP24000CE,24000.0,CE,24314.25,695.0,696.45,692.55,693.0,1755,15.38,0.5994,0.000287,-5.37,33.03
2026-08-14 11:10:00,NSE:NIFTY26SEP24000CE,24000.0,CE,24315.0,693.0,695.95,692.55,693.0,2405,15.36,0.5997,0.000287,-5.36,33.02
2026-08-14 11:15:00,NSE:NIFTY26SEP24000CE,24000.0,CE,24327.85,693.0,700.0,693.0,697.95,2990,15.28,0.6039,0.000288,-5.32,32.94
2026-08-14 11:20:00,NSE:NIFTY26SEP24000CE,24000.0,CE,24327.7,697.95,703.85,697.95,698.4,1105,15.29,0.6037,0.000288,-5.33,32.94
2026-08-14 11:25:00,NSE:NIFTY26SEP24000CE,24000.0,CE,24315.8,701.45,701.45,690.05,690.05,715,15.26,0.6005,0.000289,-5.33,33.0
2026-08-14 11:30:00,NSE:NIFTY26SEP24000CE,24000.0,CE,24318.75,690.05,693.85,689.05,692.85,3120,15.29,0.6012,0.000288,-5.34,32.99
2026-08-14 11:35:00,NSE:NIFTY26SEP24000CE,24000.0,CE,24320.45,692.85,692.85,689.9,691.5,1560,15.22,0.6021,0.00029,-5.31,32.97
2026-08-14 11:40:00,NSE:NIFTY26SEP24000CE,24000.0,CE,24327.7,693.7,701.0,692.9,699.6,1495,15.33,0.6035,0.000287,-5.34,32.94
2026-08-14 11:45:00,NSE:NIFTY26SEP24000CE,24000.0,CE,24326.95,699.6,701.5,696.6,696.6,520,15.26,0.6038,0.000288,-5.31,32.93
2026-08-14 11:50:00,NSE:NIFTY26SEP24000CE,24000.0,CE,24329.75,696.6,702.7,696.6,697.55,2275,15.23,0.6047,0.000289,-5.3,32.91
2026-08-14 11:55:00,NSE:NIFTY26SEP24000CE,24000.0,CE,24326.9,697.55,700.7,695.0,700.7,1105,15.38,0.6031,0.000286,-5.36,32.95
2026-08-14 12:00:00,NSE:NIFTY26SEP24000CE,24000.0,CE,24321.7,698.0,699.0,695.0,695.0,975,15.31,0.602,0.000288,-5.34,32.97
2026-08-14 12:05:00,NSE:NIFTY26SEP24000CE,24000.0,CE,24335.35,695.0,704.9,695.0,704.9,2405,15.36,0.6056,0.000286,-5.34,32.9
2026-08-14 12:10:00,NSE:NIFTY26SEP24000CE,24000.0,CE,24341.45,703.0,707.0,703.0,705.0,1105,15.25,0.608,0.000288,-5.3,32.84
2026-08-14 12:15:00,NSE:NIFTY26SEP24000CE,24000.0,CE,24349.0,705.0,712.2,705.0,710.8,650,15.28,0.61,0.000286,-5.3,32.8
2026-08-14 12:20:00,NSE:NIFTY26SEP24000CE,24000.0,CE,24351.65,710.8,713.7,710.0,713.7,1040,15.32,0.6105,0.000286,-5.31,32.79
2026-08-14 12:25:00,NSE:NIFTY26SEP24000CE,24000.0,CE,24347.3,713.7,713.7,707.6,709.7,1495,15.28,0.6095,0.000287,-5.3,32.81
2026-08-14 12:30:00,NSE:NIFTY26SEP24000CE,24000.0,CE,24344.5,709.7,709.7,704.0,707.85,650,15.28,0.6087,0.000287,-5.31,32.83
2026-08-14 12:35:00,NSE:NIFTY26SEP24000CE,24000.0,CE,24340.9,707.85,707.85,703.6,706.35,1170,15.3,0.6075,0.000287,-5.32,32.85
2026-08-14 12:40:00,NSE:NIFTY26SEP24000CE,24000.0,CE,24335.85,706.35,707.5,700.7,702.0,520,15.26,0.6063,0.000288,-5.31,32.87
2026-08-14 12:45:00,NSE:NIFTY26SEP24000CE,24000.0,CE,24345.3,702.0,710.0,702.0,710.0,260,15.33,0.6086,0.000286,-5.33,32.83
2026-08-14 12:50:00,NSE:NIFTY26SEP24000CE,24000.0,CE,24350.7,710.0,714.0,710.0,714.0,390,15.35,0.6101,0.000285,-5.33,32.8
2026-08-14 12:55:00,NSE:NIFTY26SEP24000CE,24000.0,CE,24349.55,714.0,714.0,709.0,709.0,325,15.22,0.6105,0.000288,-5.28,32.78
2026-08-14 13:00:00,NSE:NIFTY26SEP24000CE,24000.0,CE,24344.9,709.0,714.95,709.0,711.0,520,15.37,0.6083,0.000285,-5.34,32.83
2026-08-14 13:05:00,NSE:NIFTY26SEP24000CE,24000.0,CE,24342.0,711.0,711.0,707.0,710.0,260,15.4,0.6073,0.000285,-5.35,32.85
2026-08-14 13:10:00,NSE:NIFTY26SEP24000CE,24000.0,CE,24346.85,710.0,715.0,710.0,715.0,8385,15.46,0.6084,0.000284,-5.37,32.83
2026-08-14 13:15:00,NSE:NIFTY26SEP24000CE,24000.0,CE,24343.75,715.0,715.0,712.0,712.05,1430,15.43,0.6077,0.000284,-5.36,32.84
2026-08-14 13:20:00,NSE:NIFTY26SEP24000CE,24000.0,CE,24343.75,712.05,713.7,710.0,710.0,1365,15.36,0.608,0.000286,-5.34,32.83
2026-08-14 13:25:00,NSE:NIFTY26SEP24000CE,24000.0,CE,24340.55,713.65,713.65,706.7,708.0,1235,15.36,0.6071,0.000286,-5.34,32.85
2026-08-14 13:30:00,NSE:NIFTY26SEP24000CE,24000.0,CE,24330.05,708.0,709.8,701.25,701.25,1885,15.35,0.6042,0.000287,-5.35,32.9
2026-08-14 13:35:00,NSE:NIFTY26SEP24000CE,24000.0,CE,24348.3,700.0,710.05,700.0,710.05,455,15.28,0.6098,0.000287,-5.31,32.79
2026-08-14 13:40:00,NSE:NIFTY26SEP24000CE,24000.0,CE,24357.35,710.05,721.75,710.05,720.55,8645,15.44,0.6115,0.000283,-5.35,32.76
2026-08-14 13:45:00,NSE:NIFTY26SEP24000CE,24000.0,CE,24383.7,720.55,757.0,720.55,745.0,10465,15.69,0.6174,0.000277,-5.42,32.64
2026-08-14 13:50:00,NSE:NIFTY26SEP24000CE,24000.0,CE,24385.6,750.05,755.4,745.6,749.25,910,15.78,0.6173,0.000276,-5.45,32.64
2026-08-14 13:55:00,NSE:NIFTY26SEP24000CE,24000.0,CE,24395.0,749.25,751.0,738.5,751.0,2535,15.66,0.6207,0.000277,-5.39,32.56
2026-08-14 14:00:00,NSE:NIFTY26SEP24000CE,24000.0,CE,24395.55,751.0,760.55,751.0,755.0,3445,15.77,0.6201,0.000275,-5.44,32.57
2026-08-14 14:05:00,NSE:NIFTY26SEP24000CE,24000.0,CE,24389.95,756.0,756.8,745.5,745.5,2210,15.59,0.6197,0.000278,-5.37,32.57
2026-08-14 14:10:00,NSE:NIFTY26SEP24000CE,24000.0,CE,24383.55,745.5,748.0,745.3,745.3,325,15.7,0.6172,0.000277,-5.43,32.63
2026-08-14 14:15:00,NSE:NIFTY26SEP24000CE,24000.0,CE,24379.95,745.3,747.0,740.1,740.4,845,15.62,0.6167,0.000279,-5.4,32.64
2026-08-14 14:20:00,NSE:NIFTY26SEP24000CE,24000.0,CE,24376.9,740.4,744.85,739.55,744.85,260,15.82,0.6147,0.000276,-5.48,32.69
2026-08-14 14:25:00,NSE:NIFTY26SEP24000CE,24000.0,CE,24371.6,744.85,745.05,739.0,741.65,1040,15.82,0.6133,0.000276,-5.48,32.72
2026-08-14 14:30:00,NSE:NIFTY26SEP24000CE,24000.0,CE,24371.6,741.65,744.5,739.5,742.35,910,15.84,0.6131,0.000276,-5.49,32.72
2026-08-14 14:35:00,NSE:NIFTY26SEP24000CE,24000.0,CE,24369.35,742.85,742.85,742.85,742.85,130,15.9,0.6122,0.000275,-5.52,32.74
2026-08-14 14:40:00,NSE:NIFTY26SEP24000CE,24000.0,CE,24369.45,742.0,742.0,737.0,740.65,44395,15.83,0.6126,0.000276,-5.49,32.73
2026-08-14 14:45:00,NSE:NIFTY26SEP24000CE,24000.0,CE,24366.8,740.65,740.65,733.85,734.7,5070,15.7,0.6126,0.000278,-5.44,32.72
2026-08-14 14:50:00,NSE:NIFTY26SEP24000CE,24000.0,CE,24382.4,735.25,751.7,735.25,750.1,3315,15.88,0.6159,0.000274,-5.49,32.66
2026-08-14 14:55:00,NSE:NIFTY26SEP24000CE,24000.0,CE,24374.6,750.1,750.1,746.85,746.85,260,15.93,0.6135,0.000274,-5.52,32.71
2026-08-14 15:00:00,NSE:NIFTY26SEP24000CE,24000.0,CE,24375.45,746.85,747.55,743.1,744.85,1885,15.85,0.6142,0.000275,-5.49,32.69
2026-08-14 15:05:00,NSE:NIFTY26SEP24000CE,24000.0,CE,24371.05,744.85,744.85,737.3,740.95,4225,15.81,0.6132,0.000276,-5.48,32.71
2026-08-14 15:10:00,NSE:NIFTY26SEP24000CE,24000.0,CE,24354.45,740.95,744.2,739.0,744.2,1885,16.22,0.6064,0.000271,-5.65,32.86
2026-08-14 15:15:00,NSE:NIFTY26SEP24000CE,24000.0,CE,24354.85,744.2,747.5,741.0,747.5,3770,16.31,0.606,0.000269,-5.69,32.87
2026-08-14 15:20:00,NSE:NIFTY26SEP24000CE,24000.0,CE,24354.85,747.5,747.5,739.9,740.0,7930,16.09,0.6072,0.000273,-5.6,32.84
2026-08-14 15:25:00,NSE:NIFTY26SEP24000CE,24000.0,CE,24366.0,740.0,743.5,740.0,740.9,10530,15.91,0.6112,0.000275,-5.53,32.75
2026-08-17 09:15:00,NSE:NIFTY26SEP24000CE,24000.0,CE,24306.05,701.0,701.0,656.0,668.7,11375,15.27,0.6006,0.000299,-5.52,31.95
2026-08-17 09:20:00,NSE:NIFTY26SEP24000CE,24000.0,CE,24303.1,668.7,669.0,660.0,664.0,8320,15.18,0.6002,0.000301,-5.48,31.96
2026-08-17 09:25:00,NSE:NIFTY26SEP24000CE,24000.0,CE,24306.05,663.0,668.5,660.05,663.0,3835,15.09,0.6015,0.000302,-5.45,31.93
2026-08-17 09:30:00,NSE:NIFTY26SEP24000CE,24000.0,CE,24287.1,662.0,662.45,650.1,652.15,5915,15.11,0.5957,0.000303,-5.47,32.03
2026-08-17 09:35:00,NSE:NIFTY26SEP24000CE,24000.0,CE,24293.15,652.15,660.15,652.05,654.0,7410,15.05,0.5978,0.000304,-5.45,31.99
2026-08-17 09:40:00,NSE:NIFTY26SEP24000CE,24000.0,CE,24301.35,654.0,663.05,654.0,656.5,4290,14.98,0.6008,0.000305,-5.41,31.94
2026-08-17 09:45:00,NSE:NIFTY26SEP24000CE,24000.0,CE,24305.15,656.5,660.4,652.1,660.4,4225,15.03,0.6016,0.000304,-5.43,31.92
2026-08-17 09:50:00,NSE:NIFTY26SEP24000CE,24000.0,CE,24300.15,658.25,660.5,652.15,652.15,3835,14.87,0.601,0.000307,-5.37,31.93
2026-08-17 09:55:00,NSE:NIFTY26SEP24000CE,24000.0,CE,24283.95,652.05,654.45,647.55,648.5,9880,15.06,0.595,0.000305,-5.46,32.04
2026-08-17 10:00:00,NSE:NIFTY26SEP24000CE,24000.0,CE,24291.3,648.5,651.8,645.55,648.0,3835,14.9,0.5981,0.000307,-5.39,31.98
2026-08-17 10:05:00,NSE:NIFTY26SEP24000CE,24000.0,CE,24291.3,648.0,650.1,646.25,647.0,2860,14.87,0.5983,0.000308,-5.38,31.97
2026-08-17 10:10:00,NSE:NIFTY26SEP24000CE,24000.0,CE,24281.45,647.0,647.0,641.65,642.7,4290,14.92,0.595,0.000307,-5.41,32.03
2026-08-17 10:15:00,NSE:NIFTY26SEP24000CE,24000.0,CE,24264.25,642.7,644.35,625.5,632.85,17160,14.93,0.5896,0.000309,-5.43,32.12
2026-08-17 10:20:00,NSE:NIFTY26SEP24000CE,24000.0,CE,24252.7,632.85,633.2,626.15,629.15,13000,15.03,0.5856,0.000307,-5.48,32.18
2026-08-17 10:25:00,NSE:NIFTY26SEP24000CE,24000.0,CE,24260.45,629.15,634.1,625.15,633.3,7150,15.02,0.5881,0.000307,-5.47,32.14
2026-08-17 10:30:00,NSE:NIFTY26SEP24000CE,24000.0,CE,24255.35,633.3,634.65,630.0,632.0,6500,15.07,0.5863,0.000306,-5.49,32.17
2026-08-17 10:35:00,NSE:NIFTY26SEP24000CE,24000.0,CE,24254.3,632.95,633.5,630.05,630.05,2015,15.03,0.5861,0.000307,-5.48,32.17
2026-08-17 10:40:00,NSE:NIFTY26SEP24000CE,24000.0,CE,24239.2,630.05,630.5,622.0,625.0,13130,15.15,0.581,0.000306,-5.54,32.24
2026-08-17 10:45:00,NSE:NIFTY26SEP24000CE,24000.0,CE,24238.4,625.0,625.0,619.5,624.85,3900,15.16,0.5807,0.000306,-5.54,32.24
2026-08-17 10:50:00,NSE:NIFTY26SEP24000CE,24000.0,CE,24241.95,624.85,630.0,624.85,628.3,2730,15.2,0.5816,0.000305,-5.55,32.23
2026-08-17 10:55:00,NSE:NIFTY26SEP24000CE,24000.0,CE,24237.55,628.3,632.5,626.4,627.0,3250,15.24,0.5801,0.000304,-5.57,32.25
2026-08-17 11:00:00,NSE:NIFTY26SEP24000CE,24000.0,CE,24240.6,627.0,627.8,619.6,626.0,6175,15.15,0.5814,0.000306,-5.54,32.23
2026-08-17 11:05:00,NSE:NIFTY26SEP24000CE,24000.0,CE,24235.7,626.0,626.0,621.0,623.05,3055,15.15,0.5799,0.000306,-5.54,32.25
2026-08-17 11:10:00,NSE:NIFTY26SEP24000CE,24000.0,CE,24236.2,623.05,625.1,623.0,624.8,2015,15.2,0.5799,0.000305,-5.56,32.25
2026-08-17 11:15:00,NSE:NIFTY26SEP24000CE,24000.0,CE,24235.65,624.8,625.1,621.45,624.7,3055,15.2,0.5797,0.000305,-5.56,32.25
2026-08-17 11:20:00,NSE:NIFTY26SEP24000CE,24000.0,CE,24229.95,624.7,624.95,621.3,621.3,1950,15.2,0.578,0.000306,-5.57,32.27
2026-08-17 11:25:00,NSE:NIFTY26SEP24000CE,24000.0,CE,24239.85,621.3,629.0,621.3,628.3,2145,15.24,0.5808,0.000304,-5.57,32.23
2026-08-17 11:30:00,NSE:NIFTY26SEP24000CE,24000.0,CE,24241.4,628.9,631.95,625.25,630.15,1950,15.27,0.5812,0.000304,-5.58,32.23
2026-08-17 11:35:00,NSE:NIFTY26SEP24000CE,24000.0,CE,24239.45,631.0,631.0,627.4,627.65,3120,15.23,0.5808,0.000305,-5.57,32.23
2026-08-17 11:40:00,NSE:NIFTY26SEP24000CE,24000.0,CE,24244.75,627.65,633.6,627.65,633.25,2600,15.31,0.582,0.000303,-5.6,32.21
2026-08-17 11:45:00,NSE:NIFTY26SEP24000CE,24000.0,CE,24254.35,633.25,640.45,631.8,639.0,7410,15.31,0.5849,0.000302,-5.59,32.17
2026-08-17 11:50:00,NSE:NIFTY26SEP24000CE,24000.0,CE,24263.75,639.0,644.45,638.65,640.0,4485,15.17,0.5884,0.000304,-5.53,32.12
2026-08-17 11:55:00,NSE:NIFTY26SEP24000CE,24000.0,CE,24271.65,640.0,645.0,640.0,645.0,1950,15.18,0.5908,0.000303,-5.52,32.08
2026-08-17 12:00:00,NSE:NIFTY26SEP24000CE,24000.0,CE,24266.65,645.0,647.5,643.0,644.05,2795,15.25,0.5889,0.000302,-5.55,32.11
2026-08-17 12:05:00,NSE:NIFTY26SEP24000CE,24000.0,CE,24265.0,642.8,643.95,638.6,640.0,2600,15.15,0.5889,0.000304,-5.52,32.1
2026-08-17 12:10:00,NSE:NIFTY26SEP24000CE,24000.0,CE,24270.75,640.0,641.9,636.35,641.9,3120,15.11,0.5909,0.000305,-5.5,32.07
2026-08-17 12:15:00,NSE:NIFTY26SEP24000CE,24000.0,CE,24285.7,641.9,653.5,641.15,651.25,7410,15.13,0.5953,0.000303,-5.49,32.0
2026-08-17 12:20:00,NSE:NIFTY26SEP24000CE,24000.0,CE,24286.65,651.25,655.0,648.8,654.45,1820,15.21,0.5952,0.000302,-5.52,32.0
2026-08-17 12:25:00,NSE:NIFTY26SEP24000CE,24000.0,CE,24289.95,650.75,655.3,650.05,653.95,4030,15.13,0.5966,0.000303,-5.49,31.97
2026-08-17 12:30:00,NSE:NIFTY26SEP24000CE,24000.0,CE,24294.7,653.95,660.0,652.0,657.0,4420,15.14,0.598,0.000303,-5.49,31.95
2026-08-17 12:35:00,NSE:NIFTY26SEP24000CE,24000.0,CE,24297.2,657.0,661.0,653.0,658.25,9295,15.13,0.5988,0.000303,-5.48,31.93
2026-08-17 12:40:00,NSE:NIFTY26SEP24000CE,24000.0,CE,24303.2,658.3,666.0,658.0,660.55,9490,15.09,0.6008,0.000303,-5.46,31.89
2026-08-17 12:45:00,NSE:NIFTY26SEP24000CE,24000.0,CE,24321.35,660.55,692.15,660.55,678.65,5655,15.32,0.605,0.000297,-5.53,31.82
2026-08-17 12:50:00,NSE:NIFTY26SEP24000CE,24000.0,CE,24328.5,680.55,693.0,680.55,693.0,8255,15.63,0.6054,0.000291,-5.64,31.82
2026-08-17 12:55:00,NSE:NIFTY26SEP24000CE,24000.0,CE,24334.0,695.7,696.45,685.0,693.25,7410,15.53,0.6075,0.000292,-5.6,31.77
2026-08-17 13:00:00,NSE:NIFTY26SEP24000CE,24000.0,CE,24343.95,693.25,710.0,693.15,705.5,30745,15.73,0.6093,0.000288,-5.66,31.74
2026-08-17 13:05:00,NSE:NIFTY26SEP24000CE,24000.0,CE,24338.5,703.2,707.0,700.0,700.85,2340,15.69,0.608,0.000289,-5.65,31.77
2026-08-17 13:10:00,NSE:NIFTY26SEP24000CE,24000.0,CE,24346.6,700.85,710.2,700.85,710.0,1820,15.82,0.6096,0.000287,-5.69,31.74
2026-08-17 13:15:00,NSE:NIFTY26SEP24000CE,24000.0,CE,24349.25,708.7,717.65,707.55,710.45,28600,15.79,0.6105,0.000287,-5.68,31.72
2026-08-17 13:20:00,NSE:NIFTY26SEP24000CE,24000.0,CE,24346.3,710.45,711.0,704.3,705.1,1755,15.68,0.6103,0.000289,-5.64,31.72
2026-08-17 13:25:00,NSE:NIFTY26SEP24000CE,24000.0,CE,24352.95,705.1,714.15,703.45,713.95,3185,15.83,0.6114,0.000286,-5.69,31.7
2026-08-17 13:30:00,NSE:NIFTY26SEP24000CE,24000.0,CE,24349.15,713.95,717.7,707.2,709.85,4225,15.77,0.6106,0.000287,-5.67,31.71
2026-08-17 13:35:00,NSE:NIFTY26SEP24000CE,24000.0,CE,24346.0,709.75,709.75,701.95,706.6,3055,15.73,0.6099,0.000288,-5.66,31.72
2026-08-17 13:40:00,NSE:NIFTY26SEP24000CE,24000.0,CE,24353.65,706.6,714.0,706.6,711.9,3445,15.75,0.612,0.000287,-5.66,31.68
2026-08-17 13:45:00,NSE:NIFTY26SEP24000CE,24000.0,CE,24343.7,711.9,713.75,707.95,708.55,2145,15.84,0.6087,0.000287,-5.71,31.75
2026-08-17 13:50:00,NSE:NIFTY26SEP24000CE,24000.0,CE,24339.8,708.55,709.1,705.9,705.9,910,15.83,0.6076,0.000287,-5.71,31.77
2026-08-17 13:55:00,NSE:NIFTY26SEP24000CE,24000.0,CE,24338.3,705.9,705.9,699.55,703.95,2145,15.8,0.6074,0.000288,-5.7,31.77
2026-08-17 14:00:00,NSE:NIFTY26SEP24000CE,24000.0,CE,24342.95,703.95,706.4,703.5,703.5,975,15.69,0.6093,0.000289,-5.65,31.73
2026-08-17 14:05:00,NSE:NIFTY26SEP24000CE,24000.0,CE,24340.8,703.5,705.3,702.2,702.2,325,15.69,0.6087,0.000289,-5.65,31.74
2026-08-17 14:10:00,NSE:NIFTY26SEP24000CE,24000.0,CE,24331.15,704.45,704.45,696.0,696.0,1625,15.68,0.6059,0.00029,-5.66,31.79
2026-08-17 14:15:00,NSE:NIFTY26SEP24000CE,24000.0,CE,24339.15,696.0,702.0,693.55,702.0,1625,15.72,0.608,0.000289,-5.67,31.75
2026-08-17 14:20:00,NSE:NIFTY26SEP24000CE,24000.0,CE,24324.5,702.0,702.0,692.0,692.0,1235,15.69,0.604,0.000291,-5.67,31.82
2026-08-17 14:25:00,NSE:NIFTY26SEP24000CE,24000.0,CE,24326.75,692.0,696.3,691.05,695.9,2730,15.77,0.6042,0.000289,-5.7,31.82
2026-08-17 14:30:00,NSE:NIFTY26SEP24000CE,24000.0,CE,24328.35,695.9,697.0,695.9,697.0,130,15.77,0.6047,0.000289,-5.7,31.81
2026-08-17 14:35:00,NSE:NIFTY26SEP24000CE,24000.0,CE,24328.5,697.0,697.0,691.55,695.0,520,15.71,0.6051,0.00029,-5.67,31.8
2026-08-17 14:40:00,NSE:NIFTY26SEP24000CE,24000.0,CE,24335.4,695.0,701.45,695.0,698.0,1365,15.67,0.6073,0.00029,-5.65,31.76
2026-08-17 14:45:00,NSE:NIFTY26SEP24000CE,24000.0,CE,24339.2,698.0,703.1,698.0,703.1,455,15.76,0.6079,0.000288,-5.68,31.75
2026-08-17 14:50:00,NSE:NIFTY26SEP24000CE,24000.0,CE,24343.95,703.1,706.85,700.0,702.0,2470,15.63,0.61,0.00029,-5.63,31.7
2026-08-17 14:55:00,NSE:NIFTY26SEP24000CE,24000.0,CE,24338.2,702.0,703.55,701.05,702.0,715,15.74,0.6077,0.000289,-5.68,31.75
2026-08-17 15:00:00,NSE:NIFTY26SEP24000CE,24000.0,CE,24352.05,702.0,704.1,697.0,703.7,3120,15.53,0.6129,0.000291,-5.58,31.64
2026-08-17 15:05:00,NSE:NIFTY26SEP24000CE,24000.0,CE,24349.4,703.7,703.7,700.0,700.0,1820,15.47,0.6125,0.000293,-5.56,31.64
2026-08-17 15:10:00,NSE:NIFTY26SEP24000CE,24000.0,CE,24339.6,700.0,704.3,697.3,697.3,2795,15.57,0.6091,0.000292,-5.61,31.71
2026-08-17 15:15:00,NSE:NIFTY26SEP24000CE,24000.0,CE,24339.8,697.3,697.3,692.0,692.0,780,15.4,0.6101,0.000295,-5.54,31.68
2026-08-17 15:20:00,NSE:NIFTY26SEP24000CE,24000.0,CE,24339.8,692.0,692.9,687.25,687.25,2730,15.25,0.611,0.000297,-5.49,31.66
2026-08-17 15:25:00,NSE:NIFTY26SEP24000CE,24000.0,CE,24287.65,687.25,689.9,677.0,678.0,4680,15.94,0.5921,0.000289,-5.81,32.02
2026-08-18 09:15:00,NSE:NIFTY26SEP24000CE,24000.0,CE,24238.85,611.55,612.0,593.0,597.4,18720,14.45,0.5848,0.000324,-5.33,31.82
2026-08-18 09:20:00,NSE:NIFTY26SEP24000CE,24000.0,CE,24244.35,597.4,599.6,593.3,599.35,8320,14.41,0.5868,0.000324,-5.31,31.79
2026-08-18 09:25:00,NSE:NIFTY26SEP24000CE,24000.0,CE,24245.1,598.95,613.9,596.8,600.0,8060,14.42,0.587,0.000324,-5.31,31.79
2026-08-18 09:30:00,NSE:NIFTY26SEP24000CE,24000.0,CE,24232.65,596.8,598.25,586.9,592.95,10985,14.43,0.5829,0.000325,-5.33,31.85
2026-08-18 09:35:00,NSE:NIFTY26SEP24000CE,24000.0,CE,24247.3,592.0,599.7,590.05,596.7,4875,14.27,0.5884,0.000327,-5.26,31.76
2026-08-18 09:40:00,NSE:NIFTY26SEP24000CE,24000.0,CE,24224.55,596.7,597.4,584.75,584.75,6825,14.32,0.5808,0.000328,-5.29,31.87
2026-08-18 09:45:00,NSE:NIFTY26SEP24000CE,24000.0,CE,24228.5,584.75,585.45,577.6,583.45,9035,14.21,0.5826,0.00033,-5.25,31.84
2026-08-18 09:50:00,NSE:NIFTY26SEP24000CE,24000.0,CE,24235.3,582.95,589.3,579.2,586.0,7540,14.16,0.5851,0.00033,-5.22,31.81
2026-08-18 09:55:00,NSE:NIFTY26SEP24000CE,24000.0,CE,24234.5,584.45,584.45,578.6,583.05,6760,14.08,0.5852,0.000332,-5.19,31.8
2026-08-18 10:00:00,NSE:NIFTY26SEP24000CE,24000.0,CE,24222.8,581.0,581.0,576.3,578.95,3705,14.17,0.5809,0.000331,-5.24,31.86
2026-08-18 10:05:00,NSE:NIFTY26SEP24000CE,24000.0,CE,24221.6,580.1,582.75,577.2,578.0,10205,14.16,0.5805,0.000332,-5.24,31.87
2026-08-18 10:10:00,NSE:NIFTY26SEP24000CE,24000.0,CE,24220.2,578.0,579.55,575.6,577.15,3640,14.16,0.5801,0.000332,-5.24,31.87
2026-08-18 10:15:00,NSE:NIFTY26SEP24000CE,24000.0,CE,24214.05,577.15,577.15,570.0,575.0,8580,14.21,0.5778,0.000331,-5.26,31.9
2026-08-18 10:20:00,NSE:NIFTY26SEP24000CE,24000.0,CE,24216.7,576.75,578.5,572.5,572.5,7475,14.08,0.5793,0.000334,-5.21,31.88
2026-08-18 10:25:00,NSE:NIFTY26SEP24000CE,24000.0,CE,24225.85,572.5,587.55,572.5,584.6,5265,14.29,0.5813,0.000328,-5.29,31.85
2026-08-18 10:30:00,NSE:NIFTY26SEP24000CE,24000.0,CE,24231.2,584.6,588.95,582.1,586.0,3185,14.24,0.5833,0.000329,-5.26,31.82
2026-08-18 10:35:00,NSE:NIFTY26SEP24000CE,24000.0,CE,24226.1,587.0,589.0,585.05,586.05,2730,14.34,0.5812,0.000327,-5.3,31.85
2026-08-18 10:40:00,NSE:NIFTY26SEP24000CE,24000.0,CE,24214.8,586.0,586.0,573.9,576.0,2600,14.23,0.578,0.000331,-5.27,31.89
2026-08-18 10:45:00,NSE:NIFTY26SEP24000CE,24000.0,CE,24204.75,576.0,576.95,566.75,573.5,9815,14.33,0.5743,0.000329,-5.32,31.94
2026-08-18 10:50:00,NSE:NIFTY26SEP24000CE,24000.0,CE,24195.55,573.5,573.7,567.05,568.8,4680,14.35,0.5712,0.000329,-5.33,31.98
2026-08-18 10:55:00,NSE:NIFTY26SEP24000CE,24000.0,CE,24200.25,568.8,572.25,565.4,571.25,4420,14.34,0.5727,0.000329,-5.33,31.96
2026-08-18 11:00:00,NSE:NIFTY26SEP24000CE,24000.0,CE,24205.85,571.1,576.1,569.1,576.1,5460,14.39,0.5744,0.000328,-5.34,31.94
2026-08-18 11:05:00,NSE:NIFTY26SEP24000CE,24000.0,CE,24207.25,576.1,578.0,572.3,577.7,4550,14.42,0.5747,0.000327,-5.35,31.93
2026-08-18 11:10:00,NSE:NIFTY26SEP24000CE,24000.0,CE,24202.35,577.7,577.7,570.65,574.85,11245,14.42,0.5731,0.000327,-5.35,31.95
2026-08-18 11:15:00,NSE:NIFTY26SEP24000CE,24000.0,CE,24197.75,574.85,576.7,570.25,571.35,6110,14.39,0.5717,0.000328,-5.35,31.96
2026-08-18 11:20:00,NSE:NIFTY26SEP24000CE,24000.0,CE,24195.75,571.35,573.55,568.6,573.0,6175,14.48,0.5707,0.000326,-5.38,31.98
2026-08-18 11:25:00,NSE:NIFTY26SEP24000CE,24000.0,CE,24182.65,572.9,572.9,565.05,565.05,5070,14.47,0.5665,0.000328,-5.39,32.02
2026-08-18 11:30:00,NSE:NIFTY26SEP24000CE,24000.0,CE,24190.65,565.0,570.45,552.0,570.45,15990,14.49,0.569,0.000327,-5.39,31.99
2026-08-18 11:35:00,NSE:NIFTY26SEP24000CE,24000.0,CE,24196.6,568.1,573.15,566.85,570.7,5785,14.4,0.5713,0.000328,-5.35,31.96
2026-08-18 11:40:00,NSE:NIFTY26SEP24000CE,24000.0,CE,24198.4,570.7,572.35,569.0,571.1,4030,14.38,0.572,0.000329,-5.34,31.95
2026-08-18 11:45:00,NSE:NIFTY26SEP24000CE,24000.0,CE,24200.1,571.1,573.05,568.2,570.6,2795,14.33,0.5728,0.00033,-5.32,31.94
2026-08-18 11:50:00,NSE:NIFTY26SEP24000CE,24000.0,CE,24199.2,570.6,577.6,570.6,570.7,2275,14.35,0.5724,0.000329,-5.33,31.95
2026-08-18 11:55:00,NSE:NIFTY26SEP24000CE,24000.0,CE,24206.8,570.7,575.5,566.9,575.5,2990,14.37,0.5748,0.000328,-5.33,31.92
2026-08-18 12:00:00,NSE:NIFTY26SEP24000CE,24000.0,CE,24213.15,575.5,580.0,572.75,579.9,3705,14.39,0.5768,0.000327,-5.34,31.89
2026-08-18 12:05:00,NSE:NIFTY26SEP24000CE,24000.0,CE,24215.8,579.95,580.35,577.25,580.05,4225,14.35,0.5779,0.000328,-5.32,31.87
2026-08-18 12:10:00,NSE:NIFTY26SEP24000CE,24000.0,CE,24212.95,580.05,580.05,574.85,574.85,2080,14.24,0.5774,0.000331,-5.28,31.88
2026-08-18 12:15:00,NSE:NIFTY26SEP24000CE,24000.0,CE,24209.2,574.85,576.75,572.25,575.25,780,14.32,0.5758,0.000329,-5.31,31.9
2026-08-18 12:20:00,NSE:NIFTY26SEP24000CE,24000.0,CE,24206.15,575.25,575.25,570.35,572.5,2210,14.29,0.575,0.00033,-5.3,31.91
2026-08-18 12:25:00,NSE:NIFTY26SEP24000CE,24000.0,CE,24212.8,572.5,582.0,572.5,581.65,1300,14.45,0.5764,0.000326,-5.36,31.89
2026-08-18 12:30:00,NSE:NIFTY26SEP24000CE,24000.0,CE,24214.7,581.65,581.8,578.0,578.0,1560,14.3,0.5777,0.000329,-5.3,31.87
2026-08-18 12:35:00,NSE:NIFTY26SEP24000CE,24000.0,CE,24208.25,581.2,581.95,575.05,576.35,2340,14.37,0.5753,0.000328,-5.33,31.9
2026-08-18 12:40:00,NSE:NIFTY26SEP24000CE,24000.0,CE,24198.05,576.35,576.35,568.05,569.1,4940,14.33,0.5721,0.00033,-5.33,31.94
2026-08-18 12:45:00,NSE:NIFTY26SEP24000CE,24000.0,CE,24205.55,569.15,573.45,567.05,573.45,3185,14.33,0.5746,0.000329,-5.32,31.91
2026-08-18 12:50:00,NSE:NIFTY26SEP24000CE,24000.0,CE,24206.5,573.45,575.9,572.9,572.9,1495,14.3,0.575,0.00033,-5.31,31.9
2026-08-18 12:55:00,NSE:NIFTY26SEP24000CE,24000.0,CE,24199.05,576.95,576.95,572.0,572.0,4225,14.4,0.5722,0.000328,-5.36,31.93
2026-08-18 13:00:00,NSE:NIFTY26SEP24000CE,24000.0,CE,24193.7,572.3,572.3,567.0,568.0,1885,14.37,0.5705,0.000329,-5.35,31.95
2026-08-18 13:05:00,NSE:NIFTY26SEP24000CE,24000.0,CE,24198.75,568.0,572.6,565.25,572.6,3900,14.43,0.572,0.000328,-5.37,31.93
2026-08-18 13:10:00,NSE:NIFTY26SEP24000CE,24000.0,CE,24202.6,573.0,575.35,572.05,573.5,715,14.39,0.5734,0.000328,-5.35,31.91
2026-08-18 13:15:00,NSE:NIFTY26SEP24000CE,24000.0,CE,24206.95,573.5,577.3,572.2,573.0,2275,14.29,0.5752,0.00033,-5.31,31.89
2026-08-18 13:20:00,NSE:NIFTY26SEP24000CE,24000.0,CE,24204.2,573.0,575.5,570.25,572.0,2015,14.31,0.5742,0.00033,-5.32,31.9
2026-08-18 13:25:00,NSE:NIFTY26SEP24000CE,24000.0,CE,24207.85,572.0,572.0,567.0,571.6,1820,14.23,0.5758,0.000331,-5.29,31.88
2026-08-18 13:30:00,NSE:NIFTY26SEP24000CE,24000.0,CE,24203.15,571.6,572.0,566.0,566.0,5330,14.14,0.5746,0.000334,-5.25,31.89
2026-08-18 13:35:00,NSE:NIFTY26SEP24000CE,24000.0,CE,24194.75,568.4,569.65,561.65,564.7,5655,14.26,0.5713,0.000332,-5.3,31.93
2026-08-18 13:40:00,NSE:NIFTY26SEP24000CE,24000.0,CE,24202.0,564.7,569.25,564.7,568.4,5070,14.24,0.5738,0.000332,-5.29,31.9
2026-08-18 13:45:00,NSE:NIFTY26SEP24000CE,24000.0,CE,24204.7,568.4,572.75,568.4,569.75,8775,14.24,0.5747,0.000332,-5.29,31.89
2026-08-18 13:50:00,NSE:NIFTY26SEP24000CE,24000.0,CE,24196.15,569.7,571.5,565.05,566.0,3575,14.27,0.5717,0.000331,-5.31,31.92
2026-08-18 13:55:00,NSE:NIFTY26SEP24000CE,24000.0,CE,24190.8,566.0,567.8,563.5,565.8,4875,14.36,0.5696,0.00033,-5.35,31.95
2026-08-18 14:00:00,NSE:NIFTY26SEP24000CE,24000.0,CE,24206.75,565.8,570.0,564.4,570.0,3185,14.21,0.5755,0.000332,-5.28,31.87
2026-08-18 14:05:00,NSE:NIFTY26SEP24000CE,24000.0,CE,24195.95,571.75,572.55,566.2,566.45,4030,14.29,0.5716,0.000331,-5.32,31.92
2026-08-18 14:10:00,NSE:NIFTY26SEP24000CE,24000.0,CE,24195.55,566.45,566.8,561.75,564.6,8255,14.24,0.5717,0.000332,-5.3,31.92
2026-08-18 14:15:00,NSE:NIFTY26SEP24000CE,24000.0,CE,24191.0,564.6,566.6,561.45,561.45,3575,14.22,0.5702,0.000333,-5.3,31.93
2026-08-18 14:20:00,NSE:NIFTY26SEP24000CE,24000.0,CE,24193.75,561.45,565.15,560.9,563.0,4420,14.22,0.5712,0.000333,-5.3,31.92
2026-08-18 14:25:00,NSE:NIFTY26SEP24000CE,24000.0,CE,24199.1,563.0,568.1,558.05,567.95,5980,14.28,0.5727,0.000331,-5.31,31.9
2026-08-18 14:30:00,NSE:NIFTY26SEP24000CE,24000.0,CE,24198.55,567.45,571.0,558.5,563.8,30940,14.16,0.573,0.000334,-5.27,31.9
2026-08-18 14:35:00,NSE:NIFTY26SEP24000CE,24000.0,CE,24201.55,563.75,564.9,558.1,564.9,3120,14.15,0.5741,0.000334,-5.26,31.88
2026-08-18 14:40:00,NSE:NIFTY26SEP24000CE,24000.0,CE,24205.2,564.9,567.75,562.25,566.55,3965,14.13,0.5754,0.000334,-5.25,31.86
2026-08-18 14:45:00,NSE:NIFTY26SEP24000CE,24000.0,CE,24207.1,566.55,566.65,562.45,564.7,2795,14.04,0.5764,0.000336,-5.21,31.85
2026-08-18 14:50:00,NSE:NIFTY26SEP24000CE,24000.0,CE,24206.1,564.7,569.85,559.4,560.35,5265,13.92,0.5766,0.000339,-5.17,31.84
2026-08-18 14:55:00,NSE:NIFTY26SEP24000CE,24000.0,CE,24214.3,560.0,565.95,560.0,563.7,4485,13.88,0.5795,0.000339,-5.15,31.8
2026-08-18 15:00:00,NSE:NIFTY26SEP24000CE,24000.0,CE,24203.2,562.0,573.0,560.05,560.05,7800,13.97,0.5754,0.000338,-5.19,31.85
2026-08-18 15:05:00,NSE:NIFTY26SEP24000CE,24000.0,CE,24197.3,560.05,566.15,560.0,561.0,2730,14.1,0.5728,0.000335,-5.25,31.89
2026-08-18 15:10:00,NSE:NIFTY26SEP24000CE,24000.0,CE,24165.8,562.0,566.1,555.35,556.1,5590,14.51,0.5609,0.000328,-5.43,32.02
2026-08-18 15:15:00,NSE:NIFTY26SEP24000CE,24000.0,CE,24166.35,556.1,558.4,555.05,555.05,5005,14.47,0.5613,0.000329,-5.41,32.01
2026-08-18 15:20:00,NSE:NIFTY26SEP24000CE,24000.0,CE,24166.35,554.5,556.0,550.2,552.8,9880,14.4,0.5615,0.000331,-5.38,32.01
2026-08-18 15:25:00,NSE:NIFTY26SEP24000CE,24000.0,CE,24154.9,553.2,559.6,544.1,553.2,18980,14.61,0.5571,0.000327,-5.47,32.05
2026-08-19 09:15:00,NSE:NIFTY26SEP24000CE,24000.0,CE,24118.7,540.5,540.5,492.85,500.75,36660,13.72,0.5475,0.000353,-5.2,31.83
2026-08-19 09:20:00,NSE:NIFTY26SEP24000CE,24000.0,CE,24106.05,501.1,506.4,495.8,495.8,25740,13.78,0.5429,0.000352,-5.23,31.86
2026-08-19 09:25:00,NSE:NIFTY26SEP24000CE,24000.0,CE,24096.75,497.3,498.5,492.85,494.8,27560,13.91,0.5394,0.000349,-5.28,31.88
2026-08-19 09:30:00,NSE:NIFTY26SEP24000CE,24000.0,CE,24073.85,494.0,494.05,482.6,483.75,107445,13.95,0.5314,0.000349,-5.31,31.91
2026-08-19 09:35:00,NSE:NIFTY26SEP24000CE,24000.0,CE,24079.55,483.75,486.5,479.45,485.55,50050,13.91,0.5334,0.00035,-5.29,31.91
2026-08-19 09:40:00,NSE:NIFTY26SEP24000CE,24000.0,CE,24084.55,485.2,491.45,480.7,487.9,41080,13.9,0.5352,0.00035,-5.29,31.9
2026-08-19 09:45:00,NSE:NIFTY26SEP24000CE,24000.0,CE,24094.15,487.0,493.5,486.0,490.85,27820,13.83,0.5387,0.000351,-5.26,31.88
2026-08-19 09:50:00,NSE:NIFTY26SEP24000CE,24000.0,CE,24099.75,493.45,500.0,491.6,497.0,40495,13.93,0.5405,0.000349,-5.29,31.87
2026-08-19 09:55:00,NSE:NIFTY26SEP24000CE,24000.0,CE,24097.8,497.0,497.0,492.85,493.5,11830,13.86,0.5399,0.000351,-5.26,31.87
2026-08-19 10:00:00,NSE:NIFTY26SEP24000CE,24000.0,CE,24099.75,494.6,501.3,493.0,497.75,16770,13.95,0.5404,0.000348,-5.3,31.87
2026-08-19 10:05:00,NSE:NIFTY26SEP24000CE,24000.0,CE,24094.45,497.3,500.75,494.55,494.55,9945,13.94,0.5386,0.000349,-5.3,31.88
2026-08-19 10:10:00,NSE:NIFTY26SEP24000CE,24000.0,CE,24091.8,494.4,496.3,488.0,495.05,11635,14.0,0.5376,0.000347,-5.32,31.88
2026-08-19 10:15:00,NSE:NIFTY26SEP24000CE,24000.0,CE,24072.7,494.3,496.0,482.0,482.1,12675,13.92,0.531,0.00035,-5.3,31.9
2026-08-19 10:20:00,NSE:NIFTY26SEP24000CE,24000.0,CE,24065.05,484.0,484.0,479.05,480.7,20215,14.0,0.5283,0.000348,-5.33,31.91
2026-08-19 10:25:00,NSE:NIFTY26SEP24000CE,24000.0,CE,24065.2,480.7,483.6,479.0,480.25,21450,13.99,0.5283,0.000349,-5.33,31.91
2026-08-19 10:30:00,NSE:NIFTY26SEP24000CE,24000.0,CE,24057.45,479.8,480.25,474.5,475.0,21515,13.95,0.5256,0.00035,-5.31,31.91
2026-08-19 10:35:00,NSE:NIFTY26SEP24000CE,24000.0,CE,24051.95,475.0,479.7,473.35,474.35,20865,14.02,0.5237,0.000349,-5.34,31.92
2026-08-19 10:40:00,NSE:NIFTY26SEP24000CE,24000.0,CE,24058.4,474.35,479.5,470.25,476.95,28470,14.0,0.5259,0.000349,-5.33,31.91
2026-08-19 10:45:00,NSE:NIFTY26SEP24000CE,24000.0,CE,24053.1,476.95,478.4,472.65,473.55,22880,13.98,0.5241,0.00035,-5.33,31.91
2026-08-19 10:50:00,NSE:NIFTY26SEP24000CE,24000.0,CE,24061.3,475.05,478.65,471.45,477.05,14105,13.95,0.527,0.00035,-5.32,31.91
2026-08-19 10:55:00,NSE:NIFTY26SEP24000CE,24000.0,CE,24056.1,478.35,480.3,477.0,477.0,10920,14.04,0.5251,0.000348,-5.35,31.91
2026-08-19 11:00:00,NSE:NIFTY26SEP24000CE,24000.0,CE,24047.95,476.0,477.15,472.0,472.0,11115,14.02,0.5223,0.000349,-5.34,31.91
2026-08-19 11:05:00,NSE:NIFTY26SEP24000CE,24000.0,CE,24041.2,472.0,472.8,462.3,471.85,25740,14.12,0.5199,0.000346,-5.39,31.92
2026-08-19 11:10:00,NSE:NIFTY26SEP24000CE,24000.0,CE,24048.5,471.85,474.7,470.0,473.05,17290,14.04,0.5225,0.000348,-5.35,31.91
2026-08-19 11:15:00,NSE:NIFTY26SEP24000CE,24000.0,CE,24053.15,473.0,476.5,471.5,474.9,10920,14.02,0.5241,0.000349,-5.35,31.91
2026-08-19 11:20:00,NSE:NIFTY26SEP24000CE,24000.0,CE,24052.25,475.35,478.9,474.1,475.0,7475,14.04,0.5238,0.000348,-5.35,31.91
2026-08-19 11:25:00,NSE:NIFTY26SEP24000CE,24000.0,CE,24054.35,475.0,476.3,472.25,474.6,8905,14.0,0.5245,0.000349,-5.34,31.9
2026-08-19 11:30:00,NSE:NIFTY26SEP24000CE,24000.0,CE,24054.25,474.65,477.4,474.05,475.35,3965,14.02,0.5245,0.000349,-5.35,31.9
2026-08-19 11:35:00,NSE:NIFTY26SEP24000CE,24000.0,CE,24048.1,475.35,475.75,470.0,471.75,4550,14.01,0.5224,0.000349,-5.34,31.9
2026-08-19 11:40:00,NSE:NIFTY26SEP24000CE,24000.0,CE,24052.45,471.75,474.45,471.2,474.2,5850,14.02,0.5239,0.000349,-5.34,31.9
2026-08-19 11:45:00,NSE:NIFTY26SEP24000CE,24000.0,CE,24066.9,474.2,483.0,471.05,482.0,13325,14.02,0.5289,0.000348,-5.34,31.89
2026-08-19 11:50:00,NSE:NIFTY26SEP24000CE,24000.0,CE,24079.9,482.45,490.25,482.0,488.7,17030,14.02,0.5334,0.000348,-5.34,31.87
2026-08-19 11:55:00,NSE:NIFTY26SEP24000CE,24000.0,CE,24078.3,490.0,490.0,485.4,488.95,18265,14.05,0.5328,0.000347,-5.35,31.87
2026-08-19 12:00:00,NSE:NIFTY26SEP24000CE,24000.0,CE,24059.8,488.85,488.85,475.0,475.0,20020,13.92,0.5265,0.000351,-5.31,31.89
2026-08-19 12:05:00,NSE:NIFTY26SEP24000CE,24000.0,CE,24056.15,475.0,478.1,471.0,472.0,13780,13.89,0.5253,0.000352,-5.3,31.89
2026-08-19 12:10:00,NSE:NIFTY26SEP24000CE,24000.0,CE,24052.8,473.45,473.75,468.5,472.3,10595,13.95,0.524,0.00035,-5.32,31.89
2026-08-19 12:15:00,NSE:NIFTY26SEP24000CE,24000.0,CE,24060.2,470.75,476.95,470.75,474.95,5590,13.92,0.5267,0.000351,-5.31,31.88
2026-08-19 12:20:00,NSE:NIFTY26SEP24000CE,24000.0,CE,24064.5,474.4,482.95,473.4,482.25,11830,14.07,0.528,0.000347,-5.37,31.88
2026-08-19 12:25:00,NSE:NIFTY26SEP24000CE,24000.0,CE,24059.85,482.2,482.35,475.25,477.6,11115,14.01,0.5265,0.000349,-5.34,31.88
2026-08-19 12:30:00,NSE:NIFTY26SEP24000CE,24000.0,CE,24054.05,477.55,479.0,470.3,471.05,5590,13.9,0.5245,0.000352,-5.3,31.89
2026-08-19 12:35:00,NSE:NIFTY26SEP24000CE,24000.0,CE,24054.55,471.4,476.5,471.4,475.5,3900,14.03,0.5246,0.000349,-5.35,31.88
2026-08-19 12:40:00,NSE:NIFTY26SEP24000CE,24000.0,CE,24055.3,475.5,478.05,474.7,475.65,4160,14.02,0.5249,0.000349,-5.35,31.88
2026-08-19 12:45:00,NSE:NIFTY26SEP24000CE,24000.0,CE,24052.05,474.0,474.0,469.35,473.0,6825,13.99,0.5238,0.00035,-5.34,31.88
2026-08-19 12:50:00,NSE:NIFTY26SEP24000CE,24000.0,CE,24055.55,473.0,477.25,473.0,474.95,3380,14.0,0.525,0.000349,-5.34,31.88
2026-08-19 12:55:00,NSE:NIFTY26SEP24000CE,24000.0,CE,24055.3,474.95,476.5,470.35,471.0,6435,13.88,0.525,0.000352,-5.29,31.88
2026-08-19 13:00:00,NSE:NIFTY26SEP24000CE,24000.0,CE,24062.8,471.0,480.0,471.0,479.0,4810,14.01,0.5275,0.000349,-5.34,31.87
2026-08-19 13:05:00,NSE:NIFTY26SEP24000CE,24000.0,CE,24064.45,479.0,479.0,474.25,477.5,5720,13.93,0.5281,0.000351,-5.31,31.87
2026-08-19 13:10:00,NSE:NIFTY26SEP24000CE,24000.0,CE,24046.15,477.5,478.75,471.0,471.0,10140,14.03,0.5217,0.000349,-5.35,31.88
2026-08-19 13:15:00,NSE:NIFTY26SEP24000CE,24000.0,CE,24043.1,471.0,473.75,466.65,471.5,7085,14.1,0.5206,0.000347,-5.38,31.88
2026-08-19 13:20:00,NSE:NIFTY26SEP24000CE,24000.0,CE,24041.95,470.0,471.2,466.9,469.3,6500,14.05,0.5202,0.000349,-5.36,31.88
2026-08-19 13:25:00,NSE:NIFTY26SEP24000CE,24000.0,CE,24041.1,469.3,471.55,468.4,470.0,3965,14.08,0.5199,0.000348,-5.38,31.88
2026-08-19 13:30:00,NSE:NIFTY26SEP24000CE,24000.0,CE,24038.9,470.0,473.25,467.3,468.8,7865,14.08,0.5191,0.000348,-5.38,31.88
2026-08-19 13:35:00,NSE:NIFTY26SEP24000CE,24000.0,CE,24046.55,468.8,474.55,468.65,472.9,9880,14.09,0.5218,0.000348,-5.38,31.87
2026-08-19 13:40:00,NSE:NIFTY26SEP24000CE,24000.0,CE,24042.2,472.9,475.0,471.0,471.0,8645,14.1,0.5203,0.000348,-5.38,31.87
2026-08-19 13:45:00,NSE:NIFTY26SEP24000CE,24000.0,CE,24041.9,471.0,473.95,466.75,469.0,14365,14.04,0.5202,0.000349,-5.36,31.87
2026-08-19 13:50:00,NSE:NIFTY26SEP24000CE,24000.0,CE,24040.0,469.6,472.95,467.1,468.65,8515,14.06,0.5195,0.000349,-5.37,31.87
2026-08-19 13:55:00,NSE:NIFTY26SEP24000CE,24000.0,CE,24044.95,469.05,474.0,468.55,471.6,5980,14.07,0.5212,0.000348,-5.37,31.87
2026-08-19 14:00:00,NSE:NIFTY26SEP24000CE,24000.0,CE,24054.6,471.6,480.75,471.6,478.4,13910,14.13,0.5246,0.000346,-5.39,31.86
2026-08-19 14:05:00,NSE:NIFTY26SEP24000CE,24000.0,CE,24054.65,478.15,486.2,478.0,481.75,12740,14.23,0.5245,0.000344,-5.43,31.86
2026-08-19 14:10:00,NSE:NIFTY26SEP24000CE,24000.0,CE,24051.35,481.8,487.0,476.0,479.15,9360,14.21,0.5234,0.000345,-5.42,31.86
2026-08-19 14:15:00,NSE:NIFTY26SEP24000CE,24000.0,CE,24039.7,479.15,479.15,469.0,469.0,12025,14.08,0.5194,0.000348,-5.38,31.87
2026-08-19 14:20:00,NSE:NIFTY26SEP24000CE,24000.0,CE,24030.5,468.7,469.0,459.25,462.35,32500,14.02,0.5162,0.00035,-5.36,31.87
2026-08-19 14:25:00,NSE:NIFTY26SEP24000CE,24000.0,CE,24039.05,462.35,468.45,459.45,468.0,16380,14.06,0.5192,0.000349,-5.37,31.86
2026-08-19 14:30:00,NSE:NIFTY26SEP24000CE,24000.0,CE,24050.9,468.0,477.4,466.25,475.75,19370,14.11,0.5233,0.000347,-5.39,31.86
2026-08-19 14:35:00,NSE:NIFTY26SEP24000CE,24000.0,CE,24046.85,475.75,498.95,470.0,470.7,55510,14.02,0.5219,0.00035,-5.35,31.86
2026-08-19 14:40:00,NSE:NIFTY26SEP24000CE,24000.0,CE,24049.0,470.7,475.7,467.25,473.05,18070,14.06,0.5227,0.000348,-5.37,31.85
2026-08-19 14:45:00,NSE:NIFTY26SEP24000CE,24000.0,CE,24041.55,471.25,472.95,465.0,467.05,9555,13.99,0.5201,0.00035,-5.35,31.86
2026-08-19 14:50:00,NSE:NIFTY26SEP24000CE,24000.0,CE,24050.45,467.05,470.6,466.75,468.8,8320,13.9,0.5233,0.000352,-5.31,31.85
2026-08-19 14:55:00,NSE:NIFTY26SEP24000CE,24000.0,CE,24053.1,470.0,474.5,469.05,472.65,18265,13.98,0.5241,0.00035,-5.34,31.85
2026-08-19 15:00:00,NSE:NIFTY26SEP24000CE,24000.0,CE,24055.85,472.1,481.95,470.25,474.25,15990,13.99,0.5251,0.00035,-5.34,31.84
2026-08-19 15:05:00,NSE:NIFTY26SEP24000CE,24000.0,CE,24038.4,474.25,475.1,467.55,469.7,13650,14.13,0.5189,0.000347,-5.4,31.85
2026-08-19 15:10:00,NSE:NIFTY26SEP24000CE,24000.0,CE,24048.55,469.7,472.0,466.75,468.65,15925,13.93,0.5226,0.000352,-5.32,31.85
2026-08-19 15:15:00,NSE:NIFTY26SEP24000CE,24000.0,CE,24048.55,468.65,473.95,465.65,470.75,21580,14.0,0.5225,0.00035,-5.35,31.85
2026-08-19 15:20:00,NSE:NIFTY26SEP24000CE,24000.0,CE,24048.55,471.85,477.75,470.05,473.7,36530,14.09,0.5225,0.000348,-5.38,31.84
2026-08-19 15:25:00,NSE:NIFTY26SEP24000CE,24000.0,CE,24078.3,473.7,474.95,469.35,472.45,12350,13.56,0.5335,0.00036,-5.17,31.81
2026-08-20 09:15:00,NSE:NIFTY26SEP24000CE,24000.0,CE,24192.85,528.0,550.0,522.35,534.15,140010,13.62,0.5748,0.000355,-5.18,31.19
2026-08-20 09:20:00,NSE:NIFTY26SEP24000CE,24000.0,CE,24185.5,532.95,542.95,532.95,535.1,42380,13.79,0.5715,0.000351,-5.25,31.23
2026-08-20 09:25:00,NSE:NIFTY26SEP24000CE,24000.0,CE,24190.8,536.25,543.35,534.65,538.55,47125,13.8,0.5733,0.00035,-5.25,31.21
2026-08-20 09:30:00,NSE:NIFTY26SEP24000CE,24000.0,CE,24197.9,539.0,543.0,534.0,541.25,22620,13.76,0.576,0.000351,-5.23,31.17
2026-08-20 09:35:00,NSE:NIFTY26SEP24000CE,24000.0,CE,24201.35,541.25,549.9,541.05,544.7,45370,13.81,0.577,0.000349,-5.24,31.16
2026-08-20 09:40:00,NSE:NIFTY26SEP24000CE,24000.0,CE,24210.95,543.95,550.0,542.25,550.0,19500,13.8,0.5804,0.000349,-5.23,31.11
2026-08-20 09:45:00,NSE:NIFTY26SEP24000CE,24000.0,CE,24203.35,550.0,550.0,542.9,544.7,14300,13.77,0.5778,0.00035,-5.23,31.15
2026-08-20 09:50:00,NSE:NIFTY26SEP24000CE,24000.0,CE,24201.95,544.7,544.7,536.0,544.6,28145,13.79,0.5772,0.00035,-5.24,31.15
2026-08-20 09:55:00,NSE:NIFTY26SEP24000CE,24000.0,CE,24203.8,544.95,551.5,541.75,543.65,32500,13.73,0.5782,0.000351,-5.21,31.14
2026-08-20 10:00:00,NSE:NIFTY26SEP24000CE,24000.0,CE,24205.9,543.65,547.2,538.5,541.85,19370,13.63,0.5794,0.000353,-5.17,31.12
2026-08-20 10:05:00,NSE:NIFTY26SEP24000CE,24000.0,CE,24211.6,541.85,547.8,539.7,544.55,12480,13.61,0.5815,0.000353,-5.16,31.09
2026-08-20 10:10:00,NSE:NIFTY26SEP24000CE,24000.0,CE,24221.85,545.45,552.9,545.45,552.05,15795,13.66,0.5849,0.000351,-5.17,31.04
2026-08-20 10:15:00,NSE:NIFTY26SEP24000CE,24000.0,CE,24219.6,552.95,554.9,549.85,550.0,21710,13.64,0.5842,0.000352,-5.16,31.05
2026-08-20 10:20:00,NSE:NIFTY26SEP24000CE,24000.0,CE,24217.8,550.0,550.05,545.9,546.05,9945,13.55,0.584,0.000355,-5.13,31.05
2026-08-20 10:25:00,NSE:NIFTY26SEP24000CE,24000.0,CE,24210.15,546.25,548.0,540.6,542.15,7800,13.57,0.5812,0.000355,-5.14,31.09
2026-08-20 10:30:00,NSE:NIFTY26SEP24000CE,24000.0,CE,24210.2,544.0,545.0,539.6,539.6,10465,13.48,0.5816,0.000357,-5.11,31.08
2026-08-20 10:35:00,NSE:NIFTY26SEP24000CE,24000.0,CE,24205.0,540.05,542.45,534.6,537.6,7735,13.52,0.5796,0.000357,-5.13,31.1
2026-08-20 10:40:00,NSE:NIFTY26SEP24000CE,24000.0,CE,24211.85,537.6,542.2,537.6,541.1,4940,13.5,0.5821,0.000356,-5.12,31.07
2026-08-20 10:45:00,NSE:NIFTY26SEP24000CE,24000.0,CE,24215.55,541.4,546.1,537.95,546.0,11375,13.59,0.583,0.000354,-5.15,31.06
2026-08-20 10:50:00,NSE:NIFTY26SEP24000CE,24000.0,CE,24204.0,545.85,546.7,540.0,540.0,6370,13.62,0.5788,0.000354,-5.17,31.11
2026-08-20 10:55:00,NSE:NIFTY26SEP24000CE,24000.0,CE,24212.55,540.0,545.9,539.9,544.95,6110,13.62,0.5818,0.000353,-5.16,31.07
2026-08-20 11:00:00,NSE:NIFTY26SEP24000CE,24000.0,CE,24214.05,544.95,548.5,541.55,544.5,6305,13.57,0.5826,0.000354,-5.14,31.06
2026-08-20 11:05:00,NSE:NIFTY26SEP24000CE,24000.0,CE,24211.45,544.5,546.7,541.8,542.5,7540,13.56,0.5817,0.000355,-5.14,31.07
2026-08-20 11:10:00,NSE:NIFTY26SEP24000CE,24000.0,CE,24204.4,542.5,544.05,538.0,538.0,2535,13.55,0.5793,0.000356,-5.14,31.1
2026-08-20 11:15:00,NSE:NIFTY26SEP24000CE,24000.0,CE,24198.75,538.0,540.55,536.55,538.0,1755,13.65,0.5768,0.000354,-5.19,31.13
2026-08-20 11:20:00,NSE:NIFTY26SEP24000CE,24000.0,CE,24198.1,537.65,537.65,531.0,534.0,14235,13.54,0.5771,0.000357,-5.14,31.13
2026-08-20 11:25:00,NSE:NIFTY26SEP24000CE,24000.0,CE,24201.0,534.0,537.05,532.95,536.5,4355,13.56,0.578,0.000356,-5.15,31.11
2026-08-20 11:30:00,NSE:NIFTY26SEP24000CE,24000.0,CE,24212.15,536.5,549.8,536.5,547.4,5655,13.71,0.5813,0.000351,-5.2,31.07
2026-08-20 11:35:00,NSE:NIFTY26SEP24000CE,24000.0,CE,24211.75,547.4,548.9,547.4,547.6,1950,13.72,0.5811,0.000351,-5.21,31.07
2026-08-20 11:40:00,NSE:NIFTY26SEP24000CE,24000.0,CE,24212.35,547.6,548.85,546.4,548.0,910,13.72,0.5813,0.000351,-5.21,31.07
2026-08-20 11:45:00,NSE:NIFTY26SEP24000CE,24000.0,CE,24212.4,548.0,551.95,546.35,548.15,3965,13.73,0.5813,0.000351,-5.21,31.07
2026-08-20 11:50:00,NSE:NIFTY26SEP24000CE,24000.0,CE,24212.85,548.15,548.85,546.0,547.0,1755,13.68,0.5817,0.000352,-5.19,31.06
2026-08-20 11:55:00,NSE:NIFTY26SEP24000CE,24000.0,CE,24216.6,547.0,552.4,546.05,550.15,3770,13.71,0.5828,0.000351,-5.2,31.04
2026-08-20 12:00:00,NSE:NIFTY26SEP24000CE,24000.0,CE,24212.2,550.15,551.95,547.6,547.6,1560,13.72,0.5813,0.000351,-5.2,31.06
2026-08-20 12:05:00,NSE:NIFTY26SEP24000CE,24000.0,CE,24213.0,547.6,550.1,546.65,546.65,4875,13.67,0.5818,0.000352,-5.19,31.05
2026-08-20 12:10:00,NSE:NIFTY26SEP24000CE,24000.0,CE,24214.75,546.65,552.6,546.65,550.6,6240,13.77,0.5819,0.00035,-5.22,31.05
2026-08-20 12:15:00,NSE:NIFTY26SEP24000CE,24000.0,CE,24216.75,552.1,556.2,550.3,551.65,14950,13.76,0.5827,0.00035,-5.22,31.04
2026-08-20 12:20:00,NSE:NIFTY26SEP24000CE,24000.0,CE,24211.8,551.65,554.0,548.0,548.0,10855,13.74,0.581,0.000351,-5.21,31.06
2026-08-20 12:25:00,NSE:NIFTY26SEP24000CE,24000.0,CE,24213.75,548.0,551.1,547.65,549.0,4680,13.73,0.5817,0.000351,-5.21,31.05
2026-08-20 12:30:00,NSE:NIFTY26SEP24000CE,24000.0,CE,24209.95,549.0,549.95,545.5,545.5,4160,13.69,0.5806,0.000352,-5.2,31.06
2026-08-20 12:35:00,NSE:NIFTY26SEP24000CE,24000.0,CE,24216.95,545.5,554.15,545.5,554.15,4290,13.84,0.5824,0.000348,-5.25,31.04
2026-08-20 12:40:00,NSE:NIFTY26SEP24000CE,24000.0,CE,24217.2,554.65,557.85,552.2,556.95,7930,13.93,0.582,0.000346,-5.29,31.05
2026-08-20 12:45:00,NSE:NIFTY26SEP24000CE,24000.0,CE,24241.45,556.95,583.2,556.05,577.25,38025,14.12,0.5894,0.000339,-5.34,30.94
2026-08-20 12:50:00,NSE:NIFTY26SEP24000CE,24000.0,CE,24244.3,577.85,599.65,577.85,585.15,28600,14.33,0.5893,0.000334,-5.42,30.94
2026-08-20 12:55:00,NSE:NIFTY26SEP24000CE,24000.0,CE,24244.25,585.15,585.55,580.2,585.0,8255,14.32,0.5893,0.000335,-5.42,30.94
2026-08-20 13:00:00,NSE:NIFTY26SEP24000CE,24000.0,CE,24244.95,585.0,588.0,577.5,580.7,18590,14.17,0.5903,0.000338,-5.36,30.92
2026-08-20 13:05:00,NSE:NIFTY26SEP24000CE,24000.0,CE,24248.5,580.7,586.45,580.7,582.55,4940,14.16,0.5916,0.000338,-5.35,30.9
2026-08-20 13:10:00,NSE:NIFTY26SEP24000CE,24000.0,CE,24246.8,582.8,583.5,580.0,582.5,7215,14.19,0.5908,0.000337,-5.36,30.91
2026-08-20 13:15:00,NSE:NIFTY26SEP24000CE,24000.0,CE,24241.0,582.5,582.5,572.85,576.7,5785,14.12,0.5893,0.000339,-5.34,30.93
2026-08-20 13:20:00,NSE:NIFTY26SEP24000CE,24000.0,CE,24250.3,576.7,583.35,576.05,582.6,1690,14.13,0.5923,0.000338,-5.34,30.89
2026-08-20 13:25:00,NSE:NIFTY26SEP24000CE,24000.0,CE,24247.55,582.6,584.9,580.4,583.4,6695,14.21,0.591,0.000337,-5.37,30.91
2026-08-20 13:30:00,NSE:NIFTY26SEP24000CE,24000.0,CE,24248.7,583.05,585.65,581.25,585.65,12220,14.26,0.5911,0.000336,-5.39,30.9
2026-08-20 13:35:00,NSE:NIFTY26SEP24000CE,24000.0,CE,24243.0,583.65,585.8,579.5,581.0,2145,14.22,0.5894,0.000337,-5.38,30.93
2026-08-20 13:40:00,NSE:NIFTY26SEP24000CE,24000.0,CE,24246.05,581.0,582.0,576.6,582.0,2730,14.2,0.5906,0.000337,-5.37,30.91
2026-08-20 13:45:00,NSE:NIFTY26SEP24000CE,24000.0,CE,24246.25,582.0,583.25,581.0,581.2,1755,14.17,0.5908,0.000338,-5.36,30.9
2026-08-20 13:50:00,NSE:NIFTY26SEP24000CE,24000.0,CE,24239.45,581.2,581.2,573.9,573.9,4550,14.06,0.5891,0.000341,-5.32,30.93
2026-08-20 13:55:00,NSE:NIFTY26SEP24000CE,24000.0,CE,24232.95,573.9,576.2,570.45,572.15,25155,14.13,0.5865,0.00034,-5.35,30.97
2026-08-20 14:00:00,NSE:NIFTY26SEP24000CE,24000.0,CE,24233.6,572.15,572.65,567.15,569.6,9815,14.04,0.5872,0.000342,-5.32,30.95
2026-08-20 14:05:00,NSE:NIFTY26SEP24000CE,24000.0,CE,24236.6,569.6,574.15,567.75,574.05,1755,14.12,0.5878,0.00034,-5.35,30.94
2026-08-20 14:10:00,NSE:NIFTY26SEP24000CE,24000.0,CE,24238.45,574.05,576.0,572.6,574.8,2340,14.11,0.5885,0.00034,-5.34,30.93
2026-08-20 14:15:00,NSE:NIFTY26SEP24000CE,24000.0,CE,24238.0,574.8,574.8,562.85,573.85,9945,14.09,0.5884,0.000341,-5.33,30.93
2026-08-20 14:20:00,NSE:NIFTY26SEP24000CE,24000.0,CE,24242.15,573.85,573.9,569.35,571.35,3770,13.93,0.5907,0.000344,-5.27,30.89
2026-08-20 14:25:00,NSE:NIFTY26SEP24000CE,24000.0,CE,24245.8,571.35,578.6,570.0,578.6,3900,14.1,0.5911,0.00034,-5.33,30.89
2026-08-20 14:30:00,NSE:NIFTY26SEP24000CE,24000.0,CE,24244.6,578.35,580.0,575.0,575.0,3510,14.0,0.5911,0.000342,-5.29,30.88
2026-08-20 14:35:00,NSE:NIFTY26SEP24000CE,24000.0,CE,24244.0,575.0,577.5,573.2,577.5,3380,14.1,0.5904,0.00034,-5.33,30.89
2026-08-20 14:40:00,NSE:NIFTY26SEP24000CE,24000.0,CE,24237.0,577.5,578.0,571.05,571.05,7150,14.02,0.5885,0.000342,-5.31,30.92
2026-08-20 14:45:00,NSE:NIFTY26SEP24000CE,24000.0,CE,24236.65,571.05,574.5,568.0,571.85,17680,14.06,0.5882,0.000342,-5.32,30.93
2026-08-20 14:50:00,NSE:NIFTY26SEP24000CE,24000.0,CE,24235.7,571.7,574.2,569.6,571.3,6110,14.06,0.5878,0.000342,-5.32,30.93
2026-08-20 14:55:00,NSE:NIFTY26SEP24000CE,24000.0,CE,24238.1,571.3,573.0,569.25,573.0,4225,14.07,0.5886,0.000341,-5.33,30.92
2026-08-20 15:00:00,NSE:NIFTY26SEP24000CE,24000.0,CE,24231.35,571.0,571.0,563.0,566.0,20735,13.97,0.5868,0.000344,-5.29,30.94
2026-08-20 15:05:00,NSE:NIFTY26SEP24000CE,24000.0,CE,24215.7,566.45,566.45,557.8,561.4,28925,14.12,0.5807,0.000342,-5.37,31.03
2026-08-20 15:10:00,NSE:NIFTY26SEP24000CE,24000.0,CE,24212.35,558.45,562.0,555.0,562.0,9165,14.2,0.5792,0.00034,-5.4,31.05
2026-08-20 15:15:00,NSE:NIFTY26SEP24000CE,24000.0,CE,24211.6,563.0,567.7,563.0,563.4,6500,14.26,0.5787,0.000339,-5.43,31.05
2026-08-20 15:20:00,NSE:NIFTY26SEP24000CE,24000.0,CE,24211.6,563.4,563.75,557.0,562.85,18850,14.24,0.5788,0.000339,-5.42,31.05
2026-08-20 15:25:00,NSE:NIFTY26SEP24000CE,24000.0,CE,24231.85,561.35,565.0,560.6,564.4,11895,13.91,0.5873,0.000345,-5.27,30.93
2026-08-21 09:15:00,NSE:NIFTY26SEP24000CE,24000.0,CE,24238.1,577.55,577.55,556.25,558.0,39195,13.71,0.5913,0.000353,-5.23,30.57
2026-08-21 09:20:00,NSE:NIFTY26SEP24000CE,24000.0,CE,24220.3,555.0,556.0,540.05,542.15,34840,13.53,0.5859,0.000359,-5.18,30.65
2026-08-21 09:25:00,NSE:NIFTY26SEP24000CE,24000.0,CE,24230.8,542.15,548.35,537.45,545.0,56810,13.43,0.5903,0.000361,-5.13,30.58
2026-08-21 09:30:00,NSE:NIFTY26SEP24000CE,24000.0,CE,24208.8,545.0,545.0,530.85,535.05,70200,13.52,0.5819,0.00036,-5.19,30.71
2026-08-21 09:35:00,NSE:NIFTY26SEP24000CE,24000.0,CE,24220.7,533.25,539.95,533.25,537.45,15210,13.38,0.5869,0.000363,-5.12,30.63
2026-08-21 09:40:00,NSE:NIFTY26SEP24000CE,24000.0,CE,24243.85,537.45,551.05,537.45,550.15,11700,13.34,0.5955,0.000362,-5.08,30.49
2026-08-21 09:45:00,NSE:NIFTY26SEP24000CE,24000.0,CE,24243.5,550.55,554.6,548.05,553.0,10010,13.44,0.5948,0.000359,-5.12,30.51
2026-08-21 09:50:00,NSE:NIFTY26SEP24000CE,24000.0,CE,24250.55,552.1,558.75,550.2,555.4,12740,13.39,0.5976,0.00036,-5.09,30.46
2026-08-21 09:55:00,NSE:NIFTY26SEP24000CE,24000.0,CE,24246.9,554.55,556.35,550.0,555.7,4745,13.47,0.5959,0.000358,-5.13,30.49
2026-08-21 10:00:00,NSE:NIFTY26SEP24000CE,24000.0,CE,24239.5,555.05,558.45,549.5,549.85,6890,13.42,0.5935,0.00036,-5.12,30.52
2026-08-21 10:05:00,NSE:NIFTY26SEP24000CE,24000.0,CE,24225.25,549.85,552.0,546.0,548.15,7540,13.64,0.5872,0.000356,-5.22,30.62
2026-08-21 10:10:00,NSE:NIFTY26SEP24000CE,24000.0,CE,24235.7,548.15,553.0,546.05,552.0,9100,13.57,0.5913,0.000357,-5.18,30.56
2026-08-21 10:15:00,NSE:NIFTY26SEP24000CE,24000.0,CE,24232.1,552.0,554.0,548.2,549.9,14105,13.57,0.59,0.000357,-5.19,30.58
2026-08-21 10:20:00,NSE:NIFTY26SEP24000CE,24000.0,CE,24243.8,549.9,557.0,546.15,556.95,12220,13.57,0.5942,0.000356,-5.18,30.51
2026-08-21 10:25:00,NSE:NIFTY26SEP24000CE,24000.0,CE,24255.0,556.95,563.0,553.35,563.0,4680,13.56,0.5983,0.000355,-5.16,30.44
2026-08-21 10:30:00,NSE:NIFTY26SEP24000CE,24000.0,CE,24250.3,563.0,563.0,559.0,560.0,3900,13.55,0.5966,0.000356,-5.16,30.47
2026-08-21 10:35:00,NSE:NIFTY26SEP24000CE,24000.0,CE,24249.35,560.0,560.0,556.6,557.0,3055,13.47,0.5968,0.000358,-5.13,30.46
2026-08-21 10:40:00,NSE:NIFTY26SEP24000CE,24000.0,CE,24253.2,557.0,563.0,557.0,562.0,3900,13.56,0.5976,0.000355,-5.16,30.45
2026-08-21 10:45:00,NSE:NIFTY26SEP24000CE,24000.0,CE,24253.5,562.0,567.45,559.0,560.5,3965,13.5,0.598,0.000357,-5.14,30.44
2026-08-21 10:50:00,NSE:NIFTY26SEP24000CE,24000.0,CE,24264.65,562.5,567.9,560.15,566.5,7540,13.48,0.6022,0.000356,-5.12,30.36
2026-08-21 10:55:00,NSE:NIFTY26SEP24000CE,24000.0,CE,24261.0,565.65,567.0,562.1,562.35,3510,13.42,0.6013,0.000358,-5.1,30.38
2026-08-21 11:00:00,NSE:NIFTY26SEP24000CE,24000.0,CE,24266.0,562.35,566.0,562.35,565.0,2145,13.41,0.6031,0.000358,-5.09,30.34
2026-08-21 11:05:00,NSE:NIFTY26SEP24000CE,24000.0,CE,24259.8,565.0,568.0,561.55,561.55,21060,13.42,0.6009,0.000358,-5.1,30.38
2026-08-21 11:10:00,NSE:NIFTY26SEP24000CE,24000.0,CE,24262.65,561.55,565.0,559.35,564.0,3380,13.44,0.6017,0.000357,-5.1,30.36
2026-08-21 11:15:00,NSE:NIFTY26SEP24000CE,24000.0,CE,24255.35,565.0,565.7,558.5,558.5,4615,13.41,0.5993,0.000359,-5.1,30.4
2026-08-21 11:20:00,NSE:NIFTY26SEP24000CE,24000.0,CE,24255.0,558.5,563.0,558.5,562.0,4615,13.53,0.5985,0.000356,-5.15,30.42
2026-08-21 11:25:00,NSE:NIFTY26SEP24000CE,24000.0,CE,24256.6,562.0,564.3,562.0,563.0,4225,13.53,0.599,0.000356,-5.15,30.41
2026-08-21 11:30:00,NSE:NIFTY26SEP24000CE,24000.0,CE,24258.7,563.0,567.25,562.05,563.6,3835,13.51,0.5999,0.000356,-5.14,30.39
2026-08-21 11:35:00,NSE:NIFTY26SEP24000CE,24000.0,CE,24257.2,563.6,564.75,560.55,561.55,975,13.47,0.5996,0.000357,-5.12,30.4
2026-08-21 11:40:00,NSE:NIFTY26SEP24000CE,24000.0,CE,24251.05,561.55,561.55,557.0,558.25,3445,13.49,0.5973,0.000358,-5.14,30.43
2026-08-21 11:45:00,NSE:NIFTY26SEP24000CE,24000.0,CE,24254.35,558.25,561.55,555.5,561.55,1430,13.53,0.5982,0.000356,-5.15,30.42
2026-08-21 11:50:00,NSE:NIFTY26SEP24000CE,24000.0,CE,24245.25,561.55,562.0,555.0,555.0,1625,13.49,0.5952,0.000358,-5.15,30.47
2026-08-21 11:55:00,NSE:NIFTY26SEP24000CE,24000.0,CE,24239.3,555.0,555.0,548.45,551.5,6565,13.49,0.5931,0.000359,-5.15,30.5
2026-08-21 12:00:00,NSE:NIFTY26SEP24000CE,24000.0,CE,24238.55,552.95,556.1,552.1,553.55,4485,13.57,0.5924,0.000357,-5.19,30.51
2026-08-21 12:05:00,NSE:NIFTY26SEP24000CE,24000.0,CE,24236.25,553.55,556.0,550.05,552.0,9425,13.57,0.5916,0.000357,-5.19,30.52
2026-08-21 12:10:00,NSE:NIFTY26SEP24000CE,24000.0,CE,24233.3,551.4,555.0,551.0,551.0,3315,13.59,0.5904,0.000357,-5.2,30.54
2026-08-21 12:15:00,NSE:NIFTY26SEP24000CE,24000.0,CE,24237.95,551.75,553.0,548.0,553.0,4680,13.57,0.5922,0.000357,-5.19,30.51
2026-08-21 12:20:00,NSE:NIFTY26SEP24000CE,24000.0,CE,24240.75,553.0,554.95,552.1,554.0,2470,13.55,0.5933,0.000357,-5.18,30.49
2026-08-21 12:25:00,NSE:NIFTY26SEP24000CE,24000.0,CE,24238.25,554.0,554.7,552.5,553.0,4290,13.56,0.5923,0.000357,-5.19,30.51
2026-08-21 12:30:00,NSE:NIFTY26SEP24000CE,24000.0,CE,24243.1,553.0,557.25,552.0,555.4,3705,13.55,0.5941,0.000357,-5.17,30.47
2026-08-21 12:35:00,NSE:NIFTY26SEP24000CE,24000.0,CE,24236.55,555.4,558.05,553.0,553.0,8970,13.6,0.5915,0.000356,-5.2,30.52
2026-08-21 12:40:00,NSE:NIFTY26SEP24000CE,24000.0,CE,24233.3,553.0,553.0,545.1,549.45,11180,13.55,0.5907,0.000358,-5.18,30.53
2026-08-21 12:45:00,NSE:NIFTY26SEP24000CE,24000.0,CE,24230.4,549.45,552.85,549.05,552.4,4290,13.7,0.5888,0.000355,-5.25,30.56
2026-08-21 12:50:00,NSE:NIFTY26SEP24000CE,24000.0,CE,24233.2,550.55,552.85,550.4,550.5,1560,13.58,0.5904,0.000357,-5.2,30.53
2026-08-21 12:55:00,NSE:NIFTY26SEP24000CE,24000.0,CE,24232.8,551.0,551.35,548.0,550.0,1560,13.58,0.5903,0.000357,-5.2,30.53
2026-08-21 13:00:00,NSE:NIFTY26SEP24000CE,24000.0,CE,24241.05,550.0,556.25,550.0,555.95,2080,13.61,0.5931,0.000356,-5.2,30.48
2026-08-21 13:05:00,NSE:NIFTY26SEP24000CE,24000.0,CE,24250.35,555.95,561.0,553.7,560.0,5265,13.57,0.5967,0.000356,-5.17,30.42
2026-08-21 13:10:00,NSE:NIFTY26SEP24000CE,24000.0,CE,24244.0,560.0,561.5,556.6,556.6,2665,13.58,0.5943,0.000356,-5.19,30.46
2026-08-21 13:15:00,NSE:NIFTY26SEP24000CE,24000.0,CE,24246.0,556.6,558.25,555.6,558.0,1235,13.58,0.595,0.000356,-5.19,30.45
2026-08-21 13:20:00,NSE:NIFTY26SEP24000CE,24000.0,CE,24238.35,558.0,558.0,549.0,551.0,2210,13.5,0.5928,0.000359,-5.16,30.48
2026-08-21 13:25:00,NSE:NIFTY26SEP24000CE,24000.0,CE,24246.8,551.0,556.45,550.2,554.95,1235,13.47,0.596,0.000359,-5.14,30.43
2026-08-21 13:30:00,NSE:NIFTY26SEP24000CE,24000.0,CE,24239.5,558.0,558.0,552.0,552.05,2470,13.52,0.5931,0.000358,-5.17,30.47
2026-08-21 13:35:00,NSE:NIFTY26SEP24000CE,24000.0,CE,24233.7,552.05,552.05,545.4,549.0,2340,13.53,0.5909,0.000359,-5.18,30.51
2026-08-21 13:40:00,NSE:NIFTY26SEP24000CE,24000.0,CE,24235.8,549.0,550.8,546.15,550.8,1625,13.55,0.5916,0.000358,-5.19,30.5
2026-08-21 13:45:00,NSE:NIFTY26SEP24000CE,24000.0,CE,24231.45,550.8,551.65,546.75,546.95,4225,13.51,0.5903,0.000359,-5.17,30.51
2026-08-21 13:50:00,NSE:NIFTY26SEP24000CE,24000.0,CE,24232.95,547.0,551.45,545.25,551.45,3315,13.63,0.5902,0.000356,-5.22,30.52
2026-08-21 13:55:00,NSE:NIFTY26SEP24000CE,24000.0,CE,24233.95,551.4,557.0,551.4,553.85,11180,13.69,0.5902,0.000355,-5.24,30.52
2026-08-21 14:00:00,NSE:NIFTY26SEP24000CE,24000.0,CE,24230.7,553.85,554.4,548.85,550.0,1300,13.62,0.5894,0.000357,-5.22,30.53
2026-08-21 14:05:00,NSE:NIFTY26SEP24000CE,24000.0,CE,24225.45,550.0,551.0,546.15,547.2,6045,13.63,0.5874,0.000357,-5.23,30.55
2026-08-21 14:10:00,NSE:NIFTY26SEP24000CE,24000.0,CE,24230.55,547.2,551.0,547.2,549.65,6175,13.62,0.5894,0.000357,-5.22,30.52
2026-08-21 14:15:00,NSE:NIFTY26SEP24000CE,24000.0,CE,24236.15,551.55,554.45,549.25,552.35,10075,13.6,0.5915,0.000357,-5.21,30.49
2026-08-21 14:20:00,NSE:NIFTY26SEP24000CE,24000.0,CE,24239.35,552.0,556.05,551.85,554.55,5525,13.61,0.5926,0.000356,-5.21,30.47
2026-08-21 14:25:00,NSE:NIFTY26SEP24000CE,24000.0,CE,24243.1,554.55,561.0,552.65,558.8,19955,13.67,0.5935,0.000354,-5.23,30.46
2026-08-21 14:30:00,NSE:NIFTY26SEP24000CE,24000.0,CE,24237.75,561.95,564.0,556.55,556.8,7215,13.71,0.5914,0.000354,-5.25,30.49
2026-08-21 14:35:00,NSE:NIFTY26SEP24000CE,24000.0,CE,24234.7,556.6,558.7,555.0,556.5,3705,13.76,0.5901,0.000353,-5.28,30.51
2026-08-21 14:40:00,NSE:NIFTY26SEP24000CE,24000.0,CE,24235.35,557.1,558.05,555.7,557.75,6435,13.79,0.5901,0.000352,-5.29,30.51
2026-08-21 14:45:00,NSE:NIFTY26SEP24000CE,24000.0,CE,24237.6,559.3,562.75,557.05,560.0,12545,13.82,0.5908,0.000351,-5.3,30.5
2026-08-21 14:50:00,NSE:NIFTY26SEP24000CE,24000.0,CE,24238.6,559.0,561.75,557.0,560.0,29900,13.8,0.5912,0.000352,-5.29,30.49
2026-08-21 14:55:00,NSE:NIFTY26SEP24000CE,24000.0,CE,24236.3,560.0,560.3,556.1,558.85,15925,13.81,0.5904,0.000352,-5.29,30.5
2026-08-21 15:00:00,NSE:NIFTY26SEP24000CE,24000.0,CE,24235.75,557.35,562.95,556.2,558.05,67405,13.8,0.5903,0.000352,-5.29,30.5
2026-08-21 15:05:00,NSE:NIFTY26SEP24000CE,24000.0,CE,24234.05,558.05,561.7,556.05,559.15,14170,13.87,0.5893,0.000351,-5.32,30.52
2026-08-21 15:10:00,NSE:NIFTY26SEP24000CE,24000.0,CE,24234.75,559.6,564.0,557.5,557.7,12935,13.81,0.5899,0.000352,-5.29,30.5
2026-08-21 15:15:00,NSE:NIFTY26SEP24000CE,24000.0,CE,24234.75,557.7,560.0,556.6,556.6,5720,13.77,0.5901,0.000353,-5.28,30.5
2026-08-21 15:20:00,NSE:NIFTY26SEP24000CE,24000.0,CE,24234.75,556.5,559.7,553.0,556.7,13520,13.77,0.59,0.000353,-5.28,30.5
2026-08-21 15:25:00,NSE:NIFTY26SEP24000CE,24000.0,CE,24252.0,556.45,559.0,554.5,557.95,7540,13.48,0.5979,0.000358,-5.15,30.36
2026-08-24 09:15:00,NSE:NIFTY26SEP24000CE,24000.0,CE,24303.4,574.0,586.95,574.0,581.3,19825,13.7,0.6185,0.00036,-5.35,28.91
2026-08-24 09:20:00,NSE:NIFTY26SEP24000CE,24000.0,CE,24303.0,582.75,587.4,580.25,585.0,21450,13.84,0.6174,0.000356,-5.41,28.93
2026-08-24 09:25:00,NSE:NIFTY26SEP24000CE,24000.0,CE,24287.15,585.95,585.95,575.3,576.25,28210,13.87,0.6115,0.000357,-5.45,29.05
2026-08-24 09:30:00,NSE:NIFTY26SEP24000CE,24000.0,CE,24276.7,575.65,576.5,568.05,570.9,12415,13.91,0.6075,0.000358,-5.48,29.12
2026-08-24 09:35:00,NSE:NIFTY26SEP24000CE,24000.0,CE,24283.1,570.9,574.0,565.9,571.75,4680,13.8,0.6105,0.00036,-5.43,29.06
2026-08-24 09:40:00,NSE:NIFTY26SEP24000CE,24000.0,CE,24281.65,571.75,573.6,567.4,570.25,9295,13.78,0.6101,0.00036,-5.42,29.07
2026-08-24 09:45:00,NSE:NIFTY26SEP24000CE,24000.0,CE,24281.35,570.25,572.0,568.0,569.8,6825,13.77,0.6101,0.000361,-5.42,29.07
2026-08-24 09:50:00,NSE:NIFTY26SEP24000CE,24000.0,CE,24272.65,569.8,570.95,565.05,566.65,5720,13.85,0.6065,0.00036,-5.46,29.14
2026-08-24 09:55:00,NSE:NIFTY26SEP24000CE,24000.0,CE,24268.65,566.85,571.0,564.0,565.95,3185,13.91,0.6046,0.000359,-5.49,29.17
2026-08-24 10:00:00,NSE:NIFTY26SEP24000CE,24000.0,CE,24269.5,565.0,569.15,564.0,566.75,4940,13.92,0.6049,0.000358,-5.5,29.16
2026-08-24 10:05:00,NSE:NIFTY26SEP24000CE,24000.0,CE,24270.3,566.75,568.05,565.0,566.65,3120,13.9,0.6053,0.000359,-5.49,29.15
2026-08-24 10:10:00,NSE:NIFTY26SEP24000CE,24000.0,CE,24273.05,566.65,569.05,565.55,569.0,3380,13.92,0.6061,0.000358,-5.5,29.14
2026-08-24 10:15:00,NSE:NIFTY26SEP24000CE,24000.0,CE,24278.2,569.0,573.0,567.1,573.0,5785,13.95,0.6078,0.000357,-5.5,29.11
2026-08-24 10:20:00,NSE:NIFTY26SEP24000CE,24000.0,CE,24278.6,573.0,573.35,569.3,570.0,11115,13.84,0.6087,0.000359,-5.45,29.09
2026-08-24 10:25:00,NSE:NIFTY26SEP24000CE,24000.0,CE,24277.7,570.0,570.3,567.55,570.0,9815,13.86,0.6082,0.000359,-5.46,29.09
2026-08-24 10:30:00,NSE:NIFTY26SEP24000CE,24000.0,CE,24280.3,570.0,570.95,565.65,569.0,5135,13.78,0.6097,0.000361,-5.42,29.06
2026-08-24 10:35:00,NSE:NIFTY26SEP24000CE,24000.0,CE,24280.25,569.0,574.0,567.7,572.2,10270,13.89,0.609,0.000358,-5.47,29.08
2026-08-24 10:40:00,NSE:NIFTY26SEP24000CE,24000.0,CE,24279.7,572.2,572.2,568.2,570.8,4290,13.85,0.609,0.000359,-5.46,29.08
2026-08-24 10:45:00,NSE:NIFTY26SEP24000CE,24000.0,CE,24270.6,570.8,570.8,565.95,565.95,4290,13.87,0.6056,0.000359,-5.48,29.14
2026-08-24 10:50:00,NSE:NIFTY26SEP24000CE,24000.0,CE,24269.2,565.95,566.0,557.6,561.0,7280,13.73,0.606,0.000363,-5.42,29.13
2026-08-24 10:55:00,NSE:NIFTY26SEP24000CE,24000.0,CE,24243.25,561.3,564.75,540.2,543.95,11700,13.69,0.5968,0.000367,-5.44,29.28
2026-08-24 11:00:00,NSE:NIFTY26SEP24000CE,24000.0,CE,24230.95,542.9,550.8,528.2,531.9,23075,13.52,0.5933,0.000373,-5.38,29.33
2026-08-24 11:05:00,NSE:NIFTY26SEP24000CE,24000.0,CE,24221.65,531.9,532.95,522.1,526.95,44460,13.54,0.5897,0.000373,-5.4,29.39
2026-08-24 11:10:00,NSE:NIFTY26SEP24000CE,24000.0,CE,24210.75,526.5,526.75,516.0,518.2,22295,13.46,0.586,0.000376,-5.38,29.44
2026-08-24 11:15:00,NSE:NIFTY26SEP24000CE,24000.0,CE,24215.1,516.9,521.95,514.5,518.2,20215,13.38,0.5881,0.000378,-5.34,29.4
2026-08-24 11:20:00,NSE:NIFTY26SEP24000CE,24000.0,CE,24203.25,518.0,520.2,507.7,513.0,18005,13.44,0.5833,0.000378,-5.38,29.47
2026-08-24 11:25:00,NSE:NIFTY26SEP24000CE,24000.0,CE,24202.05,513.0,514.0,508.2,510.05,12870,13.36,0.5833,0.00038,-5.35,29.47
2026-08-24 11:30:00,NSE:NIFTY26SEP24000CE,24000.0,CE,24180.0,510.05,510.5,492.8,494.4,34775,13.27,0.5753,0.000385,-5.33,29.57
2026-08-24 11:35:00,NSE:NIFTY26SEP24000CE,24000.0,CE,24180.85,494.25,497.5,490.25,496.1,16510,13.31,0.5755,0.000383,-5.35,29.56
2026-08-24 11:40:00,NSE:NIFTY26SEP24000CE,24000.0,CE,24187.15,496.1,500.0,495.5,495.55,15080,13.17,0.5786,0.000387,-5.28,29.52
2026-08-24 11:45:00,NSE:NIFTY26SEP24000CE,24000.0,CE,24196.85,495.55,504.4,495.55,503.95,30485,13.26,0.5818,0.000383,-5.31,29.48
2026-08-24 11:50:00,NSE:NIFTY26SEP24000CE,24000.0,CE,24191.65,503.5,504.15,498.15,498.15,14950,13.17,0.5803,0.000386,-5.28,29.5
2026-08-24 11:55:00,NSE:NIFTY26SEP24000CE,24000.0,CE,24181.2,500.4,501.85,494.8,495.5,17875,13.28,0.5757,0.000384,-5.34,29.55
2026-08-24 12:00:00,NSE:NIFTY26SEP24000CE,24000.0,CE,24190.25,495.5,502.4,495.1,500.85,11180,13.29,0.5792,0.000383,-5.33,29.51
2026-08-24 12:05:00,NSE:NIFTY26SEP24000CE,24000.0,CE,24194.7,499.5,505.0,498.05,505.0,9360,13.34,0.5806,0.000381,-5.35,29.49
2026-08-24 12:10:00,NSE:NIFTY26SEP24000CE,24000.0,CE,24194.1,505.0,505.45,501.9,501.9,10855,13.25,0.5809,0.000384,-5.31,29.49
2026-08-24 12:15:00,NSE:NIFTY26SEP24000CE,24000.0,CE,24190.5,502.35,504.5,500.65,502.1,8255,13.33,0.5791,0.000382,-5.35,29.51
2026-08-24 12:20:00,NSE:NIFTY26SEP24000CE,24000.0,CE,24192.7,504.2,506.0,501.8,504.0,12805,13.35,0.5798,0.000381,-5.36,29.5
2026-08-24 12:25:00,NSE:NIFTY26SEP24000CE,24000.0,CE,24183.85,504.0,506.95,500.25,500.25,6175,13.4,0.5762,0.000381,-5.38,29.54
2026-08-24 12:30:00,NSE:NIFTY26SEP24000CE,24000.0,CE,24183.35,500.0,503.75,499.9,500.15,6240,13.4,0.576,0.000381,-5.39,29.54
2026-08-24 12:35:00,NSE:NIFTY26SEP24000CE,24000.0,CE,24180.1,500.15,504.9,498.0,498.45,7410,13.41,0.5748,0.000381,-5.39,29.56
2026-08-24 12:40:00,NSE:NIFTY26SEP24000CE,24000.0,CE,24180.1,498.2,500.9,496.85,498.4,12285,13.41,0.5748,0.000381,-5.39,29.56
2026-08-24 12:45:00,NSE:NIFTY26SEP24000CE,24000.0,CE,24185.1,498.4,501.75,496.55,500.25,9685,13.37,0.5768,0.000381,-5.38,29.53
2026-08-24 12:50:00,NSE:NIFTY26SEP24000CE,24000.0,CE,24182.85,501.4,501.4,495.25,496.2,13975,13.28,0.5764,0.000384,-5.34,29.53
2026-08-24 12:55:00,NSE:NIFTY26SEP24000CE,24000.0,CE,24180.95,496.8,501.5,496.65,498.2,5980,13.39,0.5752,0.000382,-5.38,29.55
2026-08-24 13:00:00,NSE:NIFTY26SEP24000CE,24000.0,CE,24169.85,495.95,499.95,488.1,491.95,37310,13.39,0.5709,0.000382,-5.4,29.59
2026-08-24 13:05:00,NSE:NIFTY26SEP24000CE,24000.0,CE,24159.6,493.1,493.1,483.25,486.3,31720,13.4,0.567,0.000383,-5.41,29.63
2026-08-24 13:10:00,NSE:NIFTY26SEP24000CE,24000.0,CE,24166.15,486.3,489.55,485.4,489.55,9685,13.38,0.5696,0.000383,-5.4,29.61
2026-08-24 13:15:00,NSE:NIFTY26SEP24000CE,24000.0,CE,24173.35,488.1,493.8,486.0,493.15,13325,13.37,0.5724,0.000383,-5.38,29.57
2026-08-24 13:20:00,NSE:NIFTY26SEP24000CE,24000.0,CE,24175.8,493.15,495.0,491.05,493.8,9425,13.34,0.5734,0.000383,-5.37,29.56
2026-08-24 13:25:00,NSE:NIFTY26SEP24000CE,24000.0,CE,24178.75,493.8,497.25,492.0,495.15,6045,13.33,0.5746,0.000383,-5.37,29.54
2026-08-24 13:30:00,NSE:NIFTY26SEP24000CE,24000.0,CE,24165.2,495.15,496.95,490.0,490.6,11050,13.44,0.569,0.000382,-5.42,29.61
2026-08-24 13:35:00,NSE:NIFTY26SEP24000CE,24000.0,CE,24169.5,490.6,494.55,487.8,491.6,22750,13.39,0.5708,0.000383,-5.4,29.59
2026-08-24 13:40:00,NSE:NIFTY26SEP24000CE,24000.0,CE,24167.05,491.6,495.95,491.3,491.9,11960,13.45,0.5696,0.000381,-5.43,29.6
2026-08-24 13:45:00,NSE:NIFTY26SEP24000CE,24000.0,CE,24166.9,491.9,493.35,490.0,492.85,6760,13.48,0.5694,0.00038,-5.44,29.6
2026-08-24 13:50:00,NSE:NIFTY26SEP24000CE,24000.0,CE,24160.9,492.85,493.45,488.95,490.15,8450,13.51,0.5671,0.00038,-5.46,29.62
2026-08-24 13:55:00,NSE:NIFTY26SEP24000CE,24000.0,CE,24158.55,489.05,492.45,487.1,491.0,8515,13.58,0.5659,0.000378,-5.49,29.63
2026-08-24 14:00:00,NSE:NIFTY26SEP24000CE,24000.0,CE,24160.15,491.0,493.7,490.5,491.75,27625,13.58,0.5665,0.000378,-5.49,29.63
2026-08-24 14:05:00,NSE:NIFTY26SEP24000CE,24000.0,CE,24162.6,491.75,494.55,490.0,494.55,5915,13.63,0.5673,0.000377,-5.51,29.62
2026-08-24 14:10:00,NSE:NIFTY26SEP24000CE,24000.0,CE,24151.1,494.55,494.55,488.05,488.15,7670,13.63,0.5629,0.000378,-5.52,29.66
2026-08-24 14:15:00,NSE:NIFTY26SEP24000CE,24000.0,CE,24154.15,488.0,492.8,485.25,491.5,17485,13.69,0.5639,0.000376,-5.54,29.65
2026-08-24 14:20:00,NSE:NIFTY26SEP24000CE,24000.0,CE,24149.15,491.5,493.85,490.1,490.75,8710,13.76,0.5617,0.000374,-5.57,29.67
2026-08-24 14:25:00,NSE:NIFTY26SEP24000CE,24000.0,CE,24161.05,490.4,499.6,490.4,497.1,22685,13.75,0.5662,0.000374,-5.56,29.62
2026-08-24 14:30:00,NSE:NIFTY26SEP24000CE,24000.0,CE,24175.0,497.3,507.75,496.3,504.95,26845,13.74,0.5715,0.000373,-5.54,29.57
2026-08-24 14:35:00,NSE:NIFTY26SEP24000CE,24000.0,CE,24171.85,504.95,506.75,501.7,503.55,16380,13.76,0.5702,0.000373,-5.55,29.58
2026-08-24 14:40:00,NSE:NIFTY26SEP24000CE,24000.0,CE,24165.25,505.45,508.35,500.05,506.0,17485,13.97,0.567,0.000368,-5.65,29.62
2026-08-24 14:45:00,NSE:NIFTY26SEP24000CE,24000.0,CE,24163.75,505.5,505.95,502.8,503.85,25805,13.92,0.5666,0.000369,-5.63,29.62
2026-08-24 14:50:00,NSE:NIFTY26SEP24000CE,24000.0,CE,24170.6,504.05,507.45,502.75,506.05,15210,13.87,0.5693,0.00037,-5.6,29.59
2026-08-24 14:55:00,NSE:NIFTY26SEP24000CE,24000.0,CE,24172.45,506.6,506.95,504.3,505.0,10725,13.8,0.5703,0.000372,-5.57,29.57
2026-08-24 15:00:00,NSE:NIFTY26SEP24000CE,24000.0,CE,24173.3,505.9,507.95,501.95,501.95,12350,13.68,0.5711,0.000375,-5.52,29.56
2026-08-24 15:05:00,NSE:NIFTY26SEP24000CE,24000.0,CE,24174.5,503.05,504.15,497.55,502.5,22750,13.67,0.5716,0.000375,-5.52,29.56
2026-08-24 15:10:00,NSE:NIFTY26SEP24000CE,24000.0,CE,24182.8,502.55,505.0,500.45,501.4,16250,13.48,0.5756,0.000379,-5.43,29.5
2026-08-24 15:15:00,NSE:NIFTY26SEP24000CE,24000.0,CE,24182.8,501.35,503.95,498.2,500.0,18915,13.43,0.5758,0.000381,-5.41,29.5
2026-08-24 15:20:00,NSE:NIFTY26SEP24000CE,24000.0,CE,24182.8,500.0,504.5,500.0,504.0,29055,13.57,0.5752,0.000377,-5.47,29.51
2026-08-24 15:25:00,NSE:NIFTY26SEP24000CE,24000.0,CE,24219.05,504.5,504.7,501.0,504.7,7410,12.87,0.5928,0.000393,-5.13,29.25
2026-08-25 09:15:00,NSE:NIFTY26SEP24000CE,24000.0,CE,24184.05,490.0,494.65,457.1,494.35,74555,13.35,0.5774,0.000387,-5.43,29.17
2026-08-25 09:20:00,NSE:NIFTY26SEP24000CE,24000.0,CE,24175.05,493.85,507.65,490.45,493.8,52715,13.51,0.5732,0.000383,-5.51,29.22
2026-08-25 09:25:00,NSE:NIFTY26SEP24000CE,24000.0,CE,24181.5,493.8,503.0,492.65,497.05,7930,13.5,0.5757,0.000383,-5.5,29.19
2026-08-25 09:30:00,NSE:NIFTY26SEP24000CE,24000.0,CE,24190.9,497.8,509.0,497.8,505.4,30550,13.6,0.5788,0.000379,-5.53,29.15
2026-08-25 09:35:00,NSE:NIFTY26SEP24000CE,24000.0,CE,24172.8,506.3,509.0,493.5,496.4,32630,13.65,0.5718,0.00038,-5.57,29.24
2026-08-25 09:40:00,NSE:NIFTY26SEP24000CE,24000.0,CE,24154.85,496.4,496.4,483.5,484.0,28145,13.57,0.5652,0.000383,-5.55,29.3
2026-08-25 09:45:00,NSE:NIFTY26SEP24000CE,24000.0,CE,24154.15,484.5,490.95,481.05,483.7,10660,13.58,0.5649,0.000383,-5.56,29.31
2026-08-25 09:50:00,NSE:NIFTY26SEP24000CE,24000.0,CE,24138.1,485.0,485.75,471.95,474.85,17615,13.58,0.5588,0.000384,-5.57,29.36
2026-08-25 09:55:00,NSE:NIFTY26SEP24000CE,24000.0,CE,24138.85,474.85,479.0,471.65,472.9,40430,13.5,0.5593,0.000387,-5.54,29.35
2026-08-25 10:00:00,NSE:NIFTY26SEP24000CE,24000.0,CE,24143.9,471.7,473.75,462.65,472.45,58045,13.39,0.5617,0.000389,-5.49,29.33
2026-08-25 10:05:00,NSE:NIFTY26SEP24000CE,24000.0,CE,24135.05,472.45,475.0,467.3,469.0,25805,13.44,0.558,0.000389,-5.52,29.36
2026-08-25 10:10:00,NSE:NIFTY26SEP24000CE,24000.0,CE,24141.2,469.2,473.5,467.85,471.6,60645,13.41,0.5605,0.000389,-5.5,29.34
2026-08-25 10:15:00,NSE:NIFTY26SEP24000CE,24000.0,CE,24134.1,471.65,471.65,465.2,467.6,82225,13.41,0.5578,0.000389,-5.5,29.36
2026-08-25 10:20:00,NSE:NIFTY26SEP24000CE,24000.0,CE,24120.5,468.9,468.9,459.05,461.2,54990,13.45,0.5524,0.000389,-5.53,29.4
2026-08-25 10:25:00,NSE:NIFTY26SEP24000CE,24000.0,CE,24126.35,461.2,465.75,459.1,464.1,28925,13.44,0.5547,0.000389,-5.52,29.38
2026-08-25 10:30:00,NSE:NIFTY26SEP24000CE,24000.0,CE,24129.75,464.1,470.55,464.1,469.45,15535,13.56,0.5556,0.000386,-5.57,29.38
2026-08-25 10:35:00,NSE:NIFTY26SEP24000CE,24000.0,CE,24131.65,468.2,469.45,465.0,467.95,10985,13.47,0.5566,0.000388,-5.53,29.37
2026-08-25 10:40:00,NSE:NIFTY26SEP24000CE,24000.0,CE,24135.95,467.3,471.5,465.15,470.7,7670,13.49,0.5583,0.000387,-5.54,29.35
2026-08-25 10:45:00,NSE:NIFTY26SEP24000CE,24000.0,CE,24154.5,471.55,480.0,470.3,480.0,15275,13.45,0.5656,0.000387,-5.51,29.28
2026-08-25 10:50:00,NSE:NIFTY26SEP24000CE,24000.0,CE,24155.4,479.95,486.15,478.0,479.95,21710,13.43,0.566,0.000387,-5.5,29.27
2026-08-25 10:55:00,NSE:NIFTY26SEP24000CE,24000.0,CE,24142.7,479.95,482.2,472.55,473.45,5980,13.45,0.561,0.000388,-5.52,29.32
2026-08-25 11:00:00,NSE:NIFTY26SEP24000CE,24000.0,CE,24139.8,473.45,476.45,470.55,473.5,11700,13.51,0.5597,0.000386,-5.54,29.33
2026-08-25 11:05:00,NSE:NIFTY26SEP24000CE,24000.0,CE,24140.65,472.2,478.9,472.2,476.1,3055,13.59,0.5598,0.000384,-5.57,29.33
2026-08-25 11:10:00,NSE:NIFTY26SEP24000CE,24000.0,CE,24147.55,477.7,480.95,473.6,480.95,9945,13.62,0.5623,0.000383,-5.58,29.31
2026-08-25 11:15:00,NSE:NIFTY26SEP24000CE,24000.0,CE,24146.2,481.05,486.1,480.05,481.45,8385,13.66,0.5616,0.000382,-5.6,29.31
2026-08-25 11:20:00,NSE:NIFTY26SEP24000CE,24000.0,CE,24150.75,481.95,488.2,481.95,485.55,8905,13.72,0.5632,0.00038,-5.62,29.3
2026-08-25 11:25:00,NSE:NIFTY26SEP24000CE,24000.0,CE,24149.2,485.55,487.6,482.55,483.0,6370,13.66,0.5628,0.000382,-5.6,29.3
2026-08-25 11:30:00,NSE:NIFTY26SEP24000CE,24000.0,CE,24151.1,483.0,486.6,482.65,484.85,4875,13.69,0.5634,0.000381,-5.61,29.29
2026-08-25 11:35:00,NSE:NIFTY26SEP24000CE,24000.0,CE,24152.95,485.35,488.3,478.8,488.3,6175,13.77,0.5638,0.000378,-5.64,29.29
2026-08-25 11:40:00,NSE:NIFTY26SEP24000CE,24000.0,CE,24152.05,488.3,489.05,485.0,485.0,7020,13.68,0.5638,0.000381,-5.61,29.28
2026-08-25 11:45:00,NSE:NIFTY26SEP24000CE,24000.0,CE,24146.3,485.0,485.75,480.75,482.0,6760,13.68,0.5616,0.000381,-5.61,29.3
2026-08-25 11:50:00,NSE:NIFTY26SEP24000CE,24000.0,CE,24163.15,482.25,496.0,482.0,495.25,43290,13.81,0.5675,0.000377,-5.65,29.25
2026-08-25 11:55:00,NSE:NIFTY26SEP24000CE,24000.0,CE,24178.3,495.95,515.65,495.2,509.2,35100,13.99,0.5725,0.000371,-5.72,29.19
2026-08-25 12:00:00,NSE:NIFTY26SEP24000CE,24000.0,CE,24179.55,508.75,510.65,499.05,506.1,16705,13.86,0.5735,0.000374,-5.66,29.18
2026-08-25 12:05:00,NSE:NIFTY26SEP24000CE,24000.0,CE,24170.8,506.0,507.6,502.55,504.45,6825,13.98,0.5697,0.000372,-5.72,29.22
2026-08-25 12:10:00,NSE:NIFTY26SEP24000CE,24000.0,CE,24171.6,504.45,505.6,500.45,504.45,10010,13.96,0.5701,0.000372,-5.71,29.22
2026-08-25 12:15:00,NSE:NIFTY26SEP24000CE,24000.0,CE,24173.35,504.95,506.5,503.05,503.3,3835,13.89,0.571,0.000374,-5.68,29.2
2026-08-25 12:20:00,NSE:NIFTY26SEP24000CE,24000.0,CE,24170.55,503.65,505.7,502.05,502.5,7540,13.92,0.5699,0.000373,-5.69,29.21
2026-08-25 12:25:00,NSE:NIFTY26SEP24000CE,24000.0,CE,24169.85,502.5,504.05,497.0,501.75,4290,13.91,0.5697,0.000374,-5.69,29.22
2026-08-25 12:30:00,NSE:NIFTY26SEP24000CE,24000.0,CE,24171.35,501.75,504.5,500.1,503.65,10270,13.95,0.5701,0.000373,-5.71,29.21
2026-08-25 12:35:00,NSE:NIFTY26SEP24000CE,24000.0,CE,24162.85,502.1,503.85,496.4,498.35,10205,13.93,0.567,0.000374,-5.71,29.24
2026-08-25 12:40:00,NSE:NIFTY26SEP24000CE,24000.0,CE,24156.3,498.1,498.45,488.85,492.45,7995,13.86,0.5648,0.000376,-5.68,29.26
2026-08-25 12:45:00,NSE:NIFTY26SEP24000CE,24000.0,CE,24157.75,492.45,495.7,490.25,493.9,9100,13.88,0.5653,0.000375,-5.69,29.25
2026-08-25 12:50:00,NSE:NIFTY26SEP24000CE,24000.0,CE,24152.15,492.3,494.4,489.25,490.0,11830,13.85,0.5633,0.000377,-5.68,29.27
2026-08-25 12:55:00,NSE:NIFTY26SEP24000CE,24000.0,CE,24157.05,491.45,492.75,484.5,489.75,23270,13.75,0.5655,0.000379,-5.64,29.25
2026-08-25 13:00:00,NSE:NIFTY26SEP24000CE,24000.0,CE,24144.2,488.1,490.95,476.6,482.35,38545,13.75,0.5606,0.00038,-5.65,29.29
2026-08-25 13:05:00,NSE:NIFTY26SEP24000CE,24000.0,CE,24139.55,481.3,482.45,477.0,480.1,25870,13.76,0.5588,0.00038,-5.65,29.31
2026-08-25 13:10:00,NSE:NIFTY26SEP24000CE,24000.0,CE,24129.9,480.1,482.1,468.4,468.75,32955,13.56,0.5558,0.000386,-5.58,29.33
2026-08-25 13:15:00,NSE:NIFTY26SEP24000CE,24000.0,CE,24129.6,470.3,475.1,468.25,471.5,108745,13.66,0.5554,0.000384,-5.62,29.33
2026-08-25 13:20:00,NSE:NIFTY26SEP24000CE,24000.0,CE,24125.4,472.8,473.95,467.8,467.8,86645,13.61,0.5539,0.000385,-5.6,29.34
2026-08-25 13:25:00,NSE:NIFTY26SEP24000CE,24000.0,CE,24126.45,467.7,472.3,465.95,469.6,86515,13.65,0.5542,0.000384,-5.62,29.34
2026-08-25 13:30:00,NSE:NIFTY26SEP24000CE,24000.0,CE,24132.2,470.5,473.75,469.15,472.05,80470,13.63,0.5564,0.000384,-5.61,29.32
2026-08-25 13:35:00,NSE:NIFTY26SEP24000CE,24000.0,CE,24137.6,472.05,477.0,469.25,476.55,72735,13.68,0.5584,0.000383,-5.62,29.3
2026-08-25 13:40:00,NSE:NIFTY26SEP24000CE,24000.0,CE,24140.4,479.85,479.85,474.25,475.65,27820,13.6,0.5597,0.000385,-5.59,29.29
2026-08-25 13:45:00,NSE:NIFTY26SEP24000CE,24000.0,CE,24133.85,475.65,476.9,471.9,474.6,32045,13.68,0.5569,0.000383,-5.63,29.31
2026-08-25 13:50:00,NSE:NIFTY26SEP24000CE,24000.0,CE,24177.3,474.2,503.25,471.95,501.9,38025,13.78,0.5731,0.000377,-5.63,29.15
2026-08-25 13:55:00,NSE:NIFTY26SEP24000CE,24000.0,CE,24156.6,501.0,504.95,485.4,486.25,31850,13.65,0.5657,0.000382,-5.6,29.23
2026-08-25 14:00:00,NSE:NIFTY26SEP24000CE,24000.0,CE,24156.95,486.25,491.75,478.4,491.75,31980,13.83,0.5652,0.000377,-5.67,29.23
2026-08-25 14:05:00,NSE:NIFTY26SEP24000CE,24000.0,CE,24153.05,491.75,491.75,485.55,487.45,26845,13.76,0.564,0.000379,-5.65,29.24
2026-08-25 14:10:00,NSE:NIFTY26SEP24000CE,24000.0,CE,24154.2,488.75,494.45,487.0,491.25,44135,13.87,0.564,0.000376,-5.69,29.24
2026-08-25 14:15:00,NSE:NIFTY26SEP24000CE,24000.0,CE,24158.7,492.4,497.2,490.65,497.15,9035,13.98,0.5653,0.000373,-5.74,29.23
2026-08-25 14:20:00,NSE:NIFTY26SEP24000CE,24000.0,CE,24160.6,497.15,507.6,496.8,501.7,20865,14.1,0.5656,0.00037,-5.79,29.23
2026-08-25 14:25:00,NSE:NIFTY26SEP24000CE,24000.0,CE,24181.85,501.7,517.6,501.7,516.25,33150,14.19,0.5731,0.000366,-5.8,29.15
2026-08-25 14:30:00,NSE:NIFTY26SEP24000CE,24000.0,CE,24196.65,516.45,547.0,513.0,536.55,67340,14.59,0.5767,0.000355,-5.96,29.11
2026-08-25 14:35:00,NSE:NIFTY26SEP24000CE,24000.0,CE,24198.8,536.1,546.45,533.75,542.15,57070,14.74,0.5769,0.000351,-6.02,29.11
2026-08-25 14:40:00,NSE:NIFTY26SEP24000CE,24000.0,CE,24209.15,542.15,552.95,540.25,552.0,44005,14.88,0.5799,0.000347,-6.07,29.07
2026-08-25 14:45:00,NSE:NIFTY26SEP24000CE,24000.0,CE,24224.3,552.35,570.25,552.35,568.0,39130,15.12,0.584,0.000341,-6.16,29.02
2026-08-25 14:50:00,NSE:NIFTY26SEP24000CE,24000.0,CE,24238.3,568.0,587.8,562.35,576.0,79950,15.12,0.5888,0.00034,-6.14,28.96
2026-08-25 14:55:00,NSE:NIFTY26SEP24000CE,24000.0,CE,24253.1,573.55,580.0,572.0,576.4,23205,14.83,0.5953,0.000345,-6.0,28.85
2026-08-25 15:00:00,NSE:NIFTY26SEP24000CE,24000.0,CE,24251.3,576.95,583.9,568.1,580.0,42575,14.99,0.5939,0.000341,-6.07,28.88
2026-08-25 15:05:00,NSE:NIFTY26SEP24000CE,24000.0,CE,24248.65,579.5,581.5,574.05,578.0,14495,14.98,0.5931,0.000342,-6.07,28.89
2026-08-25 15:10:00,NSE:NIFTY26SEP24000CE,24000.0,CE,24260.15,578.0,586.25,576.6,585.4,21255,15.0,0.5969,0.00034,-6.07,28.83
2026-08-25 15:15:00,NSE:NIFTY26SEP24000CE,24000.0,CE,24260.05,583.65,593.0,580.65,590.05,20670,15.16,0.596,0.000337,-6.14,28.84
2026-08-25 15:20:00,NSE:NIFTY26SEP24000CE,24000.0,CE,24260.05,590.05,597.9,590.0,593.55,29380,15.29,0.5954,0.000334,-6.19,28.85
2026-08-25 15:25:00,NSE:NIFTY26SEP24000CE,24000.0,CE,24334.55,594.75,603.0,591.0,601.3,54795,13.96,0.6297,0.000355,-5.51,28.17
2026-08-26 09:15:00,NSE:NIFTY26SEP24000CE,24000.0,CE,24318.3,596.4,656.05,596.4,623.45,45110,15.26,0.616,0.000333,-6.16,28.19
2026-08-26 09:20:00,NSE:NIFTY26SEP24000CE,24000.0,CE,24354.0,621.45,647.5,621.0,644.0,48490,15.2,0.6282,0.00033,-6.08,27.94
2026-08-26 09:25:00,NSE:NIFTY26SEP24000CE,24000.0,CE,24351.15,644.0,648.85,637.3,639.7,36790,15.11,0.6279,0.000332,-6.04,27.94
2026-08-26 09:30:00,NSE:NIFTY26SEP24000CE,24000.0,CE,24344.65,639.55,643.95,632.15,635.35,25285,15.1,0.6258,0.000333,-6.05,27.98
2026-08-26 09:35:00,NSE:NIFTY26SEP24000CE,24000.0,CE,24356.05,635.35,647.0,635.05,647.0,14820,15.26,0.6285,0.000329,-6.1,27.93
2026-08-26 09:40:00,NSE:NIFTY26SEP24000CE,24000.0,CE,24371.6,647.0,665.0,646.75,662.25,38610,15.46,0.6321,0.000323,-6.16,27.85
2026-08-26 09:45:00,NSE:NIFTY26SEP24000CE,24000.0,CE,24370.0,661.9,670.2,660.1,661.7,26520,15.48,0.6315,0.000323,-6.18,27.87
2026-08-26 09:50:00,NSE:NIFTY26SEP24000CE,24000.0,CE,24364.85,662.5,663.0,654.15,655.1,26975,15.36,0.6307,0.000326,-6.13,27.88
2026-08-26 09:55:00,NSE:NIFTY26SEP24000CE,24000.0,CE,24365.8,655.55,662.95,655.5,657.1,12740,15.41,0.6306,0.000325,-6.15,27.88
2026-08-26 10:00:00,NSE:NIFTY26SEP24000CE,24000.0,CE,24358.0,657.1,657.7,644.45,647.0,11375,15.22,0.6294,0.000329,-6.08,27.9
2026-08-26 10:05:00,NSE:NIFTY26SEP24000CE,24000.0,CE,24346.3,647.0,647.0,628.0,629.8,33215,14.87,0.6281,0.000338,-5.95,27.92
2026-08-26 10:10:00,NSE:NIFTY26SEP24000CE,24000.0,CE,24342.95,630.45,632.0,620.1,631.0,23010,14.99,0.6261,0.000336,-6.01,27.96
2026-08-26 10:15:00,NSE:NIFTY26SEP24000CE,24000.0,CE,24318.35,631.0,634.5,604.25,609.4,18135,14.77,0.6193,0.000343,-5.95,28.1
2026-08-26 10:20:00,NSE:NIFTY26SEP24000CE,24000.0,CE,24302.4,607.15,610.0,588.1,596.2,23920,14.65,0.6146,0.000348,-5.92,28.19
2026-08-26 10:25:00,NSE:NIFTY26SEP24000CE,24000.0,CE,24304.6,596.2,598.5,590.6,596.8,24245,14.62,0.6156,0.000348,-5.91,28.16
2026-08-26 10:30:00,NSE:NIFTY26SEP24000CE,24000.0,CE,24318.05,596.4,609.95,596.4,609.6,20150,14.78,0.6191,0.000343,-5.96,28.1
2026-08-26 10:35:00,NSE:NIFTY26SEP24000CE,24000.0,CE,24320.85,609.6,612.15,605.55,611.0,8710,14.77,0.6202,0.000343,-5.95,28.07
2026-08-26 10:40:00,NSE:NIFTY26SEP24000CE,24000.0,CE,24327.45,611.0,618.9,605.0,614.0,17810,14.73,0.6227,0.000343,-5.92,28.02
2026-08-26 10:45:00,NSE:NIFTY26SEP24000CE,24000.0,CE,24317.9,614.0,614.0,600.0,604.55,7800,14.61,0.6203,0.000347,-5.88,28.07
2026-08-26 10:50:00,NSE:NIFTY26SEP24000CE,24000.0,CE,24319.35,607.9,608.55,602.5,608.55,3770,14.72,0.62,0.000344,-5.93,28.07
2026-08-26 10:55:00,NSE:NIFTY26SEP24000CE,24000.0,CE,24320.4,608.55,613.0,605.05,606.0,6110,14.61,0.6212,0.000347,-5.88,28.04
2026-08-26 11:00:00,NSE:NIFTY26SEP24000CE,24000.0,CE,24313.05,606.0,612.9,602.85,603.6,2925,14.68,0.6181,0.000346,-5.92,28.11
2026-08-26 11:05:00,NSE:NIFTY26SEP24000CE,24000.0,CE,24321.25,603.6,605.75,596.25,603.45,11635,14.5,0.6223,0.000349,-5.83,28.02
2026-08-26 11:10:00,NSE:NIFTY26SEP24000CE,24000.0,CE,24330.8,603.45,615.0,603.45,615.0,4225,14.7,0.6241,0.000343,-5.9,27.98
2026-08-26 11:15:00,NSE:NIFTY26SEP24000CE,24000.0,CE,24310.2,615.0,617.95,595.25,596.6,8125,14.5,0.6184,0.00035,-5.85,28.09
2026-08-26 11:20:00,NSE:NIFTY26SEP24000CE,24000.0,CE,24303.1,596.6,598.95,588.55,593.7,5070,14.55,0.6156,0.00035,-5.88,28.15
2026-08-26 11:25:00,NSE:NIFTY26SEP24000CE,24000.0,CE,24304.95,593.0,598.5,590.6,596.9,3185,14.63,0.6157,0.000348,-5.91,28.14
2026-08-26 11:30:00,NSE:NIFTY26SEP24000CE,24000.0,CE,24301.25,596.9,596.9,584.5,588.55,17225,14.41,0.6159,0.000353,-5.82,28.14
2026-08-26 11:35:00,NSE:NIFTY26SEP24000CE,24000.0,CE,24309.7,588.55,602.35,588.55,601.05,1950,14.67,0.6171,0.000346,-5.93,28.12
2026-08-26 11:40:00,NSE:NIFTY26SEP24000CE,24000.0,CE,24308.2,601.05,601.8,598.45,599.65,3185,14.65,0.6167,0.000347,-5.92,28.12
2026-08-26 11:45:00,NSE:NIFTY26SEP24000CE,24000.0,CE,24299.6,599.65,602.7,590.25,591.55,9360,14.56,0.6144,0.00035,-5.89,28.16
2026-08-26 11:50:00,NSE:NIFTY26SEP24000CE,24000.0,CE,24285.15,591.55,593.0,580.0,583.95,6955,14.6,0.609,0.000351,-5.93,28.26
2026-08-26 11:55:00,NSE:NIFTY26SEP24000CE,24000.0,CE,24288.45,583.95,589.0,580.0,581.7,11180,14.45,0.6111,0.000354,-5.86,28.22
2026-08-26 12:00:00,NSE:NIFTY26SEP24000CE,24000.0,CE,24276.45,581.7,581.7,568.0,574.6,35295,14.46,0.6068,0.000355,-5.88,28.3
2026-08-26 12:05:00,NSE:NIFTY26SEP24000CE,24000.0,CE,24270.4,574.0,577.8,567.0,567.1,15145,14.32,0.6055,0.000359,-5.83,28.31
2026-08-26 12:10:00,NSE:NIFTY26SEP24000CE,24000.0,CE,24280.75,568.3,575.15,564.0,574.25,18135,14.35,0.609,0.000357,-5.83,28.25
2026-08-26 12:15:00,NSE:NIFTY26SEP24000CE,24000.0,CE,24288.0,573.8,579.2,570.4,577.4,13260,14.31,0.6119,0.000357,-5.8,28.2
2026-08-26 12:20:00,NSE:NIFTY26SEP24000CE,24000.0,CE,24290.35,577.4,578.75,570.55,578.4,3445,14.3,0.6129,0.000357,-5.79,28.18
2026-08-26 12:25:00,NSE:NIFTY26SEP24000CE,24000.0,CE,24278.1,578.4,578.4,570.5,570.5,5070,14.28,0.6086,0.000359,-5.81,28.25
2026-08-26 12:30:00,NSE:NIFTY26SEP24000CE,24000.0,CE,24279.5,570.2,573.0,563.6,572.4,9750,14.32,0.6088,0.000358,-5.82,28.25
2026-08-26 12:35:00,NSE:NIFTY26SEP24000CE,24000.0,CE,24277.7,573.0,576.95,566.65,568.0,5460,14.2,0.6089,0.000361,-5.77,28.24
2026-08-26 12:40:00,NSE:NIFTY26SEP24000CE,24000.0,CE,24283.9,568.0,575.45,565.0,575.45,2470,14.33,0.6103,0.000357,-5.82,28.22
2026-08-26 12:45:00,NSE:NIFTY26SEP24000CE,24000.0,CE,24277.5,576.8,576.8,566.1,568.65,2990,14.23,0.6087,0.00036,-5.79,28.24
2026-08-26 12:50:00,NSE:NIFTY26SEP24000CE,24000.0,CE,24277.7,568.65,569.7,565.0,569.7,4550,14.27,0.6086,0.000359,-5.8,28.25
2026-08-26 12:55:00,NSE:NIFTY26SEP24000CE,24000.0,CE,24279.05,571.55,574.8,569.55,569.55,3835,14.23,0.6093,0.00036,-5.78,28.23
2026-08-26 13:00:00,NSE:NIFTY26SEP24000CE,24000.0,CE,24274.1,569.55,570.0,559.0,566.75,15405,14.24,0.6074,0.000361,-5.8,28.26
2026-08-26 13:05:00,NSE:NIFTY26SEP24000CE,24000.0,CE,24273.3,566.75,573.0,563.05,564.0,3120,14.16,0.6077,0.000363,-5.76,28.26
2026-08-26 13:10:00,NSE:NIFTY26SEP24000CE,24000.0,CE,24269.2,564.0,567.0,562.55,563.0,3640,14.21,0.6058,0.000362,-5.79,28.29
2026-08-26 13:15:00,NSE:NIFTY26SEP24000CE,24000.0,CE,24263.6,563.0,563.45,551.3,561.0,9815,14.26,0.6035,0.000361,-5.82,28.33
2026-08-26 13:20:00,NSE:NIFTY26SEP24000CE,24000.0,CE,24258.6,560.95,560.95,552.75,555.55,13715,14.18,0.6022,0.000364,-5.79,28.35
2026-08-26 13:25:00,NSE:NIFTY26SEP24000CE,24000.0,CE,24265.45,555.55,557.4,552.55,556.7,8905,14.07,0.6054,0.000366,-5.74,28.29
2026-08-26 13:30:00,NSE:NIFTY26SEP24000CE,24000.0,CE,24267.0,560.5,561.7,557.75,561.45,5655,14.21,0.6051,0.000362,-5.79,28.3
2026-08-26 13:35:00,NSE:NIFTY26SEP24000CE,24000.0,CE,24264.95,561.45,561.45,557.7,561.35,2210,14.25,0.6041,0.000361,-5.82,28.31
2026-08-26 13:40:00,NSE:NIFTY26SEP24000CE,24000.0,CE,24261.9,560.8,567.0,554.8,555.0,4355,14.09,0.604,0.000366,-5.75,28.31
2026-08-26 13:45:00,NSE:NIFTY26SEP24000CE,24000.0,CE,24262.05,555.0,558.45,552.8,558.45,3705,14.21,0.6033,0.000363,-5.8,28.32
2026-08-26 13:50:00,NSE:NIFTY26SEP24000CE,24000.0,CE,24264.65,558.45,561.2,555.1,560.0,3835,14.21,0.6043,0.000362,-5.8,28.3
2026-08-26 13:55:00,NSE:NIFTY26SEP24000CE,24000.0,CE,24263.35,560.0,560.0,556.0,559.5,1235,14.22,0.6037,0.000362,-5.81,28.31
2026-08-26 14:00:00,NSE:NIFTY26SEP24000CE,24000.0,CE,24267.65,559.5,562.0,555.8,559.6,4680,14.13,0.6058,0.000364,-5.76,28.27
2026-08-26 14:05:00,NSE:NIFTY26SEP24000CE,24000.0,CE,24266.05,559.6,564.75,557.6,564.7,5915,14.35,0.6039,0.000359,-5.86,28.31
2026-08-26 14:10:00,NSE:NIFTY26SEP24000CE,24000.0,CE,24273.5,565.0,574.65,562.55,572.95,17550,14.48,0.6058,0.000355,-5.91,28.28
2026-08-26 14:15:00,NSE:NIFTY26SEP24000CE,24000.0,CE,24275.6,572.85,577.0,570.6,574.85,6565,14.51,0.6064,0.000354,-5.91,28.27
2026-08-26 14:20:00,NSE:NIFTY26SEP24000CE,24000.0,CE,24273.1,574.85,578.0,570.0,570.0,4940,14.39,0.6062,0.000357,-5.87,28.26
2026-08-26 14:25:00,NSE:NIFTY26SEP24000CE,24000.0,CE,24273.25,570.0,574.4,567.5,574.4,3055,14.54,0.6053,0.000354,-5.93,28.28
2026-08-26 14:30:00,NSE:NIFTY26SEP24000CE,24000.0,CE,24278.5,574.4,581.15,572.4,574.15,19435,14.42,0.608,0.000356,-5.87,28.23
2026-08-26 14:35:00,NSE:NIFTY26SEP24000CE,24000.0,CE,24278.15,574.4,579.45,574.35,574.35,5265,14.44,0.6077,0.000356,-5.88,28.23
2026-08-26 14:40:00,NSE:NIFTY26SEP24000CE,24000.0,CE,24278.7,575.45,578.15,575.0,576.8,4030,14.51,0.6075,0.000354,-5.91,28.24
2026-08-26 14:45:00,NSE:NIFTY26SEP24000CE,24000.0,CE,24290.8,576.8,588.0,576.8,587.8,11960,14.64,0.6109,0.00035,-5.95,28.18
2026-08-26 14:50:00,NSE:NIFTY26SEP24000CE,24000.0,CE,24294.0,587.8,589.9,583.05,588.1,8905,14.58,0.6124,0.000351,-5.92,28.15
2026-08-26 14:55:00,NSE:NIFTY26SEP24000CE,24000.0,CE,24290.8,588.1,589.4,579.5,579.5,6305,14.35,0.6128,0.000357,-5.82,28.13
2026-08-26 15:00:00,NSE:NIFTY26SEP24000CE,24000.0,CE,24287.5,579.5,585.0,572.75,584.85,6955,14.61,0.61,0.000351,-5.94,28.19
2026-08-26 15:05:00,NSE:NIFTY26SEP24000CE,24000.0,CE,24275.35,584.15,584.15,577.05,579.0,6305,14.66,0.6054,0.000351,-5.99,28.27
2026-08-26 15:10:00,NSE:NIFTY26SEP24000CE,24000.0,CE,24276.6,579.0,584.75,578.2,579.9,3575,14.67,0.6058,0.000351,-5.99,28.26
2026-08-26 15:15:00,NSE:NIFTY26SEP24000CE,24000.0,CE,24276.9,579.9,584.95,578.0,583.2,8320,14.78,0.6052,0.000348,-6.04,28.27
2026-08-26 15:20:00,NSE:NIFTY26SEP24000CE,24000.0,CE,24276.9,583.0,584.45,562.55,569.1,17095,14.28,0.6083,0.00036,-5.82,28.21
2026-08-26 15:25:00,NSE:NIFTY26SEP24000CE,24000.0,CE,24207.75,570.5,575.5,561.25,566.3,10465,15.62,0.5774,0.000336,-6.49,28.69
2026-08-27 09:15:00,NSE:NIFTY26SEP24000CE,24000.0,CE,24250.05,542.4,555.0,509.4,528.6,52325,13.57,0.604,0.000384,-5.61,27.96
2026-08-27 09:20:00,NSE:NIFTY26SEP24000CE,24000.0,CE,24224.65,529.25,531.5,515.75,518.0,25610,13.73,0.5933,0.000383,-5.71,28.13
2026-08-27 09:25:00,NSE:NIFTY26SEP24000CE,24000.0,CE,24201.1,519.45,524.65,504.3,506.8,36530,13.83,0.5838,0.000383,-5.78,28.27
2026-08-27 09:30:00,NSE:NIFTY26SEP24000CE,24000.0,CE,24210.85,506.5,514.85,502.0,514.0,23530,13.88,0.5872,0.000381,-5.8,28.22
2026-08-27 09:35:00,NSE:NIFTY26SEP24000CE,24000.0,CE,24198.65,512.9,518.6,501.6,504.6,21060,13.81,0.583,0.000384,-5.78,28.27
2026-08-27 09:40:00,NSE:NIFTY26SEP24000CE,24000.0,CE,24214.4,503.85,508.3,501.85,508.3,19760,13.61,0.5901,0.000388,-5.67,28.17
2026-08-27 09:45:00,NSE:NIFTY26SEP24000CE,24000.0,CE,24225.1,508.0,516.0,507.5,511.5,13390,13.5,0.5949,0.00039,-5.61,28.1
2026-08-27 09:50:00,NSE:NIFTY26SEP24000CE,24000.0,CE,24210.1,511.5,512.95,501.05,503.65,14040,13.54,0.5888,0.00039,-5.65,28.19
2026-08-27 09:55:00,NSE:NIFTY26SEP24000CE,24000.0,CE,24196.75,503.6,505.6,495.6,497.3,14235,13.59,0.5833,0.00039,-5.69,28.26
2026-08-27 10:00:00,NSE:NIFTY26SEP24000CE,24000.0,CE,24191.25,496.8,496.8,486.8,490.5,21840,13.46,0.5818,0.000394,-5.64,28.28
2026-08-27 10:05:00,NSE:NIFTY26SEP24000CE,24000.0,CE,24195.8,490.0,492.6,484.0,492.6,16510,13.44,0.5837,0.000394,-5.62,28.25
2026-08-27 10:10:00,NSE:NIFTY26SEP24000CE,24000.0,CE,24183.55,492.6,494.0,484.15,484.15,20540,13.4,0.5791,0.000397,-5.62,28.31
2026-08-27 10:15:00,NSE:NIFTY26SEP24000CE,24000.0,CE,24188.3,484.15,490.2,482.65,486.8,15860,13.39,0.581,0.000397,-5.61,28.28
2026-08-27 10:20:00,NSE:NIFTY26SEP24000CE,24000.0,CE,24184.65,490.15,490.15,483.75,483.75,2795,13.36,0.5797,0.000398,-5.6,28.29
2026-08-27 10:25:00,NSE:NIFTY26SEP24000CE,24000.0,CE,24182.5,481.95,487.05,481.0,483.95,7865,13.41,0.5786,0.000397,-5.63,28.31
2026-08-27 10:30:00,NSE:NIFTY26SEP24000CE,24000.0,CE,24188.55,483.6,490.05,482.0,488.0,5980,13.43,0.5809,0.000395,-5.63,28.28
2026-08-27 10:35:00,NSE:NIFTY26SEP24000CE,24000.0,CE,24184.25,488.05,488.1,483.85,484.0,3185,13.38,0.5795,0.000397,-5.61,28.29
2026-08-27 10:40:00,NSE:NIFTY26SEP24000CE,24000.0,CE,24169.1,485.45,485.45,472.05,473.5,11960,13.32,0.5737,0.000401,-5.6,28.36
2026-08-27 10:45:00,NSE:NIFTY26SEP24000CE,24000.0,CE,24171.6,474.55,480.25,472.65,475.4,12285,13.34,0.5746,0.0004,-5.61,28.35
2026-08-27 10:50:00,NSE:NIFTY26SEP24000CE,24000.0,CE,24162.2,475.4,476.1,467.3,470.7,18005,13.36,0.5708,0.0004,-5.63,28.39
2026-08-27 10:55:00,NSE:NIFTY26SEP24000CE,24000.0,CE,24159.65,471.0,471.1,467.0,470.15,13455,13.39,0.5696,0.000399,-5.64,28.4
2026-08-27 11:00:00,NSE:NIFTY26SEP24000CE,24000.0,CE,24163.55,471.0,477.0,466.5,477.0,9490,13.56,0.5705,0.000394,-5.71,28.39
2026-08-27 11:05:00,NSE:NIFTY26SEP24000CE,24000.0,CE,24166.45,476.95,480.1,475.0,479.55,16835,13.59,0.5715,0.000393,-5.72,28.38
2026-08-27 11:10:00,NSE:NIFTY26SEP24000CE,24000.0,CE,24155.85,479.55,479.55,472.0,472.0,7930,13.54,0.5675,0.000396,-5.71,28.42
2026-08-27 11:15:00,NSE:NIFTY26SEP24000CE,24000.0,CE,24146.35,472.0,472.7,462.8,463.0,15275,13.41,0.5642,0.0004,-5.66,28.45
2026-08-27 11:20:00,NSE:NIFTY26SEP24000CE,24000.0,CE,24140.2,462.6,465.1,454.65,456.15,25415,13.29,0.5622,0.000404,-5.62,28.46
2026-08-27 11:25:00,NSE:NIFTY26SEP24000CE,24000.0,CE,24144.05,455.0,460.8,454.35,459.8,11050,13.35,0.5636,0.000402,-5.64,28.45
2026-08-27 11:30:00,NSE:NIFTY26SEP24000CE,24000.0,CE,24156.4,459.9,468.5,459.9,468.45,13325,13.4,0.5683,0.0004,-5.65,28.4
2026-08-27 11:35:00,NSE:NIFTY26SEP24000CE,24000.0,CE,24155.35,469.95,472.4,466.3,469.5,19370,13.46,0.5676,0.000398,-5.68,28.41
2026-08-27 11:40:00,NSE:NIFTY26SEP24000CE,24000.0,CE,24151.55,469.5,471.2,467.25,468.5,9490,13.5,0.566,0.000397,-5.7,28.43
2026-08-27 11:45:00,NSE:NIFTY26SEP24000CE,24000.0,CE,24148.45,468.5,470.0,465.0,466.9,6110,13.51,0.5647,0.000397,-5.71,28.44
2026-08-27 11:50:00,NSE:NIFTY26SEP24000CE,24000.0,CE,24152.85,466.9,471.9,465.0,471.1,7475,13.57,0.5662,0.000395,-5.73,28.42
2026-08-27 11:55:00,NSE:NIFTY26SEP24000CE,24000.0,CE,24158.8,471.55,475.0,469.3,475.0,13065,13.59,0.5685,0.000394,-5.73,28.4
2026-08-27 12:00:00,NSE:NIFTY26SEP24000CE,24000.0,CE,24153.7,474.0,475.0,467.5,470.3,7150,13.53,0.5668,0.000396,-5.71,28.41
2026-08-27 12:05:00,NSE:NIFTY26SEP24000CE,24000.0,CE,24142.1,470.3,471.75,462.45,467.0,10530,13.64,0.5617,0.000394,-5.77,28.46
2026-08-27 12:10:00,NSE:NIFTY26SEP24000CE,24000.0,CE,24154.85,467.0,474.8,465.05,474.8,8060,13.66,0.5667,0.000392,-5.77,28.41
2026-08-27 12:15:00,NSE:NIFTY26SEP24000CE,24000.0,CE,24146.5,474.8,480.0,470.85,470.85,11505,13.69,0.5633,0.000392,-5.79,28.44
2026-08-27 12:20:00,NSE:NIFTY26SEP24000CE,24000.0,CE,24143.05,470.85,472.15,466.75,468.7,5785,13.69,0.562,0.000393,-5.79,28.45
2026-08-27 12:25:00,NSE:NIFTY26SEP24000CE,24000.0,CE,24158.35,468.7,479.3,466.55,478.25,8125,13.72,0.5678,0.000391,-5.79,28.4
2026-08-27 12:30:00,NSE:NIFTY26SEP24000CE,24000.0,CE,24159.7,478.25,478.5,473.0,478.0,6045,13.68,0.5685,0.000392,-5.77,28.39
2026-08-27 12:35:00,NSE:NIFTY26SEP24000CE,24000.0,CE,24174.25,477.35,495.0,476.25,493.05,21840,13.92,0.5732,0.000384,-5.86,28.34
2026-08-27 12:40:00,NSE:NIFTY26SEP24000CE,24000.0,CE,24173.0,494.95,497.25,490.0,495.1,25025,14.02,0.5723,0.000381,-5.91,28.35
2026-08-27 12:45:00,NSE:NIFTY26SEP24000CE,24000.0,CE,24176.5,495.0,497.95,490.9,496.8,10010,14.01,0.5737,0.000381,-5.9,28.33
2026-08-27 12:50:00,NSE:NIFTY26SEP24000CE,24000.0,CE,24186.55,496.75,506.2,493.55,502.3,15015,14.0,0.5776,0.000381,-5.89,28.29
2026-08-27 12:55:00,NSE:NIFTY26SEP24000CE,24000.0,CE,24180.05,502.3,505.0,499.5,499.5,10140,14.03,0.5749,0.00038,-5.91,28.32
2026-08-27 13:00:00,NSE:NIFTY26SEP24000CE,24000.0,CE,24181.9,500.0,504.35,496.75,500.2,5525,14.02,0.5757,0.000381,-5.9,28.3
2026-08-27 13:05:00,NSE:NIFTY26SEP24000CE,24000.0,CE,24182.75,500.2,501.8,494.65,499.2,11700,13.97,0.5762,0.000382,-5.88,28.3
2026-08-27 13:10:00,NSE:NIFTY26SEP24000CE,24000.0,CE,24194.1,500.0,506.9,498.95,505.4,9165,13.96,0.5806,0.000381,-5.86,28.24
2026-08-27 13:15:00,NSE:NIFTY26SEP24000CE,24000.0,CE,24186.3,505.2,510.0,499.9,499.9,8190,13.92,0.5778,0.000383,-5.86,28.27
2026-08-27 13:20:00,NSE:NIFTY26SEP24000CE,24000.0,CE,24193.0,502.75,506.0,500.55,505.0,8320,13.97,0.5802,0.000381,-5.87,28.24
2026-08-27 13:25:00,NSE:NIFTY26SEP24000CE,24000.0,CE,24182.3,505.0,505.15,497.75,501.4,11180,14.06,0.5757,0.00038,-5.92,28.3
2026-08-27 13:30:00,NSE:NIFTY26SEP24000CE,24000.0,CE,24176.95,500.45,500.45,492.35,498.5,10270,14.07,0.5736,0.00038,-5.93,28.32
2026-08-27 13:35:00,NSE:NIFTY26SEP24000CE,24000.0,CE,24179.1,498.5,505.05,496.1,502.6,9230,14.17,0.574,0.000377,-5.97,28.32
2026-08-27 13:40:00,NSE:NIFTY26SEP24000CE,24000.0,CE,24163.3,502.6,502.6,492.5,494.1,4160,14.19,0.568,0.000378,-6.0,28.38
2026-08-27 13:45:00,NSE:NIFTY26SEP24000CE,24000.0,CE,24142.95,491.3,491.3,470.3,476.25,18135,13.97,0.561,0.000386,-5.92,28.44
2026-08-27 13:50:00,NSE:NIFTY26SEP24000CE,24000.0,CE,24138.3,475.0,477.7,471.05,472.7,16575,13.93,0.5593,0.000387,-5.91,28.45
2026-08-27 13:55:00,NSE:NIFTY26SEP24000CE,24000.0,CE,24131.25,472.7,473.4,463.25,466.35,30355,13.85,0.5569,0.00039,-5.88,28.47
2026-08-27 14:00:00,NSE:NIFTY26SEP24000CE,24000.0,CE,24129.1,464.4,469.1,464.3,465.0,14885,13.84,0.556,0.00039,-5.88,28.47
2026-08-27 14:05:00,NSE:NIFTY26SEP24000CE,24000.0,CE,24123.95,465.0,470.65,462.3,464.0,17355,13.91,0.5538,0.000389,-5.91,28.49
2026-08-27 14:10:00,NSE:NIFTY26SEP24000CE,24000.0,CE,24131.75,464.55,472.6,464.25,470.25,11895,13.98,0.5567,0.000386,-5.93,28.47
2026-08-27 14:15:00,NSE:NIFTY26SEP24000CE,24000.0,CE,24142.7,470.25,475.7,469.55,474.65,15275,13.92,0.5611,0.000387,-5.9,28.43
2026-08-27 14:20:00,NSE:NIFTY26SEP24000CE,24000.0,CE,24148.75,474.65,478.95,474.0,477.0,15340,13.88,0.5636,0.000388,-5.88,28.4
2026-08-27 14:25:00,NSE:NIFTY26SEP24000CE,24000.0,CE,24158.0,477.0,485.0,475.0,484.9,11570,13.98,0.5668,0.000384,-5.91,28.37
2026-08-27 14:30:00,NSE:NIFTY26SEP24000CE,24000.0,CE,24152.95,486.0,488.75,475.05,483.95,17095,14.05,0.5646,0.000383,-5.95,28.39
2026-08-27 14:35:00,NSE:NIFTY26SEP24000CE,24000.0,CE,24153.4,483.0,485.75,479.2,484.2,9295,14.05,0.5648,0.000383,-5.95,28.39
2026-08-27 14:40:00,NSE:NIFTY26SEP24000CE,24000.0,CE,24143.3,484.2,484.2,477.1,480.75,6305,14.12,0.5607,0.000381,-5.99,28.43
2026-08-27 14:45:00,NSE:NIFTY26SEP24000CE,24000.0,CE,24152.2,480.75,485.0,480.3,485.0,5980,14.1,0.5641,0.000382,-5.97,28.39
2026-08-27 14:50:00,NSE:NIFTY26SEP24000CE,24000.0,CE,24149.55,484.0,485.35,476.05,482.3,7735,14.06,0.5633,0.000383,-5.95,28.4
2026-08-27 14:55:00,NSE:NIFTY26SEP24000CE,24000.0,CE,24156.3,482.3,485.95,481.8,485.25,3445,14.03,0.566,0.000383,-5.94,28.37
2026-08-27 15:00:00,NSE:NIFTY26SEP24000CE,24000.0,CE,24148.1,485.25,488.95,479.25,479.25,10465,13.98,0.563,0.000385,-5.92,28.4
2026-08-27 15:05:00,NSE:NIFTY26SEP24000CE,24000.0,CE,24143.25,479.6,480.35,471.25,476.95,7540,14.0,0.5611,0.000385,-5.93,28.42
2026-08-27 15:10:00,NSE:NIFTY26SEP24000CE,24000.0,CE,24133.6,476.05,476.9,468.0,471.75,16900,14.0,0.5573,0.000386,-5.95,28.45
2026-08-27 15:15:00,NSE:NIFTY26SEP24000CE,24000.0,CE,24133.05,472.0,478.05,468.0,473.65,14235,14.08,0.5569,0.000384,-5.98,28.45
2026-08-27 15:20:00,NSE:NIFTY26SEP24000CE,24000.0,CE,24133.05,471.05,471.05,455.0,457.8,29900,13.53,0.5587,0.000399,-5.74,28.43
2026-08-27 15:25:00,NSE:NIFTY26SEP24000CE,24000.0,CE,24090.85,454.3,459.9,445.0,449.0,41340,14.03,0.5407,0.000388,-5.99,28.55
2026-08-28 09:15:00,NSE:NIFTY26SEP24000CE,24000.0,CE,24112.2,457.0,464.9,446.05,447.25,54990,13.71,0.5503,0.0004,-5.91,28.17
2026-08-28 09:20:00,NSE:NIFTY26SEP24000CE,24000.0,CE,24129.55,447.25,466.55,443.05,466.55,33085,14.06,0.5562,0.000389,-6.04,28.13
2026-08-28 09:25:00,NSE:NIFTY26SEP24000CE,24000.0,CE,24149.55,466.55,492.25,465.95,484.5,88725,14.3,0.5631,0.000381,-6.13,28.07
2026-08-28 09:30:00,NSE:NIFTY26SEP24000CE,24000.0,CE,24145.45,483.2,492.7,473.85,483.2,39065,14.34,0.5614,0.00038,-6.15,28.09
2026-08-28 09:35:00,NSE:NIFTY26SEP24000CE,24000.0,CE,24140.35,481.8,485.55,471.5,479.1,16575,14.29,0.5596,0.000382,-6.14,28.1
2026-08-28 09:40:00,NSE:NIFTY26SEP24000CE,24000.0,CE,24160.05,478.3,497.35,478.3,490.8,39910,14.32,0.567,0.00038,-6.13,28.03
2026-08-28 09:45:00,NSE:NIFTY26SEP24000CE,24000.0,CE,24146.95,490.0,493.4,480.65,483.95,9555,14.34,0.562,0.00038,-6.15,28.08
2026-08-28 09:50:00,NSE:NIFTY26SEP24000CE,24000.0,CE,24154.9,485.55,494.1,477.35,492.55,44590,14.48,0.5645,0.000376,-6.21,28.05
2026-08-28 09:55:00,NSE:NIFTY26SEP24000CE,24000.0,CE,24156.5,492.4,494.1,488.1,490.05,18525,14.36,0.5655,0.000379,-6.16,28.04
2026-08-28 10:00:00,NSE:NIFTY26SEP24000CE,24000.0,CE,24146.05,490.05,490.05,481.0,482.6,11895,14.31,0.5618,0.000381,-6.14,28.07
2026-08-28 10:05:00,NSE:NIFTY26SEP24000CE,24000.0,CE,24151.95,482.25,495.0,477.7,488.25,23725,14.39,0.5637,0.000379,-6.17,28.06
2026-08-28 10:10:00,NSE:NIFTY26SEP24000CE,24000.0,CE,24167.2,488.25,502.5,487.2,501.95,25415,14.57,0.5688,0.000373,-6.24,28.01
2026-08-28 10:15:00,NSE:NIFTY26SEP24000CE,24000.0,CE,24165.0,501.05,517.4,501.05,505.0,68380,14.73,0.5674,0.000369,-6.31,28.02
2026-08-28 10:20:00,NSE:NIFTY26SEP24000CE,24000.0,CE,24170.2,504.05,506.2,499.55,504.35,20150,14.6,0.5698,0.000372,-6.25,28.0
2026-08-28 10:25:00,NSE:NIFTY26SEP24000CE,24000.0,CE,24169.85,505.15,507.6,501.0,505.05,7800,14.63,0.5696,0.000371,-6.27,28.0
2026-08-28 10:30:00,NSE:NIFTY26SEP24000CE,24000.0,CE,24160.8,507.0,507.0,499.0,500.5,8515,14.65,0.5661,0.000371,-6.28,28.03
2026-08-28 10:35:00,NSE:NIFTY26SEP24000CE,24000.0,CE,24161.95,500.5,503.55,500.0,502.3,7865,14.7,0.5664,0.00037,-6.3,28.03
2026-08-28 10:40:00,NSE:NIFTY26SEP24000CE,24000.0,CE,24156.15,502.95,504.8,493.5,493.5,7020,14.5,0.5649,0.000376,-6.22,28.04
2026-08-28 10:45:00,NSE:NIFTY26SEP24000CE,24000.0,CE,24163.4,493.5,505.85,491.9,501.35,11570,14.63,0.5672,0.000372,-6.27,28.01
2026-08-28 10:50:00,NSE:NIFTY26SEP24000CE,24000.0,CE,24155.6,501.25,507.55,500.0,500.0,9295,14.75,0.5639,0.00037,-6.33,28.04
2026-08-28 10:55:00,NSE:NIFTY26SEP24000CE,24000.0,CE,24155.7,500.0,500.0,492.85,495.2,11180,14.57,0.5645,0.000374,-6.25,28.04
2026-08-28 11:00:00,NSE:NIFTY26SEP24000CE,24000.0,CE,24160.25,495.0,499.95,492.95,498.95,4940,14.62,0.5661,0.000372,-6.27,28.02
2026-08-28 11:05:00,NSE:NIFTY26SEP24000CE,24000.0,CE,24142.45,498.95,500.4,484.0,484.1,7280,14.44,0.56,0.000378,-6.21,28.07
2026-08-28 11:10:00,NSE:NIFTY26SEP24000CE,24000.0,CE,24160.95,484.1,499.25,484.1,496.75,11180,14.52,0.5667,0.000375,-6.23,28.01
2026-08-28 11:15:00,NSE:NIFTY26SEP24000CE,24000.0,CE,24151.5,496.75,496.75,484.0,484.75,10335,14.29,0.564,0.000382,-6.13,28.03
2026-08-28 11:20:00,NSE:NIFTY26SEP24000CE,24000.0,CE,24140.5,484.75,484.75,475.5,476.7,16575,14.22,0.56,0.000384,-6.11,28.06
2026-08-28 11:25:00,NSE:NIFTY26SEP24000CE,24000.0,CE,24117.85,477.5,478.7,461.0,461.85,33150,14.14,0.5515,0.000388,-6.1,28.13
2026-08-28 11:30:00,NSE:NIFTY26SEP24000CE,24000.0,CE,24107.75,461.0,467.0,450.0,454.2,34450,14.07,0.5477,0.000391,-6.07,28.15
2026-08-28 11:35:00,NSE:NIFTY26SEP24000CE,24000.0,CE,24101.3,453.0,453.2,441.35,450.0,43095,14.04,0.5452,0.000392,-6.07,28.16
2026-08-28 11:40:00,NSE:NIFTY26SEP24000CE,24000.0,CE,24105.7,450.0,452.8,446.6,450.25,20020,13.97,0.5472,0.000394,-6.03,28.15
2026-08-28 11:45:00,NSE:NIFTY26SEP24000CE,24000.0,CE,24105.6,449.25,450.45,445.0,450.0,15860,13.96,0.5471,0.000394,-6.03,28.15
2026-08-28 11:50:00,NSE:NIFTY26SEP24000CE,24000.0,CE,24098.25,451.5,453.5,445.8,445.8,13975,13.96,0.5442,0.000394,-6.03,28.16
2026-08-28 11:55:00,NSE:NIFTY26SEP24000CE,24000.0,CE,24083.15,445.65,448.8,425.0,434.4,88530,13.84,0.5385,0.000399,-5.99,28.19
2026-08-28 12:00:00,NSE:NIFTY26SEP24000CE,24000.0,CE,24088.05,435.0,440.65,431.4,438.0,24505,13.88,0.5404,0.000397,-6.0,28.18
2026-08-28 12:05:00,NSE:NIFTY26SEP24000CE,24000.0,CE,24086.3,439.0,444.55,436.65,437.6,25415,13.9,0.5396,0.000397,-6.01,28.18
2026-08-28 12:10:00,NSE:NIFTY26SEP24000CE,24000.0,CE,24086.9,437.85,440.05,432.15,440.0,13650,13.97,0.5397,0.000395,-6.04,28.18
2026-08-28 12:15:00,NSE:NIFTY26SEP24000CE,24000.0,CE,24088.75,440.0,440.55,435.15,439.45,7475,13.92,0.5406,0.000396,-6.02,28.17
2026-08-28 12:20:00,NSE:NIFTY26SEP24000CE,24000.0,CE,24085.95,439.45,442.2,432.0,435.0,24180,13.81,0.5397,0.000399,-5.98,28.18
2026-08-28 12:25:00,NSE:NIFTY26SEP24000CE,24000.0,CE,24094.65,435.0,441.4,434.3,440.0,7865,13.83,0.5431,0.000399,-5.98,28.16
2026-08-28 12:30:00,NSE:NIFTY26SEP24000CE,24000.0,CE,24101.4,440.0,444.7,440.0,443.4,9620,13.82,0.5458,0.000398,-5.97,28.14
2026-08-28 12:35:00,NSE:NIFTY26SEP24000CE,24000.0,CE,24105.85,442.5,443.1,438.25,441.0,28860,13.65,0.548,0.000403,-5.89,28.13
2026-08-28 12:40:00,NSE:NIFTY26SEP24000CE,24000.0,CE,24105.6,441.45,445.5,439.4,441.0,10725,13.65,0.5479,0.000403,-5.9,28.12
2026-08-28 12:45:00,NSE:NIFTY26SEP24000CE,24000.0,CE,24109.8,441.0,443.75,438.0,443.0,7540,13.64,0.5496,0.000403,-5.89,28.11
2026-08-28 12:50:00,NSE:NIFTY26SEP24000CE,24000.0,CE,24105.3,443.0,444.5,441.6,441.6,7930,13.68,0.5477,0.000402,-5.91,28.12
2026-08-28 12:55:00,NSE:NIFTY26SEP24000CE,24000.0,CE,24096.45,441.6,442.4,436.35,436.8,10075,13.68,0.5442,0.000403,-5.92,28.14
2026-08-28 13:00:00,NSE:NIFTY26SEP24000CE,24000.0,CE,24093.2,436.8,439.75,435.0,437.0,10140,13.75,0.5427,0.000401,-5.95,28.15
2026-08-28 13:05:00,NSE:NIFTY26SEP24000CE,24000.0,CE,24102.1,437.0,445.05,435.3,445.0,8710,13.87,0.546,0.000397,-5.99,28.13
2026-08-28 13:10:00,NSE:NIFTY26SEP24000CE,24000.0,CE,24103.55,445.0,448.8,441.0,444.75,13455,13.83,0.5467,0.000398,-5.98,28.12
2026-08-28 13:15:00,NSE:NIFTY26SEP24000CE,24000.0,CE,24107.55,444.75,448.5,442.0,447.3,5200,13.84,0.5482,0.000397,-5.98,28.11
2026-08-28 13:20:00,NSE:NIFTY26SEP24000CE,24000.0,CE,24108.6,447.3,452.35,445.3,450.0,6630,13.92,0.5485,0.000395,-6.01,28.11
2026-08-28 13:25:00,NSE:NIFTY26SEP24000CE,24000.0,CE,24096.15,450.0,454.0,439.5,441.2,19695,13.85,0.5437,0.000398,-5.99,28.14
2026-08-28 13:30:00,NSE:NIFTY26SEP24000CE,24000.0,CE,24109.85,441.05,454.9,440.6,450.1,9425,13.9,0.549,0.000396,-6.0,28.1
2026-08-28 13:35:00,NSE:NIFTY26SEP24000CE,24000.0,CE,24111.8,450.1,455.0,447.9,453.0,11765,13.97,0.5496,0.000394,-6.03,28.1
2026-08-28 13:40:00,NSE:NIFTY26SEP24000CE,24000.0,CE,24113.1,453.0,457.95,450.5,451.5,7215,13.89,0.5503,0.000396,-6.0,28.09
2026-08-28 13:45:00,NSE:NIFTY26SEP24000CE,24000.0,CE,24103.75,451.5,452.35,444.3,446.0,7085,13.87,0.5467,0.000397,-6.0,28.11
2026-08-28 13:50:00,NSE:NIFTY26SEP24000CE,24000.0,CE,24103.35,446.0,448.5,442.3,446.25,6240,13.89,0.5465,0.000396,-6.01,28.11
2026-08-28 13:55:00,NSE:NIFTY26SEP24000CE,24000.0,CE,24110.85,446.0,452.7,444.0,450.8,18330,13.91,0.5494,0.000396,-6.01,28.09
2026-08-28 14:00:00,NSE:NIFTY26SEP24000CE,24000.0,CE,24102.9,450.8,451.5,443.8,444.0,3445,13.82,0.5465,0.000399,-5.98,28.11
2026-08-28 14:05:00,NSE:NIFTY26SEP24000CE,24000.0,CE,24103.65,444.0,446.95,443.1,444.25,4030,13.82,0.5468,0.000399,-5.97,28.11
2026-08-28 14:10:00,NSE:NIFTY26SEP24000CE,24000.0,CE,24110.8,444.25,451.95,444.25,450.5,5395,13.9,0.5494,0.000396,-6.01,28.09
2026-08-28 14:15:00,NSE:NIFTY26SEP24000CE,24000.0,CE,24109.85,450.5,451.7,447.0,449.5,2535,13.88,0.5491,0.000396,-6.0,28.09
2026-08-28 14:20:00,NSE:NIFTY26SEP24000CE,24000.0,CE,24115.9,449.5,451.0,445.25,447.35,4030,13.69,0.552,0.000401,-5.91,28.07
2026-08-28 14:25:00,NSE:NIFTY26SEP24000CE,24000.0,CE,24120.35,449.55,455.0,449.2,453.4,5850,13.82,0.5534,0.000397,-5.97,28.06
2026-08-28 14:30:00,NSE:NIFTY26SEP24000CE,24000.0,CE,24120.2,453.05,458.95,449.6,458.95,8320,14.02,0.5528,0.000392,-6.05,28.06
2026-08-28 14:35:00,NSE:NIFTY26SEP24000CE,24000.0,CE,24118.9,458.95,458.95,452.4,455.0,4745,13.91,0.5526,0.000395,-6.01,28.06
2026-08-28 14:40:00,NSE:NIFTY26SEP24000CE,24000.0,CE,24118.1,455.0,455.0,450.0,451.4,4875,13.79,0.5526,0.000398,-5.96,28.06
2026-08-28 14:45:00,NSE:NIFTY26SEP24000CE,24000.0,CE,24126.65,451.4,461.0,451.0,461.0,12025,13.97,0.5555,0.000393,-6.03,28.04
2026-08-28 14:50:00,NSE:NIFTY26SEP24000CE,24000.0,CE,24138.35,460.7,472.25,458.3,470.25,51610,14.07,0.5598,0.000389,-6.06,28.0
2026-08-28 14:55:00,NSE:NIFTY26SEP24000CE,24000.0,CE,24129.45,471.75,472.0,463.55,466.5,8645,14.11,0.5562,0.000389,-6.09,28.03
2026-08-28 15:00:00,NSE:NIFTY26SEP24000CE,24000.0,CE,24108.9,463.0,463.0,446.75,451.4,14755,13.98,0.5485,0.000394,-6.05,28.08
2026-08-28 15:05:00,NSE:NIFTY26SEP24000CE,24000.0,CE,24123.0,452.6,464.95,452.25,464.95,25480,14.18,0.5534,0.000387,-6.13,28.05
2026-08-28 15:10:00,NSE:NIFTY26SEP24000CE,24000.0,CE,24142.95,465.0,489.15,463.85,482.0,70070,14.4,0.5605,0.00038,-6.21,27.99
2026-08-28 15:15:00,NSE:NIFTY26SEP24000CE,24000.0,CE,24142.45,481.15,484.75,473.0,480.7,15860,14.36,0.5604,0.000381,-6.19,27.99
2026-08-28 15:20:00,NSE:NIFTY26SEP24000CE,24000.0,CE,24142.45,479.75,497.0,479.75,491.6,43095,14.75,0.5592,0.000371,-6.36,28.0
2026-08-28 15:25:00,NSE:NIFTY26SEP24000CE,24000.0,CE,24175.65,491.65,497.0,486.6,493.0,35230,14.13,0.574,0.000385,-6.06,27.85
2026-08-31 09:15:00,NSE:NIFTY26SEP24000CE,24000.0,CE,24065.05,440.0,440.0,383.75,390.4,198315,13.23,0.5334,0.000438,-6.01,26.92
2026-08-31 09:20:00,NSE:NIFTY26SEP24000CE,24000.0,CE,24066.7,389.0,399.95,387.5,390.75,73190,13.21,0.5341,0.000439,-6.01,26.92
2026-08-31 09:25:00,NSE:NIFTY26SEP24000CE,24000.0,CE,24043.05,389.8,392.3,380.15,383.25,63895,13.4,0.5236,0.000434,-6.1,26.95
2026-08-31 09:30:00,NSE:NIFTY26SEP24000CE,24000.0,CE,24057.55,383.6,391.3,379.0,387.5,100425,13.27,0.53,0.000438,-6.04,26.93
2026-08-31 09:35:00,NSE:NIFTY26SEP24000CE,24000.0,CE,24046.9,387.5,389.7,384.8,386.25,26390,13.44,0.5252,0.000433,-6.12,26.94
2026-08-31 09:40:00,NSE:NIFTY26SEP24000CE,24000.0,CE,24024.6,385.95,388.6,377.0,377.4,44395,13.54,0.5155,0.000431,-6.17,26.95
2026-08-31 09:45:00,NSE:NIFTY26SEP24000CE,24000.0,CE,24026.2,377.05,383.9,375.0,381.8,52910,13.67,0.5162,0.000426,-6.23,26.95
2026-08-31 09:50:00,NSE:NIFTY26SEP24000CE,24000.0,CE,24023.35,381.45,384.0,378.0,378.15,29185,13.59,0.515,0.000429,-6.19,26.95
2026-08-31 09:55:00,NSE:NIFTY26SEP24000CE,24000.0,CE,24025.5,379.45,380.0,372.15,377.85,53495,13.54,0.5159,0.000431,-6.17,26.95
2026-08-31 10:00:00,NSE:NIFTY26SEP24000CE,24000.0,CE,24031.8,377.65,381.45,376.1,379.9,38935,13.49,0.5186,0.000432,-6.15,26.95
2026-08-31 10:05:00,NSE:NIFTY26SEP24000CE,24000.0,CE,24029.75,380.5,386.9,379.9,383.6,44200,13.67,0.5177,0.000426,-6.23,26.94
2026-08-31 10:10:00,NSE:NIFTY26SEP24000CE,24000.0,CE,24017.85,383.5,383.5,372.05,376.75,35880,13.65,0.5126,0.000428,-6.22,26.95
2026-08-31 10:15:00,NSE:NIFTY26SEP24000CE,24000.0,CE,24012.15,376.75,378.0,375.0,375.55,23465,13.71,0.5102,0.000426,-6.25,26.94
2026-08-31 10:20:00,NSE:NIFTY26SEP24000CE,24000.0,CE,24009.5,375.0,378.95,373.25,377.05,30615,13.82,0.5091,0.000423,-6.3,26.94
2026-08-31 10:25:00,NSE:NIFTY26SEP24000CE,24000.0,CE,24028.85,377.05,386.0,376.4,382.45,38740,13.65,0.5173,0.000427,-6.22,26.94
2026-08-31 10:30:00,NSE:NIFTY26SEP24000CE,24000.0,CE,24008.05,382.3,384.95,376.95,379.45,26780,13.93,0.5085,0.000419,-6.36,26.94
2026-08-31 10:35:00,NSE:NIFTY26SEP24000CE,24000.0,CE,24002.1,378.45,380.75,374.2,378.0,51155,13.99,0.506,0.000418,-6.38,26.93
2026-08-31 10:40:00,NSE:NIFTY26SEP24000CE,24000.0,CE,24010.65,377.9,381.3,375.0,380.15,28535,13.91,0.5096,0.00042,-6.35,26.93
2026-08-31 10:45:00,NSE:NIFTY26SEP24000CE,24000.0,CE,24007.05,380.0,382.55,378.05,380.95,23920,14.01,0.5081,0.000417,-6.39,26.93
2026-08-31 10:50:00,NSE:NIFTY26SEP24000CE,24000.0,CE,24003.8,380.0,383.25,378.0,381.1,19240,14.08,0.5068,0.000415,-6.42,26.93
2026-08-31 10:55:00,NSE:NIFTY26SEP24000CE,24000.0,CE,24010.3,381.1,385.0,381.1,384.7,20215,14.09,0.5095,0.000415,-6.43,26.93
2026-08-31 11:00:00,NSE:NIFTY26SEP24000CE,24000.0,CE,24011.4,384.45,385.8,382.0,384.6,24570,14.07,0.5099,0.000415,-6.42,26.93
2026-08-31 11:05:00,NSE:NIFTY26SEP24000CE,24000.0,CE,23997.45,384.8,384.8,378.0,378.1,19435,14.09,0.5042,0.000415,-6.43,26.92
2026-08-31 11:10:00,NSE:NIFTY26SEP24000CE,24000.0,CE,24001.6,378.25,383.0,377.05,383.0,26130,14.19,0.5059,0.000412,-6.48,26.92
2026-08-31 11:15:00,NSE:NIFTY26SEP24000CE,24000.0,CE,24004.15,382.15,385.5,380.75,383.0,49595,14.15,0.507,0.000413,-6.46,26.92
2026-08-31 11:20:00,NSE:NIFTY26SEP24000CE,24000.0,CE,24002.95,383.9,386.0,381.75,383.2,17225,14.18,0.5065,0.000412,-6.47,26.92
2026-08-31 11:25:00,NSE:NIFTY26SEP24000CE,24000.0,CE,24009.75,383.15,385.75,382.15,384.8,23855,14.11,0.5093,0.000414,-6.44,26.92
2026-08-31 11:30:00,NSE:NIFTY26SEP24000CE,24000.0,CE,24014.5,385.65,388.0,384.0,386.75,31980,14.09,0.5112,0.000414,-6.43,26.92
2026-08-31 11:35:00,NSE:NIFTY26SEP24000CE,24000.0,CE,24017.85,387.0,392.9,387.0,388.95,67080,14.11,0.5126,0.000414,-6.44,26.92
2026-08-31 11:40:00,NSE:NIFTY26SEP24000CE,24000.0,CE,24024.85,388.95,395.0,388.8,392.6,42835,14.11,0.5155,0.000414,-6.44,26.92
2026-08-31 11:45:00,NSE:NIFTY26SEP24000CE,24000.0,CE,24032.15,392.45,397.95,389.7,394.05,37700,14.03,0.5186,0.000416,-6.4,26.91
2026-08-31 11:50:00,NSE:NIFTY26SEP24000CE,24000.0,CE,24072.85,395.8,429.75,395.25,427.6,106535,14.48,0.5348,0.000401,-6.6,26.88
2026-08-31 11:55:00,NSE:NIFTY26SEP24000CE,24000.0,CE,24063.9,421.6,445.8,417.8,424.85,114660,14.56,0.5311,0.000399,-6.63,26.89
2026-08-31 12:00:00,NSE:NIFTY26SEP24000CE,24000.0,CE,24075.85,425.45,438.3,419.25,438.0,43940,14.81,0.5355,0.000392,-6.75,26.87
2026-08-31 12:05:00,NSE:NIFTY26SEP24000CE,24000.0,CE,24064.25,438.0,438.0,425.05,426.35,24505,14.61,0.5312,0.000398,-6.66,26.88
2026-08-31 12:10:00,NSE:NIFTY26SEP24000CE,24000.0,CE,24055.95,426.35,431.0,422.0,422.45,54665,14.62,0.5278,0.000398,-6.67,26.89
2026-08-31 12:15:00,NSE:NIFTY26SEP24000CE,24000.0,CE,24070.2,422.05,432.5,420.75,432.5,38285,14.72,0.5334,0.000395,-6.71,26.87
2026-08-31 12:20:00,NSE:NIFTY26SEP24000CE,24000.0,CE,24065.3,432.55,437.65,428.0,428.0,22100,14.65,0.5315,0.000397,-6.68,26.88
2026-08-31 12:25:00,NSE:NIFTY26SEP24000CE,24000.0,CE,24064.2,428.65,430.5,425.3,428.5,14820,14.69,0.531,0.000396,-6.7,26.88
2026-08-31 12:30:00,NSE:NIFTY26SEP24000CE,24000.0,CE,24057.0,428.5,430.9,423.05,425.1,17810,14.71,0.5282,0.000396,-6.71,26.88
2026-08-31 12:35:00,NSE:NIFTY26SEP24000CE,24000.0,CE,24071.4,425.0,432.0,424.5,432.0,5785,14.68,0.5339,0.000396,-6.69,26.86
2026-08-31 12:40:00,NSE:NIFTY26SEP24000CE,24000.0,CE,24073.95,431.3,436.3,428.15,433.75,15405,14.69,0.5349,0.000395,-6.7,26.86
2026-08-31 12:45:00,NSE:NIFTY26SEP24000CE,24000.0,CE,24067.8,433.7,433.7,426.75,430.75,12090,14.71,0.5325,0.000395,-6.71,26.87
2026-08-31 12:50:00,NSE:NIFTY26SEP24000CE,24000.0,CE,24077.6,430.05,436.6,430.05,435.3,18005,14.68,0.5364,0.000396,-6.69,26.85
2026-08-31 12:55:00,NSE:NIFTY26SEP24000CE,24000.0,CE,24062.15,435.65,436.0,430.0,430.0,12935,14.79,0.5301,0.000393,-6.75,26.87
2026-08-31 13:00:00,NSE:NIFTY26SEP24000CE,24000.0,CE,24068.6,429.05,436.05,428.65,434.85,41145,14.85,0.5326,0.000392,-6.77,26.86
2026-08-31 13:05:00,NSE:NIFTY26SEP24000CE,24000.0,CE,24060.85,434.85,436.4,428.1,429.0,10205,14.78,0.5296,0.000394,-6.74,26.87
2026-08-31 13:10:00,NSE:NIFTY26SEP24000CE,24000.0,CE,24074.15,429.0,436.2,427.7,435.5,9230,14.76,0.5349,0.000394,-6.73,26.85
2026-08-31 13:15:00,NSE:NIFTY26SEP24000CE,24000.0,CE,24066.0,436.2,436.2,430.0,430.15,7345,14.73,0.5317,0.000395,-6.72,26.86
2026-08-31 13:20:00,NSE:NIFTY26SEP24000CE,24000.0,CE,24065.0,430.15,432.8,429.2,431.25,5460,14.79,0.5313,0.000394,-6.75,26.86
2026-08-31 13:25:00,NSE:NIFTY26SEP24000CE,24000.0,CE,24067.05,431.0,435.0,428.0,429.0,13650,14.66,0.5322,0.000397,-6.69,26.85
2026-08-31 13:30:00,NSE:NIFTY26SEP24000CE,24000.0,CE,24069.85,429.0,435.5,429.0,435.5,10725,14.85,0.5331,0.000392,-6.78,26.85
2026-08-31 13:35:00,NSE:NIFTY26SEP24000CE,24000.0,CE,24061.8,434.55,435.5,430.0,430.5,5915,14.82,0.53,0.000393,-6.77,26.86
2026-08-31 13:40:00,NSE:NIFTY26SEP24000CE,24000.0,CE,24055.05,431.15,435.0,425.6,426.0,21255,14.79,0.5273,0.000394,-6.76,26.86
2026-08-31 13:45:00,NSE:NIFTY26SEP24000CE,24000.0,CE,24064.65,425.85,434.0,425.0,433.6,14755,14.89,0.531,0.000391,-6.79,26.85
2026-08-31 13:50:00,NSE:NIFTY26SEP24000CE,24000.0,CE,24058.25,433.6,433.7,428.8,429.75,16835,14.87,0.5285,0.000392,-6.79,26.86
2026-08-31 13:55:00,NSE:NIFTY26SEP24000CE,24000.0,CE,24047.05,429.55,430.05,420.35,421.2,17550,14.77,0.5242,0.000395,-6.75,26.86
2026-08-31 14:00:00,NSE:NIFTY26SEP24000CE,24000.0,CE,24033.55,421.65,422.65,409.0,409.15,24375,14.58,0.5189,0.000401,-6.67,26.87
2026-08-31 14:05:00,NSE:NIFTY26SEP24000CE,24000.0,CE,24031.7,410.3,419.4,403.8,413.9,25610,14.8,0.5181,0.000395,-6.77,26.87
2026-08-31 14:10:00,NSE:NIFTY26SEP24000CE,24000.0,CE,24031.55,413.9,413.9,410.05,411.75,11700,14.72,0.5181,0.000397,-6.73,26.87
2026-08-31 14:15:00,NSE:NIFTY26SEP24000CE,24000.0,CE,24034.55,413.05,417.6,409.95,412.8,17225,14.7,0.5193,0.000397,-6.72,26.87
2026-08-31 14:20:00,NSE:NIFTY26SEP24000CE,24000.0,CE,24024.75,413.45,413.7,408.15,409.45,16640,14.77,0.5154,0.000396,-6.75,26.87
2026-08-31 14:25:00,NSE:NIFTY26SEP24000CE,24000.0,CE,24022.2,409.95,411.95,404.55,406.55,18005,14.71,0.5144,0.000398,-6.73,26.86
2026-08-31 14:30:00,NSE:NIFTY26SEP24000CE,24000.0,CE,24033.75,406.7,413.75,405.1,410.05,20085,14.62,0.519,0.0004,-6.69,26.86
2026-08-31 14:35:00,NSE:NIFTY26SEP24000CE,24000.0,CE,24044.65,411.5,419.8,411.25,418.45,27690,14.73,0.5233,0.000396,-6.73,26.85
2026-08-31 14:40:00,NSE:NIFTY26SEP24000CE,24000.0,CE,24054.1,417.05,429.95,417.05,428.05,49400,14.9,0.5269,0.000391,-6.81,26.85
2026-08-31 14:45:00,NSE:NIFTY26SEP24000CE,24000.0,CE,24077.1,428.2,467.6,426.8,443.0,125580,15.0,0.5357,0.000388,-6.85,26.82
2026-08-31 14:50:00,NSE:NIFTY26SEP24000CE,24000.0,CE,24094.45,443.3,455.2,443.3,454.0,38220,15.06,0.5423,0.000385,-6.87,26.79
2026-08-31 14:55:00,NSE:NIFTY26SEP24000CE,24000.0,CE,24075.2,453.1,455.1,436.1,438.25,34125,14.86,0.5352,0.000392,-6.78,26.82
2026-08-31 15:00:00,NSE:NIFTY26SEP24000CE,24000.0,CE,24057.6,437.5,439.95,424.3,428.55,39455,14.85,0.5283,0.000393,-6.79,26.84
2026-08-31 15:05:00,NSE:NIFTY26SEP24000CE,24000.0,CE,24068.1,428.3,435.0,418.5,435.0,30355,14.89,0.5324,0.000391,-6.8,26.82
2026-08-31 15:10:00,NSE:NIFTY26SEP24000CE,24000.0,CE,24051.95,433.6,434.1,421.9,421.9,31005,14.72,0.5262,0.000397,-6.73,26.84
2026-08-31 15:15:00,NSE:NIFTY26SEP24000CE,24000.0,CE,24050.25,423.6,428.4,414.65,427.05,31460,14.94,0.5254,0.000391,-6.83,26.84
2026-08-31 15:20:00,NSE:NIFTY26SEP24000CE,24000.0,CE,24050.25,425.4,448.65,415.0,423.5,63570,14.81,0.5255,0.000394,-6.77,26.84
2026-08-31 15:25:00,NSE:NIFTY26SEP24000CE,24000.0,CE,24080.4,423.95,429.75,415.3,426.4,38220,14.32,0.5381,0.000406,-6.54,26.79
2026-09-01 09:15:00,NSE:NIFTY26SEP24000CE,24000.0,CE,24041.15,413.6,416.4,369.65,373.25,229645,13.28,0.5231,0.000446,-6.16,26.49
2026-09-01 09:20:00,NSE:NIFTY26SEP24000CE,24000.0,CE,24039.1,373.0,376.45,367.55,368.8,97045,13.16,0.5223,0.00045,-6.1,26.49
2026-09-01 09:25:00,NSE:NIFTY26SEP24000CE,24000.0,CE,24063.95,370.3,388.3,367.55,386.0,83395,13.32,0.5332,0.000443,-6.16,26.46
2026-09-01 09:30:00,NSE:NIFTY26SEP24000CE,24000.0,CE,24066.2,385.1,392.0,381.5,385.05,55640,13.24,0.5343,0.000446,-6.13,26.46
2026-09-01 09:35:00,NSE:NIFTY26SEP24000CE,24000.0,CE,24040.85,384.2,385.0,371.9,372.9,43875,13.28,0.523,0.000446,-6.16,26.49
2026-09-01 09:40:00,NSE:NIFTY26SEP24000CE,24000.0,CE,24028.35,372.9,375.7,362.45,363.6,65260,13.18,0.5174,0.00045,-6.11,26.49
2026-09-01 09:45:00,NSE:NIFTY26SEP24000CE,24000.0,CE,24021.2,363.15,365.0,356.0,360.55,70525,13.2,0.5142,0.00045,-6.13,26.49
2026-09-01 09:50:00,NSE:NIFTY26SEP24000CE,24000.0,CE,24022.05,360.0,363.35,356.0,357.35,50245,13.06,0.5146,0.000454,-6.06,26.49
2026-09-01 09:55:00,NSE:NIFTY26SEP24000CE,24000.0,CE,24018.25,356.2,360.25,353.4,355.3,53755,13.06,0.5129,0.000454,-6.06,26.49
2026-09-01 10:00:00,NSE:NIFTY26SEP24000CE,24000.0,CE,24032.95,354.45,361.95,353.0,360.0,41730,12.95,0.5196,0.000458,-6.01,26.48
2026-09-01 10:05:00,NSE:NIFTY26SEP24000CE,24000.0,CE,24033.0,360.15,361.8,353.8,357.8,55380,12.87,0.5197,0.000461,-5.97,26.48
2026-09-01 10:10:00,NSE:NIFTY26SEP24000CE,24000.0,CE,24036.25,357.8,358.95,355.15,357.25,42640,12.79,0.5213,0.000464,-5.93,26.48
2026-09-01 10:15:00,NSE:NIFTY26SEP24000CE,24000.0,CE,24050.2,358.0,366.95,358.0,363.25,59020,12.74,0.5278,0.000465,-5.9,26.46
2026-09-01 10:20:00,NSE:NIFTY26SEP24000CE,24000.0,CE,24062.5,364.4,369.55,361.1,368.15,41860,12.68,0.5336,0.000466,-5.87,26.44
2026-09-01 10:25:00,NSE:NIFTY26SEP24000CE,24000.0,CE,24061.05,368.1,369.0,364.8,368.65,18785,12.73,0.5329,0.000464,-5.9,26.44
2026-09-01 10:30:00,NSE:NIFTY26SEP24000CE,24000.0,CE,24064.75,368.25,374.3,367.8,370.0,34255,12.71,0.5346,0.000465,-5.88,26.43
2026-09-01 10:35:00,NSE:NIFTY26SEP24000CE,24000.0,CE,24068.55,370.0,373.55,368.55,372.95,14820,12.74,0.5363,0.000463,-5.9,26.42
2026-09-01 10:40:00,NSE:NIFTY26SEP24000CE,24000.0,CE,24064.95,373.2,373.8,366.35,369.45,15210,12.68,0.5348,0.000466,-5.87,26.43
2026-09-01 10:45:00,NSE:NIFTY26SEP24000CE,24000.0,CE,24069.7,370.0,372.5,368.5,372.3,9490,12.69,0.537,0.000465,-5.88,26.42
2026-09-01 10:50:00,NSE:NIFTY26SEP24000CE,24000.0,CE,24087.2,373.7,383.0,372.5,380.7,50700,12.65,0.5452,0.000465,-5.85,26.38
2026-09-01 10:55:00,NSE:NIFTY26SEP24000CE,24000.0,CE,24082.0,381.0,384.15,378.6,381.25,44980,12.78,0.5425,0.000461,-5.91,26.39
2026-09-01 11:00:00,NSE:NIFTY26SEP24000CE,24000.0,CE,24077.4,381.95,384.8,376.35,380.05,23855,12.83,0.5402,0.00046,-5.94,26.4
2026-09-01 11:05:00,NSE:NIFTY26SEP24000CE,24000.0,CE,24092.85,380.05,395.0,378.45,392.0,61035,12.97,0.547,0.000454,-5.99,26.36
2026-09-01 11:10:00,NSE:NIFTY26SEP24000CE,24000.0,CE,24107.05,392.5,405.25,390.6,402.95,82225,13.09,0.553,0.000448,-6.04,26.32
2026-09-01 11:15:00,NSE:NIFTY26SEP24000CE,24000.0,CE,24121.65,403.25,417.6,403.25,417.5,70590,13.33,0.5587,0.000439,-6.14,26.28
2026-09-01 11:20:00,NSE:NIFTY26SEP24000CE,24000.0,CE,24120.35,417.85,418.75,411.75,416.5,47320,13.32,0.5581,0.000439,-6.14,26.28
2026-09-01 11:25:00,NSE:NIFTY26SEP24000CE,24000.0,CE,24126.3,416.5,427.0,416.0,425.75,64350,13.55,0.56,0.000432,-6.24,26.27
2026-09-01 11:30:00,NSE:NIFTY26SEP24000CE,24000.0,CE,24124.55,425.0,437.45,424.55,427.0,58955,13.63,0.5589,0.000429,-6.28,26.28
2026-09-01 11:35:00,NSE:NIFTY26SEP24000CE,24000.0,CE,24112.6,428.45,428.45,417.55,418.75,37440,13.57,0.554,0.000432,-6.26,26.31
2026-09-01 11:40:00,NSE:NIFTY26SEP24000CE,24000.0,CE,24119.0,418.25,422.6,414.2,422.35,17355,13.58,0.5567,0.000431,-6.26,26.29
2026-09-01 11:45:00,NSE:NIFTY26SEP24000CE,24000.0,CE,24110.6,422.25,425.55,415.0,416.3,21385,13.53,0.5532,0.000434,-6.24,26.31
2026-09-01 11:50:00,NSE:NIFTY26SEP24000CE,24000.0,CE,24117.65,414.75,420.0,414.75,418.0,27170,13.44,0.5566,0.000436,-6.2,26.29
2026-09-01 11:55:00,NSE:NIFTY26SEP24000CE,24000.0,CE,24116.7,418.45,421.0,418.0,418.0,13715,13.46,0.5561,0.000435,-6.21,26.29
2026-09-01 12:00:00,NSE:NIFTY26SEP24000CE,24000.0,CE,24121.3,418.05,419.2,414.95,419.2,15080,13.41,0.5583,0.000437,-6.18,26.27
2026-09-01 12:05:00,NSE:NIFTY26SEP24000CE,24000.0,CE,24127.9,419.95,422.0,417.4,422.0,20930,13.38,0.5613,0.000437,-6.16,26.24
2026-09-01 12:10:00,NSE:NIFTY26SEP24000CE,24000.0,CE,24117.75,424.0,427.5,416.05,418.05,11700,13.44,0.5566,0.000436,-6.2,26.28
2026-09-01 12:15:00,NSE:NIFTY26SEP24000CE,24000.0,CE,24110.1,418.25,418.8,410.0,413.6,19955,13.44,0.5533,0.000437,-6.2,26.3
2026-09-01 12:20:00,NSE:NIFTY26SEP24000CE,24000.0,CE,24097.65,413.6,414.0,405.15,406.2,15015,13.42,0.5479,0.000439,-6.21,26.34
2026-09-01 12:25:00,NSE:NIFTY26SEP24000CE,24000.0,CE,24109.65,404.5,412.85,402.55,410.25,16055,13.32,0.5535,0.000441,-6.15,26.3
2026-09-01 12:30:00,NSE:NIFTY26SEP24000CE,24000.0,CE,24108.4,409.0,415.0,405.5,407.65,20150,13.25,0.5531,0.000443,-6.12,26.3
2026-09-01 12:35:00,NSE:NIFTY26SEP24000CE,24000.0,CE,24111.05,406.95,414.7,406.95,410.0,11700,13.28,0.5542,0.000442,-6.13,26.29
2026-09-01 12:40:00,NSE:NIFTY26SEP24000CE,24000.0,CE,24115.15,410.5,414.25,410.5,414.15,6825,13.36,0.5558,0.000439,-6.16,26.28
2026-09-01 12:45:00,NSE:NIFTY26SEP24000CE,24000.0,CE,24107.45,414.15,416.4,407.55,407.95,6695,13.28,0.5526,0.000442,-6.14,26.3
2026-09-01 12:50:00,NSE:NIFTY26SEP24000CE,24000.0,CE,24093.5,409.0,409.0,403.0,403.0,6305,13.39,0.5462,0.00044,-6.2,26.34
2026-09-01 12:55:00,NSE:NIFTY26SEP24000CE,24000.0,CE,24092.25,403.0,404.0,399.2,400.05,16185,13.3,0.5459,0.000443,-6.16,26.34
2026-09-01 13:00:00,NSE:NIFTY26SEP24000CE,24000.0,CE,24084.15,400.3,400.75,387.15,388.7,61750,13.04,0.5429,0.000452,-6.04,26.35
2026-09-01 13:05:00,NSE:NIFTY26SEP24000CE,24000.0,CE,24074.95,387.55,388.7,378.5,381.45,51870,12.95,0.5389,0.000456,-6.01,26.37
2026-09-01 13:10:00,NSE:NIFTY26SEP24000CE,24000.0,CE,24050.2,382.25,382.25,363.65,364.9,66885,12.83,0.5277,0.000462,-5.96,26.41
2026-09-01 13:15:00,NSE:NIFTY26SEP24000CE,24000.0,CE,24049.05,364.25,366.35,358.6,366.35,57525,12.9,0.5271,0.00046,-6.0,26.41
2026-09-01 13:20:00,NSE:NIFTY26SEP24000CE,24000.0,CE,24056.9,365.65,370.0,364.0,366.85,40170,12.77,0.5309,0.000464,-5.93,26.39
2026-09-01 13:25:00,NSE:NIFTY26SEP24000CE,24000.0,CE,24049.8,366.85,367.6,360.1,363.15,52910,12.77,0.5276,0.000464,-5.93,26.4
2026-09-01 13:30:00,NSE:NIFTY26SEP24000CE,24000.0,CE,24059.95,363.15,368.65,362.05,366.65,28665,12.7,0.5325,0.000466,-5.9,26.38
2026-09-01 13:35:00,NSE:NIFTY26SEP24000CE,24000.0,CE,24036.9,365.7,369.0,350.0,350.25,62465,12.54,0.5218,0.000474,-5.83,26.41
2026-09-01 13:40:00,NSE:NIFTY26SEP24000CE,24000.0,CE,24034.2,350.0,352.0,342.35,349.45,138840,12.56,0.5205,0.000473,-5.84,26.41
2026-09-01 13:45:00,NSE:NIFTY26SEP24000CE,24000.0,CE,24019.25,349.75,349.75,341.65,342.05,104845,12.58,0.5135,0.000473,-5.85,26.42
2026-09-01 13:50:00,NSE:NIFTY26SEP24000CE,24000.0,CE,23993.8,342.0,342.45,322.0,327.2,247975,12.51,0.5013,0.000477,-5.82,26.41
2026-09-01 13:55:00,NSE:NIFTY26SEP24000CE,24000.0,CE,24000.15,327.15,336.6,324.4,332.8,129545,12.6,0.5044,0.000473,-5.87,26.41
2026-09-01 14:00:00,NSE:NIFTY26SEP24000CE,24000.0,CE,23978.55,332.0,332.05,316.75,318.6,128635,12.47,0.494,0.000479,-5.8,26.39
2026-09-01 14:05:00,NSE:NIFTY26SEP24000CE,24000.0,CE,23956.35,318.5,323.2,307.75,310.35,143715,12.57,0.4836,0.000475,-5.84,26.35
2026-09-01 14:10:00,NSE:NIFTY26SEP24000CE,24000.0,CE,23965.05,310.55,318.85,310.1,315.95,161915,12.62,0.4878,0.000473,-5.87,26.36
2026-09-01 14:15:00,NSE:NIFTY26SEP24000CE,24000.0,CE,23965.65,315.85,318.75,314.0,317.2,107185,12.66,0.4882,0.000472,-5.89,26.36
2026-09-01 14:20:00,NSE:NIFTY26SEP24000CE,24000.0,CE,23958.05,316.15,317.65,312.0,314.0,67145,12.68,0.4846,0.000471,-5.89,26.34
2026-09-01 14:25:00,NSE:NIFTY26SEP24000CE,24000.0,CE,23981.6,313.5,326.15,313.5,325.0,155220,12.66,0.4957,0.000472,-5.89,26.38
2026-09-01 14:30:00,NSE:NIFTY26SEP24000CE,24000.0,CE,23984.45,324.65,329.75,320.15,327.55,102180,12.7,0.4971,0.00047,-5.91,26.38
2026-09-01 14:35:00,NSE:NIFTY26SEP24000CE,24000.0,CE,23966.0,327.8,329.65,317.25,318.7,51610,12.71,0.4884,0.00047,-5.91,26.36
2026-09-01 14:40:00,NSE:NIFTY26SEP24000CE,24000.0,CE,23961.95,318.0,322.0,314.65,319.2,67535,12.8,0.4867,0.000467,-5.96,26.35
2026-09-01 14:45:00,NSE:NIFTY26SEP24000CE,24000.0,CE,23969.65,319.2,324.55,318.15,320.9,60255,12.73,0.4902,0.000469,-5.92,26.36
2026-09-01 14:50:00,NSE:NIFTY26SEP24000CE,24000.0,CE,23980.75,320.85,326.35,320.85,324.7,60775,12.67,0.4953,0.000472,-5.9,26.37
2026-09-01 14:55:00,NSE:NIFTY26SEP24000CE,24000.0,CE,23980.5,324.7,326.85,320.05,320.3,89440,12.5,0.495,0.000478,-5.82,26.37
2026-09-01 15:00:00,NSE:NIFTY26SEP24000CE,24000.0,CE,23975.9,320.6,322.2,313.25,316.7,78195,12.45,0.4927,0.00048,-5.8,26.36
2026-09-01 15:05:00,NSE:NIFTY26SEP24000CE,24000.0,CE,23969.65,316.95,321.25,313.55,314.0,42640,12.47,0.4897,0.000479,-5.81,26.35
2026-09-01 15:10:00,NSE:NIFTY26SEP24000CE,24000.0,CE,23984.45,314.7,320.5,313.6,318.55,65325,12.37,0.4967,0.000483,-5.76,26.37
2026-09-01 15:15:00,NSE:NIFTY26SEP24000CE,24000.0,CE,23980.55,318.15,319.5,312.0,312.75,77480,12.22,0.4946,0.000489,-5.69,26.36
2026-09-01 15:20:00,NSE:NIFTY26SEP24000CE,24000.0,CE,23980.55,312.7,317.1,311.9,315.85,133770,12.34,0.4948,0.000484,-5.75,26.36
2026-09-01 15:25:00,NSE:NIFTY26SEP24000CE,24000.0,CE,24055.8,315.95,328.0,314.45,328.0,140530,11.34,0.533,0.000523,-5.27,26.34
2026-09-02 09:15:00,NSE:NIFTY26SEP24000CE,24000.0,CE,23824.7,254.85,269.75,240.05,264.05,534820,13.27,0.4249,0.000452,-6.14,25.41
2026-09-02 09:20:00,NSE:NIFTY26SEP24000CE,24000.0,CE,23803.4,264.25,266.95,253.8,260.85,317005,13.5,0.4169,0.000443,-6.21,25.29
2026-09-02 09:25:00,NSE:NIFTY26SEP24000CE,24000.0,CE,23821.7,260.4,268.95,259.35,266.05,212095,13.4,0.4243,0.000447,-6.2,25.4
2026-09-02 09:30:00,NSE:NIFTY26SEP24000CE,24000.0,CE,23843.25,266.0,271.2,263.0,270.35,164060,13.21,0.4329,0.000455,-6.13,25.52
2026-09-02 09:35:00,NSE:NIFTY26SEP24000CE,24000.0,CE,23827.85,271.0,271.5,263.25,264.1,137540,13.22,0.426,0.000454,-6.12,25.42
2026-09-02 09:40:00,NSE:NIFTY26SEP24000CE,24000.0,CE,23841.6,263.5,269.6,263.35,266.35,132145,13.08,0.4313,0.000459,-6.07,25.49
2026-09-02 09:45:00,NSE:NIFTY26SEP24000CE,24000.0,CE,23835.35,266.0,266.95,260.0,264.45,141245,13.11,0.4287,0.000458,-6.08,25.46
2026-09-02 09:50:00,NSE:NIFTY26SEP24000CE,24000.0,CE,23830.7,264.5,269.0,260.85,261.3,99125,13.07,0.4262,0.000459,-6.05,25.42
2026-09-02 09:55:00,NSE:NIFTY26SEP24000CE,24000.0,CE,23851.0,261.2,270.6,260.2,268.75,102440,13.02,0.4353,0.000462,-6.06,25.54
2026-09-02 10:00:00,NSE:NIFTY26SEP24000CE,24000.0,CE,23853.25,268.4,271.0,265.7,268.0,101010,12.95,0.4359,0.000465,-6.03,25.55
2026-09-02 10:05:00,NSE:NIFTY26SEP24000CE,24000.0,CE,23848.1,268.05,271.0,264.45,265.15,94120,12.93,0.4334,0.000465,-6.01,25.52
2026-09-02 10:10:00,NSE:NIFTY26SEP24000CE,24000.0,CE,23848.3,265.05,272.0,264.0,267.0,91845,13.0,0.4339,0.000463,-6.04,25.52
2026-09-02 10:15:00,NSE:NIFTY26SEP24000CE,24000.0,CE,23855.4,266.7,270.0,265.0,269.5,73905,12.98,0.4371,0.000464,-6.04,25.56
2026-09-02 10:20:00,NSE:NIFTY26SEP24000CE,24000.0,CE,23876.1,269.75,280.25,269.15,276.5,160485,12.89,0.4463,0.000468,-6.03,25.66
2026-09-02 10:25:00,NSE:NIFTY26SEP24000CE,24000.0,CE,23882.75,276.55,281.0,275.1,279.95,69680,12.91,0.4495,0.000468,-6.04,25.69
2026-09-02 10:30:00,NSE:NIFTY26SEP24000CE,24000.0,CE,23881.1,280.1,285.0,276.85,277.0,87165,12.83,0.4483,0.000471,-6.0,25.68
2026-09-02 10:35:00,NSE:NIFTY26SEP24000CE,24000.0,CE,23864.5,277.65,278.85,269.0,270.9,53690,12.88,0.4407,0.000468,-6.01,25.6
2026-09-02 10:40:00,NSE:NIFTY26SEP24000CE,24000.0,CE,23860.65,271.3,275.0,269.75,269.95,63440,12.91,0.4391,0.000467,-6.02,25.58
2026-09-02 10:45:00,NSE:NIFTY26SEP24000CE,24000.0,CE,23862.9,270.0,275.4,268.55,272.75,63895,12.98,0.4405,0.000465,-6.06,25.59
2026-09-02 10:50:00,NSE:NIFTY26SEP24000CE,24000.0,CE,23854.55,272.75,277.0,262.0,268.9,83720,12.97,0.4366,0.000464,-6.04,25.54
2026-09-02 10:55:00,NSE:NIFTY26SEP24000CE,24000.0,CE,23859.95,269.15,274.15,267.9,271.4,38740,12.98,0.4392,0.000465,-6.05,25.57
2026-09-02 11:00:00,NSE:NIFTY26SEP24000CE,24000.0,CE,23836.6,271.4,272.95,261.95,262.05,41535,13.01,0.4285,0.000462,-6.04,25.43
2026-09-02 11:05:00,NSE:NIFTY26SEP24000CE,24000.0,CE,23830.65,261.55,265.05,260.0,260.45,67015,13.05,0.426,0.00046,-6.05,25.4
2026-09-02 11:10:00,NSE:NIFTY26SEP24000CE,24000.0,CE,23832.35,260.35,262.6,260.05,261.2,34645,13.05,0.4268,0.00046,-6.05,25.4
2026-09-02 11:15:00,NSE:NIFTY26SEP24000CE,24000.0,CE,23834.95,261.35,266.0,260.75,263.85,28795,13.11,0.4284,0.000458,-6.08,25.42
2026-09-02 11:20:00,NSE:NIFTY26SEP24000CE,24000.0,CE,23824.95,264.5,265.2,259.3,260.75,58045,13.16,0.4241,0.000456,-6.09,25.36
2026-09-02 11:25:00,NSE:NIFTY26SEP24000CE,24000.0,CE,23819.6,260.35,261.75,258.65,258.65,39780,13.16,0.4217,0.000455,-6.09,25.32
2026-09-02 11:30:00,NSE:NIFTY26SEP24000CE,24000.0,CE,23813.95,259.9,260.2,256.45,258.9,44720,13.27,0.4198,0.000452,-6.13,25.29
2026-09-02 11:35:00,NSE:NIFTY26SEP24000CE,24000.0,CE,23817.7,258.45,261.55,255.5,261.0,41535,13.29,0.4217,0.000451,-6.15,25.32
2026-09-02 11:40:00,NSE:NIFTY26SEP24000CE,24000.0,CE,23810.7,260.0,261.3,256.25,256.95,57200,13.25,0.4182,0.000452,-6.11,25.27
2026-09-02 11:45:00,NSE:NIFTY26SEP24000CE,24000.0,CE,23811.9,256.95,258.5,255.1,256.6,30420,13.21,0.4185,0.000453,-6.1,25.27
2026-09-02 11:50:00,NSE:NIFTY26SEP24000CE,24000.0,CE,23824.35,256.75,261.9,256.0,261.15,46605,13.19,0.424,0.000455,-6.11,25.35
2026-09-02 11:55:00,NSE:NIFTY26SEP24000CE,24000.0,CE,23812.95,261.1,264.05,255.1,256.65,80145,13.2,0.4189,0.000454,-6.1,25.27
2026-09-02 12:00:00,NSE:NIFTY26SEP24000CE,24000.0,CE,23805.05,256.65,257.8,251.75,254.0,84370,13.23,0.4155,0.000452,-6.1,25.22
2026-09-02 12:05:00,NSE:NIFTY26SEP24000CE,24000.0,CE,23811.75,254.25,256.7,253.0,255.45,63830,13.17,0.4182,0.000455,-6.08,25.26
2026-09-02 12:10:00,NSE:NIFTY26SEP24000CE,24000.0,CE,23838.35,256.0,266.2,255.0,263.8,89050,13.06,0.4296,0.000461,-6.07,25.42
2026-09-02 12:15:00,NSE:NIFTY26SEP24000CE,24000.0,CE,23828.3,264.65,267.0,259.55,260.15,40235,13.09,0.4251,0.000459,-6.07,25.36
2026-09-02 12:20:00,NSE:NIFTY26SEP24000CE,24000.0,CE,23825.7,260.15,260.45,255.0,260.0,60060,13.13,0.4242,0.000458,-6.08,25.34
2026-09-02 12:25:00,NSE:NIFTY26SEP24000CE,24000.0,CE,23836.25,259.3,268.0,259.3,266.2,75985,13.19,0.4294,0.000456,-6.13,25.41
2026-09-02 12:30:00,NSE:NIFTY26SEP24000CE,24000.0,CE,23847.9,266.2,274.95,265.0,269.4,109850,13.12,0.4343,0.000459,-6.11,25.48
2026-09-02 12:35:00,NSE:NIFTY26SEP24000CE,24000.0,CE,23851.05,269.3,272.5,267.95,271.25,41665,13.14,0.4359,0.000459,-6.13,25.5
2026-09-02 12:40:00,NSE:NIFTY26SEP24000CE,24000.0,CE,23860.95,271.5,279.95,271.15,274.0,62205,13.08,0.4401,0.000462,-6.11,25.55
2026-09-02 12:45:00,NSE:NIFTY26SEP24000CE,24000.0,CE,23859.3,274.5,277.0,269.2,276.2,86580,13.2,0.44,0.000458,-6.16,25.54
2026-09-02 12:50:00,NSE:NIFTY26SEP24000CE,24000.0,CE,23863.15,275.6,278.25,273.9,276.5,41730,13.14,0.4414,0.00046,-6.14,25.56
2026-09-02 12:55:00,NSE:NIFTY26SEP24000CE,24000.0,CE,23869.7,276.5,278.9,272.05,278.0,28665,13.09,0.4442,0.000462,-6.13,25.59
2026-09-02 13:00:00,NSE:NIFTY26SEP24000CE,24000.0,CE,23866.25,278.65,281.1,275.8,275.8,60645,13.06,0.4424,0.000463,-6.11,25.57
2026-09-02 13:05:00,NSE:NIFTY26SEP24000CE,24000.0,CE,23857.75,275.7,277.7,270.0,273.0,39845,13.1,0.4387,0.000461,-6.12,25.52
2026-09-02 13:10:00,NSE:NIFTY26SEP24000CE,24000.0,CE,23873.85,273.65,284.0,272.0,280.2,51480,13.11,0.4461,0.000462,-6.14,25.6
2026-09-02 13:15:00,NSE:NIFTY26SEP24000CE,24000.0,CE,23871.2,280.0,281.0,275.95,277.4,29445,13.04,0.4446,0.000464,-6.11,25.59
2026-09-02 13:20:00,NSE:NIFTY26SEP24000CE,24000.0,CE,23877.5,277.4,282.25,275.7,281.9,61100,13.11,0.4478,0.000462,-6.15,25.62
2026-09-02 13:25:00,NSE:NIFTY26SEP24000CE,24000.0,CE,23875.1,281.9,284.6,278.65,278.65,59995,13.03,0.4463,0.000465,-6.1,25.6
2026-09-02 13:30:00,NSE:NIFTY26SEP24000CE,24000.0,CE,23877.85,278.55,281.0,275.0,281.0,34515,13.07,0.4478,0.000463,-6.13,25.62
2026-09-02 13:35:00,NSE:NIFTY26SEP24000CE,24000.0,CE,23863.55,281.0,284.8,275.8,276.5,47580,13.14,0.4416,0.00046,-6.15,25.55
2026-09-02 13:40:00,NSE:NIFTY26SEP24000CE,24000.0,CE,23868.65,276.0,280.5,274.0,276.0,34840,13.04,0.4434,0.000464,-6.1,25.57
2026-09-02 13:45:00,NSE:NIFTY26SEP24000CE,24000.0,CE,23864.45,276.0,280.2,275.0,275.2,25155,13.08,0.4416,0.000462,-6.12,25.54
2026-09-02 13:50:00,NSE:NIFTY26SEP24000CE,24000.0,CE,23866.4,275.3,277.95,268.3,276.15,41015,13.08,0.4426,0.000462,-6.12,25.55
2026-09-02 13:55:00,NSE:NIFTY26SEP24000CE,24000.0,CE,23872.0,276.55,280.9,276.25,280.9,33215,13.17,0.4456,0.00046,-6.17,25.58
2026-09-02 14:00:00,NSE:NIFTY26SEP24000CE,24000.0,CE,23874.05,280.95,286.5,278.65,279.3,66105,13.08,0.446,0.000463,-6.13,25.59
2026-09-02 14:05:00,NSE:NIFTY26SEP24000CE,24000.0,CE,23892.4,278.9,291.8,277.65,289.35,81835,13.15,0.4549,0.000462,-6.18,25.67
2026-09-02 14:10:00,NSE:NIFTY26SEP24000CE,24000.0,CE,23885.25,289.3,291.3,284.1,285.75,40300,13.13,0.4515,0.000462,-6.17,25.64
2026-09-02 14:15:00,NSE:NIFTY26SEP24000CE,24000.0,CE,23883.05,286.05,287.0,281.2,283.85,25350,13.1,0.4503,0.000463,-6.15,25.63
2026-09-02 14:20:00,NSE:NIFTY26SEP24000CE,24000.0,CE,23874.45,284.9,285.0,276.75,278.4,29705,13.04,0.446,0.000465,-6.11,25.58
2026-09-02 14:25:00,NSE:NIFTY26SEP24000CE,24000.0,CE,23886.4,278.4,289.0,276.75,287.0,26585,13.16,0.4522,0.000461,-6.19,25.64
2026-09-02 14:30:00,NSE:NIFTY26SEP24000CE,24000.0,CE,23901.6,287.25,301.5,287.0,294.8,85800,13.2,0.4593,0.00046,-6.22,25.7
2026-09-02 14:35:00,NSE:NIFTY26SEP24000CE,24000.0,CE,23903.45,295.5,300.4,288.55,293.95,66755,13.13,0.4599,0.000463,-6.19,25.71
2026-09-02 14:40:00,NSE:NIFTY26SEP24000CE,24000.0,CE,23887.65,293.95,293.95,281.25,282.0,57135,12.95,0.4517,0.000468,-6.09,25.63
2026-09-02 14:45:00,NSE:NIFTY26SEP24000CE,24000.0,CE,23898.9,282.8,291.1,279.4,289.25,48620,13.03,0.4574,0.000466,-6.14,25.68
2026-09-02 14:50:00,NSE:NIFTY26SEP24000CE,24000.0,CE,23883.75,289.5,289.5,279.6,280.6,32695,12.96,0.45,0.000468,-6.09,25.61
2026-09-02 14:55:00,NSE:NIFTY26SEP24000CE,24000.0,CE,23873.15,280.55,280.85,272.4,277.0,64155,13.01,0.4453,0.000466,-6.1,25.56
2026-09-02 15:00:00,NSE:NIFTY26SEP24000CE,24000.0,CE,23860.8,275.15,277.6,266.7,267.5,93080,12.85,0.4386,0.000471,-6.01,25.49
2026-09-02 15:05:00,NSE:NIFTY26SEP24000CE,24000.0,CE,23862.05,267.75,271.75,265.65,270.85,64090,12.96,0.4398,0.000467,-6.07,25.5
2026-09-02 15:10:00,NSE:NIFTY26SEP24000CE,24000.0,CE,23883.5,271.0,280.0,270.35,275.75,86060,12.78,0.449,0.000474,-6.01,25.6
2026-09-02 15:15:00,NSE:NIFTY26SEP24000CE,24000.0,CE,23882.85,275.7,277.2,270.1,272.55,55055,12.67,0.4481,0.000479,-5.95,25.59
2026-09-02 15:20:00,NSE:NIFTY26SEP24000CE,24000.0,CE,23882.85,275.0,276.95,270.15,274.3,106990,12.74,0.4485,0.000476,-5.98,25.59
2026-09-02 15:25:00,NSE:NIFTY26SEP24000CE,24000.0,CE,23914.45,273.4,274.35,266.0,271.15,67015,12.06,0.4608,0.000504,-5.69,25.71
2026-09-03 09:15:00,NSE:NIFTY26SEP24000CE,24000.0,CE,23968.65,305.0,338.95,299.65,305.8,501540,12.57,0.4889,0.000491,-6.05,25.52
2026-09-03 09:20:00,NSE:NIFTY26SEP24000CE,24000.0,CE,23957.65,305.55,314.25,300.25,300.25,169845,12.57,0.4835,0.000491,-6.05,25.49
2026-09-03 09:25:00,NSE:NIFTY26SEP24000CE,24000.0,CE,23982.2,301.2,312.4,299.8,311.9,145990,12.55,0.4955,0.000492,-6.05,25.53
2026-09-03 09:30:00,NSE:NIFTY26SEP24000CE,24000.0,CE,23994.15,311.9,318.0,311.9,317.4,97500,12.54,0.5014,0.000492,-6.04,25.54
2026-09-03 09:35:00,NSE:NIFTY26SEP24000CE,24000.0,CE,24006.1,317.5,325.1,315.4,325.1,164580,12.6,0.5073,0.000489,-6.07,25.55
2026-09-03 09:40:00,NSE:NIFTY26SEP24000CE,24000.0,CE,24016.85,326.2,337.85,325.35,335.65,323960,12.8,0.5125,0.000481,-6.17,25.55
2026-09-03 09:45:00,NSE:NIFTY26SEP24000CE,24000.0,CE,24015.8,335.6,338.95,329.5,335.5,151840,12.82,0.512,0.000481,-6.18,25.55
2026-09-03 09:50:00,NSE:NIFTY26SEP24000CE,24000.0,CE,24005.5,337.05,337.45,331.1,331.9,81380,12.88,0.5071,0.000479,-6.21,25.54
2026-09-03 09:55:00,NSE:NIFTY26SEP24000CE,24000.0,CE,24007.6,332.35,334.15,327.4,328.8,98150,12.72,0.508,0.000485,-6.13,25.54
2026-09-03 10:00:00,NSE:NIFTY26SEP24000CE,24000.0,CE,24005.05,327.75,327.9,322.7,326.25,64935,12.67,0.5068,0.000487,-6.11,25.54
2026-09-03 10:05:00,NSE:NIFTY26SEP24000CE,24000.0,CE,24002.45,327.05,328.4,321.0,324.45,30940,12.66,0.5055,0.000487,-6.1,25.54
2026-09-03 10:10:00,NSE:NIFTY26SEP24000CE,24000.0,CE,23991.15,324.45,327.0,321.2,321.2,19825,12.75,0.5001,0.000484,-6.15,25.53
2026-09-03 10:15:00,NSE:NIFTY26SEP24000CE,24000.0,CE,23998.25,321.2,325.0,318.6,323.75,37765,12.71,0.5035,0.000485,-6.13,25.53
2026-09-03 10:20:00,NSE:NIFTY26SEP24000CE,24000.0,CE,24000.85,323.8,325.9,319.45,322.75,41795,12.62,0.5047,0.000489,-6.09,25.53
2026-09-03 10:25:00,NSE:NIFTY26SEP24000CE,24000.0,CE,23984.7,323.15,323.75,311.05,312.0,125255,12.52,0.4967,0.000493,-6.04,25.52
2026-09-03 10:30:00,NSE:NIFTY26SEP24000CE,24000.0,CE,23977.85,312.55,315.0,308.0,308.0,73970,12.5,0.4933,0.000494,-6.02,25.51
2026-09-03 10:35:00,NSE:NIFTY26SEP24000CE,24000.0,CE,23974.2,308.5,308.5,297.25,302.5,157560,12.35,0.4912,0.0005,-5.95,25.5
2026-09-03 10:40:00,NSE:NIFTY26SEP24000CE,24000.0,CE,23967.05,302.15,302.15,291.5,297.75,142350,12.3,0.4876,0.000502,-5.93,25.49
2026-09-03 10:45:00,NSE:NIFTY26SEP24000CE,24000.0,CE,23971.25,298.0,302.5,296.45,300.35,43160,12.32,0.4897,0.000502,-5.94,25.49
2026-09-03 10:50:00,NSE:NIFTY26SEP24000CE,24000.0,CE,23958.85,301.0,301.8,293.2,294.1,69680,12.32,0.4835,0.000502,-5.93,25.47
2026-09-03 10:55:00,NSE:NIFTY26SEP24000CE,24000.0,CE,23960.9,293.85,298.75,291.0,296.55,44720,12.37,0.4846,0.0005,-5.96,25.47
2026-09-03 11:00:00,NSE:NIFTY26SEP24000CE,24000.0,CE,23952.7,295.2,297.75,291.5,292.0,34710,12.35,0.4805,0.0005,-5.95,25.45
2026-09-03 11:05:00,NSE:NIFTY26SEP24000CE,24000.0,CE,23928.6,291.25,291.25,280.05,281.3,88660,12.38,0.4685,0.000499,-5.95,25.38
2026-09-03 11:10:00,NSE:NIFTY26SEP24000CE,24000.0,CE,23926.9,280.25,285.0,276.6,279.55,97435,12.35,0.4676,0.0005,-5.93,25.37
2026-09-03 11:15:00,NSE:NIFTY26SEP24000CE,24000.0,CE,23948.9,279.55,289.45,275.5,289.2,86385,12.32,0.4785,0.000502,-5.93,25.43
2026-09-03 11:20:00,NSE:NIFTY26SEP24000CE,24000.0,CE,23949.35,289.9,297.35,288.7,291.2,97500,12.39,0.4789,0.000499,-5.97,25.43
2026-09-03 11:25:00,NSE:NIFTY26SEP24000CE,24000.0,CE,23964.15,292.0,297.95,291.7,297.95,48880,12.37,0.4862,0.0005,-5.96,25.47
2026-09-03 11:30:00,NSE:NIFTY26SEP24000CE,24000.0,CE,23968.3,297.95,300.0,295.15,299.1,32890,12.34,0.4883,0.000501,-5.95,25.47
2026-09-03 11:35:00,NSE:NIFTY26SEP24000CE,24000.0,CE,23969.2,298.75,303.9,298.5,299.35,56485,12.33,0.4887,0.000502,-5.95,25.47
2026-09-03 11:40:00,NSE:NIFTY26SEP24000CE,24000.0,CE,23965.25,299.75,300.4,295.2,298.5,17095,12.38,0.4868,0.0005,-5.97,25.46
2026-09-03 11:45:00,NSE:NIFTY26SEP24000CE,24000.0,CE,23964.4,297.6,301.0,292.1,294.6,33280,12.24,0.4861,0.000505,-5.9,25.46
2026-09-03 11:50:00,NSE:NIFTY26SEP24000CE,24000.0,CE,23958.9,294.6,297.1,292.0,292.7,13975,12.27,0.4834,0.000504,-5.92,25.45
2026-09-03 11:55:00,NSE:NIFTY26SEP24000CE,24000.0,CE,23956.75,292.7,293.1,287.0,291.7,32305,12.27,0.4823,0.000504,-5.92,25.44
2026-09-03 12:00:00,NSE:NIFTY26SEP24000CE,24000.0,CE,23937.65,291.65,292.55,280.4,283.2,66885,12.3,0.4728,0.000503,-5.92,25.39
2026-09-03 12:05:00,NSE:NIFTY26SEP24000CE,24000.0,CE,23928.85,283.25,284.35,279.35,280.65,63375,12.36,0.4686,0.0005,-5.94,25.36
2026-09-03 12:10:00,NSE:NIFTY26SEP24000CE,24000.0,CE,23935.95,281.05,283.75,280.1,282.75,54015,12.31,0.472,0.000502,-5.93,25.38
2026-09-03 12:15:00,NSE:NIFTY26SEP24000CE,24000.0,CE,23918.05,282.3,282.3,273.15,275.55,126490,12.36,0.4631,0.0005,-5.94,25.31
2026-09-03 12:20:00,NSE:NIFTY26SEP24000CE,24000.0,CE,23906.15,275.25,277.95,268.25,270.85,108680,12.39,0.4573,0.000498,-5.94,25.27
2026-09-03 12:25:00,NSE:NIFTY26SEP24000CE,24000.0,CE,23907.75,270.85,275.5,269.35,272.95,113165,12.45,0.4584,0.000496,-5.97,25.27
2026-09-03 12:30:00,NSE:NIFTY26SEP24000CE,24000.0,CE,23909.75,272.0,277.7,271.0,276.7,54535,12.56,0.4598,0.000492,-6.03,25.28
2026-09-03 12:35:00,NSE:NIFTY26SEP24000CE,24000.0,CE,23915.2,274.6,278.5,272.0,276.6,109590,12.46,0.4621,0.000496,-5.98,25.3
2026-09-03 12:40:00,NSE:NIFTY26SEP24000CE,24000.0,CE,23909.05,276.0,278.3,272.4,274.65,65910,12.49,0.4592,0.000494,-5.99,25.27
2026-09-03 12:45:00,NSE:NIFTY26SEP24000CE,24000.0,CE,23909.75,274.5,277.55,274.0,275.95,31590,12.53,0.4597,0.000493,-6.01,25.28
2026-09-03 12:50:00,NSE:NIFTY26SEP24000CE,24000.0,CE,23923.75,275.0,281.7,274.45,280.25,102635,12.45,0.4663,0.000497,-5.99,25.33
2026-09-03 12:55:00,NSE:NIFTY26SEP24000CE,24000.0,CE,23920.3,279.6,280.95,272.0,276.7,49660,12.37,0.4643,0.0005,-5.95,25.31
2026-09-03 13:00:00,NSE:NIFTY26SEP24000CE,24000.0,CE,23920.05,276.5,277.6,273.7,277.55,40690,12.41,0.4643,0.000498,-5.97,25.31
2026-09-03 13:05:00,NSE:NIFTY26SEP24000CE,24000.0,CE,23923.75,277.05,279.0,275.65,277.55,25545,12.34,0.4659,0.000501,-5.94,25.32
2026-09-03 13:10:00,NSE:NIFTY26SEP24000CE,24000.0,CE,23926.0,277.6,281.7,276.8,277.6,25090,12.31,0.4669,0.000503,-5.92,25.32
2026-09-03 13:15:00,NSE:NIFTY26SEP24000CE,24000.0,CE,23930.3,277.5,281.5,275.25,278.0,19695,12.24,0.4688,0.000505,-5.89,25.34
2026-09-03 13:20:00,NSE:NIFTY26SEP24000CE,24000.0,CE,23911.0,277.8,278.0,267.3,270.0,62790,12.28,0.4593,0.000503,-5.9,25.26
2026-09-03 13:25:00,NSE:NIFTY26SEP24000CE,24000.0,CE,23910.05,269.5,273.75,261.1,272.25,62140,12.39,0.4592,0.000499,-5.95,25.26
2026-09-03 13:30:00,NSE:NIFTY26SEP24000CE,24000.0,CE,23930.15,271.8,283.8,271.75,281.2,64675,12.37,0.4692,0.0005,-5.96,25.33
2026-09-03 13:35:00,NSE:NIFTY26SEP24000CE,24000.0,CE,23910.75,280.9,283.5,269.0,269.6,56160,12.27,0.4591,0.000504,-5.89,25.26
2026-09-03 13:40:00,NSE:NIFTY26SEP24000CE,24000.0,CE,23907.35,270.7,273.75,267.25,270.4,61035,12.37,0.4578,0.0005,-5.94,25.24
2026-09-03 13:45:00,NSE:NIFTY26SEP24000CE,24000.0,CE,23912.6,270.5,272.95,264.95,272.2,87750,12.34,0.4603,0.000501,-5.93,25.26
2026-09-03 13:50:00,NSE:NIFTY26SEP24000CE,24000.0,CE,23906.05,272.85,274.4,266.1,269.85,48880,12.37,0.4571,0.0005,-5.94,25.23
2026-09-03 13:55:00,NSE:NIFTY26SEP24000CE,24000.0,CE,23918.15,270.0,275.75,269.05,274.55,43615,12.34,0.463,0.000502,-5.93,25.28
2026-09-03 14:00:00,NSE:NIFTY26SEP24000CE,24000.0,CE,23911.65,274.55,276.4,270.0,272.0,43615,12.36,0.4599,0.000501,-5.94,25.25
2026-09-03 14:05:00,NSE:NIFTY26SEP24000CE,24000.0,CE,23912.45,272.0,275.25,271.0,272.0,26455,12.34,0.4602,0.000501,-5.93,25.25
2026-09-03 14:10:00,NSE:NIFTY26SEP24000CE,24000.0,CE,23913.3,271.8,274.45,271.2,273.0,16445,12.37,0.4607,0.0005,-5.94,25.26
2026-09-03 14:15:00,NSE:NIFTY26SEP24000CE,24000.0,CE,23912.65,273.0,274.45,269.1,274.25,22555,12.43,0.4606,0.000498,-5.97,25.25
2026-09-03 14:20:00,NSE:NIFTY26SEP24000CE,24000.0,CE,23913.9,274.05,276.1,270.05,272.8,30940,12.35,0.4609,0.000501,-5.94,25.26
2026-09-03 14:25:00,NSE:NIFTY26SEP24000CE,24000.0,CE,23921.85,273.2,277.55,272.0,275.95,34385,12.33,0.4649,0.000502,-5.93,25.28
2026-09-03 14:30:00,NSE:NIFTY26SEP24000CE,24000.0,CE,23920.35,274.85,276.1,272.25,273.55,45110,12.26,0.4638,0.000505,-5.9,25.28
2026-09-03 14:35:00,NSE:NIFTY26SEP24000CE,24000.0,CE,23911.5,274.05,274.5,270.0,270.0,47060,12.28,0.4595,0.000504,-5.9,25.24
2026-09-03 14:40:00,NSE:NIFTY26SEP24000CE,24000.0,CE,23908.2,270.0,271.45,268.15,270.55,46605,12.37,0.4582,0.0005,-5.94,25.23
2026-09-03 14:45:00,NSE:NIFTY26SEP24000CE,24000.0,CE,23908.35,270.65,273.0,268.55,271.4,54535,12.4,0.4584,0.000499,-5.96,25.23
2026-09-03 14:50:00,NSE:NIFTY26SEP24000CE,24000.0,CE,23908.75,271.75,273.5,269.55,270.0,25025,12.34,0.4583,0.000502,-5.93,25.22
2026-09-03 14:55:00,NSE:NIFTY26SEP24000CE,24000.0,CE,23897.35,269.8,270.0,262.3,264.95,82615,12.34,0.4526,0.000501,-5.92,25.17
2026-09-03 15:00:00,NSE:NIFTY26SEP24000CE,24000.0,CE,23889.8,264.0,267.85,262.5,263.7,73320,12.43,0.4493,0.000497,-5.96,25.14
2026-09-03 15:05:00,NSE:NIFTY26SEP24000CE,24000.0,CE,23887.5,263.7,264.35,258.45,263.95,103545,12.48,0.4484,0.000495,-5.98,25.13
2026-09-03 15:10:00,NSE:NIFTY26SEP24000CE,24000.0,CE,23903.9,263.95,268.95,262.7,265.85,98085,12.26,0.4555,0.000504,-5.89,25.19
2026-09-03 15:15:00,NSE:NIFTY26SEP24000CE,24000.0,CE,23904.1,266.45,268.3,263.8,265.8,82745,12.26,0.4556,0.000505,-5.89,25.19
2026-09-03 15:20:00,NSE:NIFTY26SEP24000CE,24000.0,CE,23904.1,266.7,266.7,256.7,260.4,66040,12.05,0.4546,0.000514,-5.78,25.18
2026-09-03 15:25:00,NSE:NIFTY26SEP24000CE,24000.0,CE,23873.45,259.6,259.8,250.0,250.15,155285,12.18,0.4397,0.000506,-5.82,25.03
2026-09-04 09:15:00,NSE:NIFTY26SEP24000CE,24000.0,CE,23927.2,255.0,275.0,232.95,273.0,283400,12.3,0.4668,0.000511,-6.02,24.92
2026-09-04 09:20:00,NSE:NIFTY26SEP24000CE,24000.0,CE,23915.3,273.05,274.35,266.5,271.1,153595,12.45,0.4613,0.000505,-6.08,24.88
2026-09-04 09:25:00,NSE:NIFTY26SEP24000CE,24000.0,CE,23908.35,271.25,274.4,267.15,268.7,94770,12.48,0.458,0.000503,-6.09,24.85
2026-09-04 09:30:00,NSE:NIFTY26SEP24000CE,24000.0,CE,23907.2,268.7,272.5,264.55,269.05,113035,12.51,0.4575,0.000502,-6.11,24.84
2026-09-04 09:35:00,NSE:NIFTY26SEP24000CE,24000.0,CE,23904.0,269.15,269.75,264.6,267.85,38155,12.53,0.456,0.000501,-6.11,24.83
2026-09-04 09:40:00,NSE:NIFTY26SEP24000CE,24000.0,CE,23910.55,267.85,271.95,267.35,271.1,39780,12.54,0.4593,0.000501,-6.12,24.85
2026-09-04 09:45:00,NSE:NIFTY26SEP24000CE,24000.0,CE,23925.45,271.25,277.95,271.2,275.4,123175,12.43,0.4664,0.000506,-6.08,24.91
2026-09-04 09:50:00,NSE:NIFTY26SEP24000CE,24000.0,CE,23945.15,275.4,285.0,275.4,284.7,117780,12.44,0.4764,0.000506,-6.1,24.97
2026-09-04 09:55:00,NSE:NIFTY26SEP24000CE,24000.0,CE,23948.4,284.7,289.0,284.05,286.0,143780,12.43,0.478,0.000507,-6.1,24.97
2026-09-04 10:00:00,NSE:NIFTY26SEP24000CE,24000.0,CE,23959.3,286.55,293.0,285.8,289.5,96720,12.36,0.4834,0.00051,-6.07,25.0
2026-09-04 10:05:00,NSE:NIFTY26SEP24000CE,24000.0,CE,23945.9,288.65,289.15,281.4,282.55,82355,12.34,0.4765,0.000511,-6.05,24.96
2026-09-04 10:10:00,NSE:NIFTY26SEP24000CE,24000.0,CE,23939.45,282.2,282.55,276.25,280.0,72215,12.36,0.4733,0.00051,-6.06,24.94
2026-09-04 10:15:00,NSE:NIFTY26SEP24000CE,24000.0,CE,23946.15,279.95,287.0,276.45,284.75,47515,12.42,0.4768,0.000507,-6.09,24.96
2026-09-04 10:20:00,NSE:NIFTY26SEP24000CE,24000.0,CE,23951.85,284.75,290.0,284.75,288.0,48165,12.44,0.4798,0.000506,-6.11,24.97
2026-09-04 10:25:00,NSE:NIFTY26SEP24000CE,24000.0,CE,23963.8,288.0,293.0,288.0,293.0,62855,12.41,0.4858,0.000508,-6.1,25.0
2026-09-04 10:30:00,NSE:NIFTY26SEP24000CE,24000.0,CE,23959.95,293.1,297.0,290.55,291.25,94900,12.42,0.4838,0.000508,-6.1,24.99
2026-09-04 10:35:00,NSE:NIFTY26SEP24000CE,24000.0,CE,23960.6,291.2,294.7,287.0,293.35,62530,12.49,0.4843,0.000505,-6.14,24.99
2026-09-04 10:40:00,NSE:NIFTY26SEP24000CE,24000.0,CE,23953.2,293.65,295.8,290.0,291.25,60320,12.55,0.4807,0.000502,-6.16,24.97
2026-09-04 10:45:00,NSE:NIFTY26SEP24000CE,24000.0,CE,23959.15,291.25,295.5,290.05,294.3,90610,12.56,0.4837,0.000502,-6.17,24.98
2026-09-04 10:50:00,NSE:NIFTY26SEP24000CE,24000.0,CE,23963.05,294.3,295.4,291.05,295.4,76505,12.53,0.4856,0.000503,-6.16,24.99
2026-09-04 10:55:00,NSE:NIFTY26SEP24000CE,24000.0,CE,23967.05,295.2,296.0,292.45,294.75,59150,12.42,0.4874,0.000507,-6.11,24.99
2026-09-04 11:00:00,NSE:NIFTY26SEP24000CE,24000.0,CE,23965.35,294.75,297.3,290.35,292.7,96005,12.38,0.4865,0.000509,-6.09,24.99
2026-09-04 11:05:00,NSE:NIFTY26SEP24000CE,24000.0,CE,23971.65,292.7,295.45,290.0,294.25,64545,12.32,0.4896,0.000512,-6.06,25.0
2026-09-04 11:10:00,NSE:NIFTY26SEP24000CE,24000.0,CE,23965.05,294.35,296.55,288.75,289.4,36205,12.25,0.4861,0.000515,-6.02,24.98
2026-09-04 11:15:00,NSE:NIFTY26SEP24000CE,24000.0,CE,23974.7,289.05,294.55,286.55,293.5,67990,12.23,0.491,0.000516,-6.02,25.0
2026-09-04 11:20:00,NSE:NIFTY26SEP24000CE,24000.0,CE,23979.9,294.25,297.65,293.25,294.0,97565,12.15,0.4936,0.000519,-5.98,25.01
2026-09-04 11:25:00,NSE:NIFTY26SEP24000CE,24000.0,CE,23982.15,294.45,299.0,293.0,295.75,158925,12.17,0.4948,0.000518,-5.99,25.01
2026-09-04 11:30:00,NSE:NIFTY26SEP24000CE,24000.0,CE,23987.6,296.7,303.5,296.55,302.95,152555,12.35,0.4978,0.00051,-6.08,25.01
2026-09-04 11:35:00,NSE:NIFTY26SEP24000CE,24000.0,CE,23999.05,302.55,309.4,300.85,307.7,122395,12.32,0.5036,0.000512,-6.07,25.02
2026-09-04 11:40:00,NSE:NIFTY26SEP24000CE,24000.0,CE,23981.5,307.7,309.9,300.75,300.75,130260,12.39,0.4947,0.000509,-6.1,25.0
2026-09-04 11:45:00,NSE:NIFTY26SEP24000CE,24000.0,CE,23984.15,300.6,304.8,300.55,304.7,57915,12.5,0.4962,0.000505,-6.15,25.0
2026-09-04 11:50:00,NSE:NIFTY26SEP24000CE,24000.0,CE,23985.25,304.05,307.65,302.25,304.15,39130,12.45,0.4967,0.000506,-6.13,25.0
2026-09-04 11:55:00,NSE:NIFTY26SEP24000CE,24000.0,CE,23978.65,304.65,306.0,300.85,301.05,36660,12.46,0.4934,0.000506,-6.14,24.99
2026-09-04 12:00:00,NSE:NIFTY26SEP24000CE,24000.0,CE,23959.1,301.05,301.05,288.3,288.3,103870,12.33,0.4832,0.000512,-6.07,24.96
2026-09-04 12:05:00,NSE:NIFTY26SEP24000CE,24000.0,CE,23964.5,288.3,291.55,288.0,290.65,32565,12.32,0.4859,0.000512,-6.06,24.96
2026-09-04 12:10:00,NSE:NIFTY26SEP24000CE,24000.0,CE,23952.85,290.25,290.7,282.5,284.7,54860,12.31,0.4799,0.000513,-6.05,24.94
2026-09-04 12:15:00,NSE:NIFTY26SEP24000CE,24000.0,CE,23948.55,283.95,285.2,277.55,281.75,62270,12.28,0.4776,0.000514,-6.03,24.92
2026-09-04 12:20:00,NSE:NIFTY26SEP24000CE,24000.0,CE,23940.5,281.5,281.5,272.2,272.2,110370,12.05,0.4728,0.000524,-5.92,24.9
2026-09-04 12:25:00,NSE:NIFTY26SEP24000CE,24000.0,CE,23947.0,272.15,279.5,271.2,277.4,40495,12.13,0.4764,0.00052,-5.96,24.91
2026-09-04 12:30:00,NSE:NIFTY26SEP24000CE,24000.0,CE,23944.95,277.0,277.85,275.35,275.9,20085,12.11,0.4753,0.000521,-5.95,24.91
2026-09-04 12:35:00,NSE:NIFTY26SEP24000CE,24000.0,CE,23942.3,276.0,277.0,271.25,273.25,38610,12.06,0.4738,0.000523,-5.93,24.9
2026-09-04 12:40:00,NSE:NIFTY26SEP24000CE,24000.0,CE,23938.6,273.3,275.0,272.6,273.15,18720,12.12,0.472,0.00052,-5.95,24.88
2026-09-04 12:45:00,NSE:NIFTY26SEP24000CE,24000.0,CE,23940.4,273.0,275.0,270.0,274.75,25155,12.15,0.4731,0.000519,-5.97,24.89
2026-09-04 12:50:00,NSE:NIFTY26SEP24000CE,24000.0,CE,23942.25,275.0,277.95,272.6,276.9,26845,12.21,0.4742,0.000517,-6.0,24.89
2026-09-04 12:55:00,NSE:NIFTY26SEP24000CE,24000.0,CE,23935.1,277.65,277.65,265.2,272.25,63895,12.16,0.4703,0.000519,-5.97,24.87
2026-09-04 13:00:00,NSE:NIFTY26SEP24000CE,24000.0,CE,23935.3,272.0,275.65,271.25,272.7,24310,12.17,0.4705,0.000518,-5.98,24.87
2026-09-04 13:05:00,NSE:NIFTY26SEP24000CE,24000.0,CE,23943.75,272.0,278.0,272.0,278.0,15405,12.23,0.475,0.000516,-6.01,24.89
2026-09-04 13:10:00,NSE:NIFTY26SEP24000CE,24000.0,CE,23946.35,278.0,282.5,277.85,280.3,52390,12.27,0.4765,0.000515,-6.03,24.9
2026-09-04 13:15:00,NSE:NIFTY26SEP24000CE,24000.0,CE,23951.1,280.75,287.85,280.75,284.8,49725,12.36,0.4791,0.000511,-6.08,24.91
2026-09-04 13:20:00,NSE:NIFTY26SEP24000CE,24000.0,CE,23953.4,284.6,285.0,281.0,283.5,21125,12.26,0.4801,0.000515,-6.04,24.91
2026-09-04 13:25:00,NSE:NIFTY26SEP24000CE,24000.0,CE,23939.4,283.15,283.5,275.0,276.35,33020,12.24,0.4728,0.000516,-6.02,24.87
2026-09-04 13:30:00,NSE:NIFTY26SEP24000CE,24000.0,CE,23933.7,275.65,277.0,271.5,271.8,34515,12.17,0.4696,0.000519,-5.98,24.85
2026-09-04 13:35:00,NSE:NIFTY26SEP24000CE,24000.0,CE,23942.2,272.6,278.0,272.0,278.0,28730,12.26,0.4743,0.000515,-6.03,24.88
2026-09-04 13:40:00,NSE:NIFTY26SEP24000CE,24000.0,CE,23944.35,278.0,278.5,275.05,275.9,20345,12.14,0.475,0.00052,-5.97,24.88
2026-09-04 13:45:00,NSE:NIFTY26SEP24000CE,24000.0,CE,23948.75,275.9,283.65,275.9,280.95,68445,12.26,0.4776,0.000516,-6.03,24.89
2026-09-04 13:50:00,NSE:NIFTY26SEP24000CE,24000.0,CE,23941.6,280.95,280.95,273.95,274.55,23855,12.14,0.4736,0.00052,-5.97,24.87
2026-09-04 13:55:00,NSE:NIFTY26SEP24000CE,24000.0,CE,23939.15,274.55,278.35,273.5,277.15,20930,12.29,0.4728,0.000514,-6.04,24.86
2026-09-04 14:00:00,NSE:NIFTY26SEP24000CE,24000.0,CE,23943.15,277.25,278.9,276.0,278.9,11570,12.28,0.4748,0.000514,-6.04,24.87
2026-09-04 14:05:00,NSE:NIFTY26SEP24000CE,24000.0,CE,23942.8,278.5,280.6,277.3,277.5,17290,12.24,0.4745,0.000516,-6.02,24.87
2026-09-04 14:10:00,NSE:NIFTY26SEP24000CE,24000.0,CE,23948.2,277.5,282.0,277.5,281.35,17095,12.29,0.4774,0.000514,-6.05,24.88
2026-09-04 14:15:00,NSE:NIFTY26SEP24000CE,24000.0,CE,23946.35,280.25,281.1,277.55,278.1,15535,12.19,0.4762,0.000518,-6.0,24.88
2026-09-04 14:20:00,NSE:NIFTY26SEP24000CE,24000.0,CE,23947.45,278.1,282.9,278.1,282.25,18590,12.34,0.4772,0.000512,-6.08,24.88
2026-09-04 14:25:00,NSE:NIFTY26SEP24000CE,24000.0,CE,23957.6,282.4,288.55,281.45,286.65,63960,12.32,0.4823,0.000513,-6.07,24.9
2026-09-04 14:30:00,NSE:NIFTY26SEP24000CE,24000.0,CE,23956.35,287.35,290.0,284.0,284.15,33475,12.24,0.4815,0.000516,-6.03,24.9
2026-09-04 14:35:00,NSE:NIFTY26SEP24000CE,24000.0,CE,23941.65,284.05,285.0,272.9,275.1,50245,12.17,0.4737,0.00052,-5.99,24.86
2026-09-04 14:40:00,NSE:NIFTY26SEP24000CE,24000.0,CE,23937.25,275.45,278.95,271.1,271.25,50765,12.09,0.4712,0.000523,-5.95,24.84
2026-09-04 14:45:00,NSE:NIFTY26SEP24000CE,24000.0,CE,23939.95,271.95,273.75,268.75,273.35,49335,12.13,0.4727,0.000521,-5.97,24.85
2026-09-04 14:50:00,NSE:NIFTY26SEP24000CE,24000.0,CE,23940.55,273.35,275.0,270.0,271.8,55510,12.05,0.4728,0.000525,-5.93,24.85
2026-09-04 14:55:00,NSE:NIFTY26SEP24000CE,24000.0,CE,23938.1,272.75,274.8,270.55,273.1,15925,12.15,0.4718,0.00052,-5.98,24.84
2026-09-04 15:00:00,NSE:NIFTY26SEP24000CE,24000.0,CE,23931.0,273.9,274.0,268.35,268.35,30355,12.1,0.4679,0.000522,-5.95,24.81
2026-09-04 15:05:00,NSE:NIFTY26SEP24000CE,24000.0,CE,23938.6,269.05,272.15,268.05,271.4,24115,12.08,0.4718,0.000524,-5.94,24.83
2026-09-04 15:10:00,NSE:NIFTY26SEP24000CE,24000.0,CE,23938.4,270.75,274.55,270.0,272.0,53495,12.11,0.4718,0.000522,-5.96,24.83
2026-09-04 15:15:00,NSE:NIFTY26SEP24000CE,24000.0,CE,23937.9,272.35,274.5,270.1,272.9,44070,12.15,0.4717,0.00052,-5.98,24.83
2026-09-04 15:20:00,NSE:NIFTY26SEP24000CE,24000.0,CE,23937.9,272.7,272.75,256.55,261.55,149565,11.7,0.4702,0.000541,-5.76,24.82
2026-09-04 15:25:00,NSE:NIFTY26SEP24000CE,24000.0,CE,23897.7,263.0,266.5,259.55,260.4,75465,12.4,0.452,0.000509,-6.07,24.67
