datetime,symbol,strike,type,spot_price,open,high,low,close,volume,iv_pct,delta,gamma,theta,vega
2026-08-13 09:15:00,NSE:NIFTY26SEP24000PE,24000.0,PE,24342.55,164.95,182.1,164.95,177.95,35360,9.29,-0.3268,0.000441,-3.06,31.43
2026-08-13 09:20:00,NSE:NIFTY26SEP24000PE,24000.0,PE,24348.2,178.1,179.6,173.0,177.0,25090,9.31,-0.3248,0.000439,-3.06,31.36
2026-08-13 09:25:00,NSE:NIFTY26SEP24000PE,24000.0,PE,24339.15,177.65,183.0,176.85,179.95,8255,9.32,-0.3287,0.000441,-3.07,31.5
2026-08-13 09:30:00,NSE:NIFTY26SEP24000PE,24000.0,PE,24324.35,179.95,184.95,179.75,184.0,6435,9.29,-0.3349,0.000446,-3.08,31.71
2026-08-13 09:35:00,NSE:NIFTY26SEP24000PE,24000.0,PE,24339.65,183.75,184.0,177.8,178.05,6760,9.26,-0.3277,0.000443,-3.05,31.46
2026-08-13 09:40:00,NSE:NIFTY26SEP24000PE,24000.0,PE,24346.35,178.05,178.05,174.15,175.35,7150,9.24,-0.3244,0.000442,-3.03,31.34
2026-08-13 09:45:00,NSE:NIFTY26SEP24000PE,24000.0,PE,24349.55,175.85,176.6,171.05,172.55,2990,9.19,-0.3221,0.000443,-3.01,31.25
2026-08-13 09:50:00,NSE:NIFTY26SEP24000PE,24000.0,PE,24354.45,172.7,175.3,171.55,173.75,3900,9.28,-0.3214,0.000439,-3.03,31.23
2026-08-13 09:55:00,NSE:NIFTY26SEP24000PE,24000.0,PE,24351.55,173.75,173.95,172.9,172.9,2015,9.22,-0.3217,0.000441,-3.02,31.24
2026-08-13 10:00:00,NSE:NIFTY26SEP24000PE,24000.0,PE,24342.8,172.9,173.55,172.1,172.9,2730,9.13,-0.3242,0.000447,-3.0,31.32
2026-08-13 10:05:00,NSE:NIFTY26SEP24000PE,24000.0,PE,24337.2,172.9,174.4,171.4,174.0,2145,9.11,-0.3263,0.00045,-3.0,31.4
2026-08-13 10:10:00,NSE:NIFTY26SEP24000PE,24000.0,PE,24343.55,174.0,176.5,171.25,172.0,4875,9.11,-0.3235,0.000448,-2.99,31.29
2026-08-13 10:15:00,NSE:NIFTY26SEP24000PE,24000.0,PE,24336.6,172.0,175.45,172.0,173.8,8385,9.1,-0.3264,0.00045,-2.99,31.39
2026-08-13 10:20:00,NSE:NIFTY26SEP24000PE,24000.0,PE,24329.15,173.8,177.0,173.55,175.9,7670,9.09,-0.3296,0.000453,-3.0,31.51
2026-08-13 10:25:00,NSE:NIFTY26SEP24000PE,24000.0,PE,24319.15,176.0,179.0,175.4,179.0,5395,9.08,-0.334,0.000456,-3.01,31.66
2026-08-13 10:30:00,NSE:NIFTY26SEP24000PE,24000.0,PE,24322.05,179.0,180.4,177.1,179.1,7930,9.11,-0.3332,0.000454,-3.02,31.63
2026-08-13 10:35:00,NSE:NIFTY26SEP24000PE,24000.0,PE,24327.1,179.1,179.15,176.95,177.3,3445,9.11,-0.3308,0.000452,-3.01,31.55
2026-08-13 10:40:00,NSE:NIFTY26SEP24000PE,24000.0,PE,24330.8,177.3,177.3,175.45,176.1,5070,9.11,-0.3292,0.000451,-3.01,31.49
2026-08-13 10:45:00,NSE:NIFTY26SEP24000PE,24000.0,PE,24339.65,176.0,176.75,172.55,173.2,4160,9.11,-0.3252,0.000449,-2.99,31.35
2026-08-13 10:50:00,NSE:NIFTY26SEP24000PE,24000.0,PE,24339.45,173.2,173.2,168.75,169.0,4810,8.97,-0.323,0.000455,-2.94,31.26
2026-08-13 10:55:00,NSE:NIFTY26SEP24000PE,24000.0,PE,24338.25,169.0,170.7,168.8,170.45,3705,9.01,-0.3241,0.000454,-2.96,31.3
2026-08-13 11:00:00,NSE:NIFTY26SEP24000PE,24000.0,PE,24325.8,170.45,174.7,170.45,174.65,3315,9.01,-0.3299,0.000457,-2.98,31.51
2026-08-13 11:05:00,NSE:NIFTY26SEP24000PE,24000.0,PE,24324.5,174.65,178.0,173.85,176.1,1235,9.05,-0.331,0.000456,-2.99,31.54
2026-08-13 11:10:00,NSE:NIFTY26SEP24000PE,24000.0,PE,24319.05,176.1,177.65,174.25,177.65,2730,9.04,-0.3334,0.000458,-3.0,31.62
2026-08-13 11:15:00,NSE:NIFTY26SEP24000PE,24000.0,PE,24324.65,177.65,177.65,174.0,174.25,2795,8.99,-0.33,0.000458,-2.97,31.51
2026-08-13 11:20:00,NSE:NIFTY26SEP24000PE,24000.0,PE,24327.25,174.6,175.15,172.55,173.5,4550,8.99,-0.3289,0.000457,-2.97,31.46
2026-08-13 11:25:00,NSE:NIFTY26SEP24000PE,24000.0,PE,24338.8,173.5,173.5,171.0,171.0,4940,9.03,-0.3243,0.000453,-2.97,31.3
2026-08-13 11:30:00,NSE:NIFTY26SEP24000PE,24000.0,PE,24345.45,171.0,171.0,168.0,169.0,3185,9.04,-0.3214,0.000451,-2.96,31.19
2026-08-13 11:35:00,NSE:NIFTY26SEP24000PE,24000.0,PE,24358.5,169.0,169.0,165.8,165.8,6240,9.07,-0.316,0.000446,-2.95,30.99
2026-08-13 11:40:00,NSE:NIFTY26SEP24000PE,24000.0,PE,24350.05,164.7,168.2,164.0,167.0,4225,9.02,-0.319,0.00045,-2.94,31.1
2026-08-13 11:45:00,NSE:NIFTY26SEP24000PE,24000.0,PE,24357.2,167.0,168.25,165.65,165.8,4745,9.06,-0.3164,0.000447,-2.95,31.0
2026-08-13 11:50:00,NSE:NIFTY26SEP24000PE,24000.0,PE,24357.45,165.8,166.7,165.8,166.3,2990,9.08,-0.3166,0.000446,-2.95,31.01
2026-08-13 11:55:00,NSE:NIFTY26SEP24000PE,24000.0,PE,24386.45,166.0,166.0,158.9,159.6,8255,9.15,-0.3051,0.000435,-2.94,30.56
2026-08-13 12:00:00,NSE:NIFTY26SEP24000PE,24000.0,PE,24407.55,159.6,159.75,151.8,153.0,26715,9.15,-0.2959,0.000429,-2.9,30.17
2026-08-13 12:05:00,NSE:NIFTY26SEP24000PE,24000.0,PE,24402.85,153.0,154.7,151.75,154.7,8515,9.16,-0.2981,0.00043,-2.91,30.26
2026-08-13 12:10:00,NSE:NIFTY26SEP24000PE,24000.0,PE,24395.65,154.5,157.0,154.15,156.05,9230,9.13,-0.3007,0.000433,-2.91,30.37
2026-08-13 12:15:00,NSE:NIFTY26SEP24000PE,24000.0,PE,24392.15,156.05,157.5,155.55,156.8,6045,9.12,-0.302,0.000434,-2.91,30.42
2026-08-13 12:20:00,NSE:NIFTY26SEP24000PE,24000.0,PE,24399.2,156.8,157.3,154.1,154.2,4420,9.1,-0.2987,0.000433,-2.9,30.28
2026-08-13 12:25:00,NSE:NIFTY26SEP24000PE,24000.0,PE,24393.35,154.2,156.75,153.45,155.35,4615,9.08,-0.3009,0.000435,-2.9,30.37
2026-08-13 12:30:00,NSE:NIFTY26SEP24000PE,24000.0,PE,24398.6,155.35,155.7,154.45,154.45,4030,9.11,-0.299,0.000433,-2.9,30.29
2026-08-13 12:35:00,NSE:NIFTY26SEP24000PE,24000.0,PE,24390.4,154.45,157.7,154.45,156.45,5395,9.09,-0.3023,0.000436,-2.91,30.43
2026-08-13 12:40:00,NSE:NIFTY26SEP24000PE,24000.0,PE,24391.7,156.45,157.05,154.3,156.85,7735,9.12,-0.3022,0.000434,-2.91,30.42
2026-08-13 12:45:00,NSE:NIFTY26SEP24000PE,24000.0,PE,24372.4,156.85,160.0,156.85,160.0,8060,9.03,-0.3091,0.000443,-2.91,30.7
2026-08-13 12:50:00,NSE:NIFTY26SEP24000PE,24000.0,PE,24370.1,160.0,162.4,160.0,160.3,5525,9.02,-0.3099,0.000445,-2.91,30.73
2026-08-13 12:55:00,NSE:NIFTY26SEP24000PE,24000.0,PE,24369.15,160.3,162.35,160.3,161.2,1235,9.04,-0.3106,0.000444,-2.92,30.76
2026-08-13 13:00:00,NSE:NIFTY26SEP24000PE,24000.0,PE,24361.55,161.25,163.7,160.3,163.7,7605,9.04,-0.3141,0.000446,-2.94,30.9
2026-08-13 13:05:00,NSE:NIFTY26SEP24000PE,24000.0,PE,24367.15,163.7,163.7,160.55,160.55,6045,9.0,-0.3108,0.000446,-2.91,30.76
2026-08-13 13:10:00,NSE:NIFTY26SEP24000PE,24000.0,PE,24362.25,160.55,161.0,159.4,159.45,1495,8.91,-0.3115,0.000451,-2.88,30.78
2026-08-13 13:15:00,NSE:NIFTY26SEP24000PE,24000.0,PE,24355.25,159.35,161.5,159.1,159.8,7735,8.85,-0.3136,0.000455,-2.87,30.86
2026-08-13 13:20:00,NSE:NIFTY26SEP24000PE,24000.0,PE,24356.2,159.8,162.0,158.5,162.0,5460,8.93,-0.3146,0.000452,-2.9,30.91
2026-08-13 13:25:00,NSE:NIFTY26SEP24000PE,24000.0,PE,24356.75,162.0,162.0,159.35,160.25,11830,8.88,-0.3134,0.000454,-2.88,30.86
2026-08-13 13:30:00,NSE:NIFTY26SEP24000PE,24000.0,PE,24351.35,160.25,162.5,160.0,160.0,1040,8.82,-0.3147,0.000458,-2.86,30.9
2026-08-13 13:35:00,NSE:NIFTY26SEP24000PE,24000.0,PE,24363.45,160.0,160.75,158.8,158.8,8905,8.91,-0.3108,0.000451,-2.88,30.75
2026-08-13 13:40:00,NSE:NIFTY26SEP24000PE,24000.0,PE,24383.8,158.8,158.8,153.7,154.6,11635,8.97,-0.3028,0.000442,-2.87,30.43
2026-08-13 13:45:00,NSE:NIFTY26SEP24000PE,24000.0,PE,24377.35,154.6,157.0,153.95,155.35,25935,8.93,-0.305,0.000446,-2.87,30.51
2026-08-13 13:50:00,NSE:NIFTY26SEP24000PE,24000.0,PE,24385.35,155.35,155.4,154.0,154.4,25480,8.98,-0.3023,0.000442,-2.87,30.41
2026-08-13 13:55:00,NSE:NIFTY26SEP24000PE,24000.0,PE,24394.15,154.0,154.35,152.0,152.85,38805,9.02,-0.2992,0.000438,-2.87,30.27
2026-08-13 14:00:00,NSE:NIFTY26SEP24000PE,24000.0,PE,24378.15,152.85,156.1,152.55,156.0,35295,8.96,-0.3052,0.000445,-2.88,30.52
2026-08-13 14:05:00,NSE:NIFTY26SEP24000PE,24000.0,PE,24359.0,156.0,159.0,155.65,159.0,16965,8.87,-0.3121,0.000454,-2.87,30.79
2026-08-13 14:10:00,NSE:NIFTY26SEP24000PE,24000.0,PE,24356.05,159.0,160.2,158.3,160.2,15730,8.88,-0.3136,0.000454,-2.88,30.85
2026-08-13 14:15:00,NSE:NIFTY26SEP24000PE,24000.0,PE,24360.8,160.2,161.35,159.0,159.1,22165,8.89,-0.3117,0.000453,-2.88,30.78
2026-08-13 14:20:00,NSE:NIFTY26SEP24000PE,24000.0,PE,24372.8,159.0,159.25,157.3,157.6,49075,8.96,-0.3075,0.000446,-2.89,30.61
2026-08-13 14:25:00,NSE:NIFTY26SEP24000PE,24000.0,PE,24371.65,157.6,158.8,154.75,154.75,16575,8.85,-0.3061,0.000451,-2.85,30.55
2026-08-13 14:30:00,NSE:NIFTY26SEP24000PE,24000.0,PE,24361.1,154.75,158.5,154.65,157.3,16315,8.84,-0.3105,0.000455,-2.86,30.73
2026-08-13 14:35:00,NSE:NIFTY26SEP24000PE,24000.0,PE,24365.4,157.3,158.85,155.6,155.8,8775,8.83,-0.3085,0.000454,-2.85,30.64
2026-08-13 14:40:00,NSE:NIFTY26SEP24000PE,24000.0,PE,24359.85,155.8,157.5,154.7,157.2,4875,8.82,-0.3108,0.000456,-2.85,30.73
2026-08-13 14:45:00,NSE:NIFTY26SEP24000PE,24000.0,PE,24352.25,157.2,160.7,157.2,159.95,18200,8.83,-0.3144,0.000458,-2.87,30.87
2026-08-13 14:50:00,NSE:NIFTY26SEP24000PE,24000.0,PE,24351.9,159.75,160.8,158.85,159.85,24440,8.82,-0.3145,0.000458,-2.87,30.87
2026-08-13 14:55:00,NSE:NIFTY26SEP24000PE,24000.0,PE,24344.45,159.95,162.8,158.85,160.1,9490,8.76,-0.3167,0.000463,-2.85,30.96
2026-08-13 15:00:00,NSE:NIFTY26SEP24000PE,24000.0,PE,24356.95,161.45,162.5,157.9,158.8,12610,8.84,-0.3125,0.000456,-2.87,30.8
2026-08-13 15:05:00,NSE:NIFTY26SEP24000PE,24000.0,PE,24347.75,158.8,160.2,158.4,159.5,13455,8.77,-0.3154,0.000461,-2.85,30.91
2026-08-13 15:10:00,NSE:NIFTY26SEP24000PE,24000.0,PE,24352.7,159.65,159.85,157.0,157.05,58435,8.75,-0.3127,0.000461,-2.84,30.8
2026-08-13 15:15:00,NSE:NIFTY26SEP24000PE,24000.0,PE,24353.35,157.25,158.35,155.05,155.85,16640,8.71,-0.3118,0.000462,-2.82,30.76
2026-08-13 15:20:00,NSE:NIFTY26SEP24000PE,24000.0,PE,24353.35,156.0,157.0,155.05,157.0,30095,8.75,-0.3125,0.000461,-2.84,30.79
2026-08-13 15:25:00,NSE:NIFTY26SEP24000PE,24000.0,PE,24395.85,157.0,157.6,155.1,155.1,4875,9.11,-0.3001,0.000434,-2.91,30.3
2026-08-14 09:15:00,NSE:NIFTY26SEP24000PE,24000.0,PE,24322.7,160.0,174.95,160.0,172.6,46475,9.0,-0.3298,0.000462,-3.0,31.19
2026-08-14 09:20:00,NSE:NIFTY26SEP24000PE,24000.0,PE,24324.85,172.55,173.9,167.7,170.35,25155,8.95,-0.328,0.000463,-2.98,31.12
2026-08-14 09:25:00,NSE:NIFTY26SEP24000PE,24000.0,PE,24309.1,171.4,176.15,170.45,176.15,21125,8.97,-0.3356,0.000467,-3.01,31.38
2026-08-14 09:30:00,NSE:NIFTY26SEP24000PE,24000.0,PE,24325.75,176.9,177.9,169.15,171.3,19890,9.0,-0.3282,0.000462,-3.0,31.13
2026-08-14 09:35:00,NSE:NIFTY26SEP24000PE,24000.0,PE,24337.65,171.3,171.3,166.55,168.0,10920,9.01,-0.3231,0.000457,-2.98,30.95
2026-08-14 09:40:00,NSE:NIFTY26SEP24000PE,24000.0,PE,24332.05,168.0,236.85,167.5,172.1,143585,9.09,-0.3268,0.000456,-3.02,31.08
2026-08-14 09:45:00,NSE:NIFTY26SEP24000PE,24000.0,PE,24341.6,172.1,172.6,169.1,169.5,33345,9.1,-0.3227,0.000453,-3.01,30.94
2026-08-14 09:50:00,NSE:NIFTY26SEP24000PE,24000.0,PE,24324.7,169.5,173.9,169.0,173.9,25415,9.07,-0.3299,0.000459,-3.03,31.19
2026-08-14 09:55:00,NSE:NIFTY26SEP24000PE,24000.0,PE,24343.55,174.0,174.25,168.5,168.65,26065,9.1,-0.3217,0.000452,-3.01,30.9
2026-08-14 10:00:00,NSE:NIFTY26SEP24000PE,24000.0,PE,24350.7,168.65,169.6,165.0,165.0,20670,9.05,-0.3178,0.000452,-2.98,30.75
2026-08-14 10:05:00,NSE:NIFTY26SEP24000PE,24000.0,PE,24355.15,165.0,167.95,164.85,165.1,10985,9.1,-0.3166,0.000449,-2.99,30.7
2026-08-14 10:10:00,NSE:NIFTY26SEP24000PE,24000.0,PE,24345.45,165.1,166.9,163.95,166.9,8190,9.06,-0.3203,0.000453,-2.99,30.84
2026-08-14 10:15:00,NSE:NIFTY26SEP24000PE,24000.0,PE,24336.9,166.9,167.95,165.45,167.6,5135,9.0,-0.3231,0.000459,-2.98,30.94
2026-08-14 10:20:00,NSE:NIFTY26SEP24000PE,24000.0,PE,24334.05,167.6,168.7,167.1,168.0,2860,8.98,-0.3241,0.00046,-2.98,30.97
2026-08-14 10:25:00,NSE:NIFTY26SEP24000PE,24000.0,PE,24331.25,167.35,168.45,166.0,167.55,3445,8.94,-0.3246,0.000463,-2.97,30.99
2026-08-14 10:30:00,NSE:NIFTY26SEP24000PE,24000.0,PE,24309.25,168.0,175.0,167.75,174.35,11245,8.92,-0.3347,0.000469,-2.99,31.34
2026-08-14 10:35:00,NSE:NIFTY26SEP24000PE,24000.0,PE,24321.75,174.0,174.0,170.0,170.0,14300,8.92,-0.3287,0.000466,-2.97,31.13
2026-08-14 10:40:00,NSE:NIFTY26SEP24000PE,24000.0,PE,24324.7,170.0,172.3,170.0,170.5,1560,8.96,-0.3281,0.000463,-2.99,31.11
2026-08-14 10:45:00,NSE:NIFTY26SEP24000PE,24000.0,PE,24333.8,170.5,171.0,167.0,167.6,6695,8.97,-0.3239,0.000461,-2.97,30.96
2026-08-14 10:50:00,NSE:NIFTY26SEP24000PE,24000.0,PE,24336.7,167.6,167.9,165.05,165.6,3835,8.93,-0.322,0.000461,-2.96,30.89
2026-08-14 10:55:00,NSE:NIFTY26SEP24000PE,24000.0,PE,24312.2,165.45,172.15,165.25,172.15,5980,8.89,-0.3327,0.00047,-2.97,31.26
2026-08-14 11:00:00,NSE:NIFTY26SEP24000PE,24000.0,PE,24320.85,172.15,173.9,170.0,170.8,5265,8.93,-0.3294,0.000466,-2.98,31.15
2026-08-14 11:05:00,NSE:NIFTY26SEP24000PE,24000.0,PE,24314.25,170.8,173.5,170.05,172.65,9035,8.92,-0.3323,0.000468,-2.99,31.25
2026-08-14 11:10:00,NSE:NIFTY26SEP24000PE,24000.0,PE,24315.0,172.75,173.25,171.9,172.0,6695,8.91,-0.3318,0.000468,-2.98,31.23
2026-08-14 11:15:00,NSE:NIFTY26SEP24000PE,24000.0,PE,24327.85,172.0,172.5,167.3,168.0,5980,8.92,-0.3259,0.000465,-2.96,31.02
2026-08-14 11:20:00,NSE:NIFTY26SEP24000PE,24000.0,PE,24327.7,168.0,168.95,166.5,167.85,8450,8.91,-0.3258,0.000465,-2.96,31.02
2026-08-14 11:25:00,NSE:NIFTY26SEP24000PE,24000.0,PE,24315.8,167.85,172.6,167.85,172.5,3510,8.94,-0.3318,0.000467,-2.99,31.22
2026-08-14 11:30:00,NSE:NIFTY26SEP24000PE,24000.0,PE,24318.75,172.5,173.85,171.1,171.6,6500,8.94,-0.3304,0.000466,-2.99,31.18
2026-08-14 11:35:00,NSE:NIFTY26SEP24000PE,24000.0,PE,24320.45,171.6,173.75,171.15,171.8,3575,8.96,-0.33,0.000465,-2.99,31.16
2026-08-14 11:40:00,NSE:NIFTY26SEP24000PE,24000.0,PE,24327.7,171.7,172.65,169.1,169.95,3510,8.98,-0.327,0.000462,-2.99,31.06
2026-08-14 11:45:00,NSE:NIFTY26SEP24000PE,24000.0,PE,24326.95,169.95,170.25,167.75,169.6,7345,8.96,-0.327,0.000463,-2.98,31.05
2026-08-14 11:50:00,NSE:NIFTY26SEP24000PE,24000.0,PE,24329.75,169.6,170.35,169.0,169.25,1625,8.98,-0.326,0.000461,-2.99,31.02
2026-08-14 11:55:00,NSE:NIFTY26SEP24000PE,24000.0,PE,24326.9,169.25,172.9,169.1,169.85,9815,8.97,-0.3271,0.000463,-2.99,31.06
2026-08-14 12:00:00,NSE:NIFTY26SEP24000PE,24000.0,PE,24321.7,171.0,172.4,170.2,171.8,1560,8.98,-0.3297,0.000464,-3.0,31.15
2026-08-14 12:05:00,NSE:NIFTY26SEP24000PE,24000.0,PE,24335.35,171.8,171.85,168.5,168.9,2925,9.03,-0.3242,0.000458,-3.0,30.95
2026-08-14 12:10:00,NSE:NIFTY26SEP24000PE,24000.0,PE,24341.45,169.1,169.1,165.9,166.25,3315,9.01,-0.321,0.000457,-2.98,30.84
2026-08-14 12:15:00,NSE:NIFTY26SEP24000PE,24000.0,PE,24349.0,165.25,165.4,161.6,161.6,22880,8.93,-0.3163,0.000458,-2.94,30.66
2026-08-14 12:20:00,NSE:NIFTY26SEP24000PE,24000.0,PE,24351.65,161.6,162.2,160.0,160.4,43095,8.92,-0.3149,0.000458,-2.93,30.6
2026-08-14 12:25:00,NSE:NIFTY26SEP24000PE,24000.0,PE,24347.3,160.15,162.9,160.15,162.3,5850,8.94,-0.3172,0.000458,-2.94,30.69
2026-08-14 12:30:00,NSE:NIFTY26SEP24000PE,24000.0,PE,24344.5,162.3,164.9,162.3,164.2,6240,8.97,-0.319,0.000458,-2.96,30.76
2026-08-14 12:35:00,NSE:NIFTY26SEP24000PE,24000.0,PE,24340.9,164.2,165.65,164.2,165.5,8905,8.98,-0.3208,0.000458,-2.97,30.82
2026-08-14 12:40:00,NSE:NIFTY26SEP24000PE,24000.0,PE,24335.85,165.5,167.1,165.5,165.9,24765,8.94,-0.3224,0.000462,-2.96,30.88
2026-08-14 12:45:00,NSE:NIFTY26SEP24000PE,24000.0,PE,24345.3,165.95,166.5,161.4,163.0,6695,8.94,-0.3181,0.000459,-2.95,30.72
2026-08-14 12:50:00,NSE:NIFTY26SEP24000PE,24000.0,PE,24350.7,163.0,163.0,161.9,162.55,1625,8.98,-0.3164,0.000455,-2.96,30.65
2026-08-14 12:55:00,NSE:NIFTY26SEP24000PE,24000.0,PE,24349.55,162.55,163.4,161.55,162.05,2080,8.96,-0.3164,0.000457,-2.95,30.65
2026-08-14 13:00:00,NSE:NIFTY26SEP24000PE,24000.0,PE,24344.9,162.05,163.6,161.8,163.0,3575,8.94,-0.3183,0.000459,-2.95,30.72
2026-08-14 13:05:00,NSE:NIFTY26SEP24000PE,24000.0,PE,24342.0,163.0,164.5,163.0,163.45,7410,8.93,-0.3193,0.00046,-2.95,30.76
2026-08-14 13:10:00,NSE:NIFTY26SEP24000PE,24000.0,PE,24346.85,163.45,164.5,163.0,163.0,11245,8.96,-0.3177,0.000458,-2.95,30.7
2026-08-14 13:15:00,NSE:NIFTY26SEP24000PE,24000.0,PE,24343.75,163.0,164.25,162.55,162.55,4745,8.91,-0.3183,0.00046,-2.94,30.72
2026-08-14 13:20:00,NSE:NIFTY26SEP24000PE,24000.0,PE,24343.75,163.0,163.8,162.4,163.65,1950,8.95,-0.319,0.000459,-2.95,30.74
2026-08-14 13:25:00,NSE:NIFTY26SEP24000PE,24000.0,PE,24340.55,163.95,165.0,163.3,164.35,8190,8.94,-0.3202,0.00046,-2.96,30.79
2026-08-14 13:30:00,NSE:NIFTY26SEP24000PE,24000.0,PE,24330.05,165.0,166.85,164.1,166.85,9360,8.91,-0.3246,0.000465,-2.96,30.94
2026-08-14 13:35:00,NSE:NIFTY26SEP24000PE,24000.0,PE,24348.3,166.85,167.85,162.5,162.75,2795,8.97,-0.3172,0.000457,-2.95,30.67
2026-08-14 13:40:00,NSE:NIFTY26SEP24000PE,24000.0,PE,24357.35,162.6,162.65,159.45,159.95,4160,8.98,-0.3131,0.000454,-2.94,30.52
2026-08-14 13:45:00,NSE:NIFTY26SEP24000PE,24000.0,PE,24383.7,159.95,159.95,150.15,151.8,47905,8.97,-0.3012,0.000446,-2.9,30.03
2026-08-14 13:50:00,NSE:NIFTY26SEP24000PE,24000.0,PE,24385.6,151.7,154.05,150.2,151.85,61490,8.99,-0.3008,0.000445,-2.9,30.02
2026-08-14 13:55:00,NSE:NIFTY26SEP24000PE,24000.0,PE,24395.0,151.85,154.3,151.0,151.75,25415,9.08,-0.2983,0.000438,-2.92,29.92
2026-08-14 14:00:00,NSE:NIFTY26SEP24000PE,24000.0,PE,24395.55,151.75,151.75,148.75,150.95,25675,9.06,-0.2977,0.000439,-2.91,29.89
2026-08-14 14:05:00,NSE:NIFTY26SEP24000PE,24000.0,PE,24389.95,150.9,153.45,150.9,153.05,10075,9.08,-0.3004,0.00044,-2.93,30.0
2026-08-14 14:10:00,NSE:NIFTY26SEP24000PE,24000.0,PE,24383.55,153.05,154.15,152.75,153.85,3445,9.04,-0.3025,0.000444,-2.92,30.09
2026-08-14 14:15:00,NSE:NIFTY26SEP24000PE,24000.0,PE,24379.95,153.85,154.15,152.9,153.75,5720,9.0,-0.3034,0.000446,-2.91,30.12
2026-08-14 14:20:00,NSE:NIFTY26SEP24000PE,24000.0,PE,24376.9,153.6,154.95,153.6,154.1,8775,8.98,-0.3044,0.000448,-2.91,30.16
2026-08-14 14:25:00,NSE:NIFTY26SEP24000PE,24000.0,PE,24371.6,154.1,155.0,153.65,154.65,14105,8.95,-0.3061,0.000451,-2.91,30.23
2026-08-14 14:30:00,NSE:NIFTY26SEP24000PE,24000.0,PE,24371.6,154.65,155.2,154.35,154.6,11570,8.94,-0.3061,0.000451,-2.91,30.22
2026-08-14 14:35:00,NSE:NIFTY26SEP24000PE,24000.0,PE,24369.35,154.7,155.2,154.1,154.1,7930,8.91,-0.3064,0.000453,-2.9,30.23
2026-08-14 14:40:00,NSE:NIFTY26SEP24000PE,24000.0,PE,24369.45,154.1,154.6,153.45,154.35,19890,8.91,-0.3065,0.000453,-2.9,30.24
2026-08-14 14:45:00,NSE:NIFTY26SEP24000PE,24000.0,PE,24366.8,154.35,155.0,153.5,154.0,13325,8.88,-0.307,0.000455,-2.89,30.25
2026-08-14 14:50:00,NSE:NIFTY26SEP24000PE,24000.0,PE,24382.4,154.0,154.05,148.4,149.65,22880,8.89,-0.3002,0.00045,-2.87,29.97
2026-08-14 14:55:00,NSE:NIFTY26SEP24000PE,24000.0,PE,24374.6,149.65,150.0,148.5,149.9,9945,8.82,-0.3024,0.000455,-2.85,30.06
2026-08-14 15:00:00,NSE:NIFTY26SEP24000PE,24000.0,PE,24375.45,149.9,151.25,149.9,151.0,7995,8.87,-0.3029,0.000453,-2.87,30.08
2026-08-14 15:05:00,NSE:NIFTY26SEP24000PE,24000.0,PE,24371.05,151.0,153.85,151.0,153.25,16705,8.9,-0.3054,0.000453,-2.89,30.19
2026-08-14 15:10:00,NSE:NIFTY26SEP24000PE,24000.0,PE,24354.45,153.05,154.9,152.45,154.8,17680,8.78,-0.3109,0.000463,-2.87,30.4
2026-08-14 15:15:00,NSE:NIFTY26SEP24000PE,24000.0,PE,24354.85,154.7,157.0,153.7,154.55,22295,8.78,-0.3107,0.000463,-2.87,30.39
2026-08-14 15:20:00,NSE:NIFTY26SEP24000PE,24000.0,PE,24354.85,154.55,154.7,153.45,154.05,15795,8.76,-0.3104,0.000464,-2.86,30.37
2026-08-14 15:25:00,NSE:NIFTY26SEP24000PE,24000.0,PE,24366.0,154.05,154.7,152.5,154.25,25935,8.88,-0.3074,0.000455,-2.89,30.26
2026-08-17 09:15:00,NSE:NIFTY26SEP24000PE,24000.0,PE,24306.05,167.25,176.45,165.85,172.35,51740,9.12,-0.3348,0.000475,-3.16,30.33
2026-08-17 09:20:00,NSE:NIFTY26SEP24000PE,24000.0,PE,24303.1,172.75,175.25,171.25,172.25,52325,9.08,-0.3356,0.000477,-3.15,30.35
2026-08-17 09:25:00,NSE:NIFTY26SEP24000PE,24000.0,PE,24306.05,172.25,173.5,169.45,170.95,16380,9.07,-0.3341,0.000477,-3.15,30.3
2026-08-17 09:30:00,NSE:NIFTY26SEP24000PE,24000.0,PE,24287.1,170.95,175.3,170.8,174.7,25285,8.99,-0.3419,0.000486,-3.14,30.54
2026-08-17 09:35:00,NSE:NIFTY26SEP24000PE,24000.0,PE,24293.15,174.7,174.7,169.95,172.3,23595,8.97,-0.3387,0.000485,-3.13,30.45
2026-08-17 09:40:00,NSE:NIFTY26SEP24000PE,24000.0,PE,24301.35,172.3,172.3,167.55,169.65,20865,8.98,-0.3348,0.000483,-3.12,30.32
2026-08-17 09:45:00,NSE:NIFTY26SEP24000PE,24000.0,PE,24305.15,170.0,172.1,169.1,170.2,25545,9.04,-0.3339,0.000479,-3.13,30.29
2026-08-17 09:50:00,NSE:NIFTY26SEP24000PE,24000.0,PE,24300.15,169.8,172.55,169.15,172.35,29120,9.05,-0.3366,0.00048,-3.15,30.38
2026-08-17 09:55:00,NSE:NIFTY26SEP24000PE,24000.0,PE,24283.95,172.75,175.4,171.75,175.4,15665,8.97,-0.3432,0.000488,-3.14,30.58
2026-08-17 10:00:00,NSE:NIFTY26SEP24000PE,24000.0,PE,24291.3,175.05,175.4,173.0,174.7,10075,9.03,-0.3405,0.000483,-3.15,30.5
2026-08-17 10:05:00,NSE:NIFTY26SEP24000PE,24000.0,PE,24291.3,174.85,175.15,173.5,175.0,11700,9.04,-0.3407,0.000483,-3.16,30.5
2026-08-17 10:10:00,NSE:NIFTY26SEP24000PE,24000.0,PE,24281.45,175.0,177.0,174.6,175.4,9360,8.95,-0.344,0.00049,-3.13,30.6
2026-08-17 10:15:00,NSE:NIFTY26SEP24000PE,24000.0,PE,24264.25,175.4,182.75,175.35,180.6,29640,8.92,-0.3521,0.000496,-3.15,30.84
2026-08-17 10:20:00,NSE:NIFTY26SEP24000PE,24000.0,PE,24252.7,180.95,182.95,180.3,182.85,25155,8.86,-0.357,0.000502,-3.14,30.97
2026-08-17 10:25:00,NSE:NIFTY26SEP24000PE,24000.0,PE,24260.45,182.85,183.6,180.0,180.7,13650,8.88,-0.3534,0.000499,-3.14,30.87
2026-08-17 10:30:00,NSE:NIFTY26SEP24000PE,24000.0,PE,24255.35,180.7,182.35,180.35,181.65,26195,8.86,-0.3556,0.000501,-3.14,30.93
2026-08-17 10:35:00,NSE:NIFTY26SEP24000PE,24000.0,PE,24254.3,181.65,182.75,180.5,181.95,10335,8.85,-0.3561,0.000502,-3.14,30.94
2026-08-17 10:40:00,NSE:NIFTY26SEP24000PE,24000.0,PE,24239.2,181.95,187.25,181.95,185.85,20085,8.8,-0.3631,0.000508,-3.14,31.12
2026-08-17 10:45:00,NSE:NIFTY26SEP24000PE,24000.0,PE,24238.4,185.85,190.65,185.85,186.75,44200,8.82,-0.3637,0.000508,-3.15,31.14
2026-08-17 10:50:00,NSE:NIFTY26SEP24000PE,24000.0,PE,24241.95,187.2,188.7,185.0,186.3,10140,8.85,-0.3623,0.000505,-3.15,31.1
2026-08-17 10:55:00,NSE:NIFTY26SEP24000PE,24000.0,PE,24237.55,186.2,187.55,184.45,187.55,11375,8.84,-0.3644,0.000507,-3.15,31.15
2026-08-17 11:00:00,NSE:NIFTY26SEP24000PE,24000.0,PE,24240.6,187.55,189.25,186.1,186.95,26195,8.86,-0.363,0.000505,-3.16,31.12
2026-08-17 11:05:00,NSE:NIFTY26SEP24000PE,24000.0,PE,24235.7,186.95,188.75,186.5,186.85,10205,8.8,-0.3647,0.00051,-3.14,31.16
2026-08-17 11:10:00,NSE:NIFTY26SEP24000PE,24000.0,PE,24236.2,186.85,188.65,186.75,187.9,5135,8.84,-0.365,0.000507,-3.15,31.17
2026-08-17 11:15:00,NSE:NIFTY26SEP24000PE,24000.0,PE,24235.65,187.9,188.45,186.0,186.95,12805,8.8,-0.3648,0.00051,-3.14,31.16
2026-08-17 11:20:00,NSE:NIFTY26SEP24000PE,24000.0,PE,24229.95,186.95,188.95,186.0,188.4,8320,8.78,-0.3674,0.000512,-3.14,31.22
2026-08-17 11:25:00,NSE:NIFTY26SEP24000PE,24000.0,PE,24239.85,188.4,188.4,183.1,184.2,16120,8.76,-0.3621,0.000511,-3.12,31.09
2026-08-17 11:30:00,NSE:NIFTY26SEP24000PE,24000.0,PE,24241.4,183.7,185.15,182.1,182.1,13780,8.71,-0.3607,0.000513,-3.1,31.04
2026-08-17 11:35:00,NSE:NIFTY26SEP24000PE,24000.0,PE,24239.45,182.1,183.55,181.75,183.05,18005,8.72,-0.3618,0.000513,-3.11,31.07
2026-08-17 11:40:00,NSE:NIFTY26SEP24000PE,24000.0,PE,24244.75,183.05,183.05,180.55,181.15,9230,8.72,-0.3591,0.000511,-3.1,31.0
2026-08-17 11:45:00,NSE:NIFTY26SEP24000PE,24000.0,PE,24254.35,181.3,182.0,177.75,178.0,19110,8.73,-0.3543,0.000508,-3.09,30.87
2026-08-17 11:50:00,NSE:NIFTY26SEP24000PE,24000.0,PE,24263.75,178.0,178.45,174.45,176.5,13260,8.79,-0.3504,0.000503,-3.1,30.76
2026-08-17 11:55:00,NSE:NIFTY26SEP24000PE,24000.0,PE,24271.65,176.45,176.85,174.3,174.3,14170,8.81,-0.3467,0.0005,-3.1,30.65
2026-08-17 12:00:00,NSE:NIFTY26SEP24000PE,24000.0,PE,24266.65,174.3,175.8,174.3,175.75,11440,8.8,-0.3491,0.000501,-3.1,30.72
2026-08-17 12:05:00,NSE:NIFTY26SEP24000PE,24000.0,PE,24265.0,175.75,178.6,175.3,178.6,11310,8.87,-0.3509,0.000498,-3.13,30.77
2026-08-17 12:10:00,NSE:NIFTY26SEP24000PE,24000.0,PE,24270.75,178.75,179.95,177.25,177.25,12935,8.9,-0.3484,0.000496,-3.13,30.7
2026-08-17 12:15:00,NSE:NIFTY26SEP24000PE,24000.0,PE,24285.7,177.25,177.25,171.1,171.85,12220,8.89,-0.3409,0.000492,-3.11,30.47
2026-08-17 12:20:00,NSE:NIFTY26SEP24000PE,24000.0,PE,24286.65,171.85,172.6,169.55,171.0,10400,8.87,-0.3402,0.000492,-3.1,30.45
2026-08-17 12:25:00,NSE:NIFTY26SEP24000PE,24000.0,PE,24289.95,170.75,171.7,169.55,170.1,6240,8.88,-0.3386,0.000491,-3.1,30.4
2026-08-17 12:30:00,NSE:NIFTY26SEP24000PE,24000.0,PE,24294.7,170.1,170.7,166.65,168.75,9880,8.89,-0.3364,0.000489,-3.09,30.33
2026-08-17 12:35:00,NSE:NIFTY26SEP24000PE,24000.0,PE,24297.2,168.75,169.8,167.0,167.65,7345,8.88,-0.3351,0.000489,-3.09,30.28
2026-08-17 12:40:00,NSE:NIFTY26SEP24000PE,24000.0,PE,24303.2,167.65,168.2,166.2,167.6,8775,8.94,-0.3332,0.000484,-3.1,30.22
2026-08-17 12:45:00,NSE:NIFTY26SEP24000PE,24000.0,PE,24321.35,167.6,167.6,156.0,159.65,31460,8.88,-0.3233,0.000482,-3.05,29.88
2026-08-17 12:50:00,NSE:NIFTY26SEP24000PE,24000.0,PE,24328.5,159.2,159.6,155.05,155.95,20540,8.83,-0.3191,0.000482,-3.02,29.73
2026-08-17 12:55:00,NSE:NIFTY26SEP24000PE,24000.0,PE,24334.0,155.95,157.95,155.0,155.25,13325,8.87,-0.317,0.000478,-3.02,29.65
2026-08-17 13:00:00,NSE:NIFTY26SEP24000PE,24000.0,PE,24343.95,155.25,155.55,151.3,152.8,13390,8.89,-0.3128,0.000474,-3.01,29.49
2026-08-17 13:05:00,NSE:NIFTY26SEP24000PE,24000.0,PE,24338.5,152.9,153.0,151.7,151.75,58955,8.8,-0.3137,0.00048,-2.99,29.52
2026-08-17 13:10:00,NSE:NIFTY26SEP24000PE,24000.0,PE,24346.6,151.75,152.0,149.4,150.0,45175,8.83,-0.3103,0.000476,-2.98,29.39
2026-08-17 13:15:00,NSE:NIFTY26SEP24000PE,24000.0,PE,24349.25,149.5,150.8,148.0,149.5,38415,8.84,-0.3093,0.000474,-2.98,29.35
2026-08-17 13:20:00,NSE:NIFTY26SEP24000PE,24000.0,PE,24346.3,149.5,150.0,148.75,149.6,20670,8.81,-0.3102,0.000477,-2.98,29.39
2026-08-17 13:25:00,NSE:NIFTY26SEP24000PE,24000.0,PE,24352.95,149.6,150.0,147.65,148.95,20345,8.85,-0.3078,0.000473,-2.98,29.3
2026-08-17 13:30:00,NSE:NIFTY26SEP24000PE,24000.0,PE,24349.15,148.15,149.9,147.4,149.4,13195,8.83,-0.3092,0.000475,-2.98,29.35
2026-08-17 13:35:00,NSE:NIFTY26SEP24000PE,24000.0,PE,24346.0,149.35,150.45,149.35,149.75,74360,8.81,-0.3103,0.000477,-2.98,29.39
2026-08-17 13:40:00,NSE:NIFTY26SEP24000PE,24000.0,PE,24353.65,149.75,150.0,147.4,147.45,17030,8.81,-0.3067,0.000474,-2.96,29.25
2026-08-17 13:45:00,NSE:NIFTY26SEP24000PE,24000.0,PE,24343.7,147.45,149.3,146.6,149.1,12740,8.77,-0.3106,0.000479,-2.96,29.39
2026-08-17 13:50:00,NSE:NIFTY26SEP24000PE,24000.0,PE,24339.8,149.65,150.95,149.5,150.05,7800,8.76,-0.3123,0.000481,-2.97,29.46
2026-08-17 13:55:00,NSE:NIFTY26SEP24000PE,24000.0,PE,24338.3,150.7,152.25,149.85,150.3,11050,8.75,-0.3129,0.000482,-2.97,29.48
2026-08-17 14:00:00,NSE:NIFTY26SEP24000PE,24000.0,PE,24342.95,150.3,151.2,149.3,149.4,15665,8.77,-0.311,0.00048,-2.97,29.41
2026-08-17 14:05:00,NSE:NIFTY26SEP24000PE,24000.0,PE,24340.8,149.4,149.95,149.05,149.55,2340,8.75,-0.3117,0.000481,-2.96,29.43
2026-08-17 14:10:00,NSE:NIFTY26SEP24000PE,24000.0,PE,24331.15,149.55,151.0,149.55,150.75,46345,8.69,-0.3152,0.000487,-2.95,29.56
2026-08-17 14:15:00,NSE:NIFTY26SEP24000PE,24000.0,PE,24339.15,150.65,151.0,148.25,149.0,14430,8.72,-0.3118,0.000483,-2.95,29.43
2026-08-17 14:20:00,NSE:NIFTY26SEP24000PE,24000.0,PE,24324.5,149.0,151.35,149.0,151.15,24700,8.63,-0.3174,0.000492,-2.94,29.63
2026-08-17 14:25:00,NSE:NIFTY26SEP24000PE,24000.0,PE,24326.75,151.15,151.7,150.45,150.75,10855,8.64,-0.3165,0.000491,-2.94,29.6
2026-08-17 14:30:00,NSE:NIFTY26SEP24000PE,24000.0,PE,24328.35,150.75,150.75,150.05,150.2,5980,8.64,-0.3157,0.00049,-2.94,29.57
2026-08-17 14:35:00,NSE:NIFTY26SEP24000PE,24000.0,PE,24328.5,150.7,152.4,150.35,150.6,13000,8.66,-0.3159,0.00049,-2.95,29.58
2026-08-17 14:40:00,NSE:NIFTY26SEP24000PE,24000.0,PE,24335.4,150.6,151.7,149.0,151.25,16835,8.76,-0.3143,0.000483,-2.98,29.52
2026-08-17 14:45:00,NSE:NIFTY26SEP24000PE,24000.0,PE,24339.2,151.25,151.6,149.55,150.6,11700,8.77,-0.3128,0.000481,-2.98,29.46
2026-08-17 14:50:00,NSE:NIFTY26SEP24000PE,24000.0,PE,24343.95,150.6,151.0,148.95,149.95,13910,8.8,-0.311,0.000478,-2.98,29.4
2026-08-17 14:55:00,NSE:NIFTY26SEP24000PE,24000.0,PE,24338.2,149.95,150.5,149.45,150.15,7605,8.75,-0.3128,0.000482,-2.97,29.46
2026-08-17 15:00:00,NSE:NIFTY26SEP24000PE,24000.0,PE,24352.05,150.7,152.0,148.15,148.65,12805,8.84,-0.3079,0.000474,-2.98,29.27
2026-08-17 15:05:00,NSE:NIFTY26SEP24000PE,24000.0,PE,24349.4,148.9,150.0,148.25,149.0,20150,8.83,-0.3089,0.000475,-2.98,29.31
2026-08-17 15:10:00,NSE:NIFTY26SEP24000PE,24000.0,PE,24339.6,149.0,149.75,147.6,149.65,18070,8.75,-0.3121,0.000482,-2.97,29.43
2026-08-17 15:15:00,NSE:NIFTY26SEP24000PE,24000.0,PE,24339.8,149.4,151.95,149.05,150.85,15470,8.79,-0.3128,0.00048,-2.98,29.46
2026-08-17 15:20:00,NSE:NIFTY26SEP24000PE,24000.0,PE,24339.8,150.75,152.75,150.55,152.75,17485,8.86,-0.3139,0.000477,-3.01,29.5
2026-08-17 15:25:00,NSE:NIFTY26SEP24000PE,24000.0,PE,24287.65,152.75,155.8,151.6,155.25,11570,8.37,-0.3314,0.000517,-2.9,30.1
2026-08-18 09:15:00,NSE:NIFTY26SEP24000PE,24000.0,PE,24238.85,179.95,184.0,175.3,181.75,89115,8.76,-0.3615,0.000516,-3.15,30.74
2026-08-18 09:20:00,NSE:NIFTY26SEP24000PE,24000.0,PE,24244.35,182.1,188.65,181.5,184.3,162305,8.91,-0.3606,0.000507,-3.21,30.72
2026-08-18 09:25:00,NSE:NIFTY26SEP24000PE,24000.0,PE,24245.1,184.3,185.4,176.05,182.2,89440,8.85,-0.3594,0.000509,-3.18,30.69
2026-08-18 09:30:00,NSE:NIFTY26SEP24000PE,24000.0,PE,24232.65,182.3,187.75,182.3,185.0,62075,8.8,-0.3651,0.000516,-3.18,30.83
2026-08-18 09:35:00,NSE:NIFTY26SEP24000PE,24000.0,PE,24247.3,185.0,186.0,181.2,182.75,56550,8.9,-0.3589,0.000507,-3.2,30.67
2026-08-18 09:40:00,NSE:NIFTY26SEP24000PE,24000.0,PE,24224.55,182.75,187.45,182.45,186.55,38025,8.75,-0.3687,0.00052,-3.17,30.92
2026-08-18 09:45:00,NSE:NIFTY26SEP24000PE,24000.0,PE,24228.5,186.55,189.3,185.2,187.25,25285,8.82,-0.3675,0.000515,-3.19,30.89
2026-08-18 09:50:00,NSE:NIFTY26SEP24000PE,24000.0,PE,24235.3,186.65,188.95,185.45,186.5,35685,8.88,-0.3648,0.000511,-3.2,30.82
2026-08-18 09:55:00,NSE:NIFTY26SEP24000PE,24000.0,PE,24234.5,186.5,190.8,186.5,188.75,39520,8.94,-0.366,0.000508,-3.23,30.85
2026-08-18 10:00:00,NSE:NIFTY26SEP24000PE,24000.0,PE,24222.8,190.0,192.0,189.0,191.0,33020,8.88,-0.3711,0.000514,-3.22,30.97
2026-08-18 10:05:00,NSE:NIFTY26SEP24000PE,24000.0,PE,24221.6,191.3,191.6,189.5,191.4,25025,8.88,-0.3717,0.000514,-3.22,30.99
2026-08-18 10:10:00,NSE:NIFTY26SEP24000PE,24000.0,PE,24220.2,191.4,192.0,191.05,191.95,6630,8.88,-0.3725,0.000515,-3.22,31.0
2026-08-18 10:15:00,NSE:NIFTY26SEP24000PE,24000.0,PE,24214.05,191.8,199.45,191.6,195.25,253890,8.91,-0.376,0.000514,-3.24,31.09
2026-08-18 10:20:00,NSE:NIFTY26SEP24000PE,24000.0,PE,24216.7,195.25,197.0,194.75,195.95,55770,8.96,-0.3753,0.000511,-3.26,31.07
2026-08-18 10:25:00,NSE:NIFTY26SEP24000PE,24000.0,PE,24225.85,195.95,195.95,189.05,189.65,31915,8.87,-0.3695,0.000514,-3.21,30.93
2026-08-18 10:30:00,NSE:NIFTY26SEP24000PE,24000.0,PE,24231.2,190.05,191.4,187.25,189.05,35295,8.92,-0.3673,0.00051,-3.23,30.87
2026-08-18 10:35:00,NSE:NIFTY26SEP24000PE,24000.0,PE,24226.1,189.6,190.55,188.5,189.9,25740,8.88,-0.3695,0.000513,-3.22,30.93
2026-08-18 10:40:00,NSE:NIFTY26SEP24000PE,24000.0,PE,24214.8,189.9,196.0,189.9,195.0,34645,8.91,-0.3756,0.000514,-3.24,31.07
2026-08-18 10:45:00,NSE:NIFTY26SEP24000PE,24000.0,PE,24204.75,195.0,200.0,195.0,198.0,66235,8.89,-0.3806,0.000518,-3.25,31.18
2026-08-18 10:50:00,NSE:NIFTY26SEP24000PE,24000.0,PE,24195.55,198.0,204.0,197.8,203.35,92755,8.94,-0.3859,0.000517,-3.28,31.29
2026-08-18 10:55:00,NSE:NIFTY26SEP24000PE,24000.0,PE,24200.25,203.2,205.0,200.7,200.7,36985,8.92,-0.3832,0.000517,-3.27,31.24
2026-08-18 11:00:00,NSE:NIFTY26SEP24000PE,24000.0,PE,24205.85,201.0,203.25,198.6,198.6,12805,8.92,-0.3804,0.000516,-3.26,31.17
2026-08-18 11:05:00,NSE:NIFTY26SEP24000PE,24000.0,PE,24207.25,199.15,200.75,198.3,199.25,35230,8.96,-0.3801,0.000514,-3.27,31.17
2026-08-18 11:10:00,NSE:NIFTY26SEP24000PE,24000.0,PE,24202.35,199.25,201.45,199.0,199.65,27235,8.91,-0.3821,0.000517,-3.26,31.21
2026-08-18 11:15:00,NSE:NIFTY26SEP24000PE,24000.0,PE,24197.75,199.65,202.4,198.3,201.3,35165,8.91,-0.3844,0.000519,-3.26,31.25
2026-08-18 11:20:00,NSE:NIFTY26SEP24000PE,24000.0,PE,24195.75,201.3,202.8,200.5,200.85,25025,8.87,-0.385,0.000521,-3.25,31.26
2026-08-18 11:25:00,NSE:NIFTY26SEP24000PE,24000.0,PE,24182.65,201.15,204.7,200.05,204.7,26845,8.83,-0.3914,0.000526,-3.25,31.39
2026-08-18 11:30:00,NSE:NIFTY26SEP24000PE,24000.0,PE,24190.65,204.3,210.7,203.65,203.95,119405,8.9,-0.388,0.00052,-3.27,31.33
2026-08-18 11:35:00,NSE:NIFTY26SEP24000PE,24000.0,PE,24196.6,203.95,204.7,201.1,202.95,19760,8.95,-0.3854,0.000517,-3.28,31.27
2026-08-18 11:40:00,NSE:NIFTY26SEP24000PE,24000.0,PE,24198.4,202.95,203.6,201.7,202.2,15340,8.95,-0.3845,0.000516,-3.28,31.25
2026-08-18 11:45:00,NSE:NIFTY26SEP24000PE,24000.0,PE,24200.1,202.2,203.2,201.4,202.5,6630,8.98,-0.3839,0.000514,-3.29,31.24
2026-08-18 11:50:00,NSE:NIFTY26SEP24000PE,24000.0,PE,24199.2,202.0,202.0,196.8,199.85,13130,8.88,-0.3833,0.00052,-3.25,31.22
2026-08-18 11:55:00,NSE:NIFTY26SEP24000PE,24000.0,PE,24206.8,199.85,203.4,198.55,198.55,7410,8.94,-0.38,0.000515,-3.27,31.15
2026-08-18 12:00:00,NSE:NIFTY26SEP24000PE,24000.0,PE,24213.15,198.5,199.45,194.05,195.65,12480,8.92,-0.3765,0.000515,-3.25,31.07
2026-08-18 12:05:00,NSE:NIFTY26SEP24000PE,24000.0,PE,24215.8,194.85,195.9,193.2,195.15,15275,8.94,-0.3753,0.000513,-3.25,31.04
2026-08-18 12:10:00,NSE:NIFTY26SEP24000PE,24000.0,PE,24212.95,195.15,197.6,194.15,197.0,2860,8.96,-0.3771,0.000512,-3.27,31.08
2026-08-18 12:15:00,NSE:NIFTY26SEP24000PE,24000.0,PE,24209.2,196.35,198.3,195.65,197.7,3640,8.94,-0.3788,0.000515,-3.26,31.12
2026-08-18 12:20:00,NSE:NIFTY26SEP24000PE,24000.0,PE,24206.15,197.7,198.6,197.55,197.95,3445,8.91,-0.38,0.000517,-3.26,31.14
2026-08-18 12:25:00,NSE:NIFTY26SEP24000PE,24000.0,PE,24212.8,197.95,198.7,192.15,193.5,10920,8.85,-0.3758,0.000519,-3.22,31.05
2026-08-18 12:30:00,NSE:NIFTY26SEP24000PE,24000.0,PE,24214.7,193.5,194.65,192.65,194.0,7735,8.89,-0.3753,0.000516,-3.24,31.03
2026-08-18 12:35:00,NSE:NIFTY26SEP24000PE,24000.0,PE,24208.25,194.0,197.25,193.5,196.35,4290,8.89,-0.3786,0.000518,-3.24,31.11
2026-08-18 12:40:00,NSE:NIFTY26SEP24000PE,24000.0,PE,24198.05,196.35,201.15,196.35,201.1,12025,8.91,-0.3842,0.000518,-3.27,31.23
2026-08-18 12:45:00,NSE:NIFTY26SEP24000PE,24000.0,PE,24205.55,200.45,202.0,198.55,198.65,6890,8.93,-0.3805,0.000516,-3.26,31.15
2026-08-18 12:50:00,NSE:NIFTY26SEP24000PE,24000.0,PE,24206.5,198.65,199.55,196.95,199.55,5655,8.97,-0.3805,0.000514,-3.28,31.15
2026-08-18 12:55:00,NSE:NIFTY26SEP24000PE,24000.0,PE,24199.05,199.55,200.5,196.95,200.5,4745,8.91,-0.3836,0.000519,-3.26,31.21
2026-08-18 13:00:00,NSE:NIFTY26SEP24000PE,24000.0,PE,24193.7,200.5,204.05,200.5,203.2,24635,8.92,-0.3866,0.000519,-3.28,31.27
2026-08-18 13:05:00,NSE:NIFTY26SEP24000PE,24000.0,PE,24198.75,203.2,204.5,199.5,199.9,11570,8.89,-0.3835,0.00052,-3.26,31.21
2026-08-18 13:10:00,NSE:NIFTY26SEP24000PE,24000.0,PE,24202.6,198.85,200.0,198.15,199.15,5070,8.91,-0.3818,0.000518,-3.26,31.17
2026-08-18 13:15:00,NSE:NIFTY26SEP24000PE,24000.0,PE,24206.95,199.15,199.15,197.25,198.45,4030,8.94,-0.3799,0.000515,-3.27,31.13
2026-08-18 13:20:00,NSE:NIFTY26SEP24000PE,24000.0,PE,24204.2,199.1,200.25,198.45,199.85,5070,8.95,-0.3814,0.000515,-3.28,31.16
2026-08-18 13:25:00,NSE:NIFTY26SEP24000PE,24000.0,PE,24207.85,199.85,202.2,199.1,199.1,9685,8.97,-0.3798,0.000513,-3.28,31.12
2026-08-18 13:30:00,NSE:NIFTY26SEP24000PE,24000.0,PE,24203.15,199.1,201.7,198.6,201.5,7475,8.99,-0.3824,0.000513,-3.29,31.18
2026-08-18 13:35:00,NSE:NIFTY26SEP24000PE,24000.0,PE,24194.75,201.5,205.65,200.6,202.95,18395,8.93,-0.3861,0.000518,-3.28,31.25
2026-08-18 13:40:00,NSE:NIFTY26SEP24000PE,24000.0,PE,24202.0,203.5,203.65,200.6,200.85,11570,8.96,-0.3826,0.000515,-3.28,31.18
2026-08-18 13:45:00,NSE:NIFTY26SEP24000PE,24000.0,PE,24204.7,200.85,200.85,198.0,199.2,14235,8.94,-0.381,0.000516,-3.27,31.14
2026-08-18 13:50:00,NSE:NIFTY26SEP24000PE,24000.0,PE,24196.15,199.25,202.55,199.1,201.95,5525,8.92,-0.3852,0.000519,-3.27,31.23
2026-08-18 13:55:00,NSE:NIFTY26SEP24000PE,24000.0,PE,24190.8,201.95,204.0,201.15,202.9,8580,8.88,-0.3876,0.000522,-3.27,31.28
2026-08-18 14:00:00,NSE:NIFTY26SEP24000PE,24000.0,PE,24206.75,202.9,203.45,200.1,200.55,8060,9.01,-0.3807,0.000512,-3.3,31.14
2026-08-18 14:05:00,NSE:NIFTY26SEP24000PE,24000.0,PE,24195.95,200.0,202.6,199.3,201.9,13715,8.92,-0.3853,0.000519,-3.27,31.23
2026-08-18 14:10:00,NSE:NIFTY26SEP24000PE,24000.0,PE,24195.55,202.2,203.9,201.3,201.9,10400,8.91,-0.3854,0.00052,-3.27,31.23
2026-08-18 14:15:00,NSE:NIFTY26SEP24000PE,24000.0,PE,24191.0,201.9,203.0,201.1,203.0,6695,8.89,-0.3876,0.000522,-3.27,31.27
2026-08-18 14:20:00,NSE:NIFTY26SEP24000PE,24000.0,PE,24193.75,203.7,204.0,202.0,202.0,6370,8.89,-0.3862,0.000521,-3.27,31.24
2026-08-18 14:25:00,NSE:NIFTY26SEP24000PE,24000.0,PE,24199.1,202.25,204.65,198.05,198.4,10920,8.85,-0.3829,0.000522,-3.24,31.17
2026-08-18 14:30:00,NSE:NIFTY26SEP24000PE,24000.0,PE,24198.55,198.95,198.95,190.65,193.35,337545,8.68,-0.3812,0.000532,-3.18,31.13
2026-08-18 14:35:00,NSE:NIFTY26SEP24000PE,24000.0,PE,24201.55,193.45,198.7,193.45,197.45,30550,8.85,-0.3816,0.000522,-3.24,31.14
2026-08-18 14:40:00,NSE:NIFTY26SEP24000PE,24000.0,PE,24205.2,197.85,198.7,196.35,196.35,13000,8.86,-0.3798,0.00052,-3.24,31.1
2026-08-18 14:45:00,NSE:NIFTY26SEP24000PE,24000.0,PE,24207.1,196.95,197.8,194.55,195.45,18980,8.85,-0.3787,0.00052,-3.24,31.08
2026-08-18 14:50:00,NSE:NIFTY26SEP24000PE,24000.0,PE,24206.1,195.45,195.45,190.75,192.8,63310,8.75,-0.3781,0.000526,-3.2,31.06
2026-08-18 14:55:00,NSE:NIFTY26SEP24000PE,24000.0,PE,24214.3,191.95,192.65,190.0,191.1,49985,8.8,-0.3743,0.000521,-3.21,30.97
2026-08-18 15:00:00,NSE:NIFTY26SEP24000PE,24000.0,PE,24203.2,191.5,192.35,186.0,191.6,85345,8.68,-0.3788,0.000531,-3.17,31.07
2026-08-18 15:05:00,NSE:NIFTY26SEP24000PE,24000.0,PE,24197.3,191.6,192.2,190.0,191.55,40235,8.61,-0.3811,0.000536,-3.15,31.12
2026-08-18 15:10:00,NSE:NIFTY26SEP24000PE,24000.0,PE,24165.8,191.85,193.45,189.35,193.45,73190,8.28,-0.3947,0.000564,-3.06,31.38
2026-08-18 15:15:00,NSE:NIFTY26SEP24000PE,24000.0,PE,24166.35,193.45,193.85,191.35,192.1,36335,8.24,-0.394,0.000566,-3.04,31.37
2026-08-18 15:20:00,NSE:NIFTY26SEP24000PE,24000.0,PE,24166.35,192.8,195.4,192.05,192.85,37050,8.26,-0.3942,0.000565,-3.05,31.37
2026-08-18 15:25:00,NSE:NIFTY26SEP24000PE,24000.0,PE,24154.9,193.25,194.95,191.05,191.75,75335,8.09,-0.3989,0.000579,-2.99,31.45
2026-08-19 09:15:00,NSE:NIFTY26SEP24000PE,24000.0,PE,24118.7,200.0,225.0,200.0,216.0,113620,8.46,-0.4223,0.000567,-3.19,31.54
2026-08-19 09:20:00,NSE:NIFTY26SEP24000PE,24000.0,PE,24106.05,216.25,220.0,214.3,219.25,54600,8.39,-0.4291,0.000574,-3.17,31.62
2026-08-19 09:25:00,NSE:NIFTY26SEP24000PE,24000.0,PE,24096.75,219.95,225.4,219.55,224.85,88335,8.44,-0.4347,0.000572,-3.2,31.69
2026-08-19 09:30:00,NSE:NIFTY26SEP24000PE,24000.0,PE,24073.85,225.2,230.0,224.0,228.75,59995,8.25,-0.447,0.000589,-3.14,31.79
2026-08-19 09:35:00,NSE:NIFTY26SEP24000PE,24000.0,PE,24079.55,228.65,230.0,224.2,224.2,50440,8.18,-0.4433,0.000592,-3.11,31.76
2026-08-19 09:40:00,NSE:NIFTY26SEP24000PE,24000.0,PE,24084.55,224.35,227.65,220.1,222.8,43420,8.21,-0.4405,0.00059,-3.12,31.73
2026-08-19 09:45:00,NSE:NIFTY26SEP24000PE,24000.0,PE,24094.15,222.8,224.2,218.55,218.55,37245,8.21,-0.4348,0.000588,-3.11,31.68
2026-08-19 09:50:00,NSE:NIFTY26SEP24000PE,24000.0,PE,24099.75,217.85,218.9,213.35,218.0,45695,8.27,-0.4319,0.000583,-3.13,31.65
2026-08-19 09:55:00,NSE:NIFTY26SEP24000PE,24000.0,PE,24097.8,218.0,221.4,218.0,221.15,18070,8.34,-0.4335,0.000579,-3.16,31.66
2026-08-19 10:00:00,NSE:NIFTY26SEP24000PE,24000.0,PE,24099.75,220.0,221.05,216.4,218.4,19110,8.28,-0.432,0.000583,-3.14,31.64
2026-08-19 10:05:00,NSE:NIFTY26SEP24000PE,24000.0,PE,24094.45,218.1,220.5,216.55,220.1,19305,8.26,-0.4349,0.000585,-3.13,31.67
2026-08-19 10:10:00,NSE:NIFTY26SEP24000PE,24000.0,PE,24091.8,220.5,223.4,218.8,220.0,46475,8.22,-0.4363,0.000588,-3.12,31.69
2026-08-19 10:15:00,NSE:NIFTY26SEP24000PE,24000.0,PE,24072.7,219.9,227.0,219.0,226.55,92430,8.16,-0.4473,0.000595,-3.11,31.78
2026-08-19 10:20:00,NSE:NIFTY26SEP24000PE,24000.0,PE,24065.05,226.8,229.75,226.5,227.45,67600,8.08,-0.4515,0.000602,-3.08,31.81
2026-08-19 10:25:00,NSE:NIFTY26SEP24000PE,24000.0,PE,24065.2,227.3,228.4,226.1,228.4,19695,8.11,-0.4515,0.000599,-3.09,31.81
2026-08-19 10:30:00,NSE:NIFTY26SEP24000PE,24000.0,PE,24057.45,228.8,230.3,227.0,230.25,25675,8.06,-0.456,0.000604,-3.07,31.84
2026-08-19 10:35:00,NSE:NIFTY26SEP24000PE,24000.0,PE,24051.95,230.0,234.55,228.55,232.5,91325,8.06,-0.4593,0.000605,-3.07,31.86
2026-08-19 10:40:00,NSE:NIFTY26SEP24000PE,24000.0,PE,24058.4,232.5,234.85,228.5,229.45,36075,8.05,-0.4553,0.000605,-3.07,31.83
2026-08-19 10:45:00,NSE:NIFTY26SEP24000PE,24000.0,PE,24053.1,229.45,232.5,229.45,231.8,35620,8.05,-0.4586,0.000606,-3.07,31.85
2026-08-19 10:50:00,NSE:NIFTY26SEP24000PE,24000.0,PE,24061.3,231.8,234.45,228.7,228.95,28730,8.08,-0.4537,0.000603,-3.08,31.82
2026-08-19 10:55:00,NSE:NIFTY26SEP24000PE,24000.0,PE,24056.1,228.45,229.0,226.0,228.8,51675,8.0,-0.4566,0.000609,-3.05,31.83
2026-08-19 11:00:00,NSE:NIFTY26SEP24000PE,24000.0,PE,24047.95,229.2,232.25,227.75,232.25,10140,7.99,-0.4615,0.000611,-3.05,31.86
2026-08-19 11:05:00,NSE:NIFTY26SEP24000PE,24000.0,PE,24041.2,232.3,239.9,232.0,234.0,26195,7.95,-0.4655,0.000615,-3.03,31.88
2026-08-19 11:10:00,NSE:NIFTY26SEP24000PE,24000.0,PE,24048.5,234.0,235.6,231.5,233.5,17290,8.04,-0.4613,0.000607,-3.07,31.86
2026-08-19 11:15:00,NSE:NIFTY26SEP24000PE,24000.0,PE,24053.15,232.65,234.95,230.2,230.2,21385,8.01,-0.4584,0.000609,-3.05,31.84
2026-08-19 11:20:00,NSE:NIFTY26SEP24000PE,24000.0,PE,24052.25,230.2,230.95,227.3,230.75,19370,8.01,-0.4589,0.000609,-3.05,31.84
2026-08-19 11:25:00,NSE:NIFTY26SEP24000PE,24000.0,PE,24054.35,230.75,232.5,230.3,230.5,8190,8.03,-0.4577,0.000607,-3.06,31.83
2026-08-19 11:30:00,NSE:NIFTY26SEP24000PE,24000.0,PE,24054.25,230.15,231.0,229.0,229.9,7085,8.01,-0.4577,0.000609,-3.06,31.83
2026-08-19 11:35:00,NSE:NIFTY26SEP24000PE,24000.0,PE,24048.1,229.75,233.2,229.2,230.65,13650,7.95,-0.4613,0.000614,-3.03,31.85
2026-08-19 11:40:00,NSE:NIFTY26SEP24000PE,24000.0,PE,24052.45,230.75,232.6,230.75,231.0,8450,8.02,-0.4588,0.000608,-3.06,31.84
2026-08-19 11:45:00,NSE:NIFTY26SEP24000PE,24000.0,PE,24066.9,231.0,231.65,224.05,225.2,15405,8.04,-0.4502,0.000605,-3.06,31.78
2026-08-19 11:50:00,NSE:NIFTY26SEP24000PE,24000.0,PE,24079.9,225.25,225.25,219.5,219.5,15925,8.05,-0.4423,0.000603,-3.06,31.72
2026-08-19 11:55:00,NSE:NIFTY26SEP24000PE,24000.0,PE,24078.3,219.5,221.6,219.5,220.45,9880,8.06,-0.4433,0.000603,-3.06,31.72
2026-08-19 12:00:00,NSE:NIFTY26SEP24000PE,24000.0,PE,24059.8,220.35,229.35,219.8,229.3,13390,8.07,-0.4546,0.000604,-3.08,31.81
2026-08-19 12:05:00,NSE:NIFTY26SEP24000PE,24000.0,PE,24056.15,229.3,232.0,227.0,230.3,16380,8.05,-0.4567,0.000606,-3.07,31.82
2026-08-19 12:10:00,NSE:NIFTY26SEP24000PE,24000.0,PE,24052.8,231.25,233.7,230.0,232.0,13910,8.06,-0.4588,0.000606,-3.08,31.83
2026-08-19 12:15:00,NSE:NIFTY26SEP24000PE,24000.0,PE,24060.2,232.5,232.9,228.25,229.45,6955,8.08,-0.4544,0.000603,-3.08,31.8
2026-08-19 12:20:00,NSE:NIFTY26SEP24000PE,24000.0,PE,24064.5,229.0,230.65,225.7,225.7,7930,8.03,-0.4515,0.000607,-3.06,31.78
2026-08-19 12:25:00,NSE:NIFTY26SEP24000PE,24000.0,PE,24059.85,225.7,230.3,225.7,229.05,9555,8.07,-0.4545,0.000604,-3.08,31.8
2026-08-19 12:30:00,NSE:NIFTY26SEP24000PE,24000.0,PE,24054.05,228.75,233.45,228.7,232.75,12480,8.1,-0.4581,0.000602,-3.09,31.82
2026-08-19 12:35:00,NSE:NIFTY26SEP24000PE,24000.0,PE,24054.55,231.55,233.0,230.15,231.7,20865,8.08,-0.4578,0.000604,-3.08,31.82
2026-08-19 12:40:00,NSE:NIFTY26SEP24000PE,24000.0,PE,24055.3,231.4,231.7,228.3,230.0,14495,8.03,-0.4571,0.000608,-3.06,31.81
2026-08-19 12:45:00,NSE:NIFTY26SEP24000PE,24000.0,PE,24052.05,230.0,234.0,230.0,231.05,12480,8.02,-0.4591,0.000609,-3.06,31.82
2026-08-19 12:50:00,NSE:NIFTY26SEP24000PE,24000.0,PE,24055.55,231.05,231.5,228.8,228.8,6045,8.0,-0.4569,0.00061,-3.05,31.81
2026-08-19 12:55:00,NSE:NIFTY26SEP24000PE,24000.0,PE,24055.3,228.8,232.55,228.8,232.0,9555,8.1,-0.4574,0.000603,-3.09,31.81
2026-08-19 13:00:00,NSE:NIFTY26SEP24000PE,24000.0,PE,24062.8,230.95,232.0,226.45,227.55,7540,8.06,-0.4527,0.000604,-3.08,31.78
2026-08-19 13:05:00,NSE:NIFTY26SEP24000PE,24000.0,PE,24064.45,228.15,229.4,226.75,227.4,10530,8.08,-0.4518,0.000603,-3.08,31.77
2026-08-19 13:10:00,NSE:NIFTY26SEP24000PE,24000.0,PE,24046.15,227.4,232.55,226.65,232.55,7735,7.99,-0.4626,0.000612,-3.05,31.83
2026-08-19 13:15:00,NSE:NIFTY26SEP24000PE,24000.0,PE,24043.1,232.0,235.5,231.65,232.0,37830,7.92,-0.4643,0.000617,-3.03,31.84
2026-08-19 13:20:00,NSE:NIFTY26SEP24000PE,24000.0,PE,24041.95,234.45,235.45,233.4,234.1,19240,7.97,-0.4651,0.000614,-3.05,31.84
2026-08-19 13:25:00,NSE:NIFTY26SEP24000PE,24000.0,PE,24041.1,234.1,234.45,232.5,233.0,10855,7.93,-0.4655,0.000617,-3.03,31.84
2026-08-19 13:30:00,NSE:NIFTY26SEP24000PE,24000.0,PE,24038.9,233.0,235.3,231.75,234.5,8775,7.94,-0.4669,0.000617,-3.03,31.84
2026-08-19 13:35:00,NSE:NIFTY26SEP24000PE,24000.0,PE,24046.55,234.5,235.2,230.5,232.05,8970,7.98,-0.4623,0.000613,-3.05,31.82
2026-08-19 13:40:00,NSE:NIFTY26SEP24000PE,24000.0,PE,24042.2,231.5,232.65,229.5,231.45,14365,7.9,-0.4647,0.00062,-3.02,31.83
2026-08-19 13:45:00,NSE:NIFTY26SEP24000PE,24000.0,PE,24041.9,231.45,235.0,230.45,233.95,25935,7.97,-0.4651,0.000614,-3.05,31.83
2026-08-19 13:50:00,NSE:NIFTY26SEP24000PE,24000.0,PE,24040.0,233.1,234.95,231.35,233.05,23920,7.91,-0.4661,0.000619,-3.02,31.83
2026-08-19 13:55:00,NSE:NIFTY26SEP24000PE,24000.0,PE,24044.95,233.05,233.25,230.05,231.55,24245,7.94,-0.4632,0.000616,-3.03,31.82
2026-08-19 14:00:00,NSE:NIFTY26SEP24000PE,24000.0,PE,24054.6,231.0,231.05,225.45,227.2,27430,7.94,-0.4572,0.000615,-3.03,31.79
2026-08-19 14:05:00,NSE:NIFTY26SEP24000PE,24000.0,PE,24054.65,227.1,227.95,221.7,224.65,39780,7.86,-0.4569,0.000621,-3.0,31.78
2026-08-19 14:10:00,NSE:NIFTY26SEP24000PE,24000.0,PE,24051.35,224.65,227.85,221.8,226.1,6890,7.86,-0.459,0.000621,-3.0,31.8
2026-08-19 14:15:00,NSE:NIFTY26SEP24000PE,24000.0,PE,24039.7,226.1,232.0,226.1,232.0,21580,7.87,-0.4662,0.000622,-3.01,31.83
2026-08-19 14:20:00,NSE:NIFTY26SEP24000PE,24000.0,PE,24030.5,232.2,237.9,230.0,236.35,25610,7.88,-0.472,0.000623,-3.01,31.85
2026-08-19 14:25:00,NSE:NIFTY26SEP24000PE,24000.0,PE,24039.05,235.8,239.0,231.3,232.5,86905,7.88,-0.4667,0.000621,-3.01,31.83
2026-08-19 14:30:00,NSE:NIFTY26SEP24000PE,24000.0,PE,24050.9,232.25,232.8,224.1,225.1,20605,7.83,-0.4591,0.000625,-2.99,31.79
2026-08-19 14:35:00,NSE:NIFTY26SEP24000PE,24000.0,PE,24046.85,225.75,227.45,209.0,226.55,117715,7.81,-0.4616,0.000626,-2.99,31.8
2026-08-19 14:40:00,NSE:NIFTY26SEP24000PE,24000.0,PE,24049.0,226.8,229.65,223.8,227.1,53495,7.86,-0.4604,0.000622,-3.0,31.8
2026-08-19 14:45:00,NSE:NIFTY26SEP24000PE,24000.0,PE,24041.55,227.45,233.4,226.3,231.95,57525,7.91,-0.4652,0.000619,-3.02,31.82
2026-08-19 14:50:00,NSE:NIFTY26SEP24000PE,24000.0,PE,24050.45,231.95,231.95,227.7,228.55,12740,7.93,-0.4597,0.000617,-3.03,31.79
2026-08-19 14:55:00,NSE:NIFTY26SEP24000PE,24000.0,PE,24053.1,227.4,227.75,222.15,223.95,24310,7.82,-0.4577,0.000625,-2.99,31.78
2026-08-19 15:00:00,NSE:NIFTY26SEP24000PE,24000.0,PE,24055.85,224.2,224.45,216.1,221.55,40365,7.78,-0.4559,0.000628,-2.97,31.76
2026-08-19 15:05:00,NSE:NIFTY26SEP24000PE,24000.0,PE,24038.4,221.0,225.95,221.0,225.5,19500,7.65,-0.4665,0.00064,-2.93,31.82
2026-08-19 15:10:00,NSE:NIFTY26SEP24000PE,24000.0,PE,24048.55,224.85,226.15,221.55,225.2,33215,7.8,-0.4605,0.000627,-2.98,31.79
2026-08-19 15:15:00,NSE:NIFTY26SEP24000PE,24000.0,PE,24048.55,223.3,226.6,220.4,221.35,40235,7.68,-0.4601,0.000637,-2.93,31.78
2026-08-19 15:20:00,NSE:NIFTY26SEP24000PE,24000.0,PE,24048.55,221.55,222.0,217.35,220.45,44135,7.65,-0.46,0.000639,-2.92,31.78
2026-08-19 15:25:00,NSE:NIFTY26SEP24000PE,24000.0,PE,24078.3,220.45,222.55,218.35,220.1,42250,8.06,-0.4433,0.000603,-3.07,31.67
2026-08-20 09:15:00,NSE:NIFTY26SEP24000PE,24000.0,PE,24192.85,197.9,197.9,168.55,175.05,184275,8.19,-0.3763,0.000574,-3.06,30.35
2026-08-20 09:20:00,NSE:NIFTY26SEP24000PE,24000.0,PE,24185.5,175.15,176.2,172.35,175.65,143715,8.12,-0.3797,0.00058,-3.04,30.42
2026-08-20 09:25:00,NSE:NIFTY26SEP24000PE,24000.0,PE,24190.8,175.5,175.65,170.85,172.95,55315,8.1,-0.3763,0.00058,-3.02,30.34
2026-08-20 09:30:00,NSE:NIFTY26SEP24000PE,24000.0,PE,24197.9,172.75,174.15,170.0,170.55,40820,8.11,-0.3723,0.000578,-3.01,30.25
2026-08-20 09:35:00,NSE:NIFTY26SEP24000PE,24000.0,PE,24201.35,170.55,171.0,167.35,169.5,48100,8.12,-0.3704,0.000576,-3.01,30.2
2026-08-20 09:40:00,NSE:NIFTY26SEP24000PE,24000.0,PE,24210.95,169.6,170.0,166.2,166.25,27365,8.12,-0.365,0.000573,-3.0,30.07
2026-08-20 09:45:00,NSE:NIFTY26SEP24000PE,24000.0,PE,24203.35,166.2,167.7,165.75,166.45,60970,8.04,-0.3682,0.000581,-2.98,30.14
2026-08-20 09:50:00,NSE:NIFTY26SEP24000PE,24000.0,PE,24201.95,166.45,167.55,164.05,164.05,143130,7.94,-0.3676,0.000587,-2.94,30.12
2026-08-20 09:55:00,NSE:NIFTY26SEP24000PE,24000.0,PE,24203.8,164.05,164.5,161.45,162.55,107510,7.92,-0.3661,0.000589,-2.93,30.09
2026-08-20 10:00:00,NSE:NIFTY26SEP24000PE,24000.0,PE,24205.9,162.55,163.8,161.65,162.45,106990,7.94,-0.3652,0.000586,-2.94,30.06
2026-08-20 10:05:00,NSE:NIFTY26SEP24000PE,24000.0,PE,24211.6,162.45,163.65,159.65,160.7,79495,7.95,-0.362,0.000584,-2.93,29.98
2026-08-20 10:10:00,NSE:NIFTY26SEP24000PE,24000.0,PE,24221.85,160.7,160.7,155.65,156.25,117780,7.92,-0.3557,0.000582,-2.91,29.81
2026-08-20 10:15:00,NSE:NIFTY26SEP24000PE,24000.0,PE,24219.6,156.25,157.25,154.75,156.6,147810,7.91,-0.3567,0.000584,-2.9,29.84
2026-08-20 10:20:00,NSE:NIFTY26SEP24000PE,24000.0,PE,24217.8,156.95,157.9,155.8,157.4,93275,7.91,-0.3579,0.000584,-2.91,29.87
2026-08-20 10:25:00,NSE:NIFTY26SEP24000PE,24000.0,PE,24210.15,157.35,159.5,156.65,158.85,38415,7.87,-0.3617,0.000589,-2.9,29.96
2026-08-20 10:30:00,NSE:NIFTY26SEP24000PE,24000.0,PE,24210.2,158.85,159.9,158.35,159.6,17680,7.9,-0.3621,0.000588,-2.91,29.97
2026-08-20 10:35:00,NSE:NIFTY26SEP24000PE,24000.0,PE,24205.0,159.6,162.2,159.3,161.1,30680,7.89,-0.3649,0.00059,-2.92,30.04
2026-08-20 10:40:00,NSE:NIFTY26SEP24000PE,24000.0,PE,24211.85,160.6,160.95,158.7,158.9,10075,7.89,-0.361,0.000587,-2.91,29.94
2026-08-20 10:45:00,NSE:NIFTY26SEP24000PE,24000.0,PE,24215.55,158.75,160.5,157.7,157.75,25090,7.9,-0.359,0.000586,-2.91,29.89
2026-08-20 10:50:00,NSE:NIFTY26SEP24000PE,24000.0,PE,24204.0,157.85,160.25,157.35,160.2,14495,7.84,-0.3649,0.000594,-2.9,30.04
2026-08-20 10:55:00,NSE:NIFTY26SEP24000PE,24000.0,PE,24212.55,160.2,160.55,158.2,158.4,12545,7.89,-0.3605,0.000588,-2.91,29.93
2026-08-20 11:00:00,NSE:NIFTY26SEP24000PE,24000.0,PE,24214.05,158.4,159.95,157.2,158.55,23010,7.91,-0.36,0.000586,-2.91,29.91
2026-08-20 11:05:00,NSE:NIFTY26SEP24000PE,24000.0,PE,24211.45,158.55,159.75,158.0,159.05,9035,7.9,-0.3613,0.000588,-2.91,29.94
2026-08-20 11:10:00,NSE:NIFTY26SEP24000PE,24000.0,PE,24204.4,159.45,160.1,158.2,160.1,14170,7.85,-0.3647,0.000593,-2.9,30.03
2026-08-20 11:15:00,NSE:NIFTY26SEP24000PE,24000.0,PE,24198.75,160.1,161.8,160.0,161.5,10205,7.82,-0.3677,0.000597,-2.9,30.1
2026-08-20 11:20:00,NSE:NIFTY26SEP24000PE,24000.0,PE,24198.1,161.5,163.6,161.5,163.0,13975,7.87,-0.3687,0.000594,-2.92,30.12
2026-08-20 11:25:00,NSE:NIFTY26SEP24000PE,24000.0,PE,24201.0,163.0,163.75,161.4,161.9,6825,7.87,-0.367,0.000593,-2.92,30.08
2026-08-20 11:30:00,NSE:NIFTY26SEP24000PE,24000.0,PE,24212.15,161.1,161.1,156.0,156.85,17940,7.83,-0.3599,0.000592,-2.89,29.9
2026-08-20 11:35:00,NSE:NIFTY26SEP24000PE,24000.0,PE,24211.75,156.85,158.05,156.5,157.05,15470,7.84,-0.3601,0.000592,-2.89,29.9
2026-08-20 11:40:00,NSE:NIFTY26SEP24000PE,24000.0,PE,24212.35,157.5,158.4,157.1,157.8,13455,7.87,-0.3603,0.000589,-2.9,29.91
2026-08-20 11:45:00,NSE:NIFTY26SEP24000PE,24000.0,PE,24212.4,157.8,157.8,155.55,156.75,7995,7.83,-0.3597,0.000592,-2.89,29.89
2026-08-20 11:50:00,NSE:NIFTY26SEP24000PE,24000.0,PE,24212.85,156.9,157.3,156.25,156.75,4550,7.84,-0.3595,0.000591,-2.89,29.88
2026-08-20 11:55:00,NSE:NIFTY26SEP24000PE,24000.0,PE,24216.6,156.75,157.0,155.15,155.5,10270,7.84,-0.3574,0.00059,-2.88,29.83
2026-08-20 12:00:00,NSE:NIFTY26SEP24000PE,24000.0,PE,24212.2,155.5,156.75,155.15,156.1,9100,7.81,-0.3595,0.000593,-2.88,29.88
2026-08-20 12:05:00,NSE:NIFTY26SEP24000PE,24000.0,PE,24213.0,156.4,157.2,155.5,157.2,7410,7.86,-0.3597,0.00059,-2.9,29.89
2026-08-20 12:10:00,NSE:NIFTY26SEP24000PE,24000.0,PE,24214.75,156.9,157.25,155.1,155.15,7800,7.81,-0.3579,0.000592,-2.87,29.84
2026-08-20 12:15:00,NSE:NIFTY26SEP24000PE,24000.0,PE,24216.75,155.1,155.5,153.85,155.05,9880,7.83,-0.3571,0.00059,-2.88,29.81
2026-08-20 12:20:00,NSE:NIFTY26SEP24000PE,24000.0,PE,24211.8,155.05,156.55,154.65,156.45,8190,7.82,-0.3598,0.000593,-2.88,29.88
2026-08-20 12:25:00,NSE:NIFTY26SEP24000PE,24000.0,PE,24213.75,156.45,156.7,155.75,156.0,3575,7.83,-0.3588,0.000592,-2.88,29.86
2026-08-20 12:30:00,NSE:NIFTY26SEP24000PE,24000.0,PE,24209.95,156.0,157.7,156.0,157.7,12025,7.84,-0.3612,0.000592,-2.89,29.92
2026-08-20 12:35:00,NSE:NIFTY26SEP24000PE,24000.0,PE,24216.95,157.7,157.7,154.15,154.15,9360,7.8,-0.3565,0.000592,-2.87,29.79
2026-08-20 12:40:00,NSE:NIFTY26SEP24000PE,24000.0,PE,24217.2,154.05,154.7,152.5,153.45,21190,7.78,-0.356,0.000593,-2.86,29.78
2026-08-20 12:45:00,NSE:NIFTY26SEP24000PE,24000.0,PE,24241.45,153.45,153.7,144.25,145.55,51675,7.8,-0.3421,0.000583,-2.83,29.38
2026-08-20 12:50:00,NSE:NIFTY26SEP24000PE,24000.0,PE,24244.3,145.65,145.65,140.3,144.0,67665,7.78,-0.3401,0.000583,-2.82,29.32
2026-08-20 12:55:00,NSE:NIFTY26SEP24000PE,24000.0,PE,24244.25,144.0,146.1,144.0,145.25,30485,7.83,-0.3408,0.00058,-2.84,29.34
2026-08-20 13:00:00,NSE:NIFTY26SEP24000PE,24000.0,PE,24244.95,145.05,148.2,145.05,147.9,18460,7.93,-0.3422,0.000574,-2.88,29.38
2026-08-20 13:05:00,NSE:NIFTY26SEP24000PE,24000.0,PE,24248.5,147.85,147.85,146.2,146.7,13065,7.93,-0.3401,0.000573,-2.87,29.32
2026-08-20 13:10:00,NSE:NIFTY26SEP24000PE,24000.0,PE,24246.8,146.7,148.1,146.7,148.1,11310,7.95,-0.3416,0.000572,-2.89,29.36
2026-08-20 13:15:00,NSE:NIFTY26SEP24000PE,24000.0,PE,24241.0,148.1,149.7,147.3,149.1,16510,7.92,-0.3443,0.000576,-2.88,29.44
2026-08-20 13:20:00,NSE:NIFTY26SEP24000PE,24000.0,PE,24250.3,148.95,149.05,146.0,146.0,14560,7.92,-0.339,0.000572,-2.87,29.28
2026-08-20 13:25:00,NSE:NIFTY26SEP24000PE,24000.0,PE,24247.55,146.0,147.05,145.9,146.75,15275,7.92,-0.3405,0.000574,-2.87,29.33
2026-08-20 13:30:00,NSE:NIFTY26SEP24000PE,24000.0,PE,24248.7,146.6,147.0,145.8,146.45,8580,7.92,-0.3399,0.000573,-2.87,29.31
2026-08-20 13:35:00,NSE:NIFTY26SEP24000PE,24000.0,PE,24243.0,146.45,147.0,146.0,146.8,7735,7.87,-0.3422,0.000578,-2.86,29.37
2026-08-20 13:40:00,NSE:NIFTY26SEP24000PE,24000.0,PE,24246.05,146.95,148.4,146.8,147.0,9230,7.91,-0.3412,0.000575,-2.87,29.34
2026-08-20 13:45:00,NSE:NIFTY26SEP24000PE,24000.0,PE,24246.25,147.0,147.8,146.5,147.0,15145,7.91,-0.3411,0.000574,-2.87,29.34
2026-08-20 13:50:00,NSE:NIFTY26SEP24000PE,24000.0,PE,24239.45,147.0,149.65,146.8,148.95,8060,7.9,-0.3448,0.000578,-2.88,29.45
2026-08-20 13:55:00,NSE:NIFTY26SEP24000PE,24000.0,PE,24232.95,149.45,150.5,148.85,150.0,28405,7.86,-0.3479,0.000583,-2.87,29.53
2026-08-20 14:00:00,NSE:NIFTY26SEP24000PE,24000.0,PE,24233.6,150.0,151.5,149.7,151.05,17680,7.9,-0.3483,0.00058,-2.89,29.54
2026-08-20 14:05:00,NSE:NIFTY26SEP24000PE,24000.0,PE,24236.6,151.05,151.5,149.2,149.45,19045,7.89,-0.3462,0.00058,-2.87,29.48
2026-08-20 14:10:00,NSE:NIFTY26SEP24000PE,24000.0,PE,24238.45,149.45,150.3,148.95,150.3,6435,7.94,-0.346,0.000576,-2.89,29.48
2026-08-20 14:15:00,NSE:NIFTY26SEP24000PE,24000.0,PE,24238.0,150.3,153.0,149.45,149.95,14495,7.92,-0.346,0.000577,-2.89,29.47
2026-08-20 14:20:00,NSE:NIFTY26SEP24000PE,24000.0,PE,24242.15,149.65,151.6,149.65,151.0,8190,8.0,-0.345,0.000571,-2.91,29.45
2026-08-20 14:25:00,NSE:NIFTY26SEP24000PE,24000.0,PE,24245.8,151.0,151.6,149.4,149.55,39260,8.0,-0.3428,0.00057,-2.91,29.38
2026-08-20 14:30:00,NSE:NIFTY26SEP24000PE,24000.0,PE,24244.6,149.95,151.95,149.55,151.0,59085,8.03,-0.3441,0.000568,-2.92,29.42
2026-08-20 14:35:00,NSE:NIFTY26SEP24000PE,24000.0,PE,24244.0,151.0,151.9,150.1,150.6,15665,8.01,-0.3441,0.000569,-2.92,29.42
2026-08-20 14:40:00,NSE:NIFTY26SEP24000PE,24000.0,PE,24237.0,150.6,151.9,150.1,151.1,25740,7.95,-0.347,0.000576,-2.9,29.5
2026-08-20 14:45:00,NSE:NIFTY26SEP24000PE,24000.0,PE,24236.65,151.8,153.0,150.5,151.65,36985,7.96,-0.3474,0.000575,-2.91,29.51
2026-08-20 14:50:00,NSE:NIFTY26SEP24000PE,24000.0,PE,24235.7,151.65,151.65,150.15,151.0,43745,7.93,-0.3474,0.000578,-2.9,29.51
2026-08-20 14:55:00,NSE:NIFTY26SEP24000PE,24000.0,PE,24238.1,151.0,151.0,149.4,149.7,26780,7.91,-0.3458,0.000578,-2.89,29.46
2026-08-20 15:00:00,NSE:NIFTY26SEP24000PE,24000.0,PE,24231.35,149.7,151.95,149.0,150.85,101855,7.87,-0.349,0.000583,-2.88,29.55
2026-08-20 15:05:00,NSE:NIFTY26SEP24000PE,24000.0,PE,24215.7,150.9,153.25,150.85,153.0,143260,7.76,-0.3564,0.000596,-2.86,29.75
2026-08-20 15:10:00,NSE:NIFTY26SEP24000PE,24000.0,PE,24212.35,153.0,154.85,151.65,154.45,57330,7.77,-0.3585,0.000597,-2.87,29.8
2026-08-20 15:15:00,NSE:NIFTY26SEP24000PE,24000.0,PE,24211.6,154.0,157.15,153.75,156.7,119925,7.84,-0.36,0.000593,-2.89,29.84
2026-08-20 15:20:00,NSE:NIFTY26SEP24000PE,24000.0,PE,24211.6,156.85,160.0,156.45,159.8,144560,7.94,-0.3616,0.000586,-2.94,29.89
2026-08-20 15:25:00,NSE:NIFTY26SEP24000PE,24000.0,PE,24231.85,159.95,162.15,159.7,160.3,91650,8.2,-0.3539,0.000563,-3.01,29.69
2026-08-21 09:15:00,NSE:NIFTY26SEP24000PE,24000.0,PE,24238.1,158.4,160.05,140.0,159.3,115700,8.32,-0.3511,0.000558,-3.08,29.34
2026-08-21 09:20:00,NSE:NIFTY26SEP24000PE,24000.0,PE,24220.3,159.15,167.2,159.15,165.0,66950,8.3,-0.3608,0.000565,-3.1,29.6
2026-08-21 09:25:00,NSE:NIFTY26SEP24000PE,24000.0,PE,24230.8,165.0,167.8,161.55,163.2,54535,8.36,-0.3558,0.000558,-3.11,29.47
2026-08-21 09:30:00,NSE:NIFTY26SEP24000PE,24000.0,PE,24208.8,163.25,171.0,163.25,169.8,112255,8.32,-0.3676,0.000568,-3.12,29.76
2026-08-21 09:35:00,NSE:NIFTY26SEP24000PE,24000.0,PE,24220.7,169.8,170.65,166.5,166.55,24895,8.36,-0.3614,0.000562,-3.12,29.61
2026-08-21 09:40:00,NSE:NIFTY26SEP24000PE,24000.0,PE,24243.85,166.55,166.55,160.35,161.0,27885,8.45,-0.3499,0.000549,-3.12,29.3
2026-08-21 09:45:00,NSE:NIFTY26SEP24000PE,24000.0,PE,24243.5,160.65,162.0,158.9,160.3,20865,8.42,-0.3496,0.000551,-3.11,29.3
2026-08-21 09:50:00,NSE:NIFTY26SEP24000PE,24000.0,PE,24250.55,160.75,161.55,156.8,158.6,21840,8.45,-0.3462,0.000547,-3.11,29.2
2026-08-21 09:55:00,NSE:NIFTY26SEP24000PE,24000.0,PE,24246.9,158.15,160.85,158.15,158.6,15145,8.4,-0.3475,0.000551,-3.1,29.23
2026-08-21 10:00:00,NSE:NIFTY26SEP24000PE,24000.0,PE,24239.5,158.6,161.2,157.25,160.9,24505,8.39,-0.3514,0.000554,-3.11,29.34
2026-08-21 10:05:00,NSE:NIFTY26SEP24000PE,24000.0,PE,24225.25,160.9,163.0,160.0,162.3,24245,8.27,-0.3575,0.000566,-3.08,29.5
2026-08-21 10:10:00,NSE:NIFTY26SEP24000PE,24000.0,PE,24235.7,162.3,163.2,159.5,160.85,11115,8.35,-0.3528,0.000558,-3.1,29.37
2026-08-21 10:15:00,NSE:NIFTY26SEP24000PE,24000.0,PE,24232.1,160.4,162.0,159.95,162.0,8710,8.34,-0.3547,0.000559,-3.1,29.43
2026-08-21 10:20:00,NSE:NIFTY26SEP24000PE,24000.0,PE,24243.8,161.8,162.0,157.35,158.3,9295,8.36,-0.3485,0.000554,-3.09,29.25
2026-08-21 10:25:00,NSE:NIFTY26SEP24000PE,24000.0,PE,24255.0,158.3,159.45,155.55,155.55,14560,8.4,-0.3429,0.000548,-3.09,29.09
2026-08-21 10:30:00,NSE:NIFTY26SEP24000PE,24000.0,PE,24250.3,155.65,157.15,155.2,157.05,10075,8.39,-0.3454,0.00055,-3.09,29.16
2026-08-21 10:35:00,NSE:NIFTY26SEP24000PE,24000.0,PE,24249.35,157.05,157.6,156.25,157.05,10140,8.38,-0.3457,0.000551,-3.09,29.17
2026-08-21 10:40:00,NSE:NIFTY26SEP24000PE,24000.0,PE,24253.2,157.6,157.6,154.0,154.0,12870,8.32,-0.3427,0.000553,-3.06,29.08
2026-08-21 10:45:00,NSE:NIFTY26SEP24000PE,24000.0,PE,24253.5,154.0,155.7,152.8,155.4,7735,8.37,-0.3433,0.00055,-3.08,29.1
2026-08-21 10:50:00,NSE:NIFTY26SEP24000PE,24000.0,PE,24264.65,155.4,155.4,152.65,153.3,12155,8.43,-0.3382,0.000543,-3.09,28.95
2026-08-21 10:55:00,NSE:NIFTY26SEP24000PE,24000.0,PE,24261.0,153.4,155.55,153.4,154.0,10400,8.42,-0.3399,0.000545,-3.08,28.99
2026-08-21 11:00:00,NSE:NIFTY26SEP24000PE,24000.0,PE,24266.0,154.05,154.35,153.0,154.25,11505,8.48,-0.3383,0.00054,-3.1,28.95
2026-08-21 11:05:00,NSE:NIFTY26SEP24000PE,24000.0,PE,24259.8,154.05,154.05,152.6,153.7,8905,8.39,-0.3401,0.000547,-3.08,29.0
2026-08-21 11:10:00,NSE:NIFTY26SEP24000PE,24000.0,PE,24262.65,153.7,155.1,153.35,153.95,9490,8.43,-0.3393,0.000544,-3.09,28.97
2026-08-21 11:15:00,NSE:NIFTY26SEP24000PE,24000.0,PE,24255.35,153.95,155.4,153.35,155.3,10855,8.4,-0.3426,0.000548,-3.09,29.07
2026-08-21 11:20:00,NSE:NIFTY26SEP24000PE,24000.0,PE,24255.0,155.3,156.0,154.2,154.3,16055,8.36,-0.3422,0.000551,-3.07,29.05
2026-08-21 11:25:00,NSE:NIFTY26SEP24000PE,24000.0,PE,24256.6,154.2,155.0,154.0,154.0,1885,8.37,-0.3415,0.00055,-3.07,29.03
2026-08-21 11:30:00,NSE:NIFTY26SEP24000PE,24000.0,PE,24258.7,154.0,154.0,152.05,152.9,7150,8.35,-0.3401,0.00055,-3.06,28.99
2026-08-21 11:35:00,NSE:NIFTY26SEP24000PE,24000.0,PE,24257.2,152.9,154.05,152.9,154.0,4420,8.37,-0.3412,0.000549,-3.07,29.02
2026-08-21 11:40:00,NSE:NIFTY26SEP24000PE,24000.0,PE,24251.05,153.35,155.6,153.35,155.1,3380,8.34,-0.3441,0.000553,-3.07,29.1
2026-08-21 11:45:00,NSE:NIFTY26SEP24000PE,24000.0,PE,24254.35,155.1,155.9,154.1,154.1,14105,8.34,-0.3423,0.000552,-3.07,29.05
2026-08-21 11:50:00,NSE:NIFTY26SEP24000PE,24000.0,PE,24245.25,154.1,157.0,153.7,157.0,4355,8.34,-0.3472,0.000555,-3.08,29.19
2026-08-21 11:55:00,NSE:NIFTY26SEP24000PE,24000.0,PE,24239.3,157.0,157.8,156.55,157.3,14820,8.28,-0.3496,0.000561,-3.06,29.26
2026-08-21 12:00:00,NSE:NIFTY26SEP24000PE,24000.0,PE,24238.55,157.3,157.7,156.2,157.0,10010,8.26,-0.3497,0.000562,-3.06,29.26
2026-08-21 12:05:00,NSE:NIFTY26SEP24000PE,24000.0,PE,24236.25,157.0,158.8,156.0,158.8,15210,8.29,-0.3515,0.000561,-3.07,29.31
2026-08-21 12:10:00,NSE:NIFTY26SEP24000PE,24000.0,PE,24233.3,158.3,159.95,157.5,159.4,9425,8.28,-0.353,0.000563,-3.07,29.35
2026-08-21 12:15:00,NSE:NIFTY26SEP24000PE,24000.0,PE,24237.95,159.05,161.3,157.9,158.5,13715,8.3,-0.3507,0.00056,-3.08,29.28
2026-08-21 12:20:00,NSE:NIFTY26SEP24000PE,24000.0,PE,24240.75,158.5,158.7,157.0,158.1,19630,8.32,-0.3495,0.000558,-3.08,29.25
2026-08-21 12:25:00,NSE:NIFTY26SEP24000PE,24000.0,PE,24238.25,158.15,158.4,156.8,157.75,3770,8.28,-0.3502,0.000561,-3.07,29.27
2026-08-21 12:30:00,NSE:NIFTY26SEP24000PE,24000.0,PE,24243.1,157.75,158.65,156.55,158.15,44590,8.35,-0.3486,0.000555,-3.09,29.22
2026-08-21 12:35:00,NSE:NIFTY26SEP24000PE,24000.0,PE,24236.55,157.6,159.2,157.0,158.55,22360,8.29,-0.3513,0.000561,-3.07,29.29
2026-08-21 12:40:00,NSE:NIFTY26SEP24000PE,24000.0,PE,24233.3,159.25,161.95,159.25,159.7,25610,8.29,-0.3531,0.000562,-3.08,29.34
2026-08-21 12:45:00,NSE:NIFTY26SEP24000PE,24000.0,PE,24230.4,159.45,161.35,158.6,160.0,18135,8.27,-0.3544,0.000565,-3.07,29.37
2026-08-21 12:50:00,NSE:NIFTY26SEP24000PE,24000.0,PE,24233.2,160.2,160.2,159.3,159.65,4420,8.29,-0.3531,0.000563,-3.08,29.34
2026-08-21 12:55:00,NSE:NIFTY26SEP24000PE,24000.0,PE,24232.8,159.7,160.55,158.9,160.2,6565,8.3,-0.3536,0.000562,-3.09,29.35
2026-08-21 13:00:00,NSE:NIFTY26SEP24000PE,24000.0,PE,24241.05,160.2,160.2,157.05,157.05,12675,8.29,-0.3488,0.00056,-3.07,29.22
2026-08-21 13:05:00,NSE:NIFTY26SEP24000PE,24000.0,PE,24250.35,157.0,157.45,153.2,154.35,24635,8.31,-0.3439,0.000555,-3.06,29.08
2026-08-21 13:10:00,NSE:NIFTY26SEP24000PE,24000.0,PE,24244.0,154.0,155.15,153.3,155.15,7930,8.26,-0.3467,0.00056,-3.05,29.15
2026-08-21 13:15:00,NSE:NIFTY26SEP24000PE,24000.0,PE,24246.0,155.4,156.0,154.75,155.05,4160,8.28,-0.3459,0.000558,-3.06,29.13
2026-08-21 13:20:00,NSE:NIFTY26SEP24000PE,24000.0,PE,24238.35,155.0,159.2,154.8,158.8,19825,8.32,-0.3507,0.000559,-3.09,29.27
2026-08-21 13:25:00,NSE:NIFTY26SEP24000PE,24000.0,PE,24246.8,158.55,158.9,155.4,155.4,10205,8.31,-0.3458,0.000557,-3.07,29.13
2026-08-21 13:30:00,NSE:NIFTY26SEP24000PE,24000.0,PE,24239.5,155.1,157.15,155.1,156.4,9425,8.25,-0.349,0.000563,-3.06,29.21
2026-08-21 13:35:00,NSE:NIFTY26SEP24000PE,24000.0,PE,24233.7,156.55,160.5,156.55,158.75,15275,8.27,-0.3525,0.000564,-3.07,29.31
2026-08-21 13:40:00,NSE:NIFTY26SEP24000PE,24000.0,PE,24235.8,158.75,160.0,157.55,158.25,7670,8.27,-0.3514,0.000563,-3.07,29.28
2026-08-21 13:45:00,NSE:NIFTY26SEP24000PE,24000.0,PE,24231.45,158.25,159.85,157.55,159.45,14235,8.26,-0.3537,0.000565,-3.07,29.34
2026-08-21 13:50:00,NSE:NIFTY26SEP24000PE,24000.0,PE,24232.95,159.45,160.3,157.85,157.9,20670,8.23,-0.3523,0.000566,-3.06,29.3
2026-08-21 13:55:00,NSE:NIFTY26SEP24000PE,24000.0,PE,24233.95,157.85,157.85,155.1,156.8,13390,8.2,-0.3513,0.000568,-3.04,29.27
2026-08-21 14:00:00,NSE:NIFTY26SEP24000PE,24000.0,PE,24230.7,156.8,159.35,156.5,158.8,12350,8.23,-0.3536,0.000567,-3.06,29.33
2026-08-21 14:05:00,NSE:NIFTY26SEP24000PE,24000.0,PE,24225.45,158.35,160.0,158.0,159.25,15340,8.19,-0.3559,0.000572,-3.05,29.39
2026-08-21 14:10:00,NSE:NIFTY26SEP24000PE,24000.0,PE,24230.55,159.2,159.5,157.9,158.7,19110,8.23,-0.3536,0.000567,-3.06,29.33
2026-08-21 14:15:00,NSE:NIFTY26SEP24000PE,24000.0,PE,24236.15,158.5,158.85,156.2,156.5,12350,8.22,-0.3503,0.000566,-3.05,29.24
2026-08-21 14:20:00,NSE:NIFTY26SEP24000PE,24000.0,PE,24239.35,157.0,157.0,155.5,155.8,9945,8.24,-0.3488,0.000564,-3.05,29.19
2026-08-21 14:25:00,NSE:NIFTY26SEP24000PE,24000.0,PE,24243.1,156.0,157.0,154.1,154.1,21905,8.22,-0.3464,0.000563,-3.04,29.13
2026-08-21 14:30:00,NSE:NIFTY26SEP24000PE,24000.0,PE,24237.75,154.15,156.15,153.05,156.15,36985,8.23,-0.3496,0.000565,-3.05,29.21
2026-08-21 14:35:00,NSE:NIFTY26SEP24000PE,24000.0,PE,24234.7,155.9,156.65,155.05,155.85,7670,8.18,-0.3505,0.000569,-3.04,29.24
2026-08-21 14:40:00,NSE:NIFTY26SEP24000PE,24000.0,PE,24235.35,155.45,156.15,155.05,155.15,16770,8.17,-0.3499,0.00057,-3.03,29.22
2026-08-21 14:45:00,NSE:NIFTY26SEP24000PE,24000.0,PE,24237.6,155.15,155.15,152.5,154.55,74685,8.17,-0.3487,0.000568,-3.03,29.18
2026-08-21 14:50:00,NSE:NIFTY26SEP24000PE,24000.0,PE,24238.6,154.5,155.85,153.3,155.85,28210,8.23,-0.3491,0.000565,-3.05,29.19
2026-08-21 14:55:00,NSE:NIFTY26SEP24000PE,24000.0,PE,24236.3,155.4,156.7,154.95,156.2,45110,8.22,-0.3501,0.000566,-3.05,29.22
2026-08-21 15:00:00,NSE:NIFTY26SEP24000PE,24000.0,PE,24235.75,155.7,156.25,152.65,154.95,106535,8.17,-0.3497,0.00057,-3.03,29.21
2026-08-21 15:05:00,NSE:NIFTY26SEP24000PE,24000.0,PE,24234.05,154.85,155.45,153.3,155.2,40560,8.16,-0.3504,0.000571,-3.03,29.23
2026-08-21 15:10:00,NSE:NIFTY26SEP24000PE,24000.0,PE,24234.75,155.1,157.15,154.9,156.2,47450,8.2,-0.3507,0.000568,-3.04,29.23
2026-08-21 15:15:00,NSE:NIFTY26SEP24000PE,24000.0,PE,24234.75,156.5,156.7,155.4,156.2,30810,8.2,-0.3507,0.000568,-3.04,29.23
2026-08-21 15:20:00,NSE:NIFTY26SEP24000PE,24000.0,PE,24234.75,156.2,156.7,154.95,155.8,30680,8.19,-0.3505,0.000569,-3.04,29.23
2026-08-21 15:25:00,NSE:NIFTY26SEP24000PE,24000.0,PE,24252.0,155.95,156.8,155.6,155.75,29120,8.39,-0.3441,0.000551,-3.1,29.05
2026-08-24 09:15:00,NSE:NIFTY26SEP24000PE,24000.0,PE,24303.4,140.4,145.95,135.0,135.35,194610,8.57,-0.3141,0.000538,-3.18,27.07
2026-08-24 09:20:00,NSE:NIFTY26SEP24000PE,24000.0,PE,24303.0,135.35,135.35,132.75,133.35,80860,8.5,-0.3128,0.000542,-3.14,27.03
2026-08-24 09:25:00,NSE:NIFTY26SEP24000PE,24000.0,PE,24287.15,133.0,135.65,131.65,135.5,73970,8.39,-0.3195,0.000554,-3.13,27.25
2026-08-24 09:30:00,NSE:NIFTY26SEP24000PE,24000.0,PE,24276.7,135.6,138.9,135.05,137.75,58955,8.35,-0.3246,0.000561,-3.13,27.41
2026-08-24 09:35:00,NSE:NIFTY26SEP24000PE,24000.0,PE,24283.1,137.75,139.75,136.55,137.35,36010,8.41,-0.3221,0.000555,-3.14,27.33
2026-08-24 09:40:00,NSE:NIFTY26SEP24000PE,24000.0,PE,24281.65,137.55,139.5,137.1,138.0,46540,8.42,-0.323,0.000555,-3.15,27.36
2026-08-24 09:45:00,NSE:NIFTY26SEP24000PE,24000.0,PE,24281.35,137.55,139.35,137.1,138.0,25935,8.41,-0.3231,0.000556,-3.15,27.36
2026-08-24 09:50:00,NSE:NIFTY26SEP24000PE,24000.0,PE,24272.65,138.0,139.35,137.75,139.0,19305,8.35,-0.3268,0.000563,-3.14,27.48
2026-08-24 09:55:00,NSE:NIFTY26SEP24000PE,24000.0,PE,24268.65,138.8,141.0,137.85,140.25,36335,8.35,-0.329,0.000565,-3.15,27.55
2026-08-24 10:00:00,NSE:NIFTY26SEP24000PE,24000.0,PE,24269.5,140.5,142.65,140.1,142.1,14820,8.42,-0.3299,0.00056,-3.18,27.58
2026-08-24 10:05:00,NSE:NIFTY26SEP24000PE,24000.0,PE,24270.3,142.1,142.5,140.6,141.0,23205,8.39,-0.3289,0.000561,-3.16,27.54
2026-08-24 10:10:00,NSE:NIFTY26SEP24000PE,24000.0,PE,24273.05,140.95,141.05,139.25,139.85,13130,8.38,-0.3272,0.000561,-3.16,27.49
2026-08-24 10:15:00,NSE:NIFTY26SEP24000PE,24000.0,PE,24278.2,139.85,139.85,137.6,137.6,15340,8.36,-0.3239,0.00056,-3.14,27.38
2026-08-24 10:20:00,NSE:NIFTY26SEP24000PE,24000.0,PE,24278.6,137.85,140.25,137.75,140.0,37375,8.46,-0.3254,0.000555,-3.18,27.43
2026-08-24 10:25:00,NSE:NIFTY26SEP24000PE,24000.0,PE,24277.7,140.0,140.7,139.55,139.8,18005,8.44,-0.3256,0.000556,-3.17,27.43
2026-08-24 10:30:00,NSE:NIFTY26SEP24000PE,24000.0,PE,24280.3,139.8,140.45,138.65,139.6,12090,8.46,-0.3245,0.000554,-3.18,27.4
2026-08-24 10:35:00,NSE:NIFTY26SEP24000PE,24000.0,PE,24280.25,139.6,140.0,137.5,138.85,19500,8.43,-0.3241,0.000555,-3.16,27.38
2026-08-24 10:40:00,NSE:NIFTY26SEP24000PE,24000.0,PE,24279.7,138.85,139.5,138.45,138.85,7605,8.43,-0.3243,0.000556,-3.16,27.39
2026-08-24 10:45:00,NSE:NIFTY26SEP24000PE,24000.0,PE,24270.6,138.7,140.5,138.6,140.5,10465,8.38,-0.3285,0.000562,-3.16,27.52
2026-08-24 10:50:00,NSE:NIFTY26SEP24000PE,24000.0,PE,24269.2,140.5,145.9,140.3,143.9,112775,8.49,-0.3311,0.000557,-3.21,27.6
2026-08-24 10:55:00,NSE:NIFTY26SEP24000PE,24000.0,PE,24243.25,143.9,155.9,142.2,155.05,48490,8.57,-0.347,0.000562,-3.3,28.07
2026-08-24 11:00:00,NSE:NIFTY26SEP24000PE,24000.0,PE,24230.95,155.15,162.15,149.15,160.7,60775,8.62,-0.3547,0.000563,-3.34,28.27
2026-08-24 11:05:00,NSE:NIFTY26SEP24000PE,24000.0,PE,24221.65,160.05,165.0,159.65,162.6,80860,8.57,-0.3592,0.000569,-3.33,28.39
2026-08-24 11:10:00,NSE:NIFTY26SEP24000PE,24000.0,PE,24210.75,162.5,166.95,161.65,166.0,53105,8.55,-0.3652,0.000574,-3.34,28.53
2026-08-24 11:15:00,NSE:NIFTY26SEP24000PE,24000.0,PE,24215.1,166.25,167.8,163.0,164.45,44655,8.55,-0.3627,0.000573,-3.34,28.47
2026-08-24 11:20:00,NSE:NIFTY26SEP24000PE,24000.0,PE,24203.25,164.2,171.15,163.65,168.5,52975,8.55,-0.3694,0.000577,-3.35,28.62
2026-08-24 11:25:00,NSE:NIFTY26SEP24000PE,24000.0,PE,24202.05,168.5,171.5,168.35,169.1,33345,8.55,-0.3701,0.000577,-3.35,28.64
2026-08-24 11:30:00,NSE:NIFTY26SEP24000PE,24000.0,PE,24180.0,169.05,180.0,169.0,178.1,63245,8.58,-0.3832,0.000582,-3.4,28.92
2026-08-24 11:35:00,NSE:NIFTY26SEP24000PE,24000.0,PE,24180.85,178.85,183.3,175.95,176.45,79560,8.53,-0.3822,0.000585,-3.38,28.9
2026-08-24 11:40:00,NSE:NIFTY26SEP24000PE,24000.0,PE,24187.15,176.5,177.05,173.8,176.65,43030,8.62,-0.3796,0.000577,-3.41,28.84
2026-08-24 11:45:00,NSE:NIFTY26SEP24000PE,24000.0,PE,24196.85,176.65,176.65,169.85,170.35,39780,8.53,-0.3728,0.00058,-3.35,28.69
2026-08-24 11:50:00,NSE:NIFTY26SEP24000PE,24000.0,PE,24191.65,170.45,173.25,170.4,172.85,20670,8.55,-0.3761,0.00058,-3.37,28.76
2026-08-24 11:55:00,NSE:NIFTY26SEP24000PE,24000.0,PE,24181.2,173.1,176.45,172.1,175.8,32500,8.52,-0.3818,0.000586,-3.37,28.88
2026-08-24 12:00:00,NSE:NIFTY26SEP24000PE,24000.0,PE,24190.25,175.95,176.6,173.15,174.65,32825,8.59,-0.3775,0.000578,-3.39,28.79
2026-08-24 12:05:00,NSE:NIFTY26SEP24000PE,24000.0,PE,24194.7,174.75,175.25,172.0,172.5,18525,8.58,-0.3747,0.000578,-3.38,28.73
2026-08-24 12:10:00,NSE:NIFTY26SEP24000PE,24000.0,PE,24194.1,172.5,174.45,172.0,173.85,21450,8.62,-0.3755,0.000576,-3.4,28.75
2026-08-24 12:15:00,NSE:NIFTY26SEP24000PE,24000.0,PE,24190.5,173.8,175.65,173.25,175.4,14430,8.62,-0.3777,0.000576,-3.4,28.79
2026-08-24 12:20:00,NSE:NIFTY26SEP24000PE,24000.0,PE,24192.7,175.35,175.95,174.0,175.05,23920,8.64,-0.3766,0.000575,-3.41,28.77
2026-08-24 12:25:00,NSE:NIFTY26SEP24000PE,24000.0,PE,24183.85,175.05,176.65,173.3,176.65,10790,8.58,-0.381,0.000581,-3.4,28.86
2026-08-24 12:30:00,NSE:NIFTY26SEP24000PE,24000.0,PE,24183.35,176.5,177.6,175.4,176.55,22490,8.57,-0.3812,0.000582,-3.39,28.86
2026-08-24 12:35:00,NSE:NIFTY26SEP24000PE,24000.0,PE,24180.1,176.55,176.95,172.7,176.35,23920,8.52,-0.3825,0.000586,-3.38,28.88
2026-08-24 12:40:00,NSE:NIFTY26SEP24000PE,24000.0,PE,24180.1,176.65,178.5,176.25,176.65,24115,8.53,-0.3826,0.000585,-3.38,28.89
2026-08-24 12:45:00,NSE:NIFTY26SEP24000PE,24000.0,PE,24185.1,176.65,178.7,175.25,175.8,17290,8.57,-0.3801,0.000581,-3.39,28.83
2026-08-24 12:50:00,NSE:NIFTY26SEP24000PE,24000.0,PE,24182.85,175.65,179.1,175.65,178.15,23465,8.62,-0.3821,0.000579,-3.41,28.87
2026-08-24 12:55:00,NSE:NIFTY26SEP24000PE,24000.0,PE,24180.95,178.15,178.3,175.85,178.3,15340,8.6,-0.3829,0.00058,-3.41,28.89
2026-08-24 13:00:00,NSE:NIFTY26SEP24000PE,24000.0,PE,24169.85,177.85,183.4,177.35,180.9,32565,8.54,-0.3887,0.000587,-3.4,29.0
2026-08-24 13:05:00,NSE:NIFTY26SEP24000PE,24000.0,PE,24159.6,180.9,186.95,180.35,184.45,69420,8.53,-0.3946,0.000591,-3.4,29.11
2026-08-24 13:10:00,NSE:NIFTY26SEP24000PE,24000.0,PE,24166.15,184.2,185.7,183.25,183.25,33345,8.57,-0.3912,0.000586,-3.42,29.04
2026-08-24 13:15:00,NSE:NIFTY26SEP24000PE,24000.0,PE,24173.35,183.5,185.5,180.5,180.5,28015,8.58,-0.387,0.000584,-3.41,28.96
2026-08-24 13:20:00,NSE:NIFTY26SEP24000PE,24000.0,PE,24175.8,181.2,181.5,179.45,180.0,11440,8.59,-0.3858,0.000583,-3.41,28.94
2026-08-24 13:25:00,NSE:NIFTY26SEP24000PE,24000.0,PE,24178.75,180.0,181.9,178.8,179.45,27235,8.62,-0.3843,0.00058,-3.42,28.91
2026-08-24 13:30:00,NSE:NIFTY26SEP24000PE,24000.0,PE,24165.2,179.45,184.1,178.0,183.0,29640,8.56,-0.3915,0.000588,-3.41,29.04
2026-08-24 13:35:00,NSE:NIFTY26SEP24000PE,24000.0,PE,24169.5,183.1,184.25,180.2,182.15,50635,8.58,-0.3893,0.000585,-3.42,29.0
2026-08-24 13:40:00,NSE:NIFTY26SEP24000PE,24000.0,PE,24167.05,182.15,182.95,180.7,181.4,26130,8.53,-0.3901,0.00059,-3.39,29.01
2026-08-24 13:45:00,NSE:NIFTY26SEP24000PE,24000.0,PE,24166.9,181.45,183.6,180.85,182.25,18395,8.55,-0.3905,0.000588,-3.41,29.02
2026-08-24 13:50:00,NSE:NIFTY26SEP24000PE,24000.0,PE,24160.9,182.85,184.85,180.85,184.4,17160,8.55,-0.394,0.00059,-3.41,29.08
2026-08-24 13:55:00,NSE:NIFTY26SEP24000PE,24000.0,PE,24158.55,184.6,185.5,182.05,183.35,22750,8.48,-0.3947,0.000595,-3.39,29.09
2026-08-24 14:00:00,NSE:NIFTY26SEP24000PE,24000.0,PE,24160.15,183.3,183.95,180.65,181.5,35035,8.44,-0.3933,0.000597,-3.37,29.06
2026-08-24 14:05:00,NSE:NIFTY26SEP24000PE,24000.0,PE,24162.6,181.2,182.95,180.15,180.85,28340,8.45,-0.3919,0.000596,-3.37,29.04
2026-08-24 14:10:00,NSE:NIFTY26SEP24000PE,24000.0,PE,24151.1,180.85,184.6,180.1,184.0,29900,8.4,-0.3983,0.000602,-3.36,29.15
2026-08-24 14:15:00,NSE:NIFTY26SEP24000PE,24000.0,PE,24154.15,183.55,185.0,180.15,180.85,38090,8.34,-0.3958,0.000606,-3.33,29.1
2026-08-24 14:20:00,NSE:NIFTY26SEP24000PE,24000.0,PE,24149.15,180.6,181.0,178.6,180.2,30225,8.25,-0.3978,0.000613,-3.3,29.14
2026-08-24 14:25:00,NSE:NIFTY26SEP24000PE,24000.0,PE,24161.05,180.2,180.7,175.35,176.65,27430,8.28,-0.391,0.000607,-3.3,29.01
2026-08-24 14:30:00,NSE:NIFTY26SEP24000PE,24000.0,PE,24175.0,176.65,177.05,169.55,172.45,118040,8.33,-0.3831,0.0006,-3.3,28.86
2026-08-24 14:35:00,NSE:NIFTY26SEP24000PE,24000.0,PE,24171.85,172.45,172.6,170.0,171.25,32565,8.24,-0.3839,0.000607,-3.27,28.87
2026-08-24 14:40:00,NSE:NIFTY26SEP24000PE,24000.0,PE,24165.25,171.0,174.2,171.0,173.75,40495,8.24,-0.3879,0.000609,-3.28,28.95
2026-08-24 14:45:00,NSE:NIFTY26SEP24000PE,24000.0,PE,24163.75,173.75,174.95,173.6,174.75,39325,8.26,-0.389,0.000609,-3.29,28.97
2026-08-24 14:50:00,NSE:NIFTY26SEP24000PE,24000.0,PE,24170.6,174.7,174.9,172.4,173.3,28015,8.3,-0.3854,0.000604,-3.3,28.9
2026-08-24 14:55:00,NSE:NIFTY26SEP24000PE,24000.0,PE,24172.45,173.0,173.95,172.1,173.35,23920,8.33,-0.3846,0.000602,-3.31,28.88
2026-08-24 15:00:00,NSE:NIFTY26SEP24000PE,24000.0,PE,24173.3,172.6,173.9,171.0,173.0,31135,8.32,-0.384,0.000601,-3.3,28.87
2026-08-24 15:05:00,NSE:NIFTY26SEP24000PE,24000.0,PE,24174.5,173.0,175.0,171.65,172.55,24570,8.33,-0.3834,0.000601,-3.3,28.86
2026-08-24 15:10:00,NSE:NIFTY26SEP24000PE,24000.0,PE,24182.8,172.55,173.3,171.0,173.15,29640,8.46,-0.38,0.00059,-3.35,28.79
2026-08-24 15:15:00,NSE:NIFTY26SEP24000PE,24000.0,PE,24182.8,173.75,174.75,172.7,173.35,46930,8.47,-0.3801,0.000589,-3.35,28.79
2026-08-24 15:20:00,NSE:NIFTY26SEP24000PE,24000.0,PE,24182.8,173.2,173.2,170.4,171.0,27235,8.39,-0.3791,0.000595,-3.32,28.77
2026-08-24 15:25:00,NSE:NIFTY26SEP24000PE,24000.0,PE,24219.05,170.7,172.2,170.0,170.0,29120,8.82,-0.3638,0.000557,-3.45,28.43
2026-08-25 09:15:00,NSE:NIFTY26SEP24000PE,24000.0,PE,24184.05,185.0,187.75,169.1,169.5,155740,8.44,-0.3779,0.000597,-3.37,28.44
2026-08-25 09:20:00,NSE:NIFTY26SEP24000PE,24000.0,PE,24175.05,168.85,169.6,162.7,168.0,104585,8.27,-0.3812,0.000611,-3.31,28.51
2026-08-25 09:25:00,NSE:NIFTY26SEP24000PE,24000.0,PE,24181.5,168.2,168.7,163.1,164.85,32760,8.24,-0.377,0.000611,-3.29,28.42
2026-08-25 09:30:00,NSE:NIFTY26SEP24000PE,24000.0,PE,24190.9,165.0,165.0,157.6,160.95,40235,8.23,-0.371,0.000608,-3.27,28.28
2026-08-25 09:35:00,NSE:NIFTY26SEP24000PE,24000.0,PE,24172.8,160.45,166.9,159.3,165.25,66495,8.14,-0.381,0.00062,-3.26,28.49
2026-08-25 09:40:00,NSE:NIFTY26SEP24000PE,24000.0,PE,24154.85,165.65,173.45,165.5,172.5,48425,8.15,-0.3923,0.000625,-3.29,28.71
2026-08-25 09:45:00,NSE:NIFTY26SEP24000PE,24000.0,PE,24154.15,172.5,174.7,168.5,172.9,45890,8.15,-0.3928,0.000625,-3.29,28.72
2026-08-25 09:50:00,NSE:NIFTY26SEP24000PE,24000.0,PE,24138.1,172.9,181.25,171.15,178.95,70850,8.14,-0.4028,0.000631,-3.3,28.89
2026-08-25 09:55:00,NSE:NIFTY26SEP24000PE,24000.0,PE,24138.85,179.0,179.5,174.4,177.95,67340,8.12,-0.402,0.000632,-3.29,28.87
2026-08-25 10:00:00,NSE:NIFTY26SEP24000PE,24000.0,PE,24143.9,178.3,182.8,177.25,177.45,56875,8.17,-0.3994,0.000627,-3.31,28.83
2026-08-25 10:05:00,NSE:NIFTY26SEP24000PE,24000.0,PE,24135.05,177.45,180.3,176.15,179.7,35620,8.13,-0.4045,0.000633,-3.3,28.91
2026-08-25 10:10:00,NSE:NIFTY26SEP24000PE,24000.0,PE,24141.2,179.7,180.2,177.8,179.0,85800,8.19,-0.4013,0.000627,-3.32,28.86
2026-08-25 10:15:00,NSE:NIFTY26SEP24000PE,24000.0,PE,24134.1,179.0,181.8,178.95,180.6,110760,8.15,-0.4053,0.000632,-3.31,28.92
2026-08-25 10:20:00,NSE:NIFTY26SEP24000PE,24000.0,PE,24120.5,180.1,186.2,180.0,185.45,83070,8.12,-0.4137,0.000637,-3.31,29.04
2026-08-25 10:25:00,NSE:NIFTY26SEP24000PE,24000.0,PE,24126.35,185.6,187.9,183.7,184.2,58825,8.16,-0.4103,0.000633,-3.33,28.99
2026-08-25 10:30:00,NSE:NIFTY26SEP24000PE,24000.0,PE,24129.75,183.85,184.25,180.15,182.7,32110,8.16,-0.4082,0.000632,-3.32,28.96
2026-08-25 10:35:00,NSE:NIFTY26SEP24000PE,24000.0,PE,24131.65,182.95,183.8,181.3,182.25,16185,8.17,-0.4071,0.000631,-3.32,28.94
2026-08-25 10:40:00,NSE:NIFTY26SEP24000PE,24000.0,PE,24135.95,182.2,183.0,178.0,179.7,17680,8.14,-0.4041,0.000632,-3.31,28.89
2026-08-25 10:45:00,NSE:NIFTY26SEP24000PE,24000.0,PE,24154.5,179.95,179.95,172.95,173.7,35880,8.19,-0.3929,0.000623,-3.31,28.7
2026-08-25 10:50:00,NSE:NIFTY26SEP24000PE,24000.0,PE,24155.4,173.3,173.5,169.3,172.6,43745,8.17,-0.3921,0.000624,-3.3,28.69
2026-08-25 10:55:00,NSE:NIFTY26SEP24000PE,24000.0,PE,24142.7,172.55,176.3,171.35,176.25,13780,8.12,-0.3995,0.000632,-3.29,28.81
2026-08-25 11:00:00,NSE:NIFTY26SEP24000PE,24000.0,PE,24139.8,176.25,177.2,174.35,176.5,10530,8.09,-0.4011,0.000635,-3.28,28.84
2026-08-25 11:05:00,NSE:NIFTY26SEP24000PE,24000.0,PE,24140.65,176.1,177.35,173.8,175.25,8970,8.06,-0.4002,0.000637,-3.27,28.82
2026-08-25 11:10:00,NSE:NIFTY26SEP24000PE,24000.0,PE,24147.55,175.25,176.8,172.2,172.35,17615,8.05,-0.3957,0.000635,-3.26,28.74
2026-08-25 11:15:00,NSE:NIFTY26SEP24000PE,24000.0,PE,24146.2,172.4,172.55,170.25,171.55,9490,8.0,-0.3961,0.000639,-3.24,28.75
2026-08-25 11:20:00,NSE:NIFTY26SEP24000PE,24000.0,PE,24150.75,171.4,171.7,167.3,169.25,22360,7.99,-0.393,0.000639,-3.23,28.69
2026-08-25 11:25:00,NSE:NIFTY26SEP24000PE,24000.0,PE,24149.2,169.65,171.55,168.2,170.75,16120,8.02,-0.3943,0.000637,-3.24,28.71
2026-08-25 11:30:00,NSE:NIFTY26SEP24000PE,24000.0,PE,24151.1,170.75,171.25,168.15,169.2,6500,7.99,-0.3928,0.000639,-3.23,28.68
2026-08-25 11:35:00,NSE:NIFTY26SEP24000PE,24000.0,PE,24152.95,169.6,172.1,167.2,167.5,13260,7.96,-0.3912,0.000641,-3.21,28.65
2026-08-25 11:40:00,NSE:NIFTY26SEP24000PE,24000.0,PE,24152.05,167.5,168.25,166.1,168.25,11830,7.97,-0.3919,0.00064,-3.22,28.67
2026-08-25 11:45:00,NSE:NIFTY26SEP24000PE,24000.0,PE,24146.3,168.25,170.1,168.25,168.95,12285,7.92,-0.395,0.000646,-3.2,28.72
2026-08-25 11:50:00,NSE:NIFTY26SEP24000PE,24000.0,PE,24163.15,168.95,169.6,160.65,161.3,54080,7.88,-0.3837,0.000643,-3.16,28.5
2026-08-25 11:55:00,NSE:NIFTY26SEP24000PE,24000.0,PE,24178.3,161.0,161.1,152.2,154.9,85345,7.86,-0.3737,0.000639,-3.13,28.29
2026-08-25 12:00:00,NSE:NIFTY26SEP24000PE,24000.0,PE,24179.55,154.9,159.1,154.65,157.9,45695,7.98,-0.3746,0.00063,-3.19,28.31
2026-08-25 12:05:00,NSE:NIFTY26SEP24000PE,24000.0,PE,24170.8,157.9,159.0,156.95,158.6,18590,7.89,-0.3789,0.00064,-3.16,28.4
2026-08-25 12:10:00,NSE:NIFTY26SEP24000PE,24000.0,PE,24171.6,158.6,160.1,158.1,158.6,19890,7.9,-0.3785,0.000639,-3.16,28.39
2026-08-25 12:15:00,NSE:NIFTY26SEP24000PE,24000.0,PE,24173.35,159.15,160.1,158.1,160.1,7345,7.98,-0.3784,0.000633,-3.19,28.39
2026-08-25 12:20:00,NSE:NIFTY26SEP24000PE,24000.0,PE,24170.55,160.1,161.25,159.15,160.75,41210,7.97,-0.38,0.000635,-3.19,28.42
2026-08-25 12:25:00,NSE:NIFTY26SEP24000PE,24000.0,PE,24169.85,160.75,163.4,160.25,161.3,29510,7.98,-0.3806,0.000634,-3.2,28.43
2026-08-25 12:30:00,NSE:NIFTY26SEP24000PE,24000.0,PE,24171.35,161.3,162.5,160.05,161.0,21710,7.99,-0.3798,0.000633,-3.2,28.42
2026-08-25 12:35:00,NSE:NIFTY26SEP24000PE,24000.0,PE,24162.85,161.25,163.65,160.6,163.0,18330,7.94,-0.3846,0.000639,-3.19,28.51
2026-08-25 12:40:00,NSE:NIFTY26SEP24000PE,24000.0,PE,24156.3,163.2,166.85,161.7,165.6,19695,7.94,-0.3888,0.000641,-3.2,28.59
2026-08-25 12:45:00,NSE:NIFTY26SEP24000PE,24000.0,PE,24157.75,165.6,166.95,163.8,164.85,16770,7.94,-0.3878,0.000641,-3.2,28.57
2026-08-25 12:50:00,NSE:NIFTY26SEP24000PE,24000.0,PE,24152.15,165.6,167.2,164.5,166.05,23400,7.9,-0.391,0.000646,-3.19,28.63
2026-08-25 12:55:00,NSE:NIFTY26SEP24000PE,24000.0,PE,24157.05,166.05,168.9,165.55,166.95,48035,8.0,-0.389,0.000637,-3.23,28.59
2026-08-25 13:00:00,NSE:NIFTY26SEP24000PE,24000.0,PE,24144.2,167.55,173.2,166.05,170.1,118300,7.94,-0.3965,0.000646,-3.21,28.72
2026-08-25 13:05:00,NSE:NIFTY26SEP24000PE,24000.0,PE,24139.55,170.4,173.35,170.05,171.9,37375,7.93,-0.3995,0.000647,-3.22,28.77
2026-08-25 13:10:00,NSE:NIFTY26SEP24000PE,24000.0,PE,24129.9,171.9,178.35,170.7,177.85,37570,8.01,-0.4065,0.000644,-3.26,28.88
2026-08-25 13:15:00,NSE:NIFTY26SEP24000PE,24000.0,PE,24129.6,177.85,178.7,174.35,176.75,131755,7.96,-0.4062,0.000648,-3.24,28.88
2026-08-25 13:20:00,NSE:NIFTY26SEP24000PE,24000.0,PE,24125.4,176.6,178.7,175.6,177.8,106275,7.94,-0.4087,0.000651,-3.24,28.91
2026-08-25 13:25:00,NSE:NIFTY26SEP24000PE,24000.0,PE,24126.45,178.0,179.6,176.0,177.1,101400,7.93,-0.408,0.000651,-3.23,28.9
2026-08-25 13:30:00,NSE:NIFTY26SEP24000PE,24000.0,PE,24132.2,177.2,178.15,174.95,175.9,114530,7.97,-0.4046,0.000646,-3.25,28.85
2026-08-25 13:35:00,NSE:NIFTY26SEP24000PE,24000.0,PE,24137.6,175.9,177.5,171.85,171.85,94705,7.91,-0.4004,0.00065,-3.21,28.78
2026-08-25 13:40:00,NSE:NIFTY26SEP24000PE,24000.0,PE,24140.4,172.35,174.0,170.9,173.7,36595,8.01,-0.3997,0.000641,-3.25,28.77
2026-08-25 13:45:00,NSE:NIFTY26SEP24000PE,24000.0,PE,24133.85,173.7,174.7,172.45,173.55,44070,7.92,-0.403,0.000651,-3.22,28.82
2026-08-25 13:50:00,NSE:NIFTY26SEP24000PE,24000.0,PE,24177.3,173.55,174.8,156.75,157.15,81575,7.93,-0.3752,0.000635,-3.17,28.3
2026-08-25 13:55:00,NSE:NIFTY26SEP24000PE,24000.0,PE,24156.6,156.75,165.9,156.55,165.35,40820,7.94,-0.3886,0.000641,-3.2,28.56
2026-08-25 14:00:00,NSE:NIFTY26SEP24000PE,24000.0,PE,24156.95,165.35,168.65,163.35,163.35,42510,7.88,-0.3875,0.000646,-3.18,28.54
2026-08-25 14:05:00,NSE:NIFTY26SEP24000PE,24000.0,PE,24153.05,163.3,165.15,162.75,164.6,33670,7.87,-0.3899,0.000648,-3.18,28.59
2026-08-25 14:10:00,NSE:NIFTY26SEP24000PE,24000.0,PE,24154.2,164.0,164.2,161.45,162.1,49010,7.8,-0.3883,0.000653,-3.15,28.55
2026-08-25 14:15:00,NSE:NIFTY26SEP24000PE,24000.0,PE,24158.7,162.7,163.2,160.1,160.15,9360,7.79,-0.3853,0.000653,-3.14,28.49
2026-08-25 14:20:00,NSE:NIFTY26SEP24000PE,24000.0,PE,24160.6,160.0,160.75,155.4,157.8,33280,7.73,-0.3833,0.000656,-3.11,28.45
2026-08-25 14:25:00,NSE:NIFTY26SEP24000PE,24000.0,PE,24181.85,157.5,158.2,151.0,151.55,56030,7.8,-0.3704,0.000644,-3.11,28.18
2026-08-25 14:30:00,NSE:NIFTY26SEP24000PE,24000.0,PE,24196.65,151.45,153.25,139.5,142.95,151385,7.68,-0.3591,0.000646,-3.03,27.91
2026-08-25 14:35:00,NSE:NIFTY26SEP24000PE,24000.0,PE,24198.8,142.95,144.5,140.0,140.85,109070,7.64,-0.3569,0.000649,-3.01,27.85
2026-08-25 14:40:00,NSE:NIFTY26SEP24000PE,24000.0,PE,24209.15,140.85,141.15,136.2,136.95,73775,7.63,-0.3501,0.000645,-2.99,27.67
2026-08-25 14:45:00,NSE:NIFTY26SEP24000PE,24000.0,PE,24224.3,136.5,136.95,130.6,130.6,108875,7.59,-0.3396,0.000641,-2.94,27.38
2026-08-25 14:50:00,NSE:NIFTY26SEP24000PE,24000.0,PE,24238.3,131.3,133.2,127.9,128.85,126815,7.7,-0.3328,0.000626,-2.96,27.18
2026-08-25 14:55:00,NSE:NIFTY26SEP24000PE,24000.0,PE,24253.1,128.4,129.05,126.1,126.75,115700,7.8,-0.3256,0.000612,-2.98,26.96
2026-08-25 15:00:00,NSE:NIFTY26SEP24000PE,24000.0,PE,24251.3,126.7,129.85,125.55,128.8,127855,7.85,-0.3277,0.00061,-3.01,27.02
2026-08-25 15:05:00,NSE:NIFTY26SEP24000PE,24000.0,PE,24248.65,128.75,129.85,127.1,127.95,68770,7.79,-0.3281,0.000615,-2.98,27.03
2026-08-25 15:10:00,NSE:NIFTY26SEP24000PE,24000.0,PE,24260.15,127.95,128.45,125.4,125.8,85280,7.85,-0.3222,0.000606,-2.99,26.85
2026-08-25 15:15:00,NSE:NIFTY26SEP24000PE,24000.0,PE,24260.05,126.0,127.2,123.0,123.15,58370,7.75,-0.3203,0.000612,-2.94,26.78
2026-08-25 15:20:00,NSE:NIFTY26SEP24000PE,24000.0,PE,24260.05,123.3,123.9,120.2,122.0,155285,7.71,-0.3194,0.000615,-2.92,26.75
2026-08-25 15:25:00,NSE:NIFTY26SEP24000PE,24000.0,PE,24334.55,121.4,123.0,117.4,118.45,116155,8.44,-0.2917,0.000538,-3.09,25.78
2026-08-26 09:15:00,NSE:NIFTY26SEP24000PE,24000.0,PE,24318.3,117.0,117.0,100.0,105.95,250640,7.85,-0.286,0.000579,-2.87,25.25
2026-08-26 09:20:00,NSE:NIFTY26SEP24000PE,24000.0,PE,24354.0,105.95,106.25,97.05,98.35,204035,7.94,-0.268,0.000554,-2.82,24.5
2026-08-26 09:25:00,NSE:NIFTY26SEP24000PE,24000.0,PE,24351.15,97.9,99.15,95.45,97.35,133510,7.87,-0.2678,0.000559,-2.8,24.49
2026-08-26 09:30:00,NSE:NIFTY26SEP24000PE,24000.0,PE,24344.65,97.55,100.8,96.95,99.55,178230,7.89,-0.2719,0.000562,-2.82,24.66
2026-08-26 09:35:00,NSE:NIFTY26SEP24000PE,24000.0,PE,24356.05,99.8,100.2,97.2,97.3,75400,7.92,-0.2663,0.000554,-2.81,24.42
2026-08-26 09:40:00,NSE:NIFTY26SEP24000PE,24000.0,PE,24371.6,96.9,96.9,92.95,93.0,142415,7.91,-0.2575,0.000545,-2.76,24.02
2026-08-26 09:45:00,NSE:NIFTY26SEP24000PE,24000.0,PE,24370.0,93.15,94.35,92.0,94.05,149435,7.94,-0.2591,0.000545,-2.78,24.09
2026-08-26 09:50:00,NSE:NIFTY26SEP24000PE,24000.0,PE,24364.85,94.05,96.0,94.05,95.75,137150,7.96,-0.2623,0.000547,-2.8,24.24
2026-08-26 09:55:00,NSE:NIFTY26SEP24000PE,24000.0,PE,24365.8,95.5,95.65,94.2,94.65,79170,7.92,-0.2609,0.000548,-2.78,24.17
2026-08-26 10:00:00,NSE:NIFTY26SEP24000PE,24000.0,PE,24358.0,94.9,97.5,94.55,96.65,56355,7.92,-0.2651,0.000553,-2.8,24.36
2026-08-26 10:05:00,NSE:NIFTY26SEP24000PE,24000.0,PE,24346.3,96.65,100.6,96.5,99.75,109265,7.92,-0.2716,0.00056,-2.83,24.64
2026-08-26 10:10:00,NSE:NIFTY26SEP24000PE,24000.0,PE,24342.95,100.0,102.8,98.45,99.9,58240,7.89,-0.2727,0.000563,-2.83,24.69
2026-08-26 10:15:00,NSE:NIFTY26SEP24000PE,24000.0,PE,24318.35,100.25,106.9,98.45,105.55,93405,7.84,-0.2856,0.00058,-2.87,25.22
2026-08-26 10:20:00,NSE:NIFTY26SEP24000PE,24000.0,PE,24302.4,105.55,114.2,104.8,111.0,97110,7.87,-0.2957,0.000588,-2.93,25.61
2026-08-26 10:25:00,NSE:NIFTY26SEP24000PE,24000.0,PE,24304.6,111.0,113.7,109.75,111.3,43030,7.91,-0.2952,0.000584,-2.94,25.59
2026-08-26 10:30:00,NSE:NIFTY26SEP24000PE,24000.0,PE,24318.05,111.15,111.45,104.6,105.35,63245,7.83,-0.2855,0.000581,-2.87,25.21
2026-08-26 10:35:00,NSE:NIFTY26SEP24000PE,24000.0,PE,24320.85,105.1,105.75,102.05,102.25,49335,7.74,-0.2818,0.000584,-2.82,25.06
2026-08-26 10:40:00,NSE:NIFTY26SEP24000PE,24000.0,PE,24327.45,102.15,104.45,101.0,102.7,29185,7.83,-0.2801,0.000575,-2.84,24.99
2026-08-26 10:45:00,NSE:NIFTY26SEP24000PE,24000.0,PE,24317.9,102.65,107.0,102.45,105.25,30485,7.83,-0.2855,0.000581,-2.87,25.21
2026-08-26 10:50:00,NSE:NIFTY26SEP24000PE,24000.0,PE,24319.35,105.25,107.5,105.25,105.75,44005,7.86,-0.2855,0.000579,-2.88,25.21
2026-08-26 10:55:00,NSE:NIFTY26SEP24000PE,24000.0,PE,24320.4,105.75,106.65,104.05,106.2,20865,7.89,-0.2856,0.000576,-2.89,25.21
2026-08-26 11:00:00,NSE:NIFTY26SEP24000PE,24000.0,PE,24313.05,106.9,109.0,105.4,107.65,14105,7.87,-0.2892,0.000582,-2.9,25.35
2026-08-26 11:05:00,NSE:NIFTY26SEP24000PE,24000.0,PE,24321.25,107.65,110.3,106.4,106.7,27755,7.92,-0.2858,0.000574,-2.9,25.22
2026-08-26 11:10:00,NSE:NIFTY26SEP24000PE,24000.0,PE,24330.8,106.45,106.95,103.0,103.0,29185,7.88,-0.2794,0.000571,-2.86,24.95
2026-08-26 11:15:00,NSE:NIFTY26SEP24000PE,24000.0,PE,24310.2,103.0,110.7,102.75,109.2,22490,7.9,-0.2915,0.000582,-2.92,25.44
2026-08-26 11:20:00,NSE:NIFTY26SEP24000PE,24000.0,PE,24303.1,109.2,113.55,108.1,109.95,22685,7.85,-0.2945,0.000589,-2.91,25.55
2026-08-26 11:25:00,NSE:NIFTY26SEP24000PE,24000.0,PE,24304.95,110.0,112.05,108.85,110.45,17680,7.89,-0.2944,0.000586,-2.93,25.55
2026-08-26 11:30:00,NSE:NIFTY26SEP24000PE,24000.0,PE,24301.25,111.05,115.95,110.2,111.5,31200,7.89,-0.2965,0.000588,-2.94,25.62
2026-08-26 11:35:00,NSE:NIFTY26SEP24000PE,24000.0,PE,24309.7,111.5,111.5,107.85,108.65,17810,7.87,-0.2912,0.000584,-2.91,25.42
2026-08-26 11:40:00,NSE:NIFTY26SEP24000PE,24000.0,PE,24308.2,108.65,109.2,107.35,107.35,8775,7.8,-0.2905,0.000588,-2.88,25.39
2026-08-26 11:45:00,NSE:NIFTY26SEP24000PE,24000.0,PE,24299.6,107.1,110.2,106.8,109.3,23920,7.78,-0.2951,0.000595,-2.89,25.57
2026-08-26 11:50:00,NSE:NIFTY26SEP24000PE,24000.0,PE,24285.15,109.3,115.75,108.8,113.85,34905,7.79,-0.3039,0.000602,-2.93,25.89
2026-08-26 11:55:00,NSE:NIFTY26SEP24000PE,24000.0,PE,24288.45,113.85,115.15,111.5,114.8,25545,7.86,-0.3036,0.000596,-2.96,25.88
2026-08-26 12:00:00,NSE:NIFTY26SEP24000PE,24000.0,PE,24276.45,115.05,121.55,114.75,118.1,78130,7.85,-0.3105,0.000603,-2.98,26.12
2026-08-26 12:05:00,NSE:NIFTY26SEP24000PE,24000.0,PE,24270.4,118.1,122.75,116.1,122.6,54925,7.95,-0.3161,0.000601,-3.04,26.31
2026-08-26 12:10:00,NSE:NIFTY26SEP24000PE,24000.0,PE,24280.75,122.85,123.85,118.8,118.8,45760,7.93,-0.3096,0.000596,-3.01,26.09
2026-08-26 12:15:00,NSE:NIFTY26SEP24000PE,24000.0,PE,24288.0,119.15,120.5,115.6,117.0,20280,7.95,-0.3055,0.000592,-3.0,25.95
2026-08-26 12:20:00,NSE:NIFTY26SEP24000PE,24000.0,PE,24290.35,117.4,120.2,116.0,116.0,40885,7.94,-0.3039,0.000591,-2.99,25.89
2026-08-26 12:25:00,NSE:NIFTY26SEP24000PE,24000.0,PE,24278.1,116.15,119.85,116.1,119.7,16445,7.94,-0.3112,0.000598,-3.02,26.14
2026-08-26 12:30:00,NSE:NIFTY26SEP24000PE,24000.0,PE,24279.5,120.0,122.5,117.85,117.95,26975,7.89,-0.3093,0.0006,-2.99,26.07
2026-08-26 12:35:00,NSE:NIFTY26SEP24000PE,24000.0,PE,24277.7,117.55,121.2,117.0,120.9,18395,7.98,-0.3123,0.000595,-3.04,26.18
2026-08-26 12:40:00,NSE:NIFTY26SEP24000PE,24000.0,PE,24283.9,120.5,122.5,117.05,117.05,11700,7.91,-0.3071,0.000596,-2.99,25.99
2026-08-26 12:45:00,NSE:NIFTY26SEP24000PE,24000.0,PE,24277.5,117.75,121.2,117.3,121.2,12155,7.99,-0.3126,0.000595,-3.04,26.19
2026-08-26 12:50:00,NSE:NIFTY26SEP24000PE,24000.0,PE,24277.7,121.2,122.0,119.3,119.3,10075,7.92,-0.311,0.000599,-3.01,26.13
2026-08-26 12:55:00,NSE:NIFTY26SEP24000PE,24000.0,PE,24279.05,119.3,120.0,117.85,120.0,24375,7.96,-0.3111,0.000596,-3.03,26.13
2026-08-26 13:00:00,NSE:NIFTY26SEP24000PE,24000.0,PE,24274.1,120.75,123.95,120.0,120.0,32630,7.9,-0.3129,0.000602,-3.01,26.19
2026-08-26 13:05:00,NSE:NIFTY26SEP24000PE,24000.0,PE,24273.3,119.6,122.8,117.7,122.0,15600,7.97,-0.3146,0.000599,-3.04,26.25
2026-08-26 13:10:00,NSE:NIFTY26SEP24000PE,24000.0,PE,24269.2,121.3,122.2,120.0,122.0,5395,7.92,-0.3161,0.000604,-3.03,26.29
2026-08-26 13:15:00,NSE:NIFTY26SEP24000PE,24000.0,PE,24263.6,122.0,126.5,121.1,122.0,33020,7.85,-0.3182,0.000611,-3.01,26.36
2026-08-26 13:20:00,NSE:NIFTY26SEP24000PE,24000.0,PE,24258.6,122.5,125.65,122.5,124.9,36855,7.9,-0.3222,0.00061,-3.05,26.49
2026-08-26 13:25:00,NSE:NIFTY26SEP24000PE,24000.0,PE,24265.45,124.65,126.15,122.05,122.05,19175,7.88,-0.3175,0.000608,-3.02,26.33
2026-08-26 13:30:00,NSE:NIFTY26SEP24000PE,24000.0,PE,24267.0,122.5,124.2,121.35,122.0,15275,7.89,-0.3169,0.000606,-3.02,26.31
2026-08-26 13:35:00,NSE:NIFTY26SEP24000PE,24000.0,PE,24264.95,122.0,124.5,122.0,122.8,7735,7.9,-0.3183,0.000607,-3.03,26.36
2026-08-26 13:40:00,NSE:NIFTY26SEP24000PE,24000.0,PE,24261.9,122.8,124.6,120.1,124.6,11310,7.93,-0.3207,0.000607,-3.05,26.44
2026-08-26 13:45:00,NSE:NIFTY26SEP24000PE,24000.0,PE,24262.05,125.2,126.0,123.4,124.5,10855,7.93,-0.3206,0.000607,-3.05,26.43
2026-08-26 13:50:00,NSE:NIFTY26SEP24000PE,24000.0,PE,24264.65,123.65,124.95,122.6,123.4,6955,7.92,-0.3188,0.000606,-3.04,26.37
2026-08-26 13:55:00,NSE:NIFTY26SEP24000PE,24000.0,PE,24263.35,123.4,125.0,123.25,123.65,7865,7.91,-0.3195,0.000607,-3.04,26.39
2026-08-26 14:00:00,NSE:NIFTY26SEP24000PE,24000.0,PE,24267.65,123.5,126.0,122.25,122.75,20800,7.93,-0.3172,0.000604,-3.04,26.32
2026-08-26 14:05:00,NSE:NIFTY26SEP24000PE,24000.0,PE,24266.05,123.2,123.7,119.45,120.05,19630,7.81,-0.3157,0.000612,-2.99,26.26
2026-08-26 14:10:00,NSE:NIFTY26SEP24000PE,24000.0,PE,24273.5,120.0,121.45,115.3,117.0,67600,7.79,-0.3107,0.000609,-2.96,26.09
2026-08-26 14:15:00,NSE:NIFTY26SEP24000PE,24000.0,PE,24275.6,117.0,117.1,113.8,115.35,28080,7.75,-0.3086,0.000611,-2.94,26.02
2026-08-26 14:20:00,NSE:NIFTY26SEP24000PE,24000.0,PE,24273.1,115.35,118.5,114.8,118.15,28210,7.83,-0.3118,0.000607,-2.98,26.13
2026-08-26 14:25:00,NSE:NIFTY26SEP24000PE,24000.0,PE,24273.25,118.1,119.4,116.55,116.55,11050,7.77,-0.3104,0.000611,-2.95,26.08
2026-08-26 14:30:00,NSE:NIFTY26SEP24000PE,24000.0,PE,24278.5,116.25,116.45,113.1,116.0,39065,7.81,-0.3081,0.000605,-2.96,26.0
2026-08-26 14:35:00,NSE:NIFTY26SEP24000PE,24000.0,PE,24278.15,115.95,116.25,113.35,114.9,14365,7.76,-0.3073,0.000608,-2.94,25.97
2026-08-26 14:40:00,NSE:NIFTY26SEP24000PE,24000.0,PE,24278.7,115.0,115.0,113.8,114.2,11440,7.74,-0.3066,0.000609,-2.93,25.94
2026-08-26 14:45:00,NSE:NIFTY26SEP24000PE,24000.0,PE,24290.8,114.05,114.15,108.75,109.35,48880,7.69,-0.2981,0.000605,-2.88,25.63
2026-08-26 14:50:00,NSE:NIFTY26SEP24000PE,24000.0,PE,24294.0,109.0,110.8,107.5,108.45,69940,7.7,-0.2963,0.000603,-2.87,25.56
2026-08-26 14:55:00,NSE:NIFTY26SEP24000PE,24000.0,PE,24290.8,108.25,111.0,107.8,110.65,70720,7.75,-0.2993,0.000602,-2.9,25.67
2026-08-26 15:00:00,NSE:NIFTY26SEP24000PE,24000.0,PE,24287.5,110.7,113.55,107.65,108.45,40040,7.62,-0.2985,0.000612,-2.85,25.63
2026-08-26 15:05:00,NSE:NIFTY26SEP24000PE,24000.0,PE,24275.35,107.8,111.1,107.8,110.5,46020,7.56,-0.3046,0.000622,-2.85,25.85
2026-08-26 15:10:00,NSE:NIFTY26SEP24000PE,24000.0,PE,24276.6,110.15,110.6,108.5,110.0,26715,7.55,-0.3037,0.000622,-2.85,25.82
2026-08-26 15:15:00,NSE:NIFTY26SEP24000PE,24000.0,PE,24276.9,109.75,111.15,108.9,109.0,21905,7.52,-0.3027,0.000624,-2.83,25.78
2026-08-26 15:20:00,NSE:NIFTY26SEP24000PE,24000.0,PE,24276.9,109.0,116.35,109.0,114.55,85280,7.74,-0.3075,0.000611,-2.93,25.96
2026-08-26 15:25:00,NSE:NIFTY26SEP24000PE,24000.0,PE,24207.75,114.15,117.45,113.4,116.05,77090,6.95,-0.3363,0.000708,-2.72,26.86
2026-08-27 09:15:00,NSE:NIFTY26SEP24000PE,24000.0,PE,24250.05,122.9,131.85,116.85,125.9,124150,7.93,-0.3262,0.000619,-3.11,26.29
2026-08-27 09:20:00,NSE:NIFTY26SEP24000PE,24000.0,PE,24224.65,125.9,130.0,123.35,129.6,53430,7.75,-0.3389,0.000643,-3.08,26.66
2026-08-27 09:25:00,NSE:NIFTY26SEP24000PE,24000.0,PE,24201.1,130.25,138.0,127.95,136.9,120900,7.72,-0.3536,0.000657,-3.12,27.05
2026-08-27 09:30:00,NSE:NIFTY26SEP24000PE,24000.0,PE,24210.85,136.0,141.0,134.0,134.0,79170,7.74,-0.3476,0.000651,-3.11,26.89
2026-08-27 09:35:00,NSE:NIFTY26SEP24000PE,24000.0,PE,24198.65,134.95,140.7,132.35,138.85,52195,7.76,-0.3559,0.000655,-3.14,27.11
2026-08-27 09:40:00,NSE:NIFTY26SEP24000PE,24000.0,PE,24214.4,139.35,140.15,136.0,136.5,23010,7.88,-0.3477,0.000639,-3.16,26.9
2026-08-27 09:45:00,NSE:NIFTY26SEP24000PE,24000.0,PE,24225.1,136.05,137.15,132.15,133.25,42055,7.9,-0.3411,0.000633,-3.15,26.72
2026-08-27 09:50:00,NSE:NIFTY26SEP24000PE,24000.0,PE,24210.1,133.7,138.85,133.3,137.2,30225,7.85,-0.3499,0.000643,-3.16,26.95
2026-08-27 09:55:00,NSE:NIFTY26SEP24000PE,24000.0,PE,24196.75,137.5,141.3,137.0,139.8,34060,7.77,-0.3573,0.000655,-3.15,27.13
2026-08-27 10:00:00,NSE:NIFTY26SEP24000PE,24000.0,PE,24191.25,140.95,146.0,140.95,144.25,46930,7.87,-0.3623,0.00065,-3.2,27.26
2026-08-27 10:05:00,NSE:NIFTY26SEP24000PE,24000.0,PE,24195.8,144.25,147.85,143.75,144.2,51610,7.92,-0.3603,0.000644,-3.22,27.21
2026-08-27 10:10:00,NSE:NIFTY26SEP24000PE,24000.0,PE,24183.55,144.2,148.5,143.05,148.45,38350,7.92,-0.3681,0.00065,-3.24,27.39
2026-08-27 10:15:00,NSE:NIFTY26SEP24000PE,24000.0,PE,24188.3,148.1,148.3,144.15,145.3,32760,7.87,-0.3642,0.000652,-3.2,27.3
2026-08-27 10:20:00,NSE:NIFTY26SEP24000PE,24000.0,PE,24184.65,145.3,148.3,144.3,147.3,24180,7.89,-0.367,0.000651,-3.22,27.36
2026-08-27 10:25:00,NSE:NIFTY26SEP24000PE,24000.0,PE,24182.5,147.5,148.95,145.85,148.05,22880,7.89,-0.3683,0.000652,-3.23,27.39
2026-08-27 10:30:00,NSE:NIFTY26SEP24000PE,24000.0,PE,24188.55,147.85,149.0,145.0,146.1,25350,7.9,-0.3646,0.000649,-3.22,27.3
2026-08-27 10:35:00,NSE:NIFTY26SEP24000PE,24000.0,PE,24184.25,145.55,147.65,145.55,146.4,17095,7.85,-0.3667,0.000654,-3.21,27.35
2026-08-27 10:40:00,NSE:NIFTY26SEP24000PE,24000.0,PE,24169.1,146.75,152.7,146.55,151.75,36855,7.85,-0.3765,0.000661,-3.23,27.56
2026-08-27 10:45:00,NSE:NIFTY26SEP24000PE,24000.0,PE,24171.6,151.0,152.5,148.8,151.55,32435,7.87,-0.3752,0.000658,-3.24,27.53
2026-08-27 10:50:00,NSE:NIFTY26SEP24000PE,24000.0,PE,24162.2,151.65,157.0,151.6,155.1,61815,7.87,-0.3814,0.000662,-3.25,27.66
2026-08-27 10:55:00,NSE:NIFTY26SEP24000PE,24000.0,PE,24159.65,155.05,158.7,155.05,155.75,33085,7.86,-0.3829,0.000664,-3.25,27.68
2026-08-27 11:00:00,NSE:NIFTY26SEP24000PE,24000.0,PE,24163.55,155.7,159.15,152.85,153.5,36465,7.83,-0.38,0.000664,-3.23,27.62
2026-08-27 11:05:00,NSE:NIFTY26SEP24000PE,24000.0,PE,24166.45,153.5,153.9,151.15,151.6,16185,7.81,-0.3777,0.000665,-3.22,27.58
2026-08-27 11:10:00,NSE:NIFTY26SEP24000PE,24000.0,PE,24155.85,151.85,156.3,151.85,156.3,45500,7.83,-0.385,0.000668,-3.24,27.72
2026-08-27 11:15:00,NSE:NIFTY26SEP24000PE,24000.0,PE,24146.35,156.4,161.45,155.55,161.2,34320,7.87,-0.3919,0.000668,-3.27,27.85
2026-08-27 11:20:00,NSE:NIFTY26SEP24000PE,24000.0,PE,24140.2,161.8,167.45,160.85,167.3,68185,8.0,-0.3975,0.000659,-3.34,27.94
2026-08-27 11:25:00,NSE:NIFTY26SEP24000PE,24000.0,PE,24144.05,166.9,169.75,164.05,166.2,57070,8.02,-0.3951,0.000657,-3.34,27.9
2026-08-27 11:30:00,NSE:NIFTY26SEP24000PE,24000.0,PE,24156.4,165.9,166.25,159.0,159.0,25545,7.93,-0.386,0.000659,-3.29,27.73
2026-08-27 11:35:00,NSE:NIFTY26SEP24000PE,24000.0,PE,24155.35,159.0,160.35,156.75,159.6,19695,7.94,-0.3868,0.000659,-3.29,27.75
2026-08-27 11:40:00,NSE:NIFTY26SEP24000PE,24000.0,PE,24151.55,159.15,161.0,157.5,159.85,18395,7.9,-0.3887,0.000664,-3.28,27.78
2026-08-27 11:45:00,NSE:NIFTY26SEP24000PE,24000.0,PE,24148.45,160.2,162.0,159.0,161.0,33410,7.9,-0.3908,0.000665,-3.28,27.82
2026-08-27 11:50:00,NSE:NIFTY26SEP24000PE,24000.0,PE,24152.85,160.8,162.75,157.15,157.45,16250,7.83,-0.387,0.000669,-3.25,27.75
2026-08-27 11:55:00,NSE:NIFTY26SEP24000PE,24000.0,PE,24158.8,157.45,158.95,154.95,155.45,25090,7.84,-0.3832,0.000666,-3.24,27.67
2026-08-27 12:00:00,NSE:NIFTY26SEP24000PE,24000.0,PE,24153.7,155.5,159.75,154.85,157.3,20150,7.84,-0.3865,0.000668,-3.25,27.73
2026-08-27 12:05:00,NSE:NIFTY26SEP24000PE,24000.0,PE,24142.1,157.55,163.2,157.15,160.25,27365,7.78,-0.3937,0.000677,-3.24,27.86
2026-08-27 12:10:00,NSE:NIFTY26SEP24000PE,24000.0,PE,24154.85,160.25,161.55,155.45,156.2,30615,7.81,-0.3855,0.000669,-3.24,27.71
2026-08-27 12:15:00,NSE:NIFTY26SEP24000PE,24000.0,PE,24146.5,156.1,158.5,153.15,158.15,54665,7.77,-0.3905,0.000676,-3.23,27.8
2026-08-27 12:20:00,NSE:NIFTY26SEP24000PE,24000.0,PE,24143.05,158.4,161.1,157.5,158.95,17680,7.75,-0.3926,0.000679,-3.23,27.84
2026-08-27 12:25:00,NSE:NIFTY26SEP24000PE,24000.0,PE,24158.35,159.55,159.8,152.8,152.8,57525,7.74,-0.3822,0.000674,-3.2,27.64
2026-08-27 12:30:00,NSE:NIFTY26SEP24000PE,24000.0,PE,24159.7,153.2,155.95,153.0,153.55,16055,7.79,-0.3819,0.00067,-3.22,27.63
2026-08-27 12:35:00,NSE:NIFTY26SEP24000PE,24000.0,PE,24174.25,154.0,154.3,142.5,143.55,36270,7.62,-0.3698,0.000677,-3.12,27.38
2026-08-27 12:40:00,NSE:NIFTY26SEP24000PE,24000.0,PE,24173.0,142.65,145.5,141.3,142.5,21580,7.57,-0.3698,0.000682,-3.1,27.37
2026-08-27 12:45:00,NSE:NIFTY26SEP24000PE,24000.0,PE,24176.5,142.35,145.7,141.75,141.9,36270,7.6,-0.3678,0.000679,-3.11,27.33
2026-08-27 12:50:00,NSE:NIFTY26SEP24000PE,24000.0,PE,24186.55,141.7,143.4,135.0,137.5,65130,7.57,-0.3606,0.000676,-3.08,27.16
2026-08-27 12:55:00,NSE:NIFTY26SEP24000PE,24000.0,PE,24180.05,137.5,139.45,136.05,138.1,12025,7.5,-0.3639,0.000684,-3.06,27.24
2026-08-27 13:00:00,NSE:NIFTY26SEP24000PE,24000.0,PE,24181.9,138.1,139.5,136.65,139.05,13975,7.56,-0.3636,0.000679,-3.09,27.23
2026-08-27 13:05:00,NSE:NIFTY26SEP24000PE,24000.0,PE,24182.75,139.45,141.8,138.55,139.7,24310,7.6,-0.3636,0.000676,-3.1,27.23
2026-08-27 13:10:00,NSE:NIFTY26SEP24000PE,24000.0,PE,24194.1,139.2,139.95,135.55,136.8,16965,7.64,-0.3567,0.000667,-3.1,27.06
2026-08-27 13:15:00,NSE:NIFTY26SEP24000PE,24000.0,PE,24186.3,136.85,140.6,134.75,140.2,61555,7.67,-0.3623,0.000669,-3.12,27.19
2026-08-27 13:20:00,NSE:NIFTY26SEP24000PE,24000.0,PE,24193.0,140.15,140.85,136.8,137.15,18005,7.64,-0.3574,0.000668,-3.1,27.08
2026-08-27 13:25:00,NSE:NIFTY26SEP24000PE,24000.0,PE,24182.3,137.65,141.9,137.65,140.25,14690,7.62,-0.3641,0.000675,-3.11,27.23
2026-08-27 13:30:00,NSE:NIFTY26SEP24000PE,24000.0,PE,24176.95,140.25,144.0,139.6,140.45,22620,7.55,-0.3668,0.000682,-3.09,27.29
2026-08-27 13:35:00,NSE:NIFTY26SEP24000PE,24000.0,PE,24179.1,140.5,142.0,138.0,139.5,13195,7.55,-0.3652,0.000682,-3.08,27.25
2026-08-27 13:40:00,NSE:NIFTY26SEP24000PE,24000.0,PE,24163.3,139.6,143.1,139.6,141.55,37505,7.41,-0.374,0.0007,-3.05,27.44
2026-08-27 13:45:00,NSE:NIFTY26SEP24000PE,24000.0,PE,24142.95,143.1,154.45,143.1,152.75,56550,7.53,-0.3899,0.000698,-3.13,27.76
2026-08-27 13:50:00,NSE:NIFTY26SEP24000PE,24000.0,PE,24138.3,152.75,155.25,151.35,154.5,28145,7.53,-0.3931,0.0007,-3.14,27.82
2026-08-27 13:55:00,NSE:NIFTY26SEP24000PE,24000.0,PE,24131.25,154.2,160.55,154.2,159.45,42315,7.61,-0.399,0.000696,-3.18,27.92
2026-08-27 14:00:00,NSE:NIFTY26SEP24000PE,24000.0,PE,24129.1,159.1,160.7,157.55,160.25,25350,7.61,-0.4005,0.000697,-3.18,27.94
2026-08-27 14:05:00,NSE:NIFTY26SEP24000PE,24000.0,PE,24123.95,160.35,162.25,156.65,160.45,30680,7.54,-0.4033,0.000704,-3.16,27.98
2026-08-27 14:10:00,NSE:NIFTY26SEP24000PE,24000.0,PE,24131.75,160.4,160.7,155.25,157.75,116155,7.55,-0.398,0.0007,-3.16,27.89
2026-08-27 14:15:00,NSE:NIFTY26SEP24000PE,24000.0,PE,24142.7,157.35,157.5,152.35,152.85,23465,7.53,-0.3901,0.000698,-3.13,27.75
2026-08-27 14:20:00,NSE:NIFTY26SEP24000PE,24000.0,PE,24148.75,152.35,152.95,149.45,150.8,39260,7.54,-0.386,0.000695,-3.13,27.68
2026-08-27 14:25:00,NSE:NIFTY26SEP24000PE,24000.0,PE,24158.0,150.8,152.4,145.0,145.0,30680,7.47,-0.3785,0.000698,-3.08,27.53
2026-08-27 14:30:00,NSE:NIFTY26SEP24000PE,24000.0,PE,24152.95,145.0,150.95,143.7,146.4,60060,7.44,-0.3817,0.000702,-3.08,27.59
2026-08-27 14:35:00,NSE:NIFTY26SEP24000PE,24000.0,PE,24153.4,146.55,149.5,146.55,147.1,17940,7.48,-0.3818,0.000699,-3.09,27.59
2026-08-27 14:40:00,NSE:NIFTY26SEP24000PE,24000.0,PE,24143.3,147.1,152.7,147.1,150.75,34450,7.47,-0.3888,0.000704,-3.11,27.72
2026-08-27 14:45:00,NSE:NIFTY26SEP24000PE,24000.0,PE,24152.2,150.75,151.85,148.65,149.25,10855,7.54,-0.3835,0.000694,-3.12,27.62
2026-08-27 14:50:00,NSE:NIFTY26SEP24000PE,24000.0,PE,24149.55,149.5,154.0,148.3,150.65,8515,7.55,-0.3855,0.000694,-3.13,27.66
2026-08-27 14:55:00,NSE:NIFTY26SEP24000PE,24000.0,PE,24156.3,150.65,151.2,148.35,148.35,4745,7.56,-0.381,0.000691,-3.13,27.57
2026-08-27 15:00:00,NSE:NIFTY26SEP24000PE,24000.0,PE,24148.1,148.7,152.25,146.55,152.25,15665,7.59,-0.387,0.000691,-3.15,27.69
2026-08-27 15:05:00,NSE:NIFTY26SEP24000PE,24000.0,PE,24143.25,152.25,156.45,151.95,153.9,17875,7.58,-0.3903,0.000694,-3.16,27.74
2026-08-27 15:10:00,NSE:NIFTY26SEP24000PE,24000.0,PE,24133.6,153.9,160.0,153.9,158.4,43810,7.61,-0.3973,0.000695,-3.18,27.87
2026-08-27 15:15:00,NSE:NIFTY26SEP24000PE,24000.0,PE,24133.05,158.65,159.1,152.6,155.9,33930,7.51,-0.3965,0.000704,-3.14,27.85
2026-08-27 15:20:00,NSE:NIFTY26SEP24000PE,24000.0,PE,24133.05,156.4,167.5,156.4,167.0,58110,7.91,-0.401,0.00067,-3.32,27.93
2026-08-27 15:25:00,NSE:NIFTY26SEP24000PE,24000.0,PE,24090.85,166.55,172.6,164.5,168.7,75920,7.35,-0.4252,0.000732,-3.12,28.25
2026-08-28 09:15:00,NSE:NIFTY26SEP24000PE,24000.0,PE,24112.2,171.0,171.0,158.2,166.0,167115,7.66,-0.4119,0.000706,-3.27,27.77
2026-08-28 09:20:00,NSE:NIFTY26SEP24000PE,24000.0,PE,24129.55,165.5,167.5,159.3,159.3,55510,7.67,-0.3999,0.000699,-3.25,27.59
2026-08-28 09:25:00,NSE:NIFTY26SEP24000PE,24000.0,PE,24149.55,159.55,159.9,147.5,151.95,82485,7.69,-0.3862,0.00069,-3.23,27.35
2026-08-28 09:30:00,NSE:NIFTY26SEP24000PE,24000.0,PE,24145.45,152.35,156.25,147.65,151.85,52130,7.63,-0.3883,0.000697,-3.21,27.39
2026-08-28 09:35:00,NSE:NIFTY26SEP24000PE,24000.0,PE,24140.35,152.0,157.3,150.65,153.9,35490,7.63,-0.3919,0.000699,-3.22,27.45
2026-08-28 09:40:00,NSE:NIFTY26SEP24000PE,24000.0,PE,24160.05,154.65,154.65,144.15,146.35,48685,7.64,-0.3782,0.000691,-3.19,27.19
2026-08-28 09:45:00,NSE:NIFTY26SEP24000PE,24000.0,PE,24146.95,146.8,150.35,145.1,149.3,36920,7.56,-0.3863,0.000702,-3.18,27.34
2026-08-28 09:50:00,NSE:NIFTY26SEP24000PE,24000.0,PE,24154.9,149.0,152.5,144.2,144.9,55640,7.51,-0.3801,0.000703,-3.14,27.22
2026-08-28 09:55:00,NSE:NIFTY26SEP24000PE,24000.0,PE,24156.5,144.3,147.55,144.3,146.0,30810,7.58,-0.3798,0.000697,-3.17,27.22
2026-08-28 10:00:00,NSE:NIFTY26SEP24000PE,24000.0,PE,24146.05,146.0,149.85,145.9,148.9,29250,7.53,-0.3866,0.000705,-3.17,27.34
2026-08-28 10:05:00,NSE:NIFTY26SEP24000PE,24000.0,PE,24151.95,149.65,151.3,142.45,145.65,42965,7.5,-0.3819,0.000706,-3.14,27.25
2026-08-28 10:10:00,NSE:NIFTY26SEP24000PE,24000.0,PE,24167.2,145.65,145.65,138.7,139.05,52195,7.47,-0.3707,0.000702,-3.1,27.02
2026-08-28 10:15:00,NSE:NIFTY26SEP24000PE,24000.0,PE,24165.0,138.9,138.9,132.1,138.65,56485,7.42,-0.3716,0.000707,-3.09,27.04
2026-08-28 10:20:00,NSE:NIFTY26SEP24000PE,24000.0,PE,24170.2,138.65,140.4,137.3,137.85,32045,7.46,-0.3686,0.000701,-3.1,26.97
2026-08-28 10:25:00,NSE:NIFTY26SEP24000PE,24000.0,PE,24169.85,137.7,140.0,137.0,137.1,23660,7.43,-0.3683,0.000704,-3.08,26.96
2026-08-28 10:30:00,NSE:NIFTY26SEP24000PE,24000.0,PE,24160.8,137.25,139.7,137.2,138.9,19240,7.38,-0.3739,0.000713,-3.07,27.08
2026-08-28 10:35:00,NSE:NIFTY26SEP24000PE,24000.0,PE,24161.95,138.8,140.0,137.4,137.55,26910,7.34,-0.3725,0.000715,-3.06,27.05
2026-08-28 10:40:00,NSE:NIFTY26SEP24000PE,24000.0,PE,24156.15,137.9,141.3,136.85,141.3,21970,7.4,-0.3775,0.000713,-3.09,27.15
2026-08-28 10:45:00,NSE:NIFTY26SEP24000PE,24000.0,PE,24163.4,141.3,142.15,137.1,137.7,11245,7.37,-0.3719,0.000712,-3.07,27.03
2026-08-28 10:50:00,NSE:NIFTY26SEP24000PE,24000.0,PE,24155.6,137.5,140.2,135.95,140.2,15990,7.35,-0.3772,0.000717,-3.07,27.14
2026-08-28 10:55:00,NSE:NIFTY26SEP24000PE,24000.0,PE,24155.7,140.2,142.0,139.1,140.2,12805,7.36,-0.3772,0.000717,-3.07,27.14
2026-08-28 11:00:00,NSE:NIFTY26SEP24000PE,24000.0,PE,24160.25,140.5,141.75,138.3,138.3,8320,7.35,-0.3738,0.000716,-3.06,27.07
2026-08-28 11:05:00,NSE:NIFTY26SEP24000PE,24000.0,PE,24142.45,138.3,145.0,138.25,144.85,14560,7.34,-0.3865,0.000724,-3.09,27.32
2026-08-28 11:10:00,NSE:NIFTY26SEP24000PE,24000.0,PE,24160.95,144.85,145.3,137.5,139.8,58825,7.41,-0.3743,0.00071,-3.09,27.08
2026-08-28 11:15:00,NSE:NIFTY26SEP24000PE,24000.0,PE,24151.5,139.8,145.0,139.5,143.15,14820,7.4,-0.3808,0.000715,-3.1,27.21
2026-08-28 11:20:00,NSE:NIFTY26SEP24000PE,24000.0,PE,24140.5,144.5,149.0,144.35,147.7,39390,7.42,-0.3889,0.000718,-3.13,27.36
2026-08-28 11:25:00,NSE:NIFTY26SEP24000PE,24000.0,PE,24117.85,148.35,157.85,147.65,157.05,37765,7.43,-0.4054,0.000725,-3.16,27.63
2026-08-28 11:30:00,NSE:NIFTY26SEP24000PE,24000.0,PE,24107.75,157.15,165.3,154.4,161.0,100620,7.42,-0.4127,0.000729,-3.17,27.74
2026-08-28 11:35:00,NSE:NIFTY26SEP24000PE,24000.0,PE,24101.3,161.0,169.0,161.0,164.3,57525,7.45,-0.4176,0.000729,-3.19,27.8
2026-08-28 11:40:00,NSE:NIFTY26SEP24000PE,24000.0,PE,24105.7,164.3,166.0,161.9,165.4,33020,7.55,-0.4154,0.000718,-3.23,27.77
2026-08-28 11:45:00,NSE:NIFTY26SEP24000PE,24000.0,PE,24105.6,165.4,166.95,163.5,164.15,23400,7.51,-0.4151,0.000723,-3.21,27.77
2026-08-28 11:50:00,NSE:NIFTY26SEP24000PE,24000.0,PE,24098.25,163.55,167.1,161.65,167.1,28015,7.5,-0.4203,0.000725,-3.22,27.83
2026-08-28 11:55:00,NSE:NIFTY26SEP24000PE,24000.0,PE,24083.15,167.1,180.6,166.7,175.5,139360,7.57,-0.4319,0.000723,-3.26,27.96
2026-08-28 12:00:00,NSE:NIFTY26SEP24000PE,24000.0,PE,24088.05,175.7,176.5,170.6,171.7,37700,7.51,-0.4278,0.000727,-3.23,27.92
2026-08-28 12:05:00,NSE:NIFTY26SEP24000PE,24000.0,PE,24086.3,171.7,174.55,168.75,174.35,22815,7.58,-0.4296,0.000721,-3.26,27.94
2026-08-28 12:10:00,NSE:NIFTY26SEP24000PE,24000.0,PE,24086.9,174.2,178.5,172.15,173.25,39130,7.55,-0.429,0.000724,-3.25,27.93
2026-08-28 12:15:00,NSE:NIFTY26SEP24000PE,24000.0,PE,24088.75,173.85,176.1,172.65,173.15,31590,7.58,-0.4278,0.000721,-3.26,27.91
2026-08-28 12:20:00,NSE:NIFTY26SEP24000PE,24000.0,PE,24085.95,173.15,178.65,171.1,176.95,65195,7.67,-0.4305,0.000713,-3.3,27.94
2026-08-28 12:25:00,NSE:NIFTY26SEP24000PE,24000.0,PE,24094.65,176.1,176.8,171.95,171.95,17420,7.62,-0.424,0.000715,-3.28,27.87
2026-08-28 12:30:00,NSE:NIFTY26SEP24000PE,24000.0,PE,24101.4,171.05,172.0,169.45,170.7,41600,7.68,-0.4197,0.000708,-3.29,27.81
2026-08-28 12:35:00,NSE:NIFTY26SEP24000PE,24000.0,PE,24105.85,170.55,173.4,170.55,171.65,39780,7.78,-0.4174,0.000698,-3.34,27.79
2026-08-28 12:40:00,NSE:NIFTY26SEP24000PE,24000.0,PE,24105.6,171.65,171.65,168.65,170.05,34125,7.72,-0.417,0.000703,-3.31,27.78
2026-08-28 12:45:00,NSE:NIFTY26SEP24000PE,24000.0,PE,24109.8,171.0,171.6,167.75,167.75,19370,7.7,-0.4139,0.000704,-3.3,27.74
2026-08-28 12:50:00,NSE:NIFTY26SEP24000PE,24000.0,PE,24105.3,168.0,170.65,168.0,170.65,8905,7.74,-0.4174,0.000702,-3.32,27.78
2026-08-28 12:55:00,NSE:NIFTY26SEP24000PE,24000.0,PE,24096.45,170.65,174.45,170.65,174.4,23660,7.74,-0.4236,0.000704,-3.33,27.86
2026-08-28 13:00:00,NSE:NIFTY26SEP24000PE,24000.0,PE,24093.2,174.0,175.65,173.05,174.65,8970,7.7,-0.4256,0.000709,-3.31,27.88
2026-08-28 13:05:00,NSE:NIFTY26SEP24000PE,24000.0,PE,24102.1,175.1,175.5,169.2,169.2,46670,7.64,-0.4188,0.000712,-3.28,27.79
2026-08-28 13:10:00,NSE:NIFTY26SEP24000PE,24000.0,PE,24103.55,169.2,171.1,167.25,169.75,39390,7.68,-0.4181,0.000708,-3.29,27.78
2026-08-28 13:15:00,NSE:NIFTY26SEP24000PE,24000.0,PE,24107.55,169.75,171.7,167.45,168.2,15600,7.69,-0.4153,0.000706,-3.29,27.75
2026-08-28 13:20:00,NSE:NIFTY26SEP24000PE,24000.0,PE,24108.6,168.2,169.0,165.05,165.8,14495,7.62,-0.4139,0.000712,-3.26,27.72
2026-08-28 13:25:00,NSE:NIFTY26SEP24000PE,24000.0,PE,24096.15,166.35,171.55,162.4,170.85,35620,7.61,-0.4228,0.000716,-3.27,27.83
2026-08-28 13:30:00,NSE:NIFTY26SEP24000PE,24000.0,PE,24109.85,170.85,171.1,161.4,163.75,21580,7.56,-0.4125,0.000717,-3.24,27.7
2026-08-28 13:35:00,NSE:NIFTY26SEP24000PE,24000.0,PE,24111.8,163.75,165.35,161.1,162.0,10595,7.53,-0.4107,0.000719,-3.22,27.67
2026-08-28 13:40:00,NSE:NIFTY26SEP24000PE,24000.0,PE,24113.1,162.0,163.0,158.4,162.0,15275,7.55,-0.41,0.000717,-3.23,27.66
2026-08-28 13:45:00,NSE:NIFTY26SEP24000PE,24000.0,PE,24103.75,161.55,167.35,161.55,166.3,10855,7.57,-0.4169,0.000719,-3.24,27.76
2026-08-28 13:50:00,NSE:NIFTY26SEP24000PE,24000.0,PE,24103.35,166.9,168.55,164.65,166.6,10400,7.57,-0.4172,0.000718,-3.25,27.76
2026-08-28 13:55:00,NSE:NIFTY26SEP24000PE,24000.0,PE,24110.85,166.85,167.75,161.4,162.0,7345,7.52,-0.4113,0.000721,-3.21,27.68
2026-08-28 14:00:00,NSE:NIFTY26SEP24000PE,24000.0,PE,24102.9,162.0,166.5,161.35,166.5,6890,7.56,-0.4174,0.000719,-3.24,27.76
2026-08-28 14:05:00,NSE:NIFTY26SEP24000PE,24000.0,PE,24103.65,166.5,167.15,164.45,165.55,8190,7.54,-0.4167,0.000721,-3.23,27.75
2026-08-28 14:10:00,NSE:NIFTY26SEP24000PE,24000.0,PE,24110.8,165.45,165.45,161.05,163.0,6110,7.55,-0.4117,0.000718,-3.23,27.68
2026-08-28 14:15:00,NSE:NIFTY26SEP24000PE,24000.0,PE,24109.85,163.0,164.5,161.2,163.5,15015,7.56,-0.4124,0.000718,-3.23,27.69
2026-08-28 14:20:00,NSE:NIFTY26SEP24000PE,24000.0,PE,24115.9,163.5,165.4,162.25,163.1,9165,7.63,-0.4088,0.000709,-3.26,27.64
2026-08-28 14:25:00,NSE:NIFTY26SEP24000PE,24000.0,PE,24120.35,163.1,163.5,158.7,160.5,11635,7.61,-0.4054,0.00071,-3.24,27.58
2026-08-28 14:30:00,NSE:NIFTY26SEP24000PE,24000.0,PE,24120.2,160.05,162.95,156.2,159.0,133315,7.55,-0.4049,0.000715,-3.22,27.57
2026-08-28 14:35:00,NSE:NIFTY26SEP24000PE,24000.0,PE,24118.9,159.0,160.0,156.05,158.5,35100,7.51,-0.4054,0.000719,-3.2,27.58
2026-08-28 14:40:00,NSE:NIFTY26SEP24000PE,24000.0,PE,24118.1,158.5,161.7,158.5,160.35,10010,7.57,-0.4066,0.000714,-3.23,27.6
2026-08-28 14:45:00,NSE:NIFTY26SEP24000PE,24000.0,PE,24126.65,160.2,161.5,155.0,155.8,15665,7.53,-0.4,0.000715,-3.2,27.49
2026-08-28 14:50:00,NSE:NIFTY26SEP24000PE,24000.0,PE,24138.35,155.5,156.5,149.15,150.6,55835,7.51,-0.3914,0.000712,-3.18,27.35
2026-08-28 14:55:00,NSE:NIFTY26SEP24000PE,24000.0,PE,24129.45,150.8,153.9,149.15,153.9,25935,7.5,-0.3977,0.000716,-3.19,27.45
2026-08-28 15:00:00,NSE:NIFTY26SEP24000PE,24000.0,PE,24108.9,154.15,163.15,154.15,160.55,51090,7.44,-0.4119,0.000729,-3.18,27.66
2026-08-28 15:05:00,NSE:NIFTY26SEP24000PE,24000.0,PE,24123.0,160.65,161.3,152.95,154.5,56485,7.43,-0.4015,0.000725,-3.16,27.51
2026-08-28 15:10:00,NSE:NIFTY26SEP24000PE,24000.0,PE,24142.95,154.0,154.6,140.7,144.5,192660,7.35,-0.386,0.000725,-3.1,27.24
2026-08-28 15:15:00,NSE:NIFTY26SEP24000PE,24000.0,PE,24142.45,144.2,147.55,142.1,145.0,41925,7.36,-0.3866,0.000724,-3.11,27.25
2026-08-28 15:20:00,NSE:NIFTY26SEP24000PE,24000.0,PE,24142.45,145.0,145.0,135.5,138.55,78910,7.13,-0.3833,0.000746,-3.0,27.18
2026-08-28 15:25:00,NSE:NIFTY26SEP24000PE,24000.0,PE,24175.65,138.4,139.25,134.5,136.25,74490,7.5,-0.365,0.000697,-3.12,26.8
2026-08-31 09:15:00,NSE:NIFTY26SEP24000PE,24000.0,PE,24065.05,160.0,193.0,160.0,190.75,518960,8.21,-0.4466,0.000704,-3.73,26.81
2026-08-31 09:20:00,NSE:NIFTY26SEP24000PE,24000.0,PE,24066.7,190.6,192.0,182.8,190.15,172510,8.21,-0.4455,0.000703,-3.73,26.81
2026-08-31 09:25:00,NSE:NIFTY26SEP24000PE,24000.0,PE,24043.05,189.85,198.0,188.05,196.25,157885,8.04,-0.4616,0.000722,-3.66,26.9
2026-08-31 09:30:00,NSE:NIFTY26SEP24000PE,24000.0,PE,24057.55,195.25,197.45,187.6,191.45,83460,8.11,-0.4514,0.000714,-3.68,26.84
2026-08-31 09:35:00,NSE:NIFTY26SEP24000PE,24000.0,PE,24046.9,192.2,193.9,189.25,192.55,57460,7.97,-0.4586,0.000728,-3.63,26.88
2026-08-31 09:40:00,NSE:NIFTY26SEP24000PE,24000.0,PE,24024.6,193.1,201.05,190.55,200.25,163930,7.87,-0.4746,0.00074,-3.59,26.94
2026-08-31 09:45:00,NSE:NIFTY26SEP24000PE,24000.0,PE,24026.2,200.0,202.7,195.45,198.0,96850,7.81,-0.4734,0.000745,-3.56,26.93
2026-08-31 09:50:00,NSE:NIFTY26SEP24000PE,24000.0,PE,24023.35,198.0,199.5,195.0,199.1,39910,7.81,-0.4755,0.000747,-3.56,26.94
2026-08-31 09:55:00,NSE:NIFTY26SEP24000PE,24000.0,PE,24025.5,199.35,203.55,198.5,199.9,105105,7.87,-0.474,0.00074,-3.59,26.93
2026-08-31 10:00:00,NSE:NIFTY26SEP24000PE,24000.0,PE,24031.8,199.9,199.9,195.1,196.0,94055,7.84,-0.4692,0.000742,-3.57,26.92
2026-08-31 10:05:00,NSE:NIFTY26SEP24000PE,24000.0,PE,24029.75,196.3,196.5,191.05,195.2,49595,7.77,-0.4706,0.000749,-3.54,26.92
2026-08-31 10:10:00,NSE:NIFTY26SEP24000PE,24000.0,PE,24017.85,195.65,204.2,195.25,200.65,88400,7.77,-0.4795,0.000751,-3.54,26.94
2026-08-31 10:15:00,NSE:NIFTY26SEP24000PE,24000.0,PE,24012.15,200.65,203.3,198.65,203.0,70785,7.75,-0.4838,0.000753,-3.54,26.94
2026-08-31 10:20:00,NSE:NIFTY26SEP24000PE,24000.0,PE,24009.5,202.65,203.95,199.85,202.05,53950,7.67,-0.4858,0.000761,-3.5,26.94
2026-08-31 10:25:00,NSE:NIFTY26SEP24000PE,24000.0,PE,24028.85,202.0,202.95,195.05,197.4,66885,7.84,-0.4714,0.000743,-3.58,26.92
2026-08-31 10:30:00,NSE:NIFTY26SEP24000PE,24000.0,PE,24008.05,197.8,202.0,196.6,200.4,37700,7.59,-0.4868,0.00077,-3.46,26.94
2026-08-31 10:35:00,NSE:NIFTY26SEP24000PE,24000.0,PE,24002.1,201.2,205.0,199.9,203.35,70915,7.59,-0.4914,0.00077,-3.46,26.94
2026-08-31 10:40:00,NSE:NIFTY26SEP24000PE,24000.0,PE,24010.65,203.4,205.0,199.9,200.35,37375,7.63,-0.4849,0.000765,-3.48,26.93
2026-08-31 10:45:00,NSE:NIFTY26SEP24000PE,24000.0,PE,24007.05,200.35,202.7,198.05,201.55,25025,7.61,-0.4876,0.000768,-3.47,26.93
2026-08-31 10:50:00,NSE:NIFTY26SEP24000PE,24000.0,PE,24003.8,200.85,204.45,199.15,201.85,74230,7.56,-0.4901,0.000773,-3.45,26.93
2026-08-31 10:55:00,NSE:NIFTY26SEP24000PE,24000.0,PE,24010.3,201.9,201.9,197.0,197.85,57915,7.53,-0.4851,0.000775,-3.44,26.93
2026-08-31 11:00:00,NSE:NIFTY26SEP24000PE,24000.0,PE,24011.4,197.45,198.9,195.0,197.05,55380,7.52,-0.4842,0.000776,-3.43,26.93
2026-08-31 11:05:00,NSE:NIFTY26SEP24000PE,24000.0,PE,23997.45,197.0,203.45,197.0,203.45,33540,7.51,-0.4951,0.000779,-3.43,26.92
2026-08-31 11:10:00,NSE:NIFTY26SEP24000PE,24000.0,PE,24001.6,203.35,204.0,199.0,199.55,67665,7.44,-0.4919,0.000786,-3.4,26.93
2026-08-31 11:15:00,NSE:NIFTY26SEP24000PE,24000.0,PE,24004.15,198.75,201.4,197.45,201.0,154570,7.54,-0.4899,0.000775,-3.44,26.92
2026-08-31 11:20:00,NSE:NIFTY26SEP24000PE,24000.0,PE,24002.95,201.0,201.6,197.8,200.0,37700,7.48,-0.4908,0.000781,-3.42,26.92
2026-08-31 11:25:00,NSE:NIFTY26SEP24000PE,24000.0,PE,24009.75,200.3,202.0,198.35,198.35,77610,7.54,-0.4855,0.000774,-3.44,26.92
2026-08-31 11:30:00,NSE:NIFTY26SEP24000PE,24000.0,PE,24014.5,198.35,198.9,194.1,194.6,83005,7.49,-0.4818,0.00078,-3.42,26.92
2026-08-31 11:35:00,NSE:NIFTY26SEP24000PE,24000.0,PE,24017.85,194.6,194.6,189.0,191.25,69875,7.43,-0.4791,0.000786,-3.39,26.91
2026-08-31 11:40:00,NSE:NIFTY26SEP24000PE,24000.0,PE,24024.85,191.5,191.9,186.45,188.0,79820,7.43,-0.4736,0.000785,-3.39,26.9
2026-08-31 11:45:00,NSE:NIFTY26SEP24000PE,24000.0,PE,24032.15,187.8,189.5,184.2,186.3,87555,7.49,-0.4681,0.000777,-3.42,26.88
2026-08-31 11:50:00,NSE:NIFTY26SEP24000PE,24000.0,PE,24072.85,185.75,185.75,166.05,168.55,111085,7.52,-0.4368,0.000766,-3.41,26.68
2026-08-31 11:55:00,NSE:NIFTY26SEP24000PE,24000.0,PE,24063.9,170.3,172.15,161.75,171.5,151580,7.48,-0.4434,0.000772,-3.4,26.73
2026-08-31 12:00:00,NSE:NIFTY26SEP24000PE,24000.0,PE,24075.85,171.5,173.05,165.25,165.75,65325,7.47,-0.434,0.000771,-3.38,26.65
2026-08-31 12:05:00,NSE:NIFTY26SEP24000PE,24000.0,PE,24064.25,165.65,171.75,165.65,171.05,40950,7.47,-0.4431,0.000773,-3.4,26.73
2026-08-31 12:10:00,NSE:NIFTY26SEP24000PE,24000.0,PE,24055.95,170.75,172.35,168.95,172.0,50700,7.37,-0.4489,0.000786,-3.35,26.77
2026-08-31 12:15:00,NSE:NIFTY26SEP24000PE,24000.0,PE,24070.2,171.8,172.7,166.55,166.8,33345,7.41,-0.4381,0.000778,-3.36,26.68
2026-08-31 12:20:00,NSE:NIFTY26SEP24000PE,24000.0,PE,24065.3,166.75,168.8,165.0,168.8,32890,7.41,-0.4418,0.00078,-3.37,26.71
2026-08-31 12:25:00,NSE:NIFTY26SEP24000PE,24000.0,PE,24064.2,169.0,170.0,167.35,168.6,15210,7.38,-0.4425,0.000783,-3.35,26.72
2026-08-31 12:30:00,NSE:NIFTY26SEP24000PE,24000.0,PE,24057.0,169.25,171.0,167.2,170.0,13910,7.32,-0.4478,0.000792,-3.33,26.75
2026-08-31 12:35:00,NSE:NIFTY26SEP24000PE,24000.0,PE,24071.4,170.0,170.05,165.9,166.0,17550,7.41,-0.437,0.000779,-3.36,26.67
2026-08-31 12:40:00,NSE:NIFTY26SEP24000PE,24000.0,PE,24073.95,166.2,168.0,164.25,165.15,23530,7.42,-0.4351,0.000777,-3.36,26.65
2026-08-31 12:45:00,NSE:NIFTY26SEP24000PE,24000.0,PE,24067.8,165.15,168.7,165.15,166.4,19955,7.36,-0.4396,0.000784,-3.34,26.69
2026-08-31 12:50:00,NSE:NIFTY26SEP24000PE,24000.0,PE,24077.6,166.8,166.8,164.0,164.65,23530,7.46,-0.4326,0.000772,-3.38,26.62
2026-08-31 12:55:00,NSE:NIFTY26SEP24000PE,24000.0,PE,24062.15,164.55,167.95,164.05,167.95,12480,7.33,-0.4438,0.00079,-3.33,26.72
2026-08-31 13:00:00,NSE:NIFTY26SEP24000PE,24000.0,PE,24068.6,168.0,168.3,164.1,164.8,32500,7.32,-0.4386,0.000789,-3.32,26.67
2026-08-31 13:05:00,NSE:NIFTY26SEP24000PE,24000.0,PE,24060.85,164.8,168.0,164.45,167.65,7605,7.3,-0.4446,0.000793,-3.32,26.72
2026-08-31 13:10:00,NSE:NIFTY26SEP24000PE,24000.0,PE,24074.15,167.65,168.35,163.9,164.55,19565,7.4,-0.4348,0.000779,-3.36,26.64
2026-08-31 13:15:00,NSE:NIFTY26SEP24000PE,24000.0,PE,24066.0,163.8,167.7,163.8,167.5,10205,7.38,-0.4411,0.000784,-3.35,26.69
2026-08-31 13:20:00,NSE:NIFTY26SEP24000PE,24000.0,PE,24065.0,167.15,168.05,166.25,167.0,16055,7.34,-0.4416,0.000788,-3.34,26.69
2026-08-31 13:25:00,NSE:NIFTY26SEP24000PE,24000.0,PE,24067.05,167.0,168.5,164.35,167.75,27105,7.4,-0.4404,0.000781,-3.36,26.68
2026-08-31 13:30:00,NSE:NIFTY26SEP24000PE,24000.0,PE,24069.85,167.75,167.75,163.75,164.35,21190,7.32,-0.4377,0.000788,-3.33,26.65
2026-08-31 13:35:00,NSE:NIFTY26SEP24000PE,24000.0,PE,24061.8,164.35,167.9,163.9,167.3,40105,7.3,-0.4439,0.000793,-3.32,26.7
2026-08-31 13:40:00,NSE:NIFTY26SEP24000PE,24000.0,PE,24055.05,167.05,169.0,165.5,168.7,41665,7.24,-0.4489,0.000801,-3.3,26.74
2026-08-31 13:45:00,NSE:NIFTY26SEP24000PE,24000.0,PE,24064.65,168.8,168.95,164.5,165.0,37050,7.26,-0.4414,0.000796,-3.3,26.68
2026-08-31 13:50:00,NSE:NIFTY26SEP24000PE,24000.0,PE,24058.25,165.0,167.35,164.75,166.95,15730,7.23,-0.4463,0.000802,-3.29,26.72
2026-08-31 13:55:00,NSE:NIFTY26SEP24000PE,24000.0,PE,24047.05,166.95,172.45,166.6,171.75,30680,7.22,-0.4552,0.000805,-3.29,26.78
2026-08-31 14:00:00,NSE:NIFTY26SEP24000PE,24000.0,PE,24033.55,172.0,178.15,170.95,176.95,68445,7.18,-0.466,0.000812,-3.28,26.83
2026-08-31 14:05:00,NSE:NIFTY26SEP24000PE,24000.0,PE,24031.7,176.9,182.5,173.65,177.25,82680,7.16,-0.4674,0.000815,-3.27,26.83
2026-08-31 14:10:00,NSE:NIFTY26SEP24000PE,24000.0,PE,24031.55,177.5,178.85,176.0,178.0,19110,7.19,-0.4676,0.000812,-3.29,26.83
2026-08-31 14:15:00,NSE:NIFTY26SEP24000PE,24000.0,PE,24034.55,178.0,179.6,175.0,176.85,25740,7.2,-0.4652,0.00081,-3.29,26.82
2026-08-31 14:20:00,NSE:NIFTY26SEP24000PE,24000.0,PE,24024.75,177.05,180.85,176.75,179.1,34645,7.11,-0.473,0.000822,-3.25,26.84
2026-08-31 14:25:00,NSE:NIFTY26SEP24000PE,24000.0,PE,24022.2,179.85,182.6,177.55,181.45,34060,7.15,-0.4751,0.000817,-3.27,26.85
2026-08-31 14:30:00,NSE:NIFTY26SEP24000PE,24000.0,PE,24033.75,181.8,182.85,176.4,177.35,34060,7.2,-0.4659,0.00081,-3.29,26.82
2026-08-31 14:35:00,NSE:NIFTY26SEP24000PE,24000.0,PE,24044.65,177.6,178.5,173.35,173.7,39325,7.26,-0.4573,0.000802,-3.31,26.77
2026-08-31 14:40:00,NSE:NIFTY26SEP24000PE,24000.0,PE,24054.1,173.7,173.7,166.85,168.0,58760,7.2,-0.4494,0.000806,-3.28,26.72
2026-08-31 14:45:00,NSE:NIFTY26SEP24000PE,24000.0,PE,24077.1,168.45,168.7,146.15,159.95,272220,7.28,-0.4316,0.000791,-3.3,26.57
2026-08-31 14:50:00,NSE:NIFTY26SEP24000PE,24000.0,PE,24094.45,160.6,160.6,152.85,154.2,54990,7.34,-0.4185,0.000779,-3.31,26.43
2026-08-31 14:55:00,NSE:NIFTY26SEP24000PE,24000.0,PE,24075.2,154.2,161.85,153.75,160.2,57005,7.26,-0.4329,0.000794,-3.3,26.58
2026-08-31 15:00:00,NSE:NIFTY26SEP24000PE,24000.0,PE,24057.6,161.15,166.25,158.0,164.05,72215,7.12,-0.4461,0.000815,-3.24,26.69
2026-08-31 15:05:00,NSE:NIFTY26SEP24000PE,24000.0,PE,24068.1,164.3,169.0,159.35,160.4,62920,7.15,-0.4378,0.000808,-3.25,26.62
2026-08-31 15:10:00,NSE:NIFTY26SEP24000PE,24000.0,PE,24051.95,160.6,167.05,160.5,167.05,51675,7.14,-0.4508,0.000814,-3.26,26.72
2026-08-31 15:15:00,NSE:NIFTY26SEP24000PE,24000.0,PE,24050.25,166.85,171.1,163.8,167.15,75725,7.11,-0.4521,0.000818,-3.25,26.73
2026-08-31 15:20:00,NSE:NIFTY26SEP24000PE,24000.0,PE,24050.25,167.45,169.95,151.75,164.7,104520,7.02,-0.4516,0.000828,-3.2,26.72
2026-08-31 15:25:00,NSE:NIFTY26SEP24000PE,24000.0,PE,24080.4,164.85,167.0,160.4,161.3,55055,7.39,-0.4298,0.00078,-3.35,26.54
2026-09-01 09:15:00,NSE:NIFTY26SEP24000PE,24000.0,PE,24041.15,172.2,194.65,172.2,189.25,314015,7.88,-0.4621,0.00075,-3.65,26.44
2026-09-01 09:20:00,NSE:NIFTY26SEP24000PE,24000.0,PE,24039.1,188.7,193.0,185.75,191.8,203840,7.94,-0.4638,0.000744,-3.68,26.45
2026-09-01 09:25:00,NSE:NIFTY26SEP24000PE,24000.0,PE,24063.95,191.55,193.6,176.75,178.1,93990,7.85,-0.4449,0.000748,-3.63,26.34
2026-09-01 09:30:00,NSE:NIFTY26SEP24000PE,24000.0,PE,24066.2,178.5,180.9,174.55,177.05,80080,7.85,-0.4432,0.000748,-3.63,26.32
2026-09-01 09:35:00,NSE:NIFTY26SEP24000PE,24000.0,PE,24040.85,177.45,186.6,177.1,186.05,191880,7.76,-0.4619,0.000762,-3.6,26.44
2026-09-01 09:40:00,NSE:NIFTY26SEP24000PE,24000.0,PE,24028.35,186.1,191.9,183.85,191.1,106470,7.73,-0.4714,0.000767,-3.59,26.47
2026-09-01 09:45:00,NSE:NIFTY26SEP24000PE,24000.0,PE,24021.2,191.1,196.95,190.8,194.2,130780,7.72,-0.4768,0.000769,-3.58,26.48
2026-09-01 09:50:00,NSE:NIFTY26SEP24000PE,24000.0,PE,24022.05,194.5,197.95,191.8,197.0,91260,7.84,-0.4764,0.000757,-3.64,26.48
2026-09-01 09:55:00,NSE:NIFTY26SEP24000PE,24000.0,PE,24018.25,197.25,198.95,194.85,198.9,91000,7.84,-0.4792,0.000757,-3.64,26.48
2026-09-01 10:00:00,NSE:NIFTY26SEP24000PE,24000.0,PE,24032.95,198.95,199.95,191.35,192.1,78910,7.85,-0.4681,0.000754,-3.64,26.45
2026-09-01 10:05:00,NSE:NIFTY26SEP24000PE,24000.0,PE,24033.0,192.15,197.7,191.2,195.5,76180,7.98,-0.4684,0.000742,-3.7,26.45
2026-09-01 10:10:00,NSE:NIFTY26SEP24000PE,24000.0,PE,24036.25,194.8,196.0,192.5,194.2,55640,7.99,-0.4661,0.000741,-3.71,26.44
2026-09-01 10:15:00,NSE:NIFTY26SEP24000PE,24000.0,PE,24050.2,194.45,194.45,184.7,187.0,89765,7.96,-0.4556,0.000741,-3.69,26.39
2026-09-01 10:20:00,NSE:NIFTY26SEP24000PE,24000.0,PE,24062.5,186.65,188.75,182.4,183.0,48945,8.02,-0.4468,0.000734,-3.71,26.34
2026-09-01 10:25:00,NSE:NIFTY26SEP24000PE,24000.0,PE,24061.05,183.3,186.3,182.6,183.25,43875,8.0,-0.4478,0.000735,-3.7,26.34
2026-09-01 10:30:00,NSE:NIFTY26SEP24000PE,24000.0,PE,24064.75,183.55,183.9,178.75,182.2,40040,8.03,-0.4452,0.000733,-3.71,26.32
2026-09-01 10:35:00,NSE:NIFTY26SEP24000PE,24000.0,PE,24068.55,182.05,183.65,180.15,181.15,20930,8.05,-0.4426,0.00073,-3.72,26.3
2026-09-01 10:40:00,NSE:NIFTY26SEP24000PE,24000.0,PE,24064.95,180.65,183.85,179.7,182.35,20150,8.04,-0.4451,0.000732,-3.72,26.32
2026-09-01 10:45:00,NSE:NIFTY26SEP24000PE,24000.0,PE,24069.7,182.35,184.05,180.3,181.0,20150,8.07,-0.4418,0.000728,-3.73,26.29
2026-09-01 10:50:00,NSE:NIFTY26SEP24000PE,24000.0,PE,24087.2,181.0,181.0,172.1,173.95,99515,8.09,-0.4293,0.000722,-3.72,26.18
2026-09-01 10:55:00,NSE:NIFTY26SEP24000PE,24000.0,PE,24082.0,173.1,175.25,171.4,172.7,52715,7.96,-0.4321,0.000735,-3.67,26.2
2026-09-01 11:00:00,NSE:NIFTY26SEP24000PE,24000.0,PE,24077.4,172.6,175.45,169.9,174.2,44850,7.94,-0.4354,0.000738,-3.66,26.23
2026-09-01 11:05:00,NSE:NIFTY26SEP24000PE,24000.0,PE,24092.85,174.2,175.9,164.4,166.0,57720,7.88,-0.4235,0.000739,-3.62,26.11
2026-09-01 11:10:00,NSE:NIFTY26SEP24000PE,24000.0,PE,24107.05,166.0,166.7,156.7,158.7,143390,7.83,-0.4125,0.00074,-3.58,25.97
2026-09-01 11:15:00,NSE:NIFTY26SEP24000PE,24000.0,PE,24121.65,158.3,158.3,152.3,153.2,172900,7.84,-0.402,0.000733,-3.57,25.83
2026-09-01 11:20:00,NSE:NIFTY26SEP24000PE,24000.0,PE,24120.35,152.5,153.4,150.0,151.35,148070,7.75,-0.4019,0.000742,-3.52,25.82
2026-09-01 11:25:00,NSE:NIFTY26SEP24000PE,24000.0,PE,24126.3,151.0,151.3,146.8,147.1,99645,7.68,-0.3967,0.000746,-3.48,25.74
2026-09-01 11:30:00,NSE:NIFTY26SEP24000PE,24000.0,PE,24124.55,147.4,147.7,142.0,147.35,177125,7.66,-0.3978,0.000748,-3.48,25.75
2026-09-01 11:35:00,NSE:NIFTY26SEP24000PE,24000.0,PE,24112.6,147.45,150.2,147.3,149.8,54730,7.57,-0.4058,0.000761,-3.45,25.87
2026-09-01 11:40:00,NSE:NIFTY26SEP24000PE,24000.0,PE,24119.0,149.8,152.3,148.8,149.95,44850,7.68,-0.4021,0.000749,-3.49,25.82
2026-09-01 11:45:00,NSE:NIFTY26SEP24000PE,24000.0,PE,24110.6,149.5,151.85,148.05,151.85,18720,7.62,-0.4078,0.000758,-3.48,25.9
2026-09-01 11:50:00,NSE:NIFTY26SEP24000PE,24000.0,PE,24117.65,151.95,153.3,150.35,152.1,27365,7.74,-0.4038,0.000744,-3.53,25.84
2026-09-01 11:55:00,NSE:NIFTY26SEP24000PE,24000.0,PE,24116.7,151.95,152.05,149.6,151.05,26065,7.69,-0.4039,0.000749,-3.5,25.84
2026-09-01 12:00:00,NSE:NIFTY26SEP24000PE,24000.0,PE,24121.3,151.15,152.85,150.35,150.5,28275,7.74,-0.401,0.000743,-3.52,25.8
2026-09-01 12:05:00,NSE:NIFTY26SEP24000PE,24000.0,PE,24127.9,150.3,151.0,148.2,148.6,25480,7.77,-0.3964,0.000738,-3.52,25.72
2026-09-01 12:10:00,NSE:NIFTY26SEP24000PE,24000.0,PE,24117.75,148.6,151.5,146.5,150.55,20215,7.69,-0.4031,0.000749,-3.5,25.82
2026-09-01 12:15:00,NSE:NIFTY26SEP24000PE,24000.0,PE,24110.1,150.6,154.5,150.6,153.35,25545,7.68,-0.4087,0.000753,-3.5,25.9
2026-09-01 12:20:00,NSE:NIFTY26SEP24000PE,24000.0,PE,24097.65,153.6,156.8,152.65,156.8,23075,7.61,-0.4175,0.000764,-3.49,26.01
2026-09-01 12:25:00,NSE:NIFTY26SEP24000PE,24000.0,PE,24109.65,157.2,158.05,154.25,155.95,30420,7.77,-0.41,0.000745,-3.55,25.92
2026-09-01 12:30:00,NSE:NIFTY26SEP24000PE,24000.0,PE,24108.4,155.85,158.0,152.65,157.4,29185,7.81,-0.4113,0.000742,-3.57,25.93
2026-09-01 12:35:00,NSE:NIFTY26SEP24000PE,24000.0,PE,24111.05,157.4,158.0,155.3,156.95,76050,7.83,-0.4095,0.000739,-3.58,25.91
2026-09-01 12:40:00,NSE:NIFTY26SEP24000PE,24000.0,PE,24115.15,156.65,157.0,154.75,154.8,15145,7.81,-0.4063,0.000739,-3.56,25.86
2026-09-01 12:45:00,NSE:NIFTY26SEP24000PE,24000.0,PE,24107.45,154.8,157.45,154.0,157.0,13455,7.78,-0.4117,0.000745,-3.56,25.93
2026-09-01 12:50:00,NSE:NIFTY26SEP24000PE,24000.0,PE,24093.5,157.0,160.3,156.55,159.95,18720,7.67,-0.4211,0.00076,-3.52,26.05
2026-09-01 12:55:00,NSE:NIFTY26SEP24000PE,24000.0,PE,24092.25,159.95,162.35,159.85,161.05,36270,7.69,-0.4223,0.000758,-3.53,26.06
2026-09-01 13:00:00,NSE:NIFTY26SEP24000PE,24000.0,PE,24084.15,161.6,166.6,161.45,166.45,46345,7.77,-0.429,0.000753,-3.58,26.13
2026-09-01 13:05:00,NSE:NIFTY26SEP24000PE,24000.0,PE,24074.95,166.45,171.85,165.95,170.75,60385,7.78,-0.436,0.000755,-3.59,26.19
2026-09-01 13:10:00,NSE:NIFTY26SEP24000PE,24000.0,PE,24050.2,170.75,180.65,170.6,180.05,137995,7.71,-0.4545,0.000766,-3.58,26.33
2026-09-01 13:15:00,NSE:NIFTY26SEP24000PE,24000.0,PE,24049.05,181.0,185.7,178.6,179.3,152750,7.67,-0.4552,0.000772,-3.56,26.33
2026-09-01 13:20:00,NSE:NIFTY26SEP24000PE,24000.0,PE,24056.9,179.4,181.5,175.75,179.9,54015,7.82,-0.4499,0.000755,-3.63,26.3
2026-09-01 13:25:00,NSE:NIFTY26SEP24000PE,24000.0,PE,24049.8,180.2,185.15,179.45,182.85,62530,7.82,-0.4552,0.000757,-3.63,26.33
2026-09-01 13:30:00,NSE:NIFTY26SEP24000PE,24000.0,PE,24059.95,183.35,183.45,178.45,180.0,45890,7.88,-0.4479,0.000749,-3.65,26.28
2026-09-01 13:35:00,NSE:NIFTY26SEP24000PE,24000.0,PE,24036.9,180.7,193.0,178.0,192.25,107380,7.95,-0.4654,0.000747,-3.7,26.37
2026-09-01 13:40:00,NSE:NIFTY26SEP24000PE,24000.0,PE,24034.2,192.75,198.1,192.15,194.5,211835,7.98,-0.4675,0.000744,-3.71,26.38
2026-09-01 13:45:00,NSE:NIFTY26SEP24000PE,24000.0,PE,24019.25,194.8,200.75,194.65,200.75,157365,7.95,-0.4786,0.000748,-3.7,26.41
2026-09-01 13:50:00,NSE:NIFTY26SEP24000PE,24000.0,PE,23993.8,200.25,220.0,200.0,215.65,532090,8.05,-0.4976,0.000741,-3.75,26.41
2026-09-01 13:55:00,NSE:NIFTY26SEP24000PE,24000.0,PE,24000.15,216.45,219.0,207.0,211.0,141310,7.99,-0.4929,0.000746,-3.72,26.41
2026-09-01 14:00:00,NSE:NIFTY26SEP24000PE,24000.0,PE,23978.55,211.65,227.5,211.3,226.95,213460,8.19,-0.5085,0.000729,-3.81,26.38
2026-09-01 14:05:00,NSE:NIFTY26SEP24000PE,24000.0,PE,23956.35,226.2,241.9,221.9,240.0,310440,8.25,-0.5245,0.000723,-3.82,26.3
2026-09-01 14:10:00,NSE:NIFTY26SEP24000PE,24000.0,PE,23965.05,239.0,239.9,228.15,235.7,200330,8.26,-0.5181,0.000723,-3.83,26.33
2026-09-01 14:15:00,NSE:NIFTY26SEP24000PE,24000.0,PE,23965.65,235.7,237.55,232.05,233.8,137410,8.2,-0.5179,0.000728,-3.8,26.33
2026-09-01 14:20:00,NSE:NIFTY26SEP24000PE,24000.0,PE,23958.05,233.05,240.95,232.9,238.0,125580,8.21,-0.5234,0.000727,-3.8,26.3
2026-09-01 14:25:00,NSE:NIFTY26SEP24000PE,24000.0,PE,23981.6,238.95,238.95,221.45,221.45,214500,8.04,-0.5067,0.000743,-3.74,26.38
2026-09-01 14:30:00,NSE:NIFTY26SEP24000PE,24000.0,PE,23984.45,221.25,231.65,217.1,219.25,156455,8.01,-0.5046,0.000745,-3.73,26.38
2026-09-01 14:35:00,NSE:NIFTY26SEP24000PE,24000.0,PE,23966.0,219.75,231.45,217.15,230.9,70720,8.09,-0.518,0.000737,-3.76,26.33
2026-09-01 14:40:00,NSE:NIFTY26SEP24000PE,24000.0,PE,23961.95,230.95,233.95,226.55,230.0,170495,7.98,-0.5215,0.000747,-3.7,26.31
2026-09-01 14:45:00,NSE:NIFTY26SEP24000PE,24000.0,PE,23969.65,230.4,232.25,223.2,228.8,66040,8.09,-0.5154,0.000738,-3.76,26.34
2026-09-01 14:50:00,NSE:NIFTY26SEP24000PE,24000.0,PE,23980.75,228.65,229.0,221.15,221.15,117585,8.01,-0.5073,0.000745,-3.73,26.37
2026-09-01 14:55:00,NSE:NIFTY26SEP24000PE,24000.0,PE,23980.5,221.75,223.5,216.3,222.45,256360,8.06,-0.5074,0.000741,-3.75,26.36
2026-09-01 15:00:00,NSE:NIFTY26SEP24000PE,24000.0,PE,23975.9,222.1,230.0,220.05,226.85,108940,8.14,-0.5106,0.000734,-3.78,26.35
2026-09-01 15:05:00,NSE:NIFTY26SEP24000PE,24000.0,PE,23969.65,226.4,230.35,221.15,229.5,46085,8.12,-0.5153,0.000736,-3.77,26.33
2026-09-01 15:10:00,NSE:NIFTY26SEP24000PE,24000.0,PE,23984.45,229.5,229.95,224.6,225.75,89245,8.26,-0.5041,0.000723,-3.85,26.37
2026-09-01 15:15:00,NSE:NIFTY26SEP24000PE,24000.0,PE,23980.55,225.65,231.15,225.1,230.5,97695,8.37,-0.5067,0.000714,-3.89,26.36
2026-09-01 15:20:00,NSE:NIFTY26SEP24000PE,24000.0,PE,23980.55,230.9,230.9,223.1,226.05,194480,8.2,-0.5071,0.000729,-3.82,26.36
2026-09-01 15:25:00,NSE:NIFTY26SEP24000PE,24000.0,PE,24055.8,226.25,226.95,215.0,215.0,206115,9.15,-0.4561,0.000647,-4.26,26.3
2026-09-02 09:15:00,NSE:NIFTY26SEP24000PE,24000.0,PE,23824.7,258.6,303.2,258.6,295.2,703820,7.55,-0.6318,0.000761,-3.32,24.35
2026-09-02 09:20:00,NSE:NIFTY26SEP24000PE,24000.0,PE,23803.4,294.5,312.85,291.1,305.6,405470,7.41,-0.6507,0.000761,-3.19,23.87
2026-09-02 09:25:00,NSE:NIFTY26SEP24000PE,24000.0,PE,23821.7,305.35,306.0,291.5,296.4,219505,7.52,-0.6346,0.000762,-3.29,24.28
2026-09-02 09:30:00,NSE:NIFTY26SEP24000PE,24000.0,PE,23843.25,296.4,302.4,285.1,286.3,148850,7.66,-0.6158,0.00076,-3.42,24.7
2026-09-02 09:35:00,NSE:NIFTY26SEP24000PE,24000.0,PE,23827.85,286.0,295.0,284.05,293.95,114270,7.58,-0.6289,0.00076,-3.34,24.41
2026-09-02 09:40:00,NSE:NIFTY26SEP24000PE,24000.0,PE,23841.6,294.8,294.8,285.15,289.45,127205,7.74,-0.6157,0.000752,-3.46,24.7
2026-09-02 09:45:00,NSE:NIFTY26SEP24000PE,24000.0,PE,23835.35,290.2,298.9,288.8,291.15,118495,7.66,-0.6219,0.000757,-3.4,24.57
2026-09-02 09:50:00,NSE:NIFTY26SEP24000PE,24000.0,PE,23830.7,292.95,295.7,285.0,294.95,83265,7.69,-0.6248,0.000751,-3.41,24.5
2026-09-02 09:55:00,NSE:NIFTY26SEP24000PE,24000.0,PE,23851.0,295.25,296.35,281.2,283.95,89765,7.76,-0.6085,0.000755,-3.49,24.84
2026-09-02 10:00:00,NSE:NIFTY26SEP24000PE,24000.0,PE,23853.25,284.25,288.0,280.95,284.3,86450,7.83,-0.6057,0.000749,-3.53,24.89
2026-09-02 10:05:00,NSE:NIFTY26SEP24000PE,24000.0,PE,23848.1,284.25,287.35,279.05,285.2,154440,7.74,-0.611,0.000755,-3.47,24.79
2026-09-02 10:10:00,NSE:NIFTY26SEP24000PE,24000.0,PE,23848.3,285.95,288.0,275.6,282.95,88790,7.65,-0.6122,0.000763,-3.43,24.77
2026-09-02 10:15:00,NSE:NIFTY26SEP24000PE,24000.0,PE,23855.4,283.0,284.95,277.25,279.0,63505,7.67,-0.6065,0.000764,-3.45,24.88
2026-09-02 10:20:00,NSE:NIFTY26SEP24000PE,24000.0,PE,23876.1,278.7,278.7,264.7,268.85,109135,7.76,-0.5895,0.000764,-3.54,25.18
2026-09-02 10:25:00,NSE:NIFTY26SEP24000PE,24000.0,PE,23882.75,268.85,271.2,265.2,266.4,36400,7.81,-0.5837,0.000761,-3.58,25.27
2026-09-02 10:30:00,NSE:NIFTY26SEP24000PE,24000.0,PE,23881.1,266.4,268.4,260.1,268.25,64415,7.85,-0.5845,0.000757,-3.59,25.26
2026-09-02 10:35:00,NSE:NIFTY26SEP24000PE,24000.0,PE,23864.5,268.25,278.0,267.05,276.1,46020,7.77,-0.5981,0.000759,-3.52,25.03
2026-09-02 10:40:00,NSE:NIFTY26SEP24000PE,24000.0,PE,23860.65,275.2,277.95,270.95,277.75,51285,7.74,-0.6014,0.00076,-3.5,24.96
2026-09-02 10:45:00,NSE:NIFTY26SEP24000PE,24000.0,PE,23862.9,277.75,279.0,270.55,275.0,40885,7.69,-0.6005,0.000766,-3.48,24.98
2026-09-02 10:50:00,NSE:NIFTY26SEP24000PE,24000.0,PE,23854.55,274.9,287.5,268.55,278.0,92885,7.61,-0.6081,0.00077,-3.42,24.84
2026-09-02 10:55:00,NSE:NIFTY26SEP24000PE,24000.0,PE,23859.95,277.15,279.95,272.3,276.5,27170,7.68,-0.6029,0.000766,-3.47,24.93
2026-09-02 11:00:00,NSE:NIFTY26SEP24000PE,24000.0,PE,23836.6,276.0,293.25,274.4,292.95,141700,7.77,-0.6192,0.000748,-3.46,24.6
2026-09-02 11:05:00,NSE:NIFTY26SEP24000PE,24000.0,PE,23830.65,293.75,296.8,289.15,295.5,64675,7.72,-0.6244,0.00075,-3.42,24.48
2026-09-02 11:10:00,NSE:NIFTY26SEP24000PE,24000.0,PE,23832.35,294.9,295.2,290.5,292.75,36530,7.65,-0.6243,0.000756,-3.39,24.49
2026-09-02 11:15:00,NSE:NIFTY26SEP24000PE,24000.0,PE,23834.95,292.0,294.25,285.95,290.0,25480,7.61,-0.6231,0.000762,-3.38,24.51
2026-09-02 11:20:00,NSE:NIFTY26SEP24000PE,24000.0,PE,23824.95,290.65,296.0,288.65,294.9,40235,7.55,-0.6317,0.000762,-3.32,24.31
2026-09-02 11:25:00,NSE:NIFTY26SEP24000PE,24000.0,PE,23819.6,295.0,296.65,291.95,295.8,37895,7.45,-0.6378,0.000768,-3.26,24.17
2026-09-02 11:30:00,NSE:NIFTY26SEP24000PE,24000.0,PE,23813.95,295.25,299.4,293.65,296.35,44785,7.32,-0.6446,0.000776,-3.18,24.0
2026-09-02 11:35:00,NSE:NIFTY26SEP24000PE,24000.0,PE,23817.7,298.15,301.05,292.0,293.05,41535,7.29,-0.6424,0.000782,-3.17,24.05
2026-09-02 11:40:00,NSE:NIFTY26SEP24000PE,24000.0,PE,23810.7,293.05,300.0,290.5,298.2,21970,7.31,-0.6474,0.000775,-3.17,23.92
2026-09-02 11:45:00,NSE:NIFTY26SEP24000PE,24000.0,PE,23811.9,298.2,300.95,296.05,298.0,21450,7.34,-0.6459,0.000774,-3.18,23.96
2026-09-02 11:50:00,NSE:NIFTY26SEP24000PE,24000.0,PE,23824.35,298.0,298.65,288.65,289.0,47775,7.3,-0.6371,0.000785,-3.2,24.18
2026-09-02 11:55:00,NSE:NIFTY26SEP24000PE,24000.0,PE,23812.95,288.1,301.4,284.35,299.65,68185,7.44,-0.6432,0.000766,-3.23,24.02
2026-09-02 12:00:00,NSE:NIFTY26SEP24000PE,24000.0,PE,23805.05,299.65,306.0,297.15,302.65,89570,7.35,-0.651,0.000769,-3.17,23.82
2026-09-02 12:05:00,NSE:NIFTY26SEP24000PE,24000.0,PE,23811.75,303.85,305.0,300.0,301.15,74750,7.47,-0.6435,0.000763,-3.25,24.01
2026-09-02 12:10:00,NSE:NIFTY26SEP24000PE,24000.0,PE,23838.35,301.0,302.5,281.5,283.2,99450,7.42,-0.6238,0.000781,-3.3,24.48
2026-09-02 12:15:00,NSE:NIFTY26SEP24000PE,24000.0,PE,23828.3,282.45,287.95,277.85,286.95,101920,7.32,-0.6336,0.000785,-3.22,24.26
2026-09-02 12:20:00,NSE:NIFTY26SEP24000PE,24000.0,PE,23825.7,287.45,295.95,287.45,289.3,59670,7.35,-0.6351,0.000781,-3.23,24.22
2026-09-02 12:25:00,NSE:NIFTY26SEP24000PE,24000.0,PE,23836.25,289.3,289.8,280.5,282.95,92495,7.36,-0.6266,0.000786,-3.26,24.42
2026-09-02 12:30:00,NSE:NIFTY26SEP24000PE,24000.0,PE,23847.9,282.95,284.2,270.2,277.4,117975,7.43,-0.6163,0.000785,-3.32,24.64
2026-09-02 12:35:00,NSE:NIFTY26SEP24000PE,24000.0,PE,23851.05,276.8,277.4,273.45,275.65,46930,7.44,-0.6136,0.000785,-3.34,24.69
2026-09-02 12:40:00,NSE:NIFTY26SEP24000PE,24000.0,PE,23860.95,275.2,275.25,262.6,268.05,42705,7.38,-0.6068,0.000796,-3.33,24.83
2026-09-02 12:45:00,NSE:NIFTY26SEP24000PE,24000.0,PE,23859.3,268.4,275.0,267.5,268.55,76050,7.36,-0.6084,0.000797,-3.31,24.8
2026-09-02 12:50:00,NSE:NIFTY26SEP24000PE,24000.0,PE,23863.15,268.5,271.15,265.2,268.45,26065,7.44,-0.6041,0.00079,-3.37,24.88
2026-09-02 12:55:00,NSE:NIFTY26SEP24000PE,24000.0,PE,23869.7,268.5,273.35,265.1,266.2,23465,7.51,-0.5979,0.000786,-3.41,24.99
2026-09-02 13:00:00,NSE:NIFTY26SEP24000PE,24000.0,PE,23866.25,265.5,266.7,261.0,266.45,31265,7.44,-0.6017,0.000792,-3.37,24.92
2026-09-02 13:05:00,NSE:NIFTY26SEP24000PE,24000.0,PE,23857.75,267.7,274.0,264.75,270.8,31070,7.41,-0.6088,0.000791,-3.34,24.78
2026-09-02 13:10:00,NSE:NIFTY26SEP24000PE,24000.0,PE,23873.85,270.3,272.8,258.2,262.6,34450,7.47,-0.5952,0.000792,-3.4,25.03
2026-09-02 13:15:00,NSE:NIFTY26SEP24000PE,24000.0,PE,23871.2,262.1,267.85,261.0,267.1,26000,7.59,-0.5957,0.00078,-3.45,25.02
2026-09-02 13:20:00,NSE:NIFTY26SEP24000PE,24000.0,PE,23877.5,266.9,267.75,262.75,263.25,78975,7.58,-0.5909,0.000782,-3.46,25.1
2026-09-02 13:25:00,NSE:NIFTY26SEP24000PE,24000.0,PE,23875.1,263.25,265.95,260.4,265.95,34450,7.63,-0.5921,0.000777,-3.49,25.08
2026-09-02 13:30:00,NSE:NIFTY26SEP24000PE,24000.0,PE,23877.85,265.9,270.65,264.75,265.0,32305,7.66,-0.5896,0.000775,-3.5,25.12
2026-09-02 13:35:00,NSE:NIFTY26SEP24000PE,24000.0,PE,23863.55,265.5,270.75,261.8,269.8,74880,7.51,-0.6028,0.000784,-3.4,24.89
2026-09-02 13:40:00,NSE:NIFTY26SEP24000PE,24000.0,PE,23868.65,270.0,274.0,267.3,272.0,34060,7.72,-0.5959,0.000766,-3.52,25.01
2026-09-02 13:45:00,NSE:NIFTY26SEP24000PE,24000.0,PE,23864.45,272.0,272.85,267.0,272.85,23465,7.66,-0.6,0.000771,-3.48,24.93
2026-09-02 13:50:00,NSE:NIFTY26SEP24000PE,24000.0,PE,23866.4,270.9,279.3,269.65,270.75,57330,7.62,-0.599,0.000775,-3.46,24.95
2026-09-02 13:55:00,NSE:NIFTY26SEP24000PE,24000.0,PE,23872.0,270.0,271.1,265.0,265.75,75725,7.56,-0.5956,0.000783,-3.44,25.01
2026-09-02 14:00:00,NSE:NIFTY26SEP24000PE,24000.0,PE,23874.05,265.4,267.25,257.65,266.6,47905,7.64,-0.5929,0.000776,-3.49,25.06
2026-09-02 14:05:00,NSE:NIFTY26SEP24000PE,24000.0,PE,23892.4,266.6,268.0,254.0,255.6,62140,7.63,-0.5787,0.000783,-3.52,25.28
2026-09-02 14:10:00,NSE:NIFTY26SEP24000PE,24000.0,PE,23885.25,254.75,262.0,254.6,258.8,20020,7.59,-0.5847,0.000785,-3.49,25.19
2026-09-02 14:15:00,NSE:NIFTY26SEP24000PE,24000.0,PE,23883.05,259.85,265.6,258.75,261.4,22295,7.64,-0.5858,0.000779,-3.51,25.17
2026-09-02 14:20:00,NSE:NIFTY26SEP24000PE,24000.0,PE,23874.45,261.05,269.7,260.25,268.15,19435,7.71,-0.5916,0.00077,-3.52,25.07
2026-09-02 14:25:00,NSE:NIFTY26SEP24000PE,24000.0,PE,23886.4,268.95,270.35,257.3,260.0,26910,7.67,-0.5829,0.000778,-3.53,25.21
2026-09-02 14:30:00,NSE:NIFTY26SEP24000PE,24000.0,PE,23901.6,260.0,260.3,245.1,251.1,67015,7.66,-0.5711,0.000782,-3.55,25.38
2026-09-02 14:35:00,NSE:NIFTY26SEP24000PE,24000.0,PE,23903.45,250.0,254.85,246.1,251.55,50635,7.72,-0.5691,0.000777,-3.58,25.4
2026-09-02 14:40:00,NSE:NIFTY26SEP24000PE,24000.0,PE,23887.65,251.55,262.8,251.0,260.85,59475,7.73,-0.5812,0.000772,-3.56,25.23
2026-09-02 14:45:00,NSE:NIFTY26SEP24000PE,24000.0,PE,23898.9,260.85,264.5,252.6,253.35,53300,7.69,-0.5729,0.000779,-3.56,25.35
2026-09-02 14:50:00,NSE:NIFTY26SEP24000PE,24000.0,PE,23883.75,253.95,263.5,253.95,261.9,30225,7.68,-0.5848,0.000776,-3.53,25.17
2026-09-02 14:55:00,NSE:NIFTY26SEP24000PE,24000.0,PE,23873.15,261.85,271.0,261.8,267.35,71175,7.65,-0.5935,0.000775,-3.49,25.03
2026-09-02 15:00:00,NSE:NIFTY26SEP24000PE,24000.0,PE,23860.8,267.9,278.7,267.05,277.85,87490,7.78,-0.6012,0.000759,-3.53,24.89
2026-09-02 15:05:00,NSE:NIFTY26SEP24000PE,24000.0,PE,23862.05,277.45,279.7,270.0,270.75,79885,7.52,-0.604,0.000783,-3.41,24.84
2026-09-02 15:10:00,NSE:NIFTY26SEP24000PE,24000.0,PE,23883.5,270.65,271.8,259.5,266.0,95420,7.84,-0.5831,0.000761,-3.61,25.19
2026-09-02 15:15:00,NSE:NIFTY26SEP24000PE,24000.0,PE,23882.85,266.0,269.5,261.7,267.1,59605,7.87,-0.5833,0.000758,-3.62,25.19
2026-09-02 15:20:00,NSE:NIFTY26SEP24000PE,24000.0,PE,23882.85,266.55,266.9,260.3,264.7,104975,7.78,-0.5844,0.000767,-3.57,25.17
2026-09-02 15:25:00,NSE:NIFTY26SEP24000PE,24000.0,PE,23914.45,263.6,270.75,262.0,265.0,38870,8.5,-0.5541,0.000711,-3.97,25.56
2026-09-03 09:15:00,NSE:NIFTY26SEP24000PE,24000.0,PE,23968.65,206.15,224.95,193.55,208.45,552175,7.53,-0.5192,0.000818,-3.62,25.49
2026-09-03 09:20:00,NSE:NIFTY26SEP24000PE,24000.0,PE,23957.65,208.85,216.55,203.1,215.8,184145,7.6,-0.5279,0.000811,-3.64,25.44
2026-09-03 09:25:00,NSE:NIFTY26SEP24000PE,24000.0,PE,23982.2,216.2,217.5,206.8,207.25,148330,7.76,-0.5076,0.000795,-3.73,25.53
2026-09-03 09:30:00,NSE:NIFTY26SEP24000PE,24000.0,PE,23994.15,207.25,207.25,201.05,202.4,103545,7.81,-0.498,0.00079,-3.76,25.55
2026-09-03 09:35:00,NSE:NIFTY26SEP24000PE,24000.0,PE,24006.1,201.85,202.5,194.25,194.65,141115,7.74,-0.4886,0.000797,-3.73,25.55
2026-09-03 09:40:00,NSE:NIFTY26SEP24000PE,24000.0,PE,24016.85,194.65,194.65,185.0,188.05,313690,7.68,-0.48,0.000802,-3.7,25.54
2026-09-03 09:45:00,NSE:NIFTY26SEP24000PE,24000.0,PE,24015.8,187.95,189.1,183.5,186.7,181675,7.61,-0.4807,0.00081,-3.67,25.54
2026-09-03 09:50:00,NSE:NIFTY26SEP24000PE,24000.0,PE,24005.5,186.7,190.2,185.5,190.0,90740,7.54,-0.4891,0.000818,-3.64,25.55
2026-09-03 09:55:00,NSE:NIFTY26SEP24000PE,24000.0,PE,24007.6,189.85,191.55,187.6,190.7,87750,7.61,-0.4874,0.00081,-3.67,25.54
2026-09-03 10:00:00,NSE:NIFTY26SEP24000PE,24000.0,PE,24005.05,191.5,193.6,190.35,191.55,171340,7.6,-0.4894,0.000812,-3.66,25.54
2026-09-03 10:05:00,NSE:NIFTY26SEP24000PE,24000.0,PE,24002.45,191.55,194.8,190.6,193.8,45240,7.64,-0.4915,0.000808,-3.68,25.54
2026-09-03 10:10:00,NSE:NIFTY26SEP24000PE,24000.0,PE,23991.15,193.4,194.6,190.75,194.05,30810,7.43,-0.501,0.000831,-3.58,25.53
2026-09-03 10:15:00,NSE:NIFTY26SEP24000PE,24000.0,PE,23998.25,194.75,196.8,193.35,194.0,66885,7.56,-0.495,0.000816,-3.65,25.53
2026-09-03 10:20:00,NSE:NIFTY26SEP24000PE,24000.0,PE,24000.85,194.05,196.95,192.1,196.15,68250,7.7,-0.4928,0.000802,-3.71,25.53
2026-09-03 10:25:00,NSE:NIFTY26SEP24000PE,24000.0,PE,23984.7,195.85,202.75,195.6,202.5,118560,7.63,-0.5059,0.000809,-3.68,25.51
2026-09-03 10:30:00,NSE:NIFTY26SEP24000PE,24000.0,PE,23977.85,202.45,205.45,199.55,203.6,276640,7.54,-0.5117,0.000819,-3.63,25.49
2026-09-03 10:35:00,NSE:NIFTY26SEP24000PE,24000.0,PE,23974.2,204.3,212.1,203.65,209.85,198770,7.71,-0.5141,0.000801,-3.71,25.48
2026-09-03 10:40:00,NSE:NIFTY26SEP24000PE,24000.0,PE,23967.05,210.45,220.35,209.8,215.0,166075,7.77,-0.5197,0.000795,-3.73,25.45
2026-09-03 10:45:00,NSE:NIFTY26SEP24000PE,24000.0,PE,23971.25,214.6,216.0,209.55,212.2,77610,7.74,-0.5164,0.000797,-3.72,25.47
2026-09-03 10:50:00,NSE:NIFTY26SEP24000PE,24000.0,PE,23958.85,211.95,221.7,211.25,220.95,72345,7.83,-0.5259,0.000788,-3.76,25.42
2026-09-03 10:55:00,NSE:NIFTY26SEP24000PE,24000.0,PE,23960.9,221.0,223.3,216.2,218.95,54925,7.8,-0.5244,0.000791,-3.74,25.42
2026-09-03 11:00:00,NSE:NIFTY26SEP24000PE,24000.0,PE,23952.7,219.9,223.0,216.75,223.0,29770,7.79,-0.5309,0.000792,-3.73,25.38
2026-09-03 11:05:00,NSE:NIFTY26SEP24000PE,24000.0,PE,23928.6,223.55,236.75,223.5,235.85,114725,7.78,-0.55,0.000789,-3.7,25.22
2026-09-03 11:10:00,NSE:NIFTY26SEP24000PE,24000.0,PE,23926.9,236.3,242.0,231.55,238.65,115115,7.86,-0.5508,0.000782,-3.74,25.21
2026-09-03 11:15:00,NSE:NIFTY26SEP24000PE,24000.0,PE,23948.9,239.0,243.6,226.3,227.4,97760,7.88,-0.5334,0.000782,-3.78,25.36
2026-09-03 11:20:00,NSE:NIFTY26SEP24000PE,24000.0,PE,23949.35,225.25,228.6,221.5,225.95,66755,7.84,-0.5333,0.000787,-3.76,25.36
2026-09-03 11:25:00,NSE:NIFTY26SEP24000PE,24000.0,PE,23964.15,225.95,226.65,218.0,218.25,48100,7.84,-0.5217,0.000788,-3.77,25.43
2026-09-03 11:30:00,NSE:NIFTY26SEP24000PE,24000.0,PE,23968.3,217.0,219.1,214.0,216.0,28730,7.84,-0.5184,0.000788,-3.77,25.44
2026-09-03 11:35:00,NSE:NIFTY26SEP24000PE,24000.0,PE,23969.2,216.4,216.6,210.25,214.5,53300,7.8,-0.5179,0.000792,-3.75,25.44
2026-09-03 11:40:00,NSE:NIFTY26SEP24000PE,24000.0,PE,23965.25,214.65,219.75,214.4,216.2,17615,7.78,-0.521,0.000794,-3.74,25.43
2026-09-03 11:45:00,NSE:NIFTY26SEP24000PE,24000.0,PE,23964.4,216.3,222.0,212.7,216.8,25870,7.79,-0.5217,0.000793,-3.75,25.42
2026-09-03 11:50:00,NSE:NIFTY26SEP24000PE,24000.0,PE,23958.9,216.6,220.95,215.85,220.0,19890,7.8,-0.526,0.000791,-3.75,25.4
2026-09-03 11:55:00,NSE:NIFTY26SEP24000PE,24000.0,PE,23956.75,220.0,226.55,220.0,221.15,45890,7.81,-0.5277,0.000791,-3.75,25.38
2026-09-03 12:00:00,NSE:NIFTY26SEP24000PE,24000.0,PE,23937.65,221.0,233.9,220.2,230.75,79235,7.78,-0.5429,0.000791,-3.72,25.27
2026-09-03 12:05:00,NSE:NIFTY26SEP24000PE,24000.0,PE,23928.85,231.7,236.15,230.05,234.95,62595,7.76,-0.5501,0.000792,-3.7,25.2
2026-09-03 12:10:00,NSE:NIFTY26SEP24000PE,24000.0,PE,23935.95,234.3,236.0,230.75,233.65,59540,7.86,-0.5437,0.000783,-3.75,25.26
2026-09-03 12:15:00,NSE:NIFTY26SEP24000PE,24000.0,PE,23918.05,232.3,243.8,232.3,241.95,118235,7.8,-0.5583,0.000786,-3.7,25.11
2026-09-03 12:20:00,NSE:NIFTY26SEP24000PE,24000.0,PE,23906.15,242.95,249.95,239.05,248.2,122980,7.78,-0.5678,0.000785,-3.68,25.0
2026-09-03 12:25:00,NSE:NIFTY26SEP24000PE,24000.0,PE,23907.75,248.2,249.35,241.05,245.4,120640,7.71,-0.5673,0.000793,-3.64,25.0
2026-09-03 12:30:00,NSE:NIFTY26SEP24000PE,24000.0,PE,23909.75,246.0,247.9,240.25,242.95,44980,7.65,-0.5662,0.000799,-3.62,25.02
2026-09-03 12:35:00,NSE:NIFTY26SEP24000PE,24000.0,PE,23915.2,242.45,246.35,237.6,239.6,110630,7.64,-0.562,0.000801,-3.62,25.07
2026-09-03 12:40:00,NSE:NIFTY26SEP24000PE,24000.0,PE,23909.05,240.0,246.8,239.2,243.5,69680,7.66,-0.5667,0.000798,-3.62,25.01
2026-09-03 12:45:00,NSE:NIFTY26SEP24000PE,24000.0,PE,23909.75,244.0,244.5,239.5,241.75,39520,7.61,-0.5667,0.000804,-3.6,25.01
2026-09-03 12:50:00,NSE:NIFTY26SEP24000PE,24000.0,PE,23923.75,242.75,243.15,232.95,234.45,85345,7.63,-0.5552,0.000805,-3.63,25.14
2026-09-03 12:55:00,NSE:NIFTY26SEP24000PE,24000.0,PE,23920.3,235.25,244.75,233.9,237.6,54405,7.68,-0.5576,0.000799,-3.65,25.11
2026-09-03 13:00:00,NSE:NIFTY26SEP24000PE,24000.0,PE,23920.05,238.4,242.1,236.2,238.35,42250,7.7,-0.5576,0.000796,-3.66,25.11
2026-09-03 13:05:00,NSE:NIFTY26SEP24000PE,24000.0,PE,23923.75,238.3,240.0,236.0,237.9,14950,7.77,-0.5541,0.000791,-3.7,25.14
2026-09-03 13:10:00,NSE:NIFTY26SEP24000PE,24000.0,PE,23926.0,237.9,237.9,230.3,235.05,22880,7.71,-0.5528,0.000798,-3.67,25.15
2026-09-03 13:15:00,NSE:NIFTY26SEP24000PE,24000.0,PE,23930.3,235.55,237.55,228.45,232.45,21840,7.7,-0.5495,0.000799,-3.67,25.19
2026-09-03 13:20:00,NSE:NIFTY26SEP24000PE,24000.0,PE,23911.0,232.7,243.7,232.45,243.7,54860,7.72,-0.5647,0.000793,-3.66,25.02
2026-09-03 13:25:00,NSE:NIFTY26SEP24000PE,24000.0,PE,23910.05,244.25,250.0,240.35,242.0,60320,7.63,-0.5663,0.000802,-3.61,25.0
2026-09-03 13:30:00,NSE:NIFTY26SEP24000PE,24000.0,PE,23930.15,243.05,243.05,225.55,229.95,68380,7.6,-0.5504,0.00081,-3.62,25.17
2026-09-03 13:35:00,NSE:NIFTY26SEP24000PE,24000.0,PE,23910.75,229.2,243.4,226.45,241.75,43940,7.64,-0.5657,0.000802,-3.62,25.0
2026-09-03 13:40:00,NSE:NIFTY26SEP24000PE,24000.0,PE,23907.35,242.1,245.1,237.85,243.0,56810,7.61,-0.5687,0.000803,-3.6,24.96
2026-09-03 13:45:00,NSE:NIFTY26SEP24000PE,24000.0,PE,23912.6,242.0,249.0,237.9,237.9,81510,7.52,-0.5653,0.000814,-3.56,25.0
2026-09-03 13:50:00,NSE:NIFTY26SEP24000PE,24000.0,PE,23906.05,238.1,245.7,236.0,240.55,55575,7.48,-0.5711,0.000816,-3.53,24.93
2026-09-03 13:55:00,NSE:NIFTY26SEP24000PE,24000.0,PE,23918.15,241.65,242.0,232.95,235.0,49010,7.53,-0.5607,0.000814,-3.58,25.06
2026-09-03 14:00:00,NSE:NIFTY26SEP24000PE,24000.0,PE,23911.65,235.25,240.0,232.2,235.9,41730,7.42,-0.5671,0.000824,-3.51,24.98
2026-09-03 14:05:00,NSE:NIFTY26SEP24000PE,24000.0,PE,23912.45,235.0,239.75,233.8,238.25,37505,7.54,-0.5653,0.000812,-3.57,25.0
2026-09-03 14:10:00,NSE:NIFTY26SEP24000PE,24000.0,PE,23913.3,238.25,239.6,235.2,236.65,18850,7.49,-0.5651,0.000817,-3.55,25.0
2026-09-03 14:15:00,NSE:NIFTY26SEP24000PE,24000.0,PE,23912.65,236.0,240.9,234.5,234.5,15470,7.39,-0.5666,0.000828,-3.5,24.98
2026-09-03 14:20:00,NSE:NIFTY26SEP24000PE,24000.0,PE,23913.9,234.5,239.75,233.25,236.2,12350,7.49,-0.5646,0.000818,-3.55,25.0
2026-09-03 14:25:00,NSE:NIFTY26SEP24000PE,24000.0,PE,23921.85,236.7,237.3,231.2,233.75,31005,7.57,-0.5574,0.000811,-3.6,25.08
2026-09-03 14:30:00,NSE:NIFTY26SEP24000PE,24000.0,PE,23920.35,233.75,236.55,232.75,233.8,47125,7.54,-0.5589,0.000814,-3.58,25.06
2026-09-03 14:35:00,NSE:NIFTY26SEP24000PE,24000.0,PE,23911.5,234.1,239.5,233.9,239.5,63310,7.57,-0.5658,0.000809,-3.59,24.98
2026-09-03 14:40:00,NSE:NIFTY26SEP24000PE,24000.0,PE,23908.2,239.65,242.25,238.3,239.4,54470,7.49,-0.5693,0.000817,-3.54,24.94
2026-09-03 14:45:00,NSE:NIFTY26SEP24000PE,24000.0,PE,23908.35,239.25,242.0,236.7,238.25,78065,7.45,-0.5696,0.000821,-3.52,24.93
2026-09-03 14:50:00,NSE:NIFTY26SEP24000PE,24000.0,PE,23908.75,238.05,241.9,235.95,240.2,38740,7.54,-0.5684,0.000812,-3.57,24.94
2026-09-03 14:55:00,NSE:NIFTY26SEP24000PE,24000.0,PE,23897.35,241.0,250.0,240.65,248.0,90545,7.59,-0.577,0.000804,-3.57,24.83
2026-09-03 15:00:00,NSE:NIFTY26SEP24000PE,24000.0,PE,23889.8,248.9,250.0,242.75,247.1,95745,7.37,-0.5858,0.000823,-3.45,24.7
2026-09-03 15:05:00,NSE:NIFTY26SEP24000PE,24000.0,PE,23887.5,246.8,255.7,246.55,246.75,125710,7.31,-0.5886,0.00083,-3.42,24.65
2026-09-03 15:10:00,NSE:NIFTY26SEP24000PE,24000.0,PE,23903.9,247.2,248.1,240.05,243.1,106600,7.54,-0.5723,0.00081,-3.56,24.89
2026-09-03 15:15:00,NSE:NIFTY26SEP24000PE,24000.0,PE,23904.1,243.15,244.15,239.0,241.25,66430,7.47,-0.5729,0.000818,-3.53,24.88
2026-09-03 15:20:00,NSE:NIFTY26SEP24000PE,24000.0,PE,23904.1,240.5,251.95,240.2,248.05,44135,7.75,-0.57,0.00079,-3.66,24.91
2026-09-03 15:25:00,NSE:NIFTY26SEP24000PE,24000.0,PE,23873.45,248.5,262.0,247.95,261.95,133575,7.59,-0.5962,0.000796,-3.53,24.51
2026-09-04 09:15:00,NSE:NIFTY26SEP24000PE,24000.0,PE,23927.2,230.0,247.55,222.25,223.5,275600,7.39,-0.5556,0.000844,-3.58,24.73
2026-09-04 09:20:00,NSE:NIFTY26SEP24000PE,24000.0,PE,23915.3,222.15,230.4,221.5,227.45,157625,7.28,-0.5668,0.000854,-3.5,24.6
2026-09-04 09:25:00,NSE:NIFTY26SEP24000PE,24000.0,PE,23908.35,227.45,234.0,224.5,232.0,79560,7.31,-0.5725,0.000849,-3.5,24.53
2026-09-04 09:30:00,NSE:NIFTY26SEP24000PE,24000.0,PE,23907.2,232.0,238.0,226.65,231.6,105235,7.26,-0.5739,0.000853,-3.48,24.51
2026-09-04 09:35:00,NSE:NIFTY26SEP24000PE,24000.0,PE,23904.0,231.8,236.5,230.0,232.2,49400,7.21,-0.5773,0.000858,-3.45,24.46
2026-09-04 09:40:00,NSE:NIFTY26SEP24000PE,24000.0,PE,23910.55,232.0,234.6,229.25,230.75,41665,7.31,-0.5706,0.00085,-3.51,24.55
2026-09-04 09:45:00,NSE:NIFTY26SEP24000PE,24000.0,PE,23925.45,230.75,230.75,221.8,225.15,90935,7.42,-0.5569,0.000841,-3.59,24.7
2026-09-04 09:50:00,NSE:NIFTY26SEP24000PE,24000.0,PE,23945.15,224.3,225.2,211.35,212.3,164060,7.34,-0.5408,0.000854,-3.58,24.85
2026-09-04 09:55:00,NSE:NIFTY26SEP24000PE,24000.0,PE,23948.4,212.3,213.7,208.7,212.55,104325,7.42,-0.5375,0.000846,-3.62,24.88
2026-09-04 10:00:00,NSE:NIFTY26SEP24000PE,24000.0,PE,23959.3,212.4,212.9,206.0,208.5,95875,7.49,-0.5279,0.000839,-3.66,24.94
2026-09-04 10:05:00,NSE:NIFTY26SEP24000PE,24000.0,PE,23945.9,208.5,214.15,207.9,214.15,78260,7.43,-0.5396,0.000844,-3.62,24.86
2026-09-04 10:10:00,NSE:NIFTY26SEP24000PE,24000.0,PE,23939.45,213.6,219.35,213.3,216.0,80665,7.37,-0.5455,0.00085,-3.58,24.81
2026-09-04 10:15:00,NSE:NIFTY26SEP24000PE,24000.0,PE,23946.15,216.0,218.35,210.0,212.7,49725,7.38,-0.5397,0.00085,-3.6,24.85
2026-09-04 10:20:00,NSE:NIFTY26SEP24000PE,24000.0,PE,23951.85,212.7,212.7,207.1,209.25,53365,7.37,-0.535,0.000852,-3.6,24.89
2026-09-04 10:25:00,NSE:NIFTY26SEP24000PE,24000.0,PE,23963.8,209.25,209.55,202.2,202.25,49400,7.34,-0.5249,0.000857,-3.59,24.95
2026-09-04 10:30:00,NSE:NIFTY26SEP24000PE,24000.0,PE,23959.95,202.45,205.75,199.8,205.15,92625,7.37,-0.528,0.000853,-3.61,24.93
2026-09-04 10:35:00,NSE:NIFTY26SEP24000PE,24000.0,PE,23960.6,204.8,208.1,203.25,204.9,74815,7.38,-0.5275,0.000853,-3.61,24.93
2026-09-04 10:40:00,NSE:NIFTY26SEP24000PE,24000.0,PE,23953.2,204.65,207.45,202.45,206.0,69485,7.27,-0.5344,0.000864,-3.55,24.89
2026-09-04 10:45:00,NSE:NIFTY26SEP24000PE,24000.0,PE,23959.15,206.1,206.9,203.15,203.75,104650,7.3,-0.5291,0.000861,-3.57,24.92
2026-09-04 10:50:00,NSE:NIFTY26SEP24000PE,24000.0,PE,23963.05,204.5,206.25,202.4,202.95,79560,7.35,-0.5255,0.000856,-3.6,24.94
2026-09-04 10:55:00,NSE:NIFTY26SEP24000PE,24000.0,PE,23967.05,203.0,205.4,201.6,202.6,64740,7.42,-0.5218,0.000848,-3.64,24.96
2026-09-04 11:00:00,NSE:NIFTY26SEP24000PE,24000.0,PE,23965.35,202.6,207.0,202.0,206.1,89440,7.53,-0.5227,0.000836,-3.69,24.95
2026-09-04 11:05:00,NSE:NIFTY26SEP24000PE,24000.0,PE,23971.65,206.1,206.95,201.9,202.05,83005,7.5,-0.5176,0.00084,-3.68,24.97
2026-09-04 11:10:00,NSE:NIFTY26SEP24000PE,24000.0,PE,23965.05,202.95,206.75,201.0,206.75,49790,7.55,-0.5229,0.000834,-3.7,24.94
2026-09-04 11:15:00,NSE:NIFTY26SEP24000PE,24000.0,PE,23974.7,206.0,208.1,202.05,202.35,73775,7.57,-0.5148,0.000832,-3.72,24.98
2026-09-04 11:20:00,NSE:NIFTY26SEP24000PE,24000.0,PE,23979.9,202.35,203.75,200.0,203.45,108355,7.73,-0.51,0.000816,-3.8,24.99
2026-09-04 11:25:00,NSE:NIFTY26SEP24000PE,24000.0,PE,23982.15,202.9,203.9,196.8,200.15,182520,7.64,-0.5084,0.000825,-3.76,25.0
2026-09-04 11:30:00,NSE:NIFTY26SEP24000PE,24000.0,PE,23987.6,200.15,200.4,195.5,196.7,141245,7.61,-0.504,0.000828,-3.75,25.01
2026-09-04 11:35:00,NSE:NIFTY26SEP24000PE,24000.0,PE,23999.05,196.95,197.6,192.0,193.5,121940,7.71,-0.4944,0.000817,-3.8,25.02
2026-09-04 11:40:00,NSE:NIFTY26SEP24000PE,24000.0,PE,23981.5,193.5,197.25,192.2,197.2,145015,7.51,-0.5093,0.000839,-3.69,24.99
2026-09-04 11:45:00,NSE:NIFTY26SEP24000PE,24000.0,PE,23984.15,196.45,197.65,195.25,195.9,65975,7.51,-0.5071,0.000839,-3.7,25.0
2026-09-04 11:50:00,NSE:NIFTY26SEP24000PE,24000.0,PE,23985.25,195.9,196.8,193.0,196.05,41080,7.54,-0.5061,0.000836,-3.71,25.0
2026-09-04 11:55:00,NSE:NIFTY26SEP24000PE,24000.0,PE,23978.65,195.85,197.75,193.7,197.45,51025,7.46,-0.5118,0.000845,-3.67,24.98
2026-09-04 12:00:00,NSE:NIFTY26SEP24000PE,24000.0,PE,23959.1,197.45,205.8,197.4,204.75,93795,7.35,-0.5289,0.000856,-3.6,24.89
2026-09-04 12:05:00,NSE:NIFTY26SEP24000PE,24000.0,PE,23964.5,205.3,206.8,202.95,204.7,50375,7.46,-0.5238,0.000844,-3.66,24.92
2026-09-04 12:10:00,NSE:NIFTY26SEP24000PE,24000.0,PE,23952.85,205.15,210.4,204.6,208.35,67990,7.36,-0.5342,0.000854,-3.6,24.86
2026-09-04 12:15:00,NSE:NIFTY26SEP24000PE,24000.0,PE,23948.55,207.85,213.95,207.85,211.5,95420,7.4,-0.5377,0.00085,-3.61,24.83
2026-09-04 12:20:00,NSE:NIFTY26SEP24000PE,24000.0,PE,23940.5,212.0,219.15,211.1,218.65,126165,7.51,-0.5437,0.000836,-3.66,24.78
2026-09-04 12:25:00,NSE:NIFTY26SEP24000PE,24000.0,PE,23947.0,219.55,220.0,212.85,215.4,45110,7.52,-0.5382,0.000836,-3.67,24.82
2026-09-04 12:30:00,NSE:NIFTY26SEP24000PE,24000.0,PE,23944.95,216.25,217.65,214.6,216.35,27170,7.51,-0.5399,0.000836,-3.67,24.81
2026-09-04 12:35:00,NSE:NIFTY26SEP24000PE,24000.0,PE,23942.3,216.7,220.5,216.0,218.0,39650,7.52,-0.5421,0.000835,-3.67,24.79
2026-09-04 12:40:00,NSE:NIFTY26SEP24000PE,24000.0,PE,23938.6,218.0,219.6,215.8,219.6,56745,7.51,-0.5453,0.000836,-3.66,24.76
2026-09-04 12:45:00,NSE:NIFTY26SEP24000PE,24000.0,PE,23940.4,219.65,220.85,215.65,216.0,34385,7.4,-0.5446,0.000848,-3.61,24.76
2026-09-04 12:50:00,NSE:NIFTY26SEP24000PE,24000.0,PE,23942.25,216.0,218.2,211.85,212.85,38675,7.32,-0.5436,0.000858,-3.57,24.77
2026-09-04 12:55:00,NSE:NIFTY26SEP24000PE,24000.0,PE,23935.1,212.9,222.55,212.9,217.2,77220,7.33,-0.5496,0.000855,-3.57,24.71
2026-09-04 13:00:00,NSE:NIFTY26SEP24000PE,24000.0,PE,23935.3,218.0,218.25,213.55,217.55,21515,7.35,-0.5493,0.000853,-3.58,24.72
2026-09-04 13:05:00,NSE:NIFTY26SEP24000PE,24000.0,PE,23943.75,217.5,218.0,211.4,211.4,21385,7.29,-0.5425,0.000862,-3.56,24.77
2026-09-04 13:10:00,NSE:NIFTY26SEP24000PE,24000.0,PE,23946.35,211.4,212.45,207.0,209.8,46800,7.29,-0.5403,0.000863,-3.56,24.79
2026-09-04 13:15:00,NSE:NIFTY26SEP24000PE,24000.0,PE,23951.1,209.8,209.8,202.75,206.75,44460,7.26,-0.5364,0.000866,-3.55,24.82
2026-09-04 13:20:00,NSE:NIFTY26SEP24000PE,24000.0,PE,23953.4,206.2,210.0,206.0,207.9,21905,7.36,-0.5338,0.000855,-3.61,24.84
2026-09-04 13:25:00,NSE:NIFTY26SEP24000PE,24000.0,PE,23939.4,207.7,215.6,207.6,213.85,29510,7.3,-0.5462,0.000861,-3.56,24.74
2026-09-04 13:30:00,NSE:NIFTY26SEP24000PE,24000.0,PE,23933.7,213.85,219.0,212.65,217.45,43225,7.32,-0.551,0.000857,-3.56,24.69
2026-09-04 13:35:00,NSE:NIFTY26SEP24000PE,24000.0,PE,23942.2,218.35,218.4,212.4,212.4,21060,7.3,-0.5438,0.000861,-3.56,24.75
2026-09-04 13:40:00,NSE:NIFTY26SEP24000PE,24000.0,PE,23944.35,212.4,216.2,212.0,214.95,24440,7.45,-0.5409,0.000844,-3.64,24.77
2026-09-04 13:45:00,NSE:NIFTY26SEP24000PE,24000.0,PE,23948.75,214.2,214.2,208.05,210.25,27560,7.36,-0.5378,0.000855,-3.6,24.8
2026-09-04 13:50:00,NSE:NIFTY26SEP24000PE,24000.0,PE,23941.6,210.25,216.55,210.25,216.45,26910,7.45,-0.5432,0.000843,-3.64,24.75
2026-09-04 13:55:00,NSE:NIFTY26SEP24000PE,24000.0,PE,23939.15,216.45,217.05,212.7,214.65,17550,7.33,-0.5463,0.000857,-3.57,24.73
2026-09-04 14:00:00,NSE:NIFTY26SEP24000PE,24000.0,PE,23943.15,214.7,215.25,211.7,211.7,9295,7.3,-0.543,0.000862,-3.56,24.75
2026-09-04 14:05:00,NSE:NIFTY26SEP24000PE,24000.0,PE,23942.8,211.95,213.5,210.25,212.6,18005,7.33,-0.5431,0.000858,-3.58,24.75
2026-09-04 14:10:00,NSE:NIFTY26SEP24000PE,24000.0,PE,23948.2,212.6,212.6,208.5,209.95,19175,7.34,-0.5384,0.000858,-3.59,24.78
2026-09-04 14:15:00,NSE:NIFTY26SEP24000PE,24000.0,PE,23946.35,209.4,212.8,209.4,211.0,20865,7.34,-0.54,0.000857,-3.59,24.77
2026-09-04 14:20:00,NSE:NIFTY26SEP24000PE,24000.0,PE,23947.45,211.65,211.65,208.0,208.45,25415,7.26,-0.5396,0.000867,-3.55,24.77
2026-09-04 14:25:00,NSE:NIFTY26SEP24000PE,24000.0,PE,23957.6,209.2,209.55,201.6,203.45,49270,7.28,-0.5307,0.000866,-3.57,24.83
2026-09-04 14:30:00,NSE:NIFTY26SEP24000PE,24000.0,PE,23956.35,203.0,205.6,200.0,205.15,52910,7.32,-0.5315,0.000861,-3.59,24.83
2026-09-04 14:35:00,NSE:NIFTY26SEP24000PE,24000.0,PE,23941.65,204.8,213.5,204.35,211.85,57525,7.27,-0.5445,0.000865,-3.55,24.73
2026-09-04 14:40:00,NSE:NIFTY26SEP24000PE,24000.0,PE,23937.25,211.5,214.0,208.4,214.0,56290,7.26,-0.5484,0.000865,-3.54,24.69
2026-09-04 14:45:00,NSE:NIFTY26SEP24000PE,24000.0,PE,23939.95,213.6,215.65,211.15,213.0,54015,7.28,-0.5459,0.000863,-3.56,24.71
2026-09-04 14:50:00,NSE:NIFTY26SEP24000PE,24000.0,PE,23940.55,212.0,215.0,210.1,213.5,54080,7.32,-0.5452,0.000859,-3.57,24.72
2026-09-04 14:55:00,NSE:NIFTY26SEP24000PE,24000.0,PE,23938.1,213.2,214.55,210.05,212.25,26065,7.21,-0.5481,0.000871,-3.52,24.69
2026-09-04 15:00:00,NSE:NIFTY26SEP24000PE,24000.0,PE,23931.0,211.95,215.8,210.75,215.75,48685,7.2,-0.5544,0.000872,-3.5,24.63
2026-09-04 15:05:00,NSE:NIFTY26SEP24000PE,24000.0,PE,23938.6,215.4,216.0,211.75,213.0,43420,7.26,-0.5473,0.000866,-3.54,24.69
2026-09-04 15:10:00,NSE:NIFTY26SEP24000PE,24000.0,PE,23938.4,213.0,213.75,207.6,211.25,50765,7.18,-0.5481,0.000875,-3.5,24.68
2026-09-04 15:15:00,NSE:NIFTY26SEP24000PE,24000.0,PE,23937.9,211.3,212.9,208.3,210.55,34515,7.14,-0.5489,0.00088,-3.48,24.68
2026-09-04 15:20:00,NSE:NIFTY26SEP24000PE,24000.0,PE,23937.9,210.65,220.7,209.85,216.0,209300,7.36,-0.5471,0.000854,-3.59,24.69
2026-09-04 15:25:00,NSE:NIFTY26SEP24000PE,24000.0,PE,23897.7,216.15,217.6,210.5,216.9,77025,6.46,-0.5937,0.000953,-3.08,24.11
